TRACE::2025-05-12.12:11:38::SCWPlatform::Trying to open the hw design at C:/devWorks/VW_SOC/Vitis/design_1_wrapper/hw/design_1_wrapper.xsa
TRACE::2025-05-12.12:11:38::SCWPlatform::DSA given C:/devWorks/VW_SOC/Vitis/design_1_wrapper/hw/design_1_wrapper.xsa
TRACE::2025-05-12.12:11:38::SCWPlatform::DSA absoulate path C:/devWorks/VW_SOC/Vitis/design_1_wrapper/hw/design_1_wrapper.xsa
TRACE::2025-05-12.12:11:38::SCWPlatform::DSA directory C:/devWorks/VW_SOC/Vitis/design_1_wrapper/hw
TRACE::2025-05-12.12:11:38::SCWPlatform:: Platform Path C:/devWorks/VW_SOC/Vitis/design_1_wrapper/hw/design_1_wrapper.xsa
TRACE::2025-05-12.12:11:38::SCWPlatform:: Unique name xilinx:pynq-z2::0.0
TRACE::2025-05-12.12:11:38::SCWPlatform::Do not have an existing db opened. 
TRACE::2025-05-12.12:11:41::SCWPlatform::Opened new HwDB with name design_1_wrapper_0
TRACE::2025-05-12.12:11:41::SCWWriter::formatted JSON is {
	"platformName":	"design_1_wrapper",
	"sprVersion":	"2.0",
	"mode":	"gui",
	"dsaType":	"Fixed",
	"platformDesc":	"design_1_wrapper",
	"platHandOff":	"C:/devWorks/VW_SOC/VW_SOC/design_1_wrapper.xsa",
	"platIntHandOff":	"<platformDir>/hw/design_1_wrapper.xsa",
	"deviceType":	"zynq",
	"platIsPrebuiltAutogen":	"false",
	"platIsNoBootBsp":	"false",
	"hasFsblMakeHasChanges":	"false",
	"hasPmufwMakeHasChanges":	"false",
	"platPreBuiltFlag":	false,
	"platformSamplesDir":	""
}
TRACE::2025-05-12.12:11:41::SCWWriter::formatted JSON is {
	"platformName":	"design_1_wrapper",
	"sprVersion":	"2.0",
	"mode":	"gui",
	"dsaType":	"Fixed",
	"platformDesc":	"design_1_wrapper",
	"platHandOff":	"C:/devWorks/VW_SOC/VW_SOC/design_1_wrapper.xsa",
	"platIntHandOff":	"<platformDir>/hw/design_1_wrapper.xsa",
	"deviceType":	"zynq",
	"platIsPrebuiltAutogen":	"false",
	"platIsNoBootBsp":	"false",
	"hasFsblMakeHasChanges":	"false",
	"hasPmufwMakeHasChanges":	"false",
	"platPreBuiltFlag":	false,
	"platformSamplesDir":	"",
	"platActiveSys":	"design_1_wrapper",
	"systems":	[{
			"systemName":	"design_1_wrapper",
			"systemDesc":	"design_1_wrapper",
			"sysIsBootAutoGen":	"true",
			"systemDispName":	"design_1_wrapper"
		}]
}
TRACE::2025-05-12.12:11:41::SCWPlatform::Boot application domains not present, creating them
TRACE::2025-05-12.12:11:41::SCWDomain::checking for install qemu data   : 
TRACE::2025-05-12.12:11:41::SCWDomain:: Using the QEMU Data from install at  : C:/Xilinx/Vitis/2024.1/data/emulation/platforms/zynq/sw/a9_standalone/qemu/
TRACE::2025-05-12.12:11:41::SCWDomain:: Using the QEMU args  from install at  : C:/Xilinx/Vitis/2024.1/data/emulation/platforms/zynq/sw/a9_standalone/qemu/qemu_args.txt
TRACE::2025-05-12.12:11:41::SCWPlatform::Trying to open the hw design at C:/devWorks/VW_SOC/Vitis/design_1_wrapper/hw/design_1_wrapper.xsa
TRACE::2025-05-12.12:11:41::SCWPlatform::DSA given C:/devWorks/VW_SOC/Vitis/design_1_wrapper/hw/design_1_wrapper.xsa
TRACE::2025-05-12.12:11:41::SCWPlatform::DSA absoulate path C:/devWorks/VW_SOC/Vitis/design_1_wrapper/hw/design_1_wrapper.xsa
TRACE::2025-05-12.12:11:41::SCWPlatform::DSA directory C:/devWorks/VW_SOC/Vitis/design_1_wrapper/hw
TRACE::2025-05-12.12:11:41::SCWPlatform:: Platform Path C:/devWorks/VW_SOC/Vitis/design_1_wrapper/hw/design_1_wrapper.xsa
TRACE::2025-05-12.12:11:41::SCWPlatform:: Unique name xilinx:pynq-z2::0.0
TRACE::2025-05-12.12:11:41::SCWPlatform::Trying to set the existing hwdb with name design_1_wrapper_0
TRACE::2025-05-12.12:11:41::SCWPlatform::Opened existing hwdb design_1_wrapper_0
TRACE::2025-05-12.12:11:41::SCWPlatform::Found the Hw Db part of the input DSA
TRACE::2025-05-12.12:11:41::SCWPlatform::Trying to open the hw design at C:/devWorks/VW_SOC/Vitis/design_1_wrapper/hw/design_1_wrapper.xsa
TRACE::2025-05-12.12:11:41::SCWPlatform::DSA given C:/devWorks/VW_SOC/Vitis/design_1_wrapper/hw/design_1_wrapper.xsa
TRACE::2025-05-12.12:11:41::SCWPlatform::DSA absoulate path C:/devWorks/VW_SOC/Vitis/design_1_wrapper/hw/design_1_wrapper.xsa
TRACE::2025-05-12.12:11:41::SCWPlatform::DSA directory C:/devWorks/VW_SOC/Vitis/design_1_wrapper/hw
TRACE::2025-05-12.12:11:41::SCWPlatform:: Platform Path C:/devWorks/VW_SOC/Vitis/design_1_wrapper/hw/design_1_wrapper.xsa
TRACE::2025-05-12.12:11:41::SCWPlatform:: Unique name xilinx:pynq-z2::0.0
TRACE::2025-05-12.12:11:41::SCWPlatform::Trying to set the existing hwdb with name design_1_wrapper_0
TRACE::2025-05-12.12:11:41::SCWPlatform::Opened existing hwdb design_1_wrapper_0
TRACE::2025-05-12.12:11:41::SCWPlatform::Found the Hw Db part of the input DSA
TRACE::2025-05-12.12:11:41::SCWPlatform::Trying to open the hw design at C:/devWorks/VW_SOC/Vitis/design_1_wrapper/hw/design_1_wrapper.xsa
TRACE::2025-05-12.12:11:41::SCWPlatform::DSA given C:/devWorks/VW_SOC/Vitis/design_1_wrapper/hw/design_1_wrapper.xsa
TRACE::2025-05-12.12:11:41::SCWPlatform::DSA absoulate path C:/devWorks/VW_SOC/Vitis/design_1_wrapper/hw/design_1_wrapper.xsa
TRACE::2025-05-12.12:11:41::SCWPlatform::DSA directory C:/devWorks/VW_SOC/Vitis/design_1_wrapper/hw
TRACE::2025-05-12.12:11:41::SCWPlatform:: Platform Path C:/devWorks/VW_SOC/Vitis/design_1_wrapper/hw/design_1_wrapper.xsa
TRACE::2025-05-12.12:11:41::SCWPlatform:: Unique name xilinx:pynq-z2::0.0
TRACE::2025-05-12.12:11:41::SCWPlatform::Trying to set the existing hwdb with name design_1_wrapper_0
TRACE::2025-05-12.12:11:41::SCWPlatform::Opened existing hwdb design_1_wrapper_0
TRACE::2025-05-12.12:11:41::SCWPlatform::Found the Hw Db part of the input DSA
TRACE::2025-05-12.12:11:41::SCWPlatform::Boot application domain added for zynq_fsbl
TRACE::2025-05-12.12:11:41::SCWPlatform::Generating the sources  .
TRACE::2025-05-12.12:11:41::SCWBDomain::Generating boot domain sources.
TRACE::2025-05-12.12:11:41::SCWBDomain:: Generating the zynq_fsbl Application.
TRACE::2025-05-12.12:11:41::SCWPlatform::Trying to open the hw design at C:/devWorks/VW_SOC/Vitis/design_1_wrapper/hw/design_1_wrapper.xsa
TRACE::2025-05-12.12:11:41::SCWPlatform::DSA given C:/devWorks/VW_SOC/Vitis/design_1_wrapper/hw/design_1_wrapper.xsa
TRACE::2025-05-12.12:11:41::SCWPlatform::DSA absoulate path C:/devWorks/VW_SOC/Vitis/design_1_wrapper/hw/design_1_wrapper.xsa
TRACE::2025-05-12.12:11:41::SCWPlatform::DSA directory C:/devWorks/VW_SOC/Vitis/design_1_wrapper/hw
TRACE::2025-05-12.12:11:41::SCWPlatform:: Platform Path C:/devWorks/VW_SOC/Vitis/design_1_wrapper/hw/design_1_wrapper.xsa
TRACE::2025-05-12.12:11:41::SCWPlatform:: Unique name xilinx:pynq-z2::0.0
TRACE::2025-05-12.12:11:41::SCWPlatform::Trying to set the existing hwdb with name design_1_wrapper_0
TRACE::2025-05-12.12:11:41::SCWPlatform::Opened existing hwdb design_1_wrapper_0
TRACE::2025-05-12.12:11:41::SCWPlatform::Found the Hw Db part of the input DSA
TRACE::2025-05-12.12:11:41::SCWMssOS::Checking the sw design at  C:/devWorks/VW_SOC/Vitis/design_1_wrapper/zynq_fsbl/zynq_fsbl_bsp/system.mss
TRACE::2025-05-12.12:11:41::SCWMssOS::DEBUG:  swdes dump  
TRACE::2025-05-12.12:11:41::SCWMssOS::No sw design opened at  C:/devWorks/VW_SOC/Vitis/design_1_wrapper/zynq_fsbl/zynq_fsbl_bsp/system.mss
TRACE::2025-05-12.12:11:41::SCWMssOS::mss does not exists at C:/devWorks/VW_SOC/Vitis/design_1_wrapper/zynq_fsbl/zynq_fsbl_bsp/system.mss
TRACE::2025-05-12.12:11:41::SCWMssOS::Creating sw design at  C:/devWorks/VW_SOC/Vitis/design_1_wrapper/zynq_fsbl/zynq_fsbl_bsp/system.mss
TRACE::2025-05-12.12:11:41::SCWMssOS::Adding the swdes entry, created swdb C:/devWorks/VW_SOC/Vitis/design_1_wrapper/zynq_fsbl/zynq_fsbl_bsp/system.mss with des name C:/devWorks/VW_SOC/Vitis/design_1_wrapper/zynq_fsbl/zynq_fsbl_bsp/system.mss
TRACE::2025-05-12.12:11:41::SCWMssOS::updating the scw layer changes to swdes at   C:/devWorks/VW_SOC/Vitis/design_1_wrapper/zynq_fsbl/zynq_fsbl_bsp/system.mss
TRACE::2025-05-12.12:11:41::SCWMssOS::Writing mss at C:/devWorks/VW_SOC/Vitis/design_1_wrapper/zynq_fsbl/zynq_fsbl_bsp/system.mss
TRACE::2025-05-12.12:11:41::SCWMssOS::Completed writing the mss file at C:/devWorks/VW_SOC/Vitis/design_1_wrapper/zynq_fsbl/zynq_fsbl_bsp
TRACE::2025-05-12.12:11:41::SCWMssOS::Picking up changes from newly written mss file into SCW Layer. 
TRACE::2025-05-12.12:11:41::SCWMssOS::Updated the changes from newly written mss file into SCW Layer. 
TRACE::2025-05-12.12:11:41::SCWBDomain::Completed writing the mss file at C:/devWorks/VW_SOC/Vitis/design_1_wrapper/zynq_fsbl/zynq_fsbl_bsp
TRACE::2025-05-12.12:11:49::SCWPlatform::Generating sources Done.
TRACE::2025-05-12.12:11:49::SCWPlatform::Trying to open the hw design at C:/devWorks/VW_SOC/Vitis/design_1_wrapper/hw/design_1_wrapper.xsa
TRACE::2025-05-12.12:11:49::SCWPlatform::DSA given C:/devWorks/VW_SOC/Vitis/design_1_wrapper/hw/design_1_wrapper.xsa
TRACE::2025-05-12.12:11:49::SCWPlatform::DSA absoulate path C:/devWorks/VW_SOC/Vitis/design_1_wrapper/hw/design_1_wrapper.xsa
TRACE::2025-05-12.12:11:49::SCWPlatform::DSA directory C:/devWorks/VW_SOC/Vitis/design_1_wrapper/hw
TRACE::2025-05-12.12:11:49::SCWPlatform:: Platform Path C:/devWorks/VW_SOC/Vitis/design_1_wrapper/hw/design_1_wrapper.xsa
TRACE::2025-05-12.12:11:49::SCWPlatform:: Unique name xilinx:pynq-z2::0.0
TRACE::2025-05-12.12:11:49::SCWPlatform::Trying to set the existing hwdb with name design_1_wrapper_0
TRACE::2025-05-12.12:11:49::SCWPlatform::Opened existing hwdb design_1_wrapper_0
TRACE::2025-05-12.12:11:49::SCWPlatform::Found the Hw Db part of the input DSA
TRACE::2025-05-12.12:11:49::SCWMssOS::Checking the sw design at  C:/devWorks/VW_SOC/Vitis/design_1_wrapper/zynq_fsbl/zynq_fsbl_bsp/system.mss
TRACE::2025-05-12.12:11:49::SCWMssOS::DEBUG:  swdes dump  
TRACE::2025-05-12.12:11:49::SCWMssOS::No sw design opened at  C:/devWorks/VW_SOC/Vitis/design_1_wrapper/zynq_fsbl/zynq_fsbl_bsp/system.mss
TRACE::2025-05-12.12:11:49::SCWMssOS::mss exists loading the mss file  C:/devWorks/VW_SOC/Vitis/design_1_wrapper/zynq_fsbl/zynq_fsbl_bsp/system.mss
TRACE::2025-05-12.12:11:49::SCWMssOS::Opened the sw design from mss  C:/devWorks/VW_SOC/Vitis/design_1_wrapper/zynq_fsbl/zynq_fsbl_bsp/system.mss
TRACE::2025-05-12.12:11:49::SCWMssOS::Adding the swdes entry C:/devWorks/VW_SOC/Vitis/design_1_wrapper/zynq_fsbl/zynq_fsbl_bsp/system.mss with des name system
TRACE::2025-05-12.12:11:49::SCWMssOS::updating the scw layer about changes
TRACE::2025-05-12.12:11:49::SCWMssOS::Opened the sw design.  C:/devWorks/VW_SOC/Vitis/design_1_wrapper/zynq_fsbl/zynq_fsbl_bsp/system.mss
TRACE::2025-05-12.12:11:49::SCWMssOS::Saving the mss changes C:/devWorks/VW_SOC/Vitis/design_1_wrapper/zynq_fsbl/zynq_fsbl_bsp/system.mss
TRACE::2025-05-12.12:11:49::SCWMssOS::Found a swdesign opened with the mssfile.
TRACE::2025-05-12.12:11:49::SCWMssOS::Completed writemss as part of save.
TRACE::2025-05-12.12:11:49::SCWMssOS::Commit changes completed.
TRACE::2025-05-12.12:11:49::SCWPlatform::Trying to open the hw design at C:/devWorks/VW_SOC/Vitis/design_1_wrapper/hw/design_1_wrapper.xsa
TRACE::2025-05-12.12:11:49::SCWPlatform::DSA given C:/devWorks/VW_SOC/Vitis/design_1_wrapper/hw/design_1_wrapper.xsa
TRACE::2025-05-12.12:11:49::SCWPlatform::DSA absoulate path C:/devWorks/VW_SOC/Vitis/design_1_wrapper/hw/design_1_wrapper.xsa
TRACE::2025-05-12.12:11:49::SCWPlatform::DSA directory C:/devWorks/VW_SOC/Vitis/design_1_wrapper/hw
TRACE::2025-05-12.12:11:49::SCWPlatform:: Platform Path C:/devWorks/VW_SOC/Vitis/design_1_wrapper/hw/design_1_wrapper.xsa
TRACE::2025-05-12.12:11:49::SCWPlatform:: Unique name xilinx:pynq-z2::0.0
TRACE::2025-05-12.12:11:49::SCWPlatform::Trying to set the existing hwdb with name design_1_wrapper_0
TRACE::2025-05-12.12:11:49::SCWPlatform::Opened existing hwdb design_1_wrapper_0
TRACE::2025-05-12.12:11:49::SCWPlatform::Found the Hw Db part of the input DSA
TRACE::2025-05-12.12:11:49::SCWMssOS::Checking the sw design at  C:/devWorks/VW_SOC/Vitis/design_1_wrapper/zynq_fsbl/zynq_fsbl_bsp/system.mss
TRACE::2025-05-12.12:11:49::SCWMssOS::DEBUG:  swdes dump  C:/devWorks/VW_SOC/Vitis/design_1_wrapper/zynq_fsbl/zynq_fsbl_bsp/system.mss|system||

TRACE::2025-05-12.12:11:49::SCWMssOS::Sw design exists and opened at  C:/devWorks/VW_SOC/Vitis/design_1_wrapper/zynq_fsbl/zynq_fsbl_bsp/system.mss
TRACE::2025-05-12.12:11:49::SCWPlatform::Trying to open the hw design at C:/devWorks/VW_SOC/Vitis/design_1_wrapper/hw/design_1_wrapper.xsa
TRACE::2025-05-12.12:11:49::SCWPlatform::DSA given C:/devWorks/VW_SOC/Vitis/design_1_wrapper/hw/design_1_wrapper.xsa
TRACE::2025-05-12.12:11:49::SCWPlatform::DSA absoulate path C:/devWorks/VW_SOC/Vitis/design_1_wrapper/hw/design_1_wrapper.xsa
TRACE::2025-05-12.12:11:49::SCWPlatform::DSA directory C:/devWorks/VW_SOC/Vitis/design_1_wrapper/hw
TRACE::2025-05-12.12:11:49::SCWPlatform:: Platform Path C:/devWorks/VW_SOC/Vitis/design_1_wrapper/hw/design_1_wrapper.xsa
TRACE::2025-05-12.12:11:49::SCWPlatform:: Unique name xilinx:pynq-z2::0.0
TRACE::2025-05-12.12:11:49::SCWPlatform::Trying to set the existing hwdb with name design_1_wrapper_0
TRACE::2025-05-12.12:11:49::SCWPlatform::Opened existing hwdb design_1_wrapper_0
TRACE::2025-05-12.12:11:49::SCWPlatform::Found the Hw Db part of the input DSA
TRACE::2025-05-12.12:11:49::SCWMssOS::Checking the sw design at  C:/devWorks/VW_SOC/Vitis/design_1_wrapper/zynq_fsbl/zynq_fsbl_bsp/system.mss
TRACE::2025-05-12.12:11:49::SCWMssOS::DEBUG:  swdes dump  C:/devWorks/VW_SOC/Vitis/design_1_wrapper/zynq_fsbl/zynq_fsbl_bsp/system.mss|system||

TRACE::2025-05-12.12:11:49::SCWMssOS::Sw design exists and opened at  C:/devWorks/VW_SOC/Vitis/design_1_wrapper/zynq_fsbl/zynq_fsbl_bsp/system.mss
TRACE::2025-05-12.12:11:49::SCWPlatform::Trying to open the hw design at C:/devWorks/VW_SOC/Vitis/design_1_wrapper/hw/design_1_wrapper.xsa
TRACE::2025-05-12.12:11:49::SCWPlatform::DSA given C:/devWorks/VW_SOC/Vitis/design_1_wrapper/hw/design_1_wrapper.xsa
TRACE::2025-05-12.12:11:49::SCWPlatform::DSA absoulate path C:/devWorks/VW_SOC/Vitis/design_1_wrapper/hw/design_1_wrapper.xsa
TRACE::2025-05-12.12:11:49::SCWPlatform::DSA directory C:/devWorks/VW_SOC/Vitis/design_1_wrapper/hw
TRACE::2025-05-12.12:11:49::SCWPlatform:: Platform Path C:/devWorks/VW_SOC/Vitis/design_1_wrapper/hw/design_1_wrapper.xsa
TRACE::2025-05-12.12:11:49::SCWPlatform:: Unique name xilinx:pynq-z2::0.0
TRACE::2025-05-12.12:11:49::SCWPlatform::Trying to set the existing hwdb with name design_1_wrapper_0
TRACE::2025-05-12.12:11:49::SCWPlatform::Opened existing hwdb design_1_wrapper_0
TRACE::2025-05-12.12:11:49::SCWPlatform::Found the Hw Db part of the input DSA
TRACE::2025-05-12.12:11:49::SCWMssOS::Checking the sw design at  C:/devWorks/VW_SOC/Vitis/design_1_wrapper/zynq_fsbl/zynq_fsbl_bsp/system.mss
TRACE::2025-05-12.12:11:49::SCWMssOS::DEBUG:  swdes dump  C:/devWorks/VW_SOC/Vitis/design_1_wrapper/zynq_fsbl/zynq_fsbl_bsp/system.mss|system||

TRACE::2025-05-12.12:11:49::SCWMssOS::Sw design exists and opened at  C:/devWorks/VW_SOC/Vitis/design_1_wrapper/zynq_fsbl/zynq_fsbl_bsp/system.mss
TRACE::2025-05-12.12:11:49::SCWWriter::formatted JSON is {
	"platformName":	"design_1_wrapper",
	"sprVersion":	"2.0",
	"mode":	"gui",
	"dsaType":	"Fixed",
	"platformDesc":	"design_1_wrapper",
	"platHandOff":	"C:/devWorks/VW_SOC/VW_SOC/design_1_wrapper.xsa",
	"platIntHandOff":	"<platformDir>/hw/design_1_wrapper.xsa",
	"deviceType":	"zynq",
	"platIsPrebuiltAutogen":	"false",
	"platIsNoBootBsp":	"false",
	"platFsblTarget":	"ps7_cortexa9_0",
	"hasFsblMakeHasChanges":	"false",
	"hasPmufwMakeHasChanges":	"false",
	"fsblExtraCompilerFlags":	"-MMD -MP       -mcpu=cortex-a9 -mfpu=vfpv3 -mfloat-abi=hard ",
	"platPreBuiltFlag":	false,
	"platformSamplesDir":	"",
	"platActiveSys":	"design_1_wrapper",
	"systems":	[{
			"systemName":	"design_1_wrapper",
			"systemDesc":	"design_1_wrapper",
			"sysIsBootAutoGen":	"true",
			"systemDispName":	"design_1_wrapper",
			"sysActiveDom":	"zynq_fsbl",
			"sysDefaultDom":	"",
			"domains":	[{
					"domainName":	"zynq_fsbl",
					"domainDispName":	"zynq_fsbl",
					"domainDesc":	"FSBL Application BSP - Auto Generated.",
					"processors":	"ps7_cortexa9_0",
					"os":	"standalone",
					"sdxOs":	"standalone",
					"debugEnable":	"",
					"domRuntimes":	["cpp"],
					"swRepo":	"",
					"mssOsVer":	"9.1",
					"mssFile":	"",
					"md5Digest":	"569c0b2410485c53f2dbc4310a8c319a",
					"compatibleApp":	"zynq_fsbl",
					"domType":	"bootDomain",
					"arch":	"32-bit",
					"appSettings":	{
						"appCompilerFlags":	"",
						"appLinkerFlags":	""
					},
					"addedLibs":	["xilffs:5.2", "xilrsa:1.8"],
					"libOptions":	{
						"libsContainingOptions":	[]
					},
					"prebuiltLibs":	{
						"prebuiltIncPath":	[],
						"prebuiltLibPath":	[]
					},
					"isolation":	{
					}
				}]
		}]
}
TRACE::2025-05-12.12:11:49::SCWMssOS::Saving the mss changes C:/devWorks/VW_SOC/Vitis/design_1_wrapper/zynq_fsbl/zynq_fsbl_bsp/system.mss
TRACE::2025-05-12.12:11:49::SCWMssOS::Found a swdesign opened with the mssfile.
TRACE::2025-05-12.12:11:49::SCWMssOS::Completed writemss as part of save.
TRACE::2025-05-12.12:11:49::SCWMssOS::Commit changes completed.
TRACE::2025-05-12.12:11:49::SCWPlatform::Trying to open the hw design at C:/devWorks/VW_SOC/Vitis/design_1_wrapper/hw/design_1_wrapper.xsa
TRACE::2025-05-12.12:11:49::SCWPlatform::DSA given C:/devWorks/VW_SOC/Vitis/design_1_wrapper/hw/design_1_wrapper.xsa
TRACE::2025-05-12.12:11:49::SCWPlatform::DSA absoulate path C:/devWorks/VW_SOC/Vitis/design_1_wrapper/hw/design_1_wrapper.xsa
TRACE::2025-05-12.12:11:49::SCWPlatform::DSA directory C:/devWorks/VW_SOC/Vitis/design_1_wrapper/hw
TRACE::2025-05-12.12:11:49::SCWPlatform:: Platform Path C:/devWorks/VW_SOC/Vitis/design_1_wrapper/hw/design_1_wrapper.xsa
TRACE::2025-05-12.12:11:49::SCWPlatform:: Unique name xilinx:pynq-z2::0.0
TRACE::2025-05-12.12:11:49::SCWPlatform::Trying to set the existing hwdb with name design_1_wrapper_0
TRACE::2025-05-12.12:11:49::SCWPlatform::Opened existing hwdb design_1_wrapper_0
TRACE::2025-05-12.12:11:49::SCWPlatform::Found the Hw Db part of the input DSA
TRACE::2025-05-12.12:11:49::SCWMssOS::Checking the sw design at  C:/devWorks/VW_SOC/Vitis/design_1_wrapper/zynq_fsbl/zynq_fsbl_bsp/system.mss
TRACE::2025-05-12.12:11:49::SCWMssOS::DEBUG:  swdes dump  C:/devWorks/VW_SOC/Vitis/design_1_wrapper/zynq_fsbl/zynq_fsbl_bsp/system.mss|system||

TRACE::2025-05-12.12:11:49::SCWMssOS::Sw design exists and opened at  C:/devWorks/VW_SOC/Vitis/design_1_wrapper/zynq_fsbl/zynq_fsbl_bsp/system.mss
TRACE::2025-05-12.12:11:49::SCWPlatform::Trying to open the hw design at C:/devWorks/VW_SOC/Vitis/design_1_wrapper/hw/design_1_wrapper.xsa
TRACE::2025-05-12.12:11:49::SCWPlatform::DSA given C:/devWorks/VW_SOC/Vitis/design_1_wrapper/hw/design_1_wrapper.xsa
TRACE::2025-05-12.12:11:49::SCWPlatform::DSA absoulate path C:/devWorks/VW_SOC/Vitis/design_1_wrapper/hw/design_1_wrapper.xsa
TRACE::2025-05-12.12:11:49::SCWPlatform::DSA directory C:/devWorks/VW_SOC/Vitis/design_1_wrapper/hw
TRACE::2025-05-12.12:11:49::SCWPlatform:: Platform Path C:/devWorks/VW_SOC/Vitis/design_1_wrapper/hw/design_1_wrapper.xsa
TRACE::2025-05-12.12:11:49::SCWPlatform:: Unique name xilinx:pynq-z2::0.0
TRACE::2025-05-12.12:11:49::SCWPlatform::Trying to set the existing hwdb with name design_1_wrapper_0
TRACE::2025-05-12.12:11:49::SCWPlatform::Opened existing hwdb design_1_wrapper_0
TRACE::2025-05-12.12:11:49::SCWPlatform::Found the Hw Db part of the input DSA
TRACE::2025-05-12.12:11:49::SCWMssOS::Checking the sw design at  C:/devWorks/VW_SOC/Vitis/design_1_wrapper/zynq_fsbl/zynq_fsbl_bsp/system.mss
TRACE::2025-05-12.12:11:49::SCWMssOS::DEBUG:  swdes dump  C:/devWorks/VW_SOC/Vitis/design_1_wrapper/zynq_fsbl/zynq_fsbl_bsp/system.mss|system||

TRACE::2025-05-12.12:11:49::SCWMssOS::Sw design exists and opened at  C:/devWorks/VW_SOC/Vitis/design_1_wrapper/zynq_fsbl/zynq_fsbl_bsp/system.mss
TRACE::2025-05-12.12:11:49::SCWPlatform::Trying to open the hw design at C:/devWorks/VW_SOC/Vitis/design_1_wrapper/hw/design_1_wrapper.xsa
TRACE::2025-05-12.12:11:49::SCWPlatform::DSA given C:/devWorks/VW_SOC/Vitis/design_1_wrapper/hw/design_1_wrapper.xsa
TRACE::2025-05-12.12:11:49::SCWPlatform::DSA absoulate path C:/devWorks/VW_SOC/Vitis/design_1_wrapper/hw/design_1_wrapper.xsa
TRACE::2025-05-12.12:11:49::SCWPlatform::DSA directory C:/devWorks/VW_SOC/Vitis/design_1_wrapper/hw
TRACE::2025-05-12.12:11:49::SCWPlatform:: Platform Path C:/devWorks/VW_SOC/Vitis/design_1_wrapper/hw/design_1_wrapper.xsa
TRACE::2025-05-12.12:11:49::SCWPlatform:: Unique name xilinx:pynq-z2::0.0
TRACE::2025-05-12.12:11:49::SCWPlatform::Trying to set the existing hwdb with name design_1_wrapper_0
TRACE::2025-05-12.12:11:49::SCWPlatform::Opened existing hwdb design_1_wrapper_0
TRACE::2025-05-12.12:11:49::SCWPlatform::Found the Hw Db part of the input DSA
TRACE::2025-05-12.12:11:49::SCWMssOS::Checking the sw design at  C:/devWorks/VW_SOC/Vitis/design_1_wrapper/zynq_fsbl/zynq_fsbl_bsp/system.mss
TRACE::2025-05-12.12:11:49::SCWMssOS::DEBUG:  swdes dump  C:/devWorks/VW_SOC/Vitis/design_1_wrapper/zynq_fsbl/zynq_fsbl_bsp/system.mss|system||

TRACE::2025-05-12.12:11:49::SCWMssOS::Sw design exists and opened at  C:/devWorks/VW_SOC/Vitis/design_1_wrapper/zynq_fsbl/zynq_fsbl_bsp/system.mss
TRACE::2025-05-12.12:11:49::SCWWriter::formatted JSON is {
	"platformName":	"design_1_wrapper",
	"sprVersion":	"2.0",
	"mode":	"gui",
	"dsaType":	"Fixed",
	"platformDesc":	"design_1_wrapper",
	"platHandOff":	"C:/devWorks/VW_SOC/VW_SOC/design_1_wrapper.xsa",
	"platIntHandOff":	"<platformDir>/hw/design_1_wrapper.xsa",
	"deviceType":	"zynq",
	"platIsPrebuiltAutogen":	"false",
	"platIsNoBootBsp":	"false",
	"platFsblTarget":	"ps7_cortexa9_0",
	"hasFsblMakeHasChanges":	"false",
	"hasPmufwMakeHasChanges":	"false",
	"fsblExtraCompilerFlags":	"-MMD -MP       -mcpu=cortex-a9 -mfpu=vfpv3 -mfloat-abi=hard ",
	"platPreBuiltFlag":	false,
	"platformSamplesDir":	"",
	"platActiveSys":	"design_1_wrapper",
	"systems":	[{
			"systemName":	"design_1_wrapper",
			"systemDesc":	"design_1_wrapper",
			"sysIsBootAutoGen":	"true",
			"systemDispName":	"design_1_wrapper",
			"sysActiveDom":	"zynq_fsbl",
			"sysDefaultDom":	"",
			"domains":	[{
					"domainName":	"zynq_fsbl",
					"domainDispName":	"zynq_fsbl",
					"domainDesc":	"FSBL Application BSP - Auto Generated.",
					"processors":	"ps7_cortexa9_0",
					"os":	"standalone",
					"sdxOs":	"standalone",
					"debugEnable":	"",
					"domRuntimes":	["cpp"],
					"swRepo":	"",
					"mssOsVer":	"9.1",
					"mssFile":	"",
					"md5Digest":	"569c0b2410485c53f2dbc4310a8c319a",
					"compatibleApp":	"zynq_fsbl",
					"domType":	"bootDomain",
					"arch":	"32-bit",
					"appSettings":	{
						"appCompilerFlags":	"",
						"appLinkerFlags":	""
					},
					"addedLibs":	["xilffs:5.2", "xilrsa:1.8"],
					"libOptions":	{
						"libsContainingOptions":	[]
					},
					"prebuiltLibs":	{
						"prebuiltIncPath":	[],
						"prebuiltLibPath":	[]
					},
					"isolation":	{
					}
				}]
		}]
}
TRACE::2025-05-12.12:11:49::SCWPlatform::Trying to open the hw design at C:/devWorks/VW_SOC/Vitis/design_1_wrapper/hw/design_1_wrapper.xsa
TRACE::2025-05-12.12:11:49::SCWPlatform::DSA given C:/devWorks/VW_SOC/Vitis/design_1_wrapper/hw/design_1_wrapper.xsa
TRACE::2025-05-12.12:11:49::SCWPlatform::DSA absoulate path C:/devWorks/VW_SOC/Vitis/design_1_wrapper/hw/design_1_wrapper.xsa
TRACE::2025-05-12.12:11:49::SCWPlatform::DSA directory C:/devWorks/VW_SOC/Vitis/design_1_wrapper/hw
TRACE::2025-05-12.12:11:49::SCWPlatform:: Platform Path C:/devWorks/VW_SOC/Vitis/design_1_wrapper/hw/design_1_wrapper.xsa
TRACE::2025-05-12.12:11:49::SCWPlatform:: Unique name xilinx:pynq-z2::0.0
TRACE::2025-05-12.12:11:49::SCWPlatform::Trying to set the existing hwdb with name design_1_wrapper_0
TRACE::2025-05-12.12:11:49::SCWPlatform::Opened existing hwdb design_1_wrapper_0
TRACE::2025-05-12.12:11:49::SCWPlatform::Found the Hw Db part of the input DSA
TRACE::2025-05-12.12:11:49::SCWDomain::checking for install qemu data   : 
TRACE::2025-05-12.12:11:49::SCWDomain:: Using the QEMU Data from install at  : C:/Xilinx/Vitis/2024.1/data/emulation/platforms/zynq/sw/a9_standalone/qemu/
TRACE::2025-05-12.12:11:49::SCWDomain:: Using the QEMU args  from install at  : C:/Xilinx/Vitis/2024.1/data/emulation/platforms/zynq/sw/a9_standalone/qemu/qemu_args.txt
TRACE::2025-05-12.12:11:49::SCWPlatform::Trying to open the hw design at C:/devWorks/VW_SOC/Vitis/design_1_wrapper/hw/design_1_wrapper.xsa
TRACE::2025-05-12.12:11:49::SCWPlatform::DSA given C:/devWorks/VW_SOC/Vitis/design_1_wrapper/hw/design_1_wrapper.xsa
TRACE::2025-05-12.12:11:49::SCWPlatform::DSA absoulate path C:/devWorks/VW_SOC/Vitis/design_1_wrapper/hw/design_1_wrapper.xsa
TRACE::2025-05-12.12:11:49::SCWPlatform::DSA directory C:/devWorks/VW_SOC/Vitis/design_1_wrapper/hw
TRACE::2025-05-12.12:11:49::SCWPlatform:: Platform Path C:/devWorks/VW_SOC/Vitis/design_1_wrapper/hw/design_1_wrapper.xsa
TRACE::2025-05-12.12:11:49::SCWPlatform:: Unique name xilinx:pynq-z2::0.0
TRACE::2025-05-12.12:11:49::SCWPlatform::Trying to set the existing hwdb with name design_1_wrapper_0
TRACE::2025-05-12.12:11:49::SCWPlatform::Opened existing hwdb design_1_wrapper_0
TRACE::2025-05-12.12:11:49::SCWPlatform::Found the Hw Db part of the input DSA
TRACE::2025-05-12.12:11:49::SCWPlatform::Trying to open the hw design at C:/devWorks/VW_SOC/Vitis/design_1_wrapper/hw/design_1_wrapper.xsa
TRACE::2025-05-12.12:11:49::SCWPlatform::DSA given C:/devWorks/VW_SOC/Vitis/design_1_wrapper/hw/design_1_wrapper.xsa
TRACE::2025-05-12.12:11:49::SCWPlatform::DSA absoulate path C:/devWorks/VW_SOC/Vitis/design_1_wrapper/hw/design_1_wrapper.xsa
TRACE::2025-05-12.12:11:49::SCWPlatform::DSA directory C:/devWorks/VW_SOC/Vitis/design_1_wrapper/hw
TRACE::2025-05-12.12:11:49::SCWPlatform:: Platform Path C:/devWorks/VW_SOC/Vitis/design_1_wrapper/hw/design_1_wrapper.xsa
TRACE::2025-05-12.12:11:49::SCWPlatform:: Unique name xilinx:pynq-z2::0.0
TRACE::2025-05-12.12:11:49::SCWPlatform::Trying to set the existing hwdb with name design_1_wrapper_0
TRACE::2025-05-12.12:11:49::SCWPlatform::Opened existing hwdb design_1_wrapper_0
TRACE::2025-05-12.12:11:49::SCWPlatform::Found the Hw Db part of the input DSA
TRACE::2025-05-12.12:11:49::SCWDomain::Qemu Directory name is changed from "" to "qemu"
TRACE::2025-05-12.12:11:49::SCWPlatform::Trying to open the hw design at C:/devWorks/VW_SOC/Vitis/design_1_wrapper/hw/design_1_wrapper.xsa
TRACE::2025-05-12.12:11:49::SCWPlatform::DSA given C:/devWorks/VW_SOC/Vitis/design_1_wrapper/hw/design_1_wrapper.xsa
TRACE::2025-05-12.12:11:49::SCWPlatform::DSA absoulate path C:/devWorks/VW_SOC/Vitis/design_1_wrapper/hw/design_1_wrapper.xsa
TRACE::2025-05-12.12:11:49::SCWPlatform::DSA directory C:/devWorks/VW_SOC/Vitis/design_1_wrapper/hw
TRACE::2025-05-12.12:11:49::SCWPlatform:: Platform Path C:/devWorks/VW_SOC/Vitis/design_1_wrapper/hw/design_1_wrapper.xsa
TRACE::2025-05-12.12:11:49::SCWPlatform:: Unique name xilinx:pynq-z2::0.0
TRACE::2025-05-12.12:11:49::SCWPlatform::Trying to set the existing hwdb with name design_1_wrapper_0
TRACE::2025-05-12.12:11:49::SCWPlatform::Opened existing hwdb design_1_wrapper_0
TRACE::2025-05-12.12:11:49::SCWPlatform::Found the Hw Db part of the input DSA
TRACE::2025-05-12.12:11:49::SCWMssOS::Checking the sw design at  C:/devWorks/VW_SOC/Vitis/design_1_wrapper/ps7_cortexa9_0/standalone_ps7_cortexa9_0/bsp/system.mss
TRACE::2025-05-12.12:11:49::SCWMssOS::DEBUG:  swdes dump  C:/devWorks/VW_SOC/Vitis/design_1_wrapper/zynq_fsbl/zynq_fsbl_bsp/system.mss|system||

TRACE::2025-05-12.12:11:49::SCWMssOS::No sw design opened at  C:/devWorks/VW_SOC/Vitis/design_1_wrapper/ps7_cortexa9_0/standalone_ps7_cortexa9_0/bsp/system.mss
TRACE::2025-05-12.12:11:49::SCWMssOS::mss does not exists at C:/devWorks/VW_SOC/Vitis/design_1_wrapper/ps7_cortexa9_0/standalone_ps7_cortexa9_0/bsp/system.mss
TRACE::2025-05-12.12:11:49::SCWMssOS::Creating sw design at  C:/devWorks/VW_SOC/Vitis/design_1_wrapper/ps7_cortexa9_0/standalone_ps7_cortexa9_0/bsp/system.mss
TRACE::2025-05-12.12:11:50::SCWMssOS::Adding the swdes entry, created swdb C:/devWorks/VW_SOC/Vitis/design_1_wrapper/ps7_cortexa9_0/standalone_ps7_cortexa9_0/bsp/system.mss with des name C:/devWorks/VW_SOC/Vitis/design_1_wrapper/ps7_cortexa9_0/standalone_ps7_cortexa9_0/bsp/system.mss
TRACE::2025-05-12.12:11:50::SCWMssOS::updating the scw layer changes to swdes at   C:/devWorks/VW_SOC/Vitis/design_1_wrapper/ps7_cortexa9_0/standalone_ps7_cortexa9_0/bsp/system.mss
TRACE::2025-05-12.12:11:50::SCWMssOS::Writing mss at C:/devWorks/VW_SOC/Vitis/design_1_wrapper/ps7_cortexa9_0/standalone_ps7_cortexa9_0/bsp/system.mss
TRACE::2025-05-12.12:11:50::SCWMssOS::Completed writing the mss file at C:/devWorks/VW_SOC/Vitis/design_1_wrapper/ps7_cortexa9_0/standalone_ps7_cortexa9_0/bsp
TRACE::2025-05-12.12:11:50::SCWMssOS::Picking up changes from newly written mss file into SCW Layer. 
TRACE::2025-05-12.12:11:50::SCWMssOS::Updated the changes from newly written mss file into SCW Layer. 
TRACE::2025-05-12.12:11:50::SCWMssOS::Completed writing the mss file at C:/devWorks/VW_SOC/Vitis/design_1_wrapper/ps7_cortexa9_0/standalone_ps7_cortexa9_0/bsp
TRACE::2025-05-12.12:11:50::SCWMssOS::Forcing BSP Sources regeneration.
TRACE::2025-05-12.12:11:51::SCWMssOS::Saving the mss changes C:/devWorks/VW_SOC/Vitis/design_1_wrapper/zynq_fsbl/zynq_fsbl_bsp/system.mss
TRACE::2025-05-12.12:11:51::SCWMssOS::Found a swdesign opened with the mssfile.
TRACE::2025-05-12.12:11:51::SCWMssOS::Completed writemss as part of save.
TRACE::2025-05-12.12:11:51::SCWMssOS::Commit changes completed.
TRACE::2025-05-12.12:11:51::SCWMssOS::Saving the mss changes C:/devWorks/VW_SOC/Vitis/design_1_wrapper/ps7_cortexa9_0/standalone_ps7_cortexa9_0/bsp/system.mss
TRACE::2025-05-12.12:11:51::SCWMssOS::Adding the swdes entry, mss present, able to open swdb C:/devWorks/VW_SOC/Vitis/design_1_wrapper/ps7_cortexa9_0/standalone_ps7_cortexa9_0/bsp/system.mss with des name system_0
TRACE::2025-05-12.12:11:51::SCWMssOS::Writing the mss file completed C:/devWorks/VW_SOC/Vitis/design_1_wrapper/ps7_cortexa9_0/standalone_ps7_cortexa9_0/bsp/system.mss
TRACE::2025-05-12.12:11:51::SCWMssOS::Commit changes completed.
TRACE::2025-05-12.12:11:51::SCWPlatform::Trying to open the hw design at C:/devWorks/VW_SOC/Vitis/design_1_wrapper/hw/design_1_wrapper.xsa
TRACE::2025-05-12.12:11:51::SCWPlatform::DSA given C:/devWorks/VW_SOC/Vitis/design_1_wrapper/hw/design_1_wrapper.xsa
TRACE::2025-05-12.12:11:51::SCWPlatform::DSA absoulate path C:/devWorks/VW_SOC/Vitis/design_1_wrapper/hw/design_1_wrapper.xsa
TRACE::2025-05-12.12:11:51::SCWPlatform::DSA directory C:/devWorks/VW_SOC/Vitis/design_1_wrapper/hw
TRACE::2025-05-12.12:11:51::SCWPlatform:: Platform Path C:/devWorks/VW_SOC/Vitis/design_1_wrapper/hw/design_1_wrapper.xsa
TRACE::2025-05-12.12:11:51::SCWPlatform:: Unique name xilinx:pynq-z2::0.0
TRACE::2025-05-12.12:11:51::SCWPlatform::Trying to set the existing hwdb with name design_1_wrapper_0
TRACE::2025-05-12.12:11:51::SCWPlatform::Opened existing hwdb design_1_wrapper_0
TRACE::2025-05-12.12:11:51::SCWPlatform::Found the Hw Db part of the input DSA
TRACE::2025-05-12.12:11:51::SCWMssOS::Checking the sw design at  C:/devWorks/VW_SOC/Vitis/design_1_wrapper/zynq_fsbl/zynq_fsbl_bsp/system.mss
TRACE::2025-05-12.12:11:51::SCWMssOS::DEBUG:  swdes dump  C:/devWorks/VW_SOC/Vitis/design_1_wrapper/ps7_cortexa9_0/standalone_ps7_cortexa9_0/bsp/system.mss|system_0||
C:/devWorks/VW_SOC/Vitis/design_1_wrapper/zynq_fsbl/zynq_fsbl_bsp/system.mss|system||

TRACE::2025-05-12.12:11:51::SCWMssOS::Sw design exists and opened at  C:/devWorks/VW_SOC/Vitis/design_1_wrapper/zynq_fsbl/zynq_fsbl_bsp/system.mss
TRACE::2025-05-12.12:11:51::SCWPlatform::Trying to open the hw design at C:/devWorks/VW_SOC/Vitis/design_1_wrapper/hw/design_1_wrapper.xsa
TRACE::2025-05-12.12:11:51::SCWPlatform::DSA given C:/devWorks/VW_SOC/Vitis/design_1_wrapper/hw/design_1_wrapper.xsa
TRACE::2025-05-12.12:11:51::SCWPlatform::DSA absoulate path C:/devWorks/VW_SOC/Vitis/design_1_wrapper/hw/design_1_wrapper.xsa
TRACE::2025-05-12.12:11:51::SCWPlatform::DSA directory C:/devWorks/VW_SOC/Vitis/design_1_wrapper/hw
TRACE::2025-05-12.12:11:51::SCWPlatform:: Platform Path C:/devWorks/VW_SOC/Vitis/design_1_wrapper/hw/design_1_wrapper.xsa
TRACE::2025-05-12.12:11:51::SCWPlatform:: Unique name xilinx:pynq-z2::0.0
TRACE::2025-05-12.12:11:51::SCWPlatform::Trying to set the existing hwdb with name design_1_wrapper_0
TRACE::2025-05-12.12:11:51::SCWPlatform::Opened existing hwdb design_1_wrapper_0
TRACE::2025-05-12.12:11:51::SCWPlatform::Found the Hw Db part of the input DSA
TRACE::2025-05-12.12:11:51::SCWMssOS::Checking the sw design at  C:/devWorks/VW_SOC/Vitis/design_1_wrapper/zynq_fsbl/zynq_fsbl_bsp/system.mss
TRACE::2025-05-12.12:11:51::SCWMssOS::DEBUG:  swdes dump  C:/devWorks/VW_SOC/Vitis/design_1_wrapper/ps7_cortexa9_0/standalone_ps7_cortexa9_0/bsp/system.mss|system_0||
C:/devWorks/VW_SOC/Vitis/design_1_wrapper/zynq_fsbl/zynq_fsbl_bsp/system.mss|system||

TRACE::2025-05-12.12:11:51::SCWMssOS::Sw design exists and opened at  C:/devWorks/VW_SOC/Vitis/design_1_wrapper/zynq_fsbl/zynq_fsbl_bsp/system.mss
TRACE::2025-05-12.12:11:51::SCWPlatform::Trying to open the hw design at C:/devWorks/VW_SOC/Vitis/design_1_wrapper/hw/design_1_wrapper.xsa
TRACE::2025-05-12.12:11:51::SCWPlatform::DSA given C:/devWorks/VW_SOC/Vitis/design_1_wrapper/hw/design_1_wrapper.xsa
TRACE::2025-05-12.12:11:51::SCWPlatform::DSA absoulate path C:/devWorks/VW_SOC/Vitis/design_1_wrapper/hw/design_1_wrapper.xsa
TRACE::2025-05-12.12:11:51::SCWPlatform::DSA directory C:/devWorks/VW_SOC/Vitis/design_1_wrapper/hw
TRACE::2025-05-12.12:11:51::SCWPlatform:: Platform Path C:/devWorks/VW_SOC/Vitis/design_1_wrapper/hw/design_1_wrapper.xsa
TRACE::2025-05-12.12:11:51::SCWPlatform:: Unique name xilinx:pynq-z2::0.0
TRACE::2025-05-12.12:11:51::SCWPlatform::Trying to set the existing hwdb with name design_1_wrapper_0
TRACE::2025-05-12.12:11:51::SCWPlatform::Opened existing hwdb design_1_wrapper_0
TRACE::2025-05-12.12:11:51::SCWPlatform::Found the Hw Db part of the input DSA
TRACE::2025-05-12.12:11:51::SCWMssOS::Checking the sw design at  C:/devWorks/VW_SOC/Vitis/design_1_wrapper/zynq_fsbl/zynq_fsbl_bsp/system.mss
TRACE::2025-05-12.12:11:51::SCWMssOS::DEBUG:  swdes dump  C:/devWorks/VW_SOC/Vitis/design_1_wrapper/ps7_cortexa9_0/standalone_ps7_cortexa9_0/bsp/system.mss|system_0||
C:/devWorks/VW_SOC/Vitis/design_1_wrapper/zynq_fsbl/zynq_fsbl_bsp/system.mss|system||

TRACE::2025-05-12.12:11:51::SCWMssOS::Sw design exists and opened at  C:/devWorks/VW_SOC/Vitis/design_1_wrapper/zynq_fsbl/zynq_fsbl_bsp/system.mss
TRACE::2025-05-12.12:11:51::SCWPlatform::Trying to open the hw design at C:/devWorks/VW_SOC/Vitis/design_1_wrapper/hw/design_1_wrapper.xsa
TRACE::2025-05-12.12:11:51::SCWPlatform::DSA given C:/devWorks/VW_SOC/Vitis/design_1_wrapper/hw/design_1_wrapper.xsa
TRACE::2025-05-12.12:11:51::SCWPlatform::DSA absoulate path C:/devWorks/VW_SOC/Vitis/design_1_wrapper/hw/design_1_wrapper.xsa
TRACE::2025-05-12.12:11:51::SCWPlatform::DSA directory C:/devWorks/VW_SOC/Vitis/design_1_wrapper/hw
TRACE::2025-05-12.12:11:51::SCWPlatform:: Platform Path C:/devWorks/VW_SOC/Vitis/design_1_wrapper/hw/design_1_wrapper.xsa
TRACE::2025-05-12.12:11:51::SCWPlatform:: Unique name xilinx:pynq-z2::0.0
TRACE::2025-05-12.12:11:51::SCWPlatform::Trying to set the existing hwdb with name design_1_wrapper_0
TRACE::2025-05-12.12:11:51::SCWPlatform::Opened existing hwdb design_1_wrapper_0
TRACE::2025-05-12.12:11:51::SCWPlatform::Found the Hw Db part of the input DSA
TRACE::2025-05-12.12:11:51::SCWMssOS::Checking the sw design at  C:/devWorks/VW_SOC/Vitis/design_1_wrapper/ps7_cortexa9_0/standalone_ps7_cortexa9_0/bsp/system.mss
TRACE::2025-05-12.12:11:51::SCWMssOS::DEBUG:  swdes dump  C:/devWorks/VW_SOC/Vitis/design_1_wrapper/ps7_cortexa9_0/standalone_ps7_cortexa9_0/bsp/system.mss|system_0||
C:/devWorks/VW_SOC/Vitis/design_1_wrapper/zynq_fsbl/zynq_fsbl_bsp/system.mss|system||

TRACE::2025-05-12.12:11:51::SCWMssOS::Sw design exists and opened at  C:/devWorks/VW_SOC/Vitis/design_1_wrapper/ps7_cortexa9_0/standalone_ps7_cortexa9_0/bsp/system.mss
TRACE::2025-05-12.12:11:51::SCWPlatform::Trying to open the hw design at C:/devWorks/VW_SOC/Vitis/design_1_wrapper/hw/design_1_wrapper.xsa
TRACE::2025-05-12.12:11:51::SCWPlatform::DSA given C:/devWorks/VW_SOC/Vitis/design_1_wrapper/hw/design_1_wrapper.xsa
TRACE::2025-05-12.12:11:51::SCWPlatform::DSA absoulate path C:/devWorks/VW_SOC/Vitis/design_1_wrapper/hw/design_1_wrapper.xsa
TRACE::2025-05-12.12:11:51::SCWPlatform::DSA directory C:/devWorks/VW_SOC/Vitis/design_1_wrapper/hw
TRACE::2025-05-12.12:11:51::SCWPlatform:: Platform Path C:/devWorks/VW_SOC/Vitis/design_1_wrapper/hw/design_1_wrapper.xsa
TRACE::2025-05-12.12:11:51::SCWPlatform:: Unique name xilinx:pynq-z2::0.0
TRACE::2025-05-12.12:11:51::SCWPlatform::Trying to set the existing hwdb with name design_1_wrapper_0
TRACE::2025-05-12.12:11:51::SCWPlatform::Opened existing hwdb design_1_wrapper_0
TRACE::2025-05-12.12:11:51::SCWPlatform::Found the Hw Db part of the input DSA
TRACE::2025-05-12.12:11:51::SCWMssOS::Checking the sw design at  C:/devWorks/VW_SOC/Vitis/design_1_wrapper/ps7_cortexa9_0/standalone_ps7_cortexa9_0/bsp/system.mss
TRACE::2025-05-12.12:11:51::SCWMssOS::DEBUG:  swdes dump  C:/devWorks/VW_SOC/Vitis/design_1_wrapper/ps7_cortexa9_0/standalone_ps7_cortexa9_0/bsp/system.mss|system_0||
C:/devWorks/VW_SOC/Vitis/design_1_wrapper/zynq_fsbl/zynq_fsbl_bsp/system.mss|system||

TRACE::2025-05-12.12:11:51::SCWMssOS::Sw design exists and opened at  C:/devWorks/VW_SOC/Vitis/design_1_wrapper/ps7_cortexa9_0/standalone_ps7_cortexa9_0/bsp/system.mss
TRACE::2025-05-12.12:11:51::SCWPlatform::Trying to open the hw design at C:/devWorks/VW_SOC/Vitis/design_1_wrapper/hw/design_1_wrapper.xsa
TRACE::2025-05-12.12:11:51::SCWPlatform::DSA given C:/devWorks/VW_SOC/Vitis/design_1_wrapper/hw/design_1_wrapper.xsa
TRACE::2025-05-12.12:11:51::SCWPlatform::DSA absoulate path C:/devWorks/VW_SOC/Vitis/design_1_wrapper/hw/design_1_wrapper.xsa
TRACE::2025-05-12.12:11:51::SCWPlatform::DSA directory C:/devWorks/VW_SOC/Vitis/design_1_wrapper/hw
TRACE::2025-05-12.12:11:51::SCWPlatform:: Platform Path C:/devWorks/VW_SOC/Vitis/design_1_wrapper/hw/design_1_wrapper.xsa
TRACE::2025-05-12.12:11:51::SCWPlatform:: Unique name xilinx:pynq-z2::0.0
TRACE::2025-05-12.12:11:51::SCWPlatform::Trying to set the existing hwdb with name design_1_wrapper_0
TRACE::2025-05-12.12:11:51::SCWPlatform::Opened existing hwdb design_1_wrapper_0
TRACE::2025-05-12.12:11:51::SCWPlatform::Found the Hw Db part of the input DSA
TRACE::2025-05-12.12:11:51::SCWMssOS::Checking the sw design at  C:/devWorks/VW_SOC/Vitis/design_1_wrapper/ps7_cortexa9_0/standalone_ps7_cortexa9_0/bsp/system.mss
TRACE::2025-05-12.12:11:51::SCWMssOS::DEBUG:  swdes dump  C:/devWorks/VW_SOC/Vitis/design_1_wrapper/ps7_cortexa9_0/standalone_ps7_cortexa9_0/bsp/system.mss|system_0||
C:/devWorks/VW_SOC/Vitis/design_1_wrapper/zynq_fsbl/zynq_fsbl_bsp/system.mss|system||

TRACE::2025-05-12.12:11:51::SCWMssOS::Sw design exists and opened at  C:/devWorks/VW_SOC/Vitis/design_1_wrapper/ps7_cortexa9_0/standalone_ps7_cortexa9_0/bsp/system.mss
TRACE::2025-05-12.12:11:51::SCWWriter::formatted JSON is {
	"platformName":	"design_1_wrapper",
	"sprVersion":	"2.0",
	"mode":	"gui",
	"dsaType":	"Fixed",
	"platformDesc":	"design_1_wrapper",
	"platHandOff":	"C:/devWorks/VW_SOC/VW_SOC/design_1_wrapper.xsa",
	"platIntHandOff":	"<platformDir>/hw/design_1_wrapper.xsa",
	"deviceType":	"zynq",
	"platIsPrebuiltAutogen":	"false",
	"platIsNoBootBsp":	"false",
	"platFsblTarget":	"ps7_cortexa9_0",
	"hasFsblMakeHasChanges":	"false",
	"hasPmufwMakeHasChanges":	"false",
	"fsblExtraCompilerFlags":	"-MMD -MP       -mcpu=cortex-a9 -mfpu=vfpv3 -mfloat-abi=hard ",
	"platPreBuiltFlag":	false,
	"platformSamplesDir":	"",
	"platActiveSys":	"design_1_wrapper",
	"systems":	[{
			"systemName":	"design_1_wrapper",
			"systemDesc":	"design_1_wrapper",
			"sysIsBootAutoGen":	"true",
			"systemDispName":	"design_1_wrapper",
			"sysActiveDom":	"standalone_ps7_cortexa9_0",
			"sysDefaultDom":	"standalone_ps7_cortexa9_0",
			"domains":	[{
					"domainName":	"zynq_fsbl",
					"domainDispName":	"zynq_fsbl",
					"domainDesc":	"FSBL Application BSP - Auto Generated.",
					"processors":	"ps7_cortexa9_0",
					"os":	"standalone",
					"sdxOs":	"standalone",
					"debugEnable":	"",
					"domRuntimes":	["cpp"],
					"swRepo":	"",
					"mssOsVer":	"9.1",
					"mssFile":	"",
					"md5Digest":	"569c0b2410485c53f2dbc4310a8c319a",
					"compatibleApp":	"zynq_fsbl",
					"domType":	"bootDomain",
					"arch":	"32-bit",
					"appSettings":	{
						"appCompilerFlags":	"",
						"appLinkerFlags":	""
					},
					"addedLibs":	["xilffs:5.2", "xilrsa:1.8"],
					"libOptions":	{
						"libsContainingOptions":	[]
					},
					"prebuiltLibs":	{
						"prebuiltIncPath":	[],
						"prebuiltLibPath":	[]
					},
					"isolation":	{
					}
				}, {
					"domainName":	"standalone_ps7_cortexa9_0",
					"domainDispName":	"standalone_ps7_cortexa9_0",
					"domainDesc":	"standalone_ps7_cortexa9_0",
					"processors":	"ps7_cortexa9_0",
					"os":	"standalone",
					"sdxOs":	"standalone",
					"qemuArgs":	"<platformDir>/resources/design_1_wrapper/standalone_ps7_cortexa9_0/qemu_args.txt",
					"qemuData":	"<platformDir>/resources/design_1_wrapper/standalone_ps7_cortexa9_0/qemu",
					"debugEnable":	"False",
					"domRuntimes":	["cpp"],
					"swRepo":	"",
					"mssOsVer":	"9.1",
					"mssFile":	"",
					"md5Digest":	"a9080277d88f371bf2bae9d3884c2238",
					"compatibleApp":	"hello_world",
					"domType":	"mssDomain",
					"arch":	"32-bit",
					"appSettings":	{
						"appCompilerFlags":	"",
						"appLinkerFlags":	""
					},
					"addedLibs":	[],
					"libOptions":	{
						"libsContainingOptions":	[]
					},
					"prebuiltLibs":	{
						"prebuiltIncPath":	[],
						"prebuiltLibPath":	[]
					},
					"isolation":	{
					}
				}]
		}]
}
LOG::2025-05-12.12:11:51::SCWPlatform::Started generating the artifacts platform design_1_wrapper
TRACE::2025-05-12.12:11:51::SCWPlatform::Sanity checking of platform is completed
LOG::2025-05-12.12:11:51::SCWPlatform::Started generating the artifacts for system configuration design_1_wrapper
LOG::2025-05-12.12:11:51::SCWSystem::Checking the domain zynq_fsbl
LOG::2025-05-12.12:11:51::SCWSystem::Doing application build for :  zynq_fsbl
TRACE::2025-05-12.12:11:51::SCWBDomain::Not a forced makefile updation, No changes are present. 
TRACE::2025-05-12.12:11:51::SCWDomain::Skipping the build for domain :  zynq_fsbl
LOG::2025-05-12.12:11:51::SCWSystem::Checking the domain standalone_ps7_cortexa9_0
LOG::2025-05-12.12:11:51::SCWSystem::Not a boot domain 
LOG::2025-05-12.12:11:51::SCWSystem::Started Processing the domain standalone_ps7_cortexa9_0
TRACE::2025-05-12.12:11:51::SCWDomain::Generating domain artifcats
TRACE::2025-05-12.12:11:51::SCWMssOS::Generating standalone artifcats
TRACE::2025-05-12.12:11:51::SCWMssOS::Copying the qemu file from  C:/devWorks/VW_SOC/Vitis/design_1_wrapper/resources/design_1_wrapper/standalone_ps7_cortexa9_0/qemu_args.txt To C:/devWorks/VW_SOC/Vitis/design_1_wrapper/export/design_1_wrapper/sw/design_1_wrapper/qemu/
TRACE::2025-05-12.12:11:51::SCWMssOS::Copying the qemu file from  C:/devWorks/VW_SOC/Vitis/design_1_wrapper/resources/design_1_wrapper/standalone_ps7_cortexa9_0/qemu_args.txt To C:/devWorks/VW_SOC/Vitis/design_1_wrapper/export/design_1_wrapper/sw/design_1_wrapper/standalone_ps7_cortexa9_0/qemu/
TRACE::2025-05-12.12:11:51::SCWMssOS:: Copying the user libraries. 
TRACE::2025-05-12.12:11:51::SCWPlatform::Trying to open the hw design at C:/devWorks/VW_SOC/Vitis/design_1_wrapper/hw/design_1_wrapper.xsa
TRACE::2025-05-12.12:11:51::SCWPlatform::DSA given C:/devWorks/VW_SOC/Vitis/design_1_wrapper/hw/design_1_wrapper.xsa
TRACE::2025-05-12.12:11:51::SCWPlatform::DSA absoulate path C:/devWorks/VW_SOC/Vitis/design_1_wrapper/hw/design_1_wrapper.xsa
TRACE::2025-05-12.12:11:51::SCWPlatform::DSA directory C:/devWorks/VW_SOC/Vitis/design_1_wrapper/hw
TRACE::2025-05-12.12:11:51::SCWPlatform:: Platform Path C:/devWorks/VW_SOC/Vitis/design_1_wrapper/hw/design_1_wrapper.xsa
TRACE::2025-05-12.12:11:51::SCWPlatform:: Unique name xilinx:pynq-z2::0.0
TRACE::2025-05-12.12:11:51::SCWPlatform::Trying to set the existing hwdb with name design_1_wrapper_0
TRACE::2025-05-12.12:11:51::SCWPlatform::Opened existing hwdb design_1_wrapper_0
TRACE::2025-05-12.12:11:51::SCWPlatform::Found the Hw Db part of the input DSA
TRACE::2025-05-12.12:11:51::SCWMssOS::Checking the sw design at  C:/devWorks/VW_SOC/Vitis/design_1_wrapper/ps7_cortexa9_0/standalone_ps7_cortexa9_0/bsp/system.mss
TRACE::2025-05-12.12:11:51::SCWMssOS::DEBUG:  swdes dump  C:/devWorks/VW_SOC/Vitis/design_1_wrapper/ps7_cortexa9_0/standalone_ps7_cortexa9_0/bsp/system.mss|system_0||
C:/devWorks/VW_SOC/Vitis/design_1_wrapper/zynq_fsbl/zynq_fsbl_bsp/system.mss|system||

TRACE::2025-05-12.12:11:51::SCWMssOS::Sw design exists and opened at  C:/devWorks/VW_SOC/Vitis/design_1_wrapper/ps7_cortexa9_0/standalone_ps7_cortexa9_0/bsp/system.mss
TRACE::2025-05-12.12:11:51::SCWMssOS::Completed writing the mss file at C:/devWorks/VW_SOC/Vitis/design_1_wrapper/ps7_cortexa9_0/standalone_ps7_cortexa9_0/bsp
TRACE::2025-05-12.12:11:51::SCWMssOS::Mss edits present, copying mssfile into export location C:/devWorks/VW_SOC/Vitis/design_1_wrapper/ps7_cortexa9_0/standalone_ps7_cortexa9_0/bsp/system.mss
TRACE::2025-05-12.12:11:51::SCWMssOS::bsp generated is upto date with the mss file. Skipping bsp generation.
TRACE::2025-05-12.12:11:51::SCWMssOS::BSP is already built. skipping the bsp build ... 
TRACE::2025-05-12.12:11:51::SCWDomain::Skipping the build for domain :  standalone_ps7_cortexa9_0
TRACE::2025-05-12.12:11:51::SCWMssOS::skipping the bsp build ... 
TRACE::2025-05-12.12:11:51::SCWMssOS::Copying to export directory.
TRACE::2025-05-12.12:11:51::SCWMssOS:: Checking if to create the Supporting Applications
TRACE::2025-05-12.12:11:51::SCWMssOS:: No Linux domain exists, trying to generate FSBL 
TRACE::2025-05-12.12:11:51::SCWMssOS:: Completed Standalone Artifacts creation 
LOG::2025-05-12.12:11:51::SCWSystem::Completed Processing the domain standalone_ps7_cortexa9_0
LOG::2025-05-12.12:11:51::SCWSystem::Completed Processing the sysconfig design_1_wrapper
LOG::2025-05-12.12:11:51::SCWPlatform::Completed generating the artifacts for system configuration design_1_wrapper
TRACE::2025-05-12.12:11:51::SCWPlatform::Started preparing the platform 
TRACE::2025-05-12.12:11:51::SCWSystem::Writing the bif file for system config design_1_wrapper
TRACE::2025-05-12.12:11:51::SCWSystem::dir created 
TRACE::2025-05-12.12:11:51::SCWSystem::Writing the bif 
TRACE::2025-05-12.12:11:51::SCWPlatform::Started writing the spfm file 
TRACE::2025-05-12.12:11:51::SCWPlatform::Started writing the xpfm file 
TRACE::2025-05-12.12:11:51::SCWPlatform::Completed generating the platform
TRACE::2025-05-12.12:11:51::SCWMssOS::Saving the mss changes C:/devWorks/VW_SOC/Vitis/design_1_wrapper/zynq_fsbl/zynq_fsbl_bsp/system.mss
TRACE::2025-05-12.12:11:51::SCWMssOS::Found a swdesign opened with the mssfile.
TRACE::2025-05-12.12:11:51::SCWMssOS::Completed writemss as part of save.
TRACE::2025-05-12.12:11:51::SCWMssOS::Commit changes completed.
TRACE::2025-05-12.12:11:51::SCWMssOS::Saving the mss changes C:/devWorks/VW_SOC/Vitis/design_1_wrapper/ps7_cortexa9_0/standalone_ps7_cortexa9_0/bsp/system.mss
TRACE::2025-05-12.12:11:51::SCWMssOS::Found a swdesign opened with the mssfile.
TRACE::2025-05-12.12:11:51::SCWMssOS::Completed writemss as part of save.
TRACE::2025-05-12.12:11:51::SCWMssOS::Commit changes completed.
TRACE::2025-05-12.12:11:51::SCWPlatform::Trying to open the hw design at C:/devWorks/VW_SOC/Vitis/design_1_wrapper/hw/design_1_wrapper.xsa
TRACE::2025-05-12.12:11:51::SCWPlatform::DSA given C:/devWorks/VW_SOC/Vitis/design_1_wrapper/hw/design_1_wrapper.xsa
TRACE::2025-05-12.12:11:51::SCWPlatform::DSA absoulate path C:/devWorks/VW_SOC/Vitis/design_1_wrapper/hw/design_1_wrapper.xsa
TRACE::2025-05-12.12:11:51::SCWPlatform::DSA directory C:/devWorks/VW_SOC/Vitis/design_1_wrapper/hw
TRACE::2025-05-12.12:11:51::SCWPlatform:: Platform Path C:/devWorks/VW_SOC/Vitis/design_1_wrapper/hw/design_1_wrapper.xsa
TRACE::2025-05-12.12:11:51::SCWPlatform:: Unique name xilinx:pynq-z2::0.0
TRACE::2025-05-12.12:11:51::SCWPlatform::Trying to set the existing hwdb with name design_1_wrapper_0
TRACE::2025-05-12.12:11:51::SCWPlatform::Opened existing hwdb design_1_wrapper_0
TRACE::2025-05-12.12:11:51::SCWPlatform::Found the Hw Db part of the input DSA
TRACE::2025-05-12.12:11:51::SCWMssOS::Checking the sw design at  C:/devWorks/VW_SOC/Vitis/design_1_wrapper/zynq_fsbl/zynq_fsbl_bsp/system.mss
TRACE::2025-05-12.12:11:51::SCWMssOS::DEBUG:  swdes dump  C:/devWorks/VW_SOC/Vitis/design_1_wrapper/ps7_cortexa9_0/standalone_ps7_cortexa9_0/bsp/system.mss|system_0||
C:/devWorks/VW_SOC/Vitis/design_1_wrapper/zynq_fsbl/zynq_fsbl_bsp/system.mss|system||

TRACE::2025-05-12.12:11:51::SCWMssOS::Sw design exists and opened at  C:/devWorks/VW_SOC/Vitis/design_1_wrapper/zynq_fsbl/zynq_fsbl_bsp/system.mss
TRACE::2025-05-12.12:11:51::SCWPlatform::Trying to open the hw design at C:/devWorks/VW_SOC/Vitis/design_1_wrapper/hw/design_1_wrapper.xsa
TRACE::2025-05-12.12:11:51::SCWPlatform::DSA given C:/devWorks/VW_SOC/Vitis/design_1_wrapper/hw/design_1_wrapper.xsa
TRACE::2025-05-12.12:11:51::SCWPlatform::DSA absoulate path C:/devWorks/VW_SOC/Vitis/design_1_wrapper/hw/design_1_wrapper.xsa
TRACE::2025-05-12.12:11:51::SCWPlatform::DSA directory C:/devWorks/VW_SOC/Vitis/design_1_wrapper/hw
TRACE::2025-05-12.12:11:51::SCWPlatform:: Platform Path C:/devWorks/VW_SOC/Vitis/design_1_wrapper/hw/design_1_wrapper.xsa
TRACE::2025-05-12.12:11:51::SCWPlatform:: Unique name xilinx:pynq-z2::0.0
TRACE::2025-05-12.12:11:51::SCWPlatform::Trying to set the existing hwdb with name design_1_wrapper_0
TRACE::2025-05-12.12:11:51::SCWPlatform::Opened existing hwdb design_1_wrapper_0
TRACE::2025-05-12.12:11:51::SCWPlatform::Found the Hw Db part of the input DSA
TRACE::2025-05-12.12:11:51::SCWMssOS::Checking the sw design at  C:/devWorks/VW_SOC/Vitis/design_1_wrapper/zynq_fsbl/zynq_fsbl_bsp/system.mss
TRACE::2025-05-12.12:11:51::SCWMssOS::DEBUG:  swdes dump  C:/devWorks/VW_SOC/Vitis/design_1_wrapper/ps7_cortexa9_0/standalone_ps7_cortexa9_0/bsp/system.mss|system_0||
C:/devWorks/VW_SOC/Vitis/design_1_wrapper/zynq_fsbl/zynq_fsbl_bsp/system.mss|system||

TRACE::2025-05-12.12:11:51::SCWMssOS::Sw design exists and opened at  C:/devWorks/VW_SOC/Vitis/design_1_wrapper/zynq_fsbl/zynq_fsbl_bsp/system.mss
TRACE::2025-05-12.12:11:51::SCWPlatform::Trying to open the hw design at C:/devWorks/VW_SOC/Vitis/design_1_wrapper/hw/design_1_wrapper.xsa
TRACE::2025-05-12.12:11:51::SCWPlatform::DSA given C:/devWorks/VW_SOC/Vitis/design_1_wrapper/hw/design_1_wrapper.xsa
TRACE::2025-05-12.12:11:51::SCWPlatform::DSA absoulate path C:/devWorks/VW_SOC/Vitis/design_1_wrapper/hw/design_1_wrapper.xsa
TRACE::2025-05-12.12:11:51::SCWPlatform::DSA directory C:/devWorks/VW_SOC/Vitis/design_1_wrapper/hw
TRACE::2025-05-12.12:11:51::SCWPlatform:: Platform Path C:/devWorks/VW_SOC/Vitis/design_1_wrapper/hw/design_1_wrapper.xsa
TRACE::2025-05-12.12:11:51::SCWPlatform:: Unique name xilinx:pynq-z2::0.0
TRACE::2025-05-12.12:11:51::SCWPlatform::Trying to set the existing hwdb with name design_1_wrapper_0
TRACE::2025-05-12.12:11:51::SCWPlatform::Opened existing hwdb design_1_wrapper_0
TRACE::2025-05-12.12:11:51::SCWPlatform::Found the Hw Db part of the input DSA
TRACE::2025-05-12.12:11:51::SCWMssOS::Checking the sw design at  C:/devWorks/VW_SOC/Vitis/design_1_wrapper/zynq_fsbl/zynq_fsbl_bsp/system.mss
TRACE::2025-05-12.12:11:51::SCWMssOS::DEBUG:  swdes dump  C:/devWorks/VW_SOC/Vitis/design_1_wrapper/ps7_cortexa9_0/standalone_ps7_cortexa9_0/bsp/system.mss|system_0||
C:/devWorks/VW_SOC/Vitis/design_1_wrapper/zynq_fsbl/zynq_fsbl_bsp/system.mss|system||

TRACE::2025-05-12.12:11:51::SCWMssOS::Sw design exists and opened at  C:/devWorks/VW_SOC/Vitis/design_1_wrapper/zynq_fsbl/zynq_fsbl_bsp/system.mss
TRACE::2025-05-12.12:11:51::SCWPlatform::Trying to open the hw design at C:/devWorks/VW_SOC/Vitis/design_1_wrapper/hw/design_1_wrapper.xsa
TRACE::2025-05-12.12:11:51::SCWPlatform::DSA given C:/devWorks/VW_SOC/Vitis/design_1_wrapper/hw/design_1_wrapper.xsa
TRACE::2025-05-12.12:11:51::SCWPlatform::DSA absoulate path C:/devWorks/VW_SOC/Vitis/design_1_wrapper/hw/design_1_wrapper.xsa
TRACE::2025-05-12.12:11:51::SCWPlatform::DSA directory C:/devWorks/VW_SOC/Vitis/design_1_wrapper/hw
TRACE::2025-05-12.12:11:51::SCWPlatform:: Platform Path C:/devWorks/VW_SOC/Vitis/design_1_wrapper/hw/design_1_wrapper.xsa
TRACE::2025-05-12.12:11:51::SCWPlatform:: Unique name xilinx:pynq-z2::0.0
TRACE::2025-05-12.12:11:51::SCWPlatform::Trying to set the existing hwdb with name design_1_wrapper_0
TRACE::2025-05-12.12:11:51::SCWPlatform::Opened existing hwdb design_1_wrapper_0
TRACE::2025-05-12.12:11:51::SCWPlatform::Found the Hw Db part of the input DSA
TRACE::2025-05-12.12:11:51::SCWMssOS::Checking the sw design at  C:/devWorks/VW_SOC/Vitis/design_1_wrapper/ps7_cortexa9_0/standalone_ps7_cortexa9_0/bsp/system.mss
TRACE::2025-05-12.12:11:51::SCWMssOS::DEBUG:  swdes dump  C:/devWorks/VW_SOC/Vitis/design_1_wrapper/ps7_cortexa9_0/standalone_ps7_cortexa9_0/bsp/system.mss|system_0||
C:/devWorks/VW_SOC/Vitis/design_1_wrapper/zynq_fsbl/zynq_fsbl_bsp/system.mss|system||

TRACE::2025-05-12.12:11:51::SCWMssOS::Sw design exists and opened at  C:/devWorks/VW_SOC/Vitis/design_1_wrapper/ps7_cortexa9_0/standalone_ps7_cortexa9_0/bsp/system.mss
TRACE::2025-05-12.12:11:51::SCWPlatform::Trying to open the hw design at C:/devWorks/VW_SOC/Vitis/design_1_wrapper/hw/design_1_wrapper.xsa
TRACE::2025-05-12.12:11:51::SCWPlatform::DSA given C:/devWorks/VW_SOC/Vitis/design_1_wrapper/hw/design_1_wrapper.xsa
TRACE::2025-05-12.12:11:51::SCWPlatform::DSA absoulate path C:/devWorks/VW_SOC/Vitis/design_1_wrapper/hw/design_1_wrapper.xsa
TRACE::2025-05-12.12:11:51::SCWPlatform::DSA directory C:/devWorks/VW_SOC/Vitis/design_1_wrapper/hw
TRACE::2025-05-12.12:11:51::SCWPlatform:: Platform Path C:/devWorks/VW_SOC/Vitis/design_1_wrapper/hw/design_1_wrapper.xsa
TRACE::2025-05-12.12:11:51::SCWPlatform:: Unique name xilinx:pynq-z2::0.0
TRACE::2025-05-12.12:11:51::SCWPlatform::Trying to set the existing hwdb with name design_1_wrapper_0
TRACE::2025-05-12.12:11:51::SCWPlatform::Opened existing hwdb design_1_wrapper_0
TRACE::2025-05-12.12:11:51::SCWPlatform::Found the Hw Db part of the input DSA
TRACE::2025-05-12.12:11:51::SCWMssOS::Checking the sw design at  C:/devWorks/VW_SOC/Vitis/design_1_wrapper/ps7_cortexa9_0/standalone_ps7_cortexa9_0/bsp/system.mss
TRACE::2025-05-12.12:11:51::SCWMssOS::DEBUG:  swdes dump  C:/devWorks/VW_SOC/Vitis/design_1_wrapper/ps7_cortexa9_0/standalone_ps7_cortexa9_0/bsp/system.mss|system_0||
C:/devWorks/VW_SOC/Vitis/design_1_wrapper/zynq_fsbl/zynq_fsbl_bsp/system.mss|system||

TRACE::2025-05-12.12:11:51::SCWMssOS::Sw design exists and opened at  C:/devWorks/VW_SOC/Vitis/design_1_wrapper/ps7_cortexa9_0/standalone_ps7_cortexa9_0/bsp/system.mss
TRACE::2025-05-12.12:11:51::SCWPlatform::Trying to open the hw design at C:/devWorks/VW_SOC/Vitis/design_1_wrapper/hw/design_1_wrapper.xsa
TRACE::2025-05-12.12:11:51::SCWPlatform::DSA given C:/devWorks/VW_SOC/Vitis/design_1_wrapper/hw/design_1_wrapper.xsa
TRACE::2025-05-12.12:11:51::SCWPlatform::DSA absoulate path C:/devWorks/VW_SOC/Vitis/design_1_wrapper/hw/design_1_wrapper.xsa
TRACE::2025-05-12.12:11:51::SCWPlatform::DSA directory C:/devWorks/VW_SOC/Vitis/design_1_wrapper/hw
TRACE::2025-05-12.12:11:51::SCWPlatform:: Platform Path C:/devWorks/VW_SOC/Vitis/design_1_wrapper/hw/design_1_wrapper.xsa
TRACE::2025-05-12.12:11:51::SCWPlatform:: Unique name xilinx:pynq-z2::0.0
TRACE::2025-05-12.12:11:51::SCWPlatform::Trying to set the existing hwdb with name design_1_wrapper_0
TRACE::2025-05-12.12:11:51::SCWPlatform::Opened existing hwdb design_1_wrapper_0
TRACE::2025-05-12.12:11:51::SCWPlatform::Found the Hw Db part of the input DSA
TRACE::2025-05-12.12:11:51::SCWMssOS::Checking the sw design at  C:/devWorks/VW_SOC/Vitis/design_1_wrapper/ps7_cortexa9_0/standalone_ps7_cortexa9_0/bsp/system.mss
TRACE::2025-05-12.12:11:51::SCWMssOS::DEBUG:  swdes dump  C:/devWorks/VW_SOC/Vitis/design_1_wrapper/ps7_cortexa9_0/standalone_ps7_cortexa9_0/bsp/system.mss|system_0||
C:/devWorks/VW_SOC/Vitis/design_1_wrapper/zynq_fsbl/zynq_fsbl_bsp/system.mss|system||

TRACE::2025-05-12.12:11:51::SCWMssOS::Sw design exists and opened at  C:/devWorks/VW_SOC/Vitis/design_1_wrapper/ps7_cortexa9_0/standalone_ps7_cortexa9_0/bsp/system.mss
TRACE::2025-05-12.12:11:51::SCWWriter::formatted JSON is {
	"platformName":	"design_1_wrapper",
	"sprVersion":	"2.0",
	"mode":	"gui",
	"dsaType":	"Fixed",
	"platformDesc":	"design_1_wrapper",
	"platHandOff":	"C:/devWorks/VW_SOC/VW_SOC/design_1_wrapper.xsa",
	"platIntHandOff":	"<platformDir>/hw/design_1_wrapper.xsa",
	"deviceType":	"zynq",
	"platIsPrebuiltAutogen":	"false",
	"platIsNoBootBsp":	"false",
	"platFsblTarget":	"ps7_cortexa9_0",
	"hasFsblMakeHasChanges":	"false",
	"hasPmufwMakeHasChanges":	"false",
	"fsblExtraCompilerFlags":	"-MMD -MP       -mcpu=cortex-a9 -mfpu=vfpv3 -mfloat-abi=hard ",
	"platPreBuiltFlag":	false,
	"platformSamplesDir":	"",
	"platActiveSys":	"design_1_wrapper",
	"systems":	[{
			"systemName":	"design_1_wrapper",
			"systemDesc":	"design_1_wrapper",
			"sysIsBootAutoGen":	"true",
			"systemDispName":	"design_1_wrapper",
			"sysActiveDom":	"standalone_ps7_cortexa9_0",
			"sysDefaultDom":	"standalone_ps7_cortexa9_0",
			"domains":	[{
					"domainName":	"zynq_fsbl",
					"domainDispName":	"zynq_fsbl",
					"domainDesc":	"FSBL Application BSP - Auto Generated.",
					"processors":	"ps7_cortexa9_0",
					"os":	"standalone",
					"sdxOs":	"standalone",
					"debugEnable":	"",
					"domRuntimes":	["cpp"],
					"swRepo":	"",
					"mssOsVer":	"9.1",
					"mssFile":	"",
					"md5Digest":	"569c0b2410485c53f2dbc4310a8c319a",
					"compatibleApp":	"zynq_fsbl",
					"domType":	"bootDomain",
					"arch":	"32-bit",
					"appSettings":	{
						"appCompilerFlags":	"",
						"appLinkerFlags":	""
					},
					"addedLibs":	["xilffs:5.2", "xilrsa:1.8"],
					"libOptions":	{
						"libsContainingOptions":	[]
					},
					"prebuiltLibs":	{
						"prebuiltIncPath":	[],
						"prebuiltLibPath":	[]
					},
					"isolation":	{
					}
				}, {
					"domainName":	"standalone_ps7_cortexa9_0",
					"domainDispName":	"standalone_ps7_cortexa9_0",
					"domainDesc":	"standalone_ps7_cortexa9_0",
					"processors":	"ps7_cortexa9_0",
					"os":	"standalone",
					"sdxOs":	"standalone",
					"qemuArgs":	"<platformDir>/resources/design_1_wrapper/standalone_ps7_cortexa9_0/qemu_args.txt",
					"qemuData":	"<platformDir>/resources/design_1_wrapper/standalone_ps7_cortexa9_0/qemu",
					"debugEnable":	"False",
					"domRuntimes":	["cpp"],
					"swRepo":	"",
					"mssOsVer":	"9.1",
					"mssFile":	"",
					"md5Digest":	"a9080277d88f371bf2bae9d3884c2238",
					"compatibleApp":	"hello_world",
					"domType":	"mssDomain",
					"arch":	"32-bit",
					"appSettings":	{
						"appCompilerFlags":	"",
						"appLinkerFlags":	""
					},
					"addedLibs":	[],
					"libOptions":	{
						"libsContainingOptions":	[]
					},
					"prebuiltLibs":	{
						"prebuiltIncPath":	[],
						"prebuiltLibPath":	[]
					},
					"isolation":	{
					}
				}]
		}]
}
KEYINFO::2025-05-12.12:11:51::SCWPlatform::updated the xpfm file.
TRACE::2025-05-12.12:11:51::SCWPlatform::Trying to open the hw design at C:/devWorks/VW_SOC/Vitis/design_1_wrapper/hw/design_1_wrapper.xsa
TRACE::2025-05-12.12:11:52::SCWPlatform::DSA given C:/devWorks/VW_SOC/Vitis/design_1_wrapper/hw/design_1_wrapper.xsa
TRACE::2025-05-12.12:11:52::SCWPlatform::DSA absoulate path C:/devWorks/VW_SOC/Vitis/design_1_wrapper/hw/design_1_wrapper.xsa
TRACE::2025-05-12.12:11:52::SCWPlatform::DSA directory C:/devWorks/VW_SOC/Vitis/design_1_wrapper/hw
TRACE::2025-05-12.12:11:52::SCWPlatform:: Platform Path C:/devWorks/VW_SOC/Vitis/design_1_wrapper/hw/design_1_wrapper.xsa
TRACE::2025-05-12.12:11:52::SCWPlatform:: Unique name xilinx:pynq-z2::0.0
TRACE::2025-05-12.12:11:52::SCWPlatform::Trying to set the existing hwdb with name design_1_wrapper_0
TRACE::2025-05-12.12:11:52::SCWPlatform::Opened existing hwdb design_1_wrapper_0
TRACE::2025-05-12.12:11:52::SCWPlatform::Found the Hw Db part of the input DSA
TRACE::2025-05-12.12:11:52::SCWMssOS::Checking the sw design at  C:/devWorks/VW_SOC/Vitis/design_1_wrapper/ps7_cortexa9_0/standalone_ps7_cortexa9_0/bsp/system.mss
TRACE::2025-05-12.12:11:52::SCWMssOS::DEBUG:  swdes dump  C:/devWorks/VW_SOC/Vitis/design_1_wrapper/ps7_cortexa9_0/standalone_ps7_cortexa9_0/bsp/system.mss|system_0||
C:/devWorks/VW_SOC/Vitis/design_1_wrapper/zynq_fsbl/zynq_fsbl_bsp/system.mss|system||

TRACE::2025-05-12.12:11:52::SCWMssOS::Sw design exists and opened at  C:/devWorks/VW_SOC/Vitis/design_1_wrapper/ps7_cortexa9_0/standalone_ps7_cortexa9_0/bsp/system.mss
TRACE::2025-05-12.12:11:52::SCWMssOS::Saving the mss changes C:/devWorks/VW_SOC/Vitis/design_1_wrapper/zynq_fsbl/zynq_fsbl_bsp/system.mss
TRACE::2025-05-12.12:11:52::SCWMssOS::Found a swdesign opened with the mssfile.
TRACE::2025-05-12.12:11:52::SCWMssOS::Completed writemss as part of save.
TRACE::2025-05-12.12:11:52::SCWMssOS::Commit changes completed.
TRACE::2025-05-12.12:11:52::SCWMssOS::Saving the mss changes C:/devWorks/VW_SOC/Vitis/design_1_wrapper/ps7_cortexa9_0/standalone_ps7_cortexa9_0/bsp/system.mss
TRACE::2025-05-12.12:11:52::SCWMssOS::Found a swdesign opened with the mssfile.
TRACE::2025-05-12.12:11:52::SCWMssOS::Completed writemss as part of save.
TRACE::2025-05-12.12:11:52::SCWMssOS::Commit changes completed.
TRACE::2025-05-12.12:11:52::SCWPlatform::Trying to open the hw design at C:/devWorks/VW_SOC/Vitis/design_1_wrapper/hw/design_1_wrapper.xsa
TRACE::2025-05-12.12:11:52::SCWPlatform::DSA given C:/devWorks/VW_SOC/Vitis/design_1_wrapper/hw/design_1_wrapper.xsa
TRACE::2025-05-12.12:11:52::SCWPlatform::DSA absoulate path C:/devWorks/VW_SOC/Vitis/design_1_wrapper/hw/design_1_wrapper.xsa
TRACE::2025-05-12.12:11:52::SCWPlatform::DSA directory C:/devWorks/VW_SOC/Vitis/design_1_wrapper/hw
TRACE::2025-05-12.12:11:52::SCWPlatform:: Platform Path C:/devWorks/VW_SOC/Vitis/design_1_wrapper/hw/design_1_wrapper.xsa
TRACE::2025-05-12.12:11:52::SCWPlatform:: Unique name xilinx:pynq-z2::0.0
TRACE::2025-05-12.12:11:52::SCWPlatform::Trying to set the existing hwdb with name design_1_wrapper_0
TRACE::2025-05-12.12:11:52::SCWPlatform::Opened existing hwdb design_1_wrapper_0
TRACE::2025-05-12.12:11:52::SCWPlatform::Found the Hw Db part of the input DSA
TRACE::2025-05-12.12:11:52::SCWMssOS::Checking the sw design at  C:/devWorks/VW_SOC/Vitis/design_1_wrapper/zynq_fsbl/zynq_fsbl_bsp/system.mss
TRACE::2025-05-12.12:11:52::SCWMssOS::DEBUG:  swdes dump  C:/devWorks/VW_SOC/Vitis/design_1_wrapper/ps7_cortexa9_0/standalone_ps7_cortexa9_0/bsp/system.mss|system_0||
C:/devWorks/VW_SOC/Vitis/design_1_wrapper/zynq_fsbl/zynq_fsbl_bsp/system.mss|system||

TRACE::2025-05-12.12:11:52::SCWMssOS::Sw design exists and opened at  C:/devWorks/VW_SOC/Vitis/design_1_wrapper/zynq_fsbl/zynq_fsbl_bsp/system.mss
TRACE::2025-05-12.12:11:52::SCWPlatform::Trying to open the hw design at C:/devWorks/VW_SOC/Vitis/design_1_wrapper/hw/design_1_wrapper.xsa
TRACE::2025-05-12.12:11:52::SCWPlatform::DSA given C:/devWorks/VW_SOC/Vitis/design_1_wrapper/hw/design_1_wrapper.xsa
TRACE::2025-05-12.12:11:52::SCWPlatform::DSA absoulate path C:/devWorks/VW_SOC/Vitis/design_1_wrapper/hw/design_1_wrapper.xsa
TRACE::2025-05-12.12:11:52::SCWPlatform::DSA directory C:/devWorks/VW_SOC/Vitis/design_1_wrapper/hw
TRACE::2025-05-12.12:11:52::SCWPlatform:: Platform Path C:/devWorks/VW_SOC/Vitis/design_1_wrapper/hw/design_1_wrapper.xsa
TRACE::2025-05-12.12:11:52::SCWPlatform:: Unique name xilinx:pynq-z2::0.0
TRACE::2025-05-12.12:11:52::SCWPlatform::Trying to set the existing hwdb with name design_1_wrapper_0
TRACE::2025-05-12.12:11:52::SCWPlatform::Opened existing hwdb design_1_wrapper_0
TRACE::2025-05-12.12:11:52::SCWPlatform::Found the Hw Db part of the input DSA
TRACE::2025-05-12.12:11:52::SCWMssOS::Checking the sw design at  C:/devWorks/VW_SOC/Vitis/design_1_wrapper/zynq_fsbl/zynq_fsbl_bsp/system.mss
TRACE::2025-05-12.12:11:52::SCWMssOS::DEBUG:  swdes dump  C:/devWorks/VW_SOC/Vitis/design_1_wrapper/ps7_cortexa9_0/standalone_ps7_cortexa9_0/bsp/system.mss|system_0||
C:/devWorks/VW_SOC/Vitis/design_1_wrapper/zynq_fsbl/zynq_fsbl_bsp/system.mss|system||

TRACE::2025-05-12.12:11:52::SCWMssOS::Sw design exists and opened at  C:/devWorks/VW_SOC/Vitis/design_1_wrapper/zynq_fsbl/zynq_fsbl_bsp/system.mss
TRACE::2025-05-12.12:11:52::SCWPlatform::Trying to open the hw design at C:/devWorks/VW_SOC/Vitis/design_1_wrapper/hw/design_1_wrapper.xsa
TRACE::2025-05-12.12:11:52::SCWPlatform::DSA given C:/devWorks/VW_SOC/Vitis/design_1_wrapper/hw/design_1_wrapper.xsa
TRACE::2025-05-12.12:11:52::SCWPlatform::DSA absoulate path C:/devWorks/VW_SOC/Vitis/design_1_wrapper/hw/design_1_wrapper.xsa
TRACE::2025-05-12.12:11:52::SCWPlatform::DSA directory C:/devWorks/VW_SOC/Vitis/design_1_wrapper/hw
TRACE::2025-05-12.12:11:52::SCWPlatform:: Platform Path C:/devWorks/VW_SOC/Vitis/design_1_wrapper/hw/design_1_wrapper.xsa
TRACE::2025-05-12.12:11:52::SCWPlatform:: Unique name xilinx:pynq-z2::0.0
TRACE::2025-05-12.12:11:52::SCWPlatform::Trying to set the existing hwdb with name design_1_wrapper_0
TRACE::2025-05-12.12:11:52::SCWPlatform::Opened existing hwdb design_1_wrapper_0
TRACE::2025-05-12.12:11:52::SCWPlatform::Found the Hw Db part of the input DSA
TRACE::2025-05-12.12:11:52::SCWMssOS::Checking the sw design at  C:/devWorks/VW_SOC/Vitis/design_1_wrapper/zynq_fsbl/zynq_fsbl_bsp/system.mss
TRACE::2025-05-12.12:11:52::SCWMssOS::DEBUG:  swdes dump  C:/devWorks/VW_SOC/Vitis/design_1_wrapper/ps7_cortexa9_0/standalone_ps7_cortexa9_0/bsp/system.mss|system_0||
C:/devWorks/VW_SOC/Vitis/design_1_wrapper/zynq_fsbl/zynq_fsbl_bsp/system.mss|system||

TRACE::2025-05-12.12:11:52::SCWMssOS::Sw design exists and opened at  C:/devWorks/VW_SOC/Vitis/design_1_wrapper/zynq_fsbl/zynq_fsbl_bsp/system.mss
TRACE::2025-05-12.12:11:52::SCWPlatform::Trying to open the hw design at C:/devWorks/VW_SOC/Vitis/design_1_wrapper/hw/design_1_wrapper.xsa
TRACE::2025-05-12.12:11:52::SCWPlatform::DSA given C:/devWorks/VW_SOC/Vitis/design_1_wrapper/hw/design_1_wrapper.xsa
TRACE::2025-05-12.12:11:52::SCWPlatform::DSA absoulate path C:/devWorks/VW_SOC/Vitis/design_1_wrapper/hw/design_1_wrapper.xsa
TRACE::2025-05-12.12:11:52::SCWPlatform::DSA directory C:/devWorks/VW_SOC/Vitis/design_1_wrapper/hw
TRACE::2025-05-12.12:11:52::SCWPlatform:: Platform Path C:/devWorks/VW_SOC/Vitis/design_1_wrapper/hw/design_1_wrapper.xsa
TRACE::2025-05-12.12:11:52::SCWPlatform:: Unique name xilinx:pynq-z2::0.0
TRACE::2025-05-12.12:11:52::SCWPlatform::Trying to set the existing hwdb with name design_1_wrapper_0
TRACE::2025-05-12.12:11:52::SCWPlatform::Opened existing hwdb design_1_wrapper_0
TRACE::2025-05-12.12:11:52::SCWPlatform::Found the Hw Db part of the input DSA
TRACE::2025-05-12.12:11:52::SCWMssOS::Checking the sw design at  C:/devWorks/VW_SOC/Vitis/design_1_wrapper/ps7_cortexa9_0/standalone_ps7_cortexa9_0/bsp/system.mss
TRACE::2025-05-12.12:11:52::SCWMssOS::DEBUG:  swdes dump  C:/devWorks/VW_SOC/Vitis/design_1_wrapper/ps7_cortexa9_0/standalone_ps7_cortexa9_0/bsp/system.mss|system_0||
C:/devWorks/VW_SOC/Vitis/design_1_wrapper/zynq_fsbl/zynq_fsbl_bsp/system.mss|system||

TRACE::2025-05-12.12:11:52::SCWMssOS::Sw design exists and opened at  C:/devWorks/VW_SOC/Vitis/design_1_wrapper/ps7_cortexa9_0/standalone_ps7_cortexa9_0/bsp/system.mss
TRACE::2025-05-12.12:11:52::SCWPlatform::Trying to open the hw design at C:/devWorks/VW_SOC/Vitis/design_1_wrapper/hw/design_1_wrapper.xsa
TRACE::2025-05-12.12:11:52::SCWPlatform::DSA given C:/devWorks/VW_SOC/Vitis/design_1_wrapper/hw/design_1_wrapper.xsa
TRACE::2025-05-12.12:11:52::SCWPlatform::DSA absoulate path C:/devWorks/VW_SOC/Vitis/design_1_wrapper/hw/design_1_wrapper.xsa
TRACE::2025-05-12.12:11:52::SCWPlatform::DSA directory C:/devWorks/VW_SOC/Vitis/design_1_wrapper/hw
TRACE::2025-05-12.12:11:52::SCWPlatform:: Platform Path C:/devWorks/VW_SOC/Vitis/design_1_wrapper/hw/design_1_wrapper.xsa
TRACE::2025-05-12.12:11:52::SCWPlatform:: Unique name xilinx:pynq-z2::0.0
TRACE::2025-05-12.12:11:52::SCWPlatform::Trying to set the existing hwdb with name design_1_wrapper_0
TRACE::2025-05-12.12:11:52::SCWPlatform::Opened existing hwdb design_1_wrapper_0
TRACE::2025-05-12.12:11:52::SCWPlatform::Found the Hw Db part of the input DSA
TRACE::2025-05-12.12:11:52::SCWMssOS::Checking the sw design at  C:/devWorks/VW_SOC/Vitis/design_1_wrapper/ps7_cortexa9_0/standalone_ps7_cortexa9_0/bsp/system.mss
TRACE::2025-05-12.12:11:52::SCWMssOS::DEBUG:  swdes dump  C:/devWorks/VW_SOC/Vitis/design_1_wrapper/ps7_cortexa9_0/standalone_ps7_cortexa9_0/bsp/system.mss|system_0||
C:/devWorks/VW_SOC/Vitis/design_1_wrapper/zynq_fsbl/zynq_fsbl_bsp/system.mss|system||

TRACE::2025-05-12.12:11:52::SCWMssOS::Sw design exists and opened at  C:/devWorks/VW_SOC/Vitis/design_1_wrapper/ps7_cortexa9_0/standalone_ps7_cortexa9_0/bsp/system.mss
TRACE::2025-05-12.12:11:52::SCWPlatform::Trying to open the hw design at C:/devWorks/VW_SOC/Vitis/design_1_wrapper/hw/design_1_wrapper.xsa
TRACE::2025-05-12.12:11:52::SCWPlatform::DSA given C:/devWorks/VW_SOC/Vitis/design_1_wrapper/hw/design_1_wrapper.xsa
TRACE::2025-05-12.12:11:52::SCWPlatform::DSA absoulate path C:/devWorks/VW_SOC/Vitis/design_1_wrapper/hw/design_1_wrapper.xsa
TRACE::2025-05-12.12:11:52::SCWPlatform::DSA directory C:/devWorks/VW_SOC/Vitis/design_1_wrapper/hw
TRACE::2025-05-12.12:11:52::SCWPlatform:: Platform Path C:/devWorks/VW_SOC/Vitis/design_1_wrapper/hw/design_1_wrapper.xsa
TRACE::2025-05-12.12:11:52::SCWPlatform:: Unique name xilinx:pynq-z2::0.0
TRACE::2025-05-12.12:11:52::SCWPlatform::Trying to set the existing hwdb with name design_1_wrapper_0
TRACE::2025-05-12.12:11:52::SCWPlatform::Opened existing hwdb design_1_wrapper_0
TRACE::2025-05-12.12:11:52::SCWPlatform::Found the Hw Db part of the input DSA
TRACE::2025-05-12.12:11:52::SCWMssOS::Checking the sw design at  C:/devWorks/VW_SOC/Vitis/design_1_wrapper/ps7_cortexa9_0/standalone_ps7_cortexa9_0/bsp/system.mss
TRACE::2025-05-12.12:11:52::SCWMssOS::DEBUG:  swdes dump  C:/devWorks/VW_SOC/Vitis/design_1_wrapper/ps7_cortexa9_0/standalone_ps7_cortexa9_0/bsp/system.mss|system_0||
C:/devWorks/VW_SOC/Vitis/design_1_wrapper/zynq_fsbl/zynq_fsbl_bsp/system.mss|system||

TRACE::2025-05-12.12:11:52::SCWMssOS::Sw design exists and opened at  C:/devWorks/VW_SOC/Vitis/design_1_wrapper/ps7_cortexa9_0/standalone_ps7_cortexa9_0/bsp/system.mss
TRACE::2025-05-12.12:11:52::SCWWriter::formatted JSON is {
	"platformName":	"design_1_wrapper",
	"sprVersion":	"2.0",
	"mode":	"gui",
	"dsaType":	"Fixed",
	"platformDesc":	"design_1_wrapper",
	"platHandOff":	"C:/devWorks/VW_SOC/VW_SOC/design_1_wrapper.xsa",
	"platIntHandOff":	"<platformDir>/hw/design_1_wrapper.xsa",
	"deviceType":	"zynq",
	"platIsPrebuiltAutogen":	"false",
	"platIsNoBootBsp":	"false",
	"platFsblTarget":	"ps7_cortexa9_0",
	"hasFsblMakeHasChanges":	"false",
	"hasPmufwMakeHasChanges":	"false",
	"fsblExtraCompilerFlags":	"-MMD -MP       -mcpu=cortex-a9 -mfpu=vfpv3 -mfloat-abi=hard ",
	"platPreBuiltFlag":	false,
	"platformSamplesDir":	"",
	"platActiveSys":	"design_1_wrapper",
	"systems":	[{
			"systemName":	"design_1_wrapper",
			"systemDesc":	"design_1_wrapper",
			"sysIsBootAutoGen":	"true",
			"systemDispName":	"design_1_wrapper",
			"sysActiveDom":	"standalone_ps7_cortexa9_0",
			"sysDefaultDom":	"standalone_ps7_cortexa9_0",
			"domains":	[{
					"domainName":	"zynq_fsbl",
					"domainDispName":	"zynq_fsbl",
					"domainDesc":	"FSBL Application BSP - Auto Generated.",
					"processors":	"ps7_cortexa9_0",
					"os":	"standalone",
					"sdxOs":	"standalone",
					"debugEnable":	"",
					"domRuntimes":	["cpp"],
					"swRepo":	"",
					"mssOsVer":	"9.1",
					"mssFile":	"",
					"md5Digest":	"569c0b2410485c53f2dbc4310a8c319a",
					"compatibleApp":	"zynq_fsbl",
					"domType":	"bootDomain",
					"arch":	"32-bit",
					"appSettings":	{
						"appCompilerFlags":	"",
						"appLinkerFlags":	""
					},
					"addedLibs":	["xilffs:5.2", "xilrsa:1.8"],
					"libOptions":	{
						"libsContainingOptions":	[]
					},
					"prebuiltLibs":	{
						"prebuiltIncPath":	[],
						"prebuiltLibPath":	[]
					},
					"isolation":	{
					}
				}, {
					"domainName":	"standalone_ps7_cortexa9_0",
					"domainDispName":	"standalone_ps7_cortexa9_0",
					"domainDesc":	"standalone_ps7_cortexa9_0",
					"processors":	"ps7_cortexa9_0",
					"os":	"standalone",
					"sdxOs":	"standalone",
					"qemuArgs":	"<platformDir>/resources/design_1_wrapper/standalone_ps7_cortexa9_0/qemu_args.txt",
					"qemuData":	"<platformDir>/resources/design_1_wrapper/standalone_ps7_cortexa9_0/qemu",
					"debugEnable":	"False",
					"domRuntimes":	["cpp"],
					"swRepo":	"",
					"mssOsVer":	"9.1",
					"mssFile":	"",
					"md5Digest":	"a9080277d88f371bf2bae9d3884c2238",
					"compatibleApp":	"hello_world",
					"domType":	"mssDomain",
					"arch":	"32-bit",
					"appSettings":	{
						"appCompilerFlags":	"",
						"appLinkerFlags":	""
					},
					"addedLibs":	[],
					"libOptions":	{
						"libsContainingOptions":	[]
					},
					"prebuiltLibs":	{
						"prebuiltIncPath":	[],
						"prebuiltLibPath":	[]
					},
					"isolation":	{
					}
				}]
		}]
}
TRACE::2025-05-12.12:11:52::SCWPlatform::Trying to open the hw design at C:/devWorks/VW_SOC/Vitis/design_1_wrapper/hw/design_1_wrapper.xsa
TRACE::2025-05-12.12:11:52::SCWPlatform::DSA given C:/devWorks/VW_SOC/Vitis/design_1_wrapper/hw/design_1_wrapper.xsa
TRACE::2025-05-12.12:11:52::SCWPlatform::DSA absoulate path C:/devWorks/VW_SOC/Vitis/design_1_wrapper/hw/design_1_wrapper.xsa
TRACE::2025-05-12.12:11:52::SCWPlatform::DSA directory C:/devWorks/VW_SOC/Vitis/design_1_wrapper/hw
TRACE::2025-05-12.12:11:52::SCWPlatform:: Platform Path C:/devWorks/VW_SOC/Vitis/design_1_wrapper/hw/design_1_wrapper.xsa
TRACE::2025-05-12.12:11:52::SCWPlatform:: Unique name xilinx:pynq-z2::0.0
TRACE::2025-05-12.12:11:52::SCWPlatform::Trying to set the existing hwdb with name design_1_wrapper_0
TRACE::2025-05-12.12:11:52::SCWPlatform::Opened existing hwdb design_1_wrapper_0
TRACE::2025-05-12.12:11:52::SCWPlatform::Found the Hw Db part of the input DSA
TRACE::2025-05-12.12:11:52::SCWMssOS::Checking the sw design at  C:/devWorks/VW_SOC/Vitis/design_1_wrapper/ps7_cortexa9_0/standalone_ps7_cortexa9_0/bsp/system.mss
TRACE::2025-05-12.12:11:52::SCWMssOS::DEBUG:  swdes dump  C:/devWorks/VW_SOC/Vitis/design_1_wrapper/ps7_cortexa9_0/standalone_ps7_cortexa9_0/bsp/system.mss|system_0||
C:/devWorks/VW_SOC/Vitis/design_1_wrapper/zynq_fsbl/zynq_fsbl_bsp/system.mss|system||

TRACE::2025-05-12.12:11:52::SCWMssOS::Sw design exists and opened at  C:/devWorks/VW_SOC/Vitis/design_1_wrapper/ps7_cortexa9_0/standalone_ps7_cortexa9_0/bsp/system.mss
TRACE::2025-05-12.12:11:52::SCWPlatform::Trying to open the hw design at C:/devWorks/VW_SOC/Vitis/design_1_wrapper/hw/design_1_wrapper.xsa
TRACE::2025-05-12.12:11:52::SCWPlatform::DSA given C:/devWorks/VW_SOC/Vitis/design_1_wrapper/hw/design_1_wrapper.xsa
TRACE::2025-05-12.12:11:52::SCWPlatform::DSA absoulate path C:/devWorks/VW_SOC/Vitis/design_1_wrapper/hw/design_1_wrapper.xsa
TRACE::2025-05-12.12:11:52::SCWPlatform::DSA directory C:/devWorks/VW_SOC/Vitis/design_1_wrapper/hw
TRACE::2025-05-12.12:11:52::SCWPlatform:: Platform Path C:/devWorks/VW_SOC/Vitis/design_1_wrapper/hw/design_1_wrapper.xsa
TRACE::2025-05-12.12:11:52::SCWPlatform:: Unique name xilinx:pynq-z2::0.0
TRACE::2025-05-12.12:11:52::SCWPlatform::Trying to set the existing hwdb with name design_1_wrapper_0
TRACE::2025-05-12.12:11:52::SCWPlatform::Opened existing hwdb design_1_wrapper_0
TRACE::2025-05-12.12:11:52::SCWPlatform::Found the Hw Db part of the input DSA
TRACE::2025-05-12.12:11:52::SCWMssOS::Checking the sw design at  C:/devWorks/VW_SOC/Vitis/design_1_wrapper/ps7_cortexa9_0/standalone_ps7_cortexa9_0/bsp/system.mss
TRACE::2025-05-12.12:11:52::SCWMssOS::DEBUG:  swdes dump  C:/devWorks/VW_SOC/Vitis/design_1_wrapper/ps7_cortexa9_0/standalone_ps7_cortexa9_0/bsp/system.mss|system_0||
C:/devWorks/VW_SOC/Vitis/design_1_wrapper/zynq_fsbl/zynq_fsbl_bsp/system.mss|system||

TRACE::2025-05-12.12:11:52::SCWMssOS::Sw design exists and opened at  C:/devWorks/VW_SOC/Vitis/design_1_wrapper/ps7_cortexa9_0/standalone_ps7_cortexa9_0/bsp/system.mss
TRACE::2025-05-12.12:11:52::SCWMssOS::Saving the mss changes C:/devWorks/VW_SOC/Vitis/design_1_wrapper/zynq_fsbl/zynq_fsbl_bsp/system.mss
TRACE::2025-05-12.12:11:52::SCWMssOS::Found a swdesign opened with the mssfile.
TRACE::2025-05-12.12:11:52::SCWMssOS::Completed writemss as part of save.
TRACE::2025-05-12.12:11:52::SCWMssOS::Commit changes completed.
TRACE::2025-05-12.12:11:52::SCWMssOS::Saving the mss changes C:/devWorks/VW_SOC/Vitis/design_1_wrapper/ps7_cortexa9_0/standalone_ps7_cortexa9_0/bsp/system.mss
TRACE::2025-05-12.12:11:52::SCWMssOS::Found a swdesign opened with the mssfile.
TRACE::2025-05-12.12:11:52::SCWMssOS::Completed writemss as part of save.
TRACE::2025-05-12.12:11:52::SCWMssOS::Commit changes completed.
TRACE::2025-05-12.12:11:52::SCWPlatform::Trying to open the hw design at C:/devWorks/VW_SOC/Vitis/design_1_wrapper/hw/design_1_wrapper.xsa
TRACE::2025-05-12.12:11:52::SCWPlatform::DSA given C:/devWorks/VW_SOC/Vitis/design_1_wrapper/hw/design_1_wrapper.xsa
TRACE::2025-05-12.12:11:52::SCWPlatform::DSA absoulate path C:/devWorks/VW_SOC/Vitis/design_1_wrapper/hw/design_1_wrapper.xsa
TRACE::2025-05-12.12:11:52::SCWPlatform::DSA directory C:/devWorks/VW_SOC/Vitis/design_1_wrapper/hw
TRACE::2025-05-12.12:11:52::SCWPlatform:: Platform Path C:/devWorks/VW_SOC/Vitis/design_1_wrapper/hw/design_1_wrapper.xsa
TRACE::2025-05-12.12:11:52::SCWPlatform:: Unique name xilinx:pynq-z2::0.0
TRACE::2025-05-12.12:11:52::SCWPlatform::Trying to set the existing hwdb with name design_1_wrapper_0
TRACE::2025-05-12.12:11:52::SCWPlatform::Opened existing hwdb design_1_wrapper_0
TRACE::2025-05-12.12:11:52::SCWPlatform::Found the Hw Db part of the input DSA
TRACE::2025-05-12.12:11:52::SCWMssOS::Checking the sw design at  C:/devWorks/VW_SOC/Vitis/design_1_wrapper/zynq_fsbl/zynq_fsbl_bsp/system.mss
TRACE::2025-05-12.12:11:52::SCWMssOS::DEBUG:  swdes dump  C:/devWorks/VW_SOC/Vitis/design_1_wrapper/ps7_cortexa9_0/standalone_ps7_cortexa9_0/bsp/system.mss|system_0||
C:/devWorks/VW_SOC/Vitis/design_1_wrapper/zynq_fsbl/zynq_fsbl_bsp/system.mss|system||

TRACE::2025-05-12.12:11:52::SCWMssOS::Sw design exists and opened at  C:/devWorks/VW_SOC/Vitis/design_1_wrapper/zynq_fsbl/zynq_fsbl_bsp/system.mss
TRACE::2025-05-12.12:11:52::SCWPlatform::Trying to open the hw design at C:/devWorks/VW_SOC/Vitis/design_1_wrapper/hw/design_1_wrapper.xsa
TRACE::2025-05-12.12:11:52::SCWPlatform::DSA given C:/devWorks/VW_SOC/Vitis/design_1_wrapper/hw/design_1_wrapper.xsa
TRACE::2025-05-12.12:11:52::SCWPlatform::DSA absoulate path C:/devWorks/VW_SOC/Vitis/design_1_wrapper/hw/design_1_wrapper.xsa
TRACE::2025-05-12.12:11:52::SCWPlatform::DSA directory C:/devWorks/VW_SOC/Vitis/design_1_wrapper/hw
TRACE::2025-05-12.12:11:52::SCWPlatform:: Platform Path C:/devWorks/VW_SOC/Vitis/design_1_wrapper/hw/design_1_wrapper.xsa
TRACE::2025-05-12.12:11:52::SCWPlatform:: Unique name xilinx:pynq-z2::0.0
TRACE::2025-05-12.12:11:52::SCWPlatform::Trying to set the existing hwdb with name design_1_wrapper_0
TRACE::2025-05-12.12:11:52::SCWPlatform::Opened existing hwdb design_1_wrapper_0
TRACE::2025-05-12.12:11:52::SCWPlatform::Found the Hw Db part of the input DSA
TRACE::2025-05-12.12:11:52::SCWMssOS::Checking the sw design at  C:/devWorks/VW_SOC/Vitis/design_1_wrapper/zynq_fsbl/zynq_fsbl_bsp/system.mss
TRACE::2025-05-12.12:11:52::SCWMssOS::DEBUG:  swdes dump  C:/devWorks/VW_SOC/Vitis/design_1_wrapper/ps7_cortexa9_0/standalone_ps7_cortexa9_0/bsp/system.mss|system_0||
C:/devWorks/VW_SOC/Vitis/design_1_wrapper/zynq_fsbl/zynq_fsbl_bsp/system.mss|system||

TRACE::2025-05-12.12:11:52::SCWMssOS::Sw design exists and opened at  C:/devWorks/VW_SOC/Vitis/design_1_wrapper/zynq_fsbl/zynq_fsbl_bsp/system.mss
TRACE::2025-05-12.12:11:52::SCWPlatform::Trying to open the hw design at C:/devWorks/VW_SOC/Vitis/design_1_wrapper/hw/design_1_wrapper.xsa
TRACE::2025-05-12.12:11:52::SCWPlatform::DSA given C:/devWorks/VW_SOC/Vitis/design_1_wrapper/hw/design_1_wrapper.xsa
TRACE::2025-05-12.12:11:52::SCWPlatform::DSA absoulate path C:/devWorks/VW_SOC/Vitis/design_1_wrapper/hw/design_1_wrapper.xsa
TRACE::2025-05-12.12:11:52::SCWPlatform::DSA directory C:/devWorks/VW_SOC/Vitis/design_1_wrapper/hw
TRACE::2025-05-12.12:11:52::SCWPlatform:: Platform Path C:/devWorks/VW_SOC/Vitis/design_1_wrapper/hw/design_1_wrapper.xsa
TRACE::2025-05-12.12:11:52::SCWPlatform:: Unique name xilinx:pynq-z2::0.0
TRACE::2025-05-12.12:11:52::SCWPlatform::Trying to set the existing hwdb with name design_1_wrapper_0
TRACE::2025-05-12.12:11:52::SCWPlatform::Opened existing hwdb design_1_wrapper_0
TRACE::2025-05-12.12:11:52::SCWPlatform::Found the Hw Db part of the input DSA
TRACE::2025-05-12.12:11:52::SCWMssOS::Checking the sw design at  C:/devWorks/VW_SOC/Vitis/design_1_wrapper/zynq_fsbl/zynq_fsbl_bsp/system.mss
TRACE::2025-05-12.12:11:52::SCWMssOS::DEBUG:  swdes dump  C:/devWorks/VW_SOC/Vitis/design_1_wrapper/ps7_cortexa9_0/standalone_ps7_cortexa9_0/bsp/system.mss|system_0||
C:/devWorks/VW_SOC/Vitis/design_1_wrapper/zynq_fsbl/zynq_fsbl_bsp/system.mss|system||

TRACE::2025-05-12.12:11:52::SCWMssOS::Sw design exists and opened at  C:/devWorks/VW_SOC/Vitis/design_1_wrapper/zynq_fsbl/zynq_fsbl_bsp/system.mss
TRACE::2025-05-12.12:11:52::SCWPlatform::Trying to open the hw design at C:/devWorks/VW_SOC/Vitis/design_1_wrapper/hw/design_1_wrapper.xsa
TRACE::2025-05-12.12:11:52::SCWPlatform::DSA given C:/devWorks/VW_SOC/Vitis/design_1_wrapper/hw/design_1_wrapper.xsa
TRACE::2025-05-12.12:11:52::SCWPlatform::DSA absoulate path C:/devWorks/VW_SOC/Vitis/design_1_wrapper/hw/design_1_wrapper.xsa
TRACE::2025-05-12.12:11:52::SCWPlatform::DSA directory C:/devWorks/VW_SOC/Vitis/design_1_wrapper/hw
TRACE::2025-05-12.12:11:52::SCWPlatform:: Platform Path C:/devWorks/VW_SOC/Vitis/design_1_wrapper/hw/design_1_wrapper.xsa
TRACE::2025-05-12.12:11:52::SCWPlatform:: Unique name xilinx:pynq-z2::0.0
TRACE::2025-05-12.12:11:52::SCWPlatform::Trying to set the existing hwdb with name design_1_wrapper_0
TRACE::2025-05-12.12:11:52::SCWPlatform::Opened existing hwdb design_1_wrapper_0
TRACE::2025-05-12.12:11:52::SCWPlatform::Found the Hw Db part of the input DSA
TRACE::2025-05-12.12:11:52::SCWMssOS::Checking the sw design at  C:/devWorks/VW_SOC/Vitis/design_1_wrapper/ps7_cortexa9_0/standalone_ps7_cortexa9_0/bsp/system.mss
TRACE::2025-05-12.12:11:52::SCWMssOS::DEBUG:  swdes dump  C:/devWorks/VW_SOC/Vitis/design_1_wrapper/ps7_cortexa9_0/standalone_ps7_cortexa9_0/bsp/system.mss|system_0||
C:/devWorks/VW_SOC/Vitis/design_1_wrapper/zynq_fsbl/zynq_fsbl_bsp/system.mss|system||

TRACE::2025-05-12.12:11:52::SCWMssOS::Sw design exists and opened at  C:/devWorks/VW_SOC/Vitis/design_1_wrapper/ps7_cortexa9_0/standalone_ps7_cortexa9_0/bsp/system.mss
TRACE::2025-05-12.12:11:52::SCWPlatform::Trying to open the hw design at C:/devWorks/VW_SOC/Vitis/design_1_wrapper/hw/design_1_wrapper.xsa
TRACE::2025-05-12.12:11:52::SCWPlatform::DSA given C:/devWorks/VW_SOC/Vitis/design_1_wrapper/hw/design_1_wrapper.xsa
TRACE::2025-05-12.12:11:52::SCWPlatform::DSA absoulate path C:/devWorks/VW_SOC/Vitis/design_1_wrapper/hw/design_1_wrapper.xsa
TRACE::2025-05-12.12:11:52::SCWPlatform::DSA directory C:/devWorks/VW_SOC/Vitis/design_1_wrapper/hw
TRACE::2025-05-12.12:11:52::SCWPlatform:: Platform Path C:/devWorks/VW_SOC/Vitis/design_1_wrapper/hw/design_1_wrapper.xsa
TRACE::2025-05-12.12:11:52::SCWPlatform:: Unique name xilinx:pynq-z2::0.0
TRACE::2025-05-12.12:11:52::SCWPlatform::Trying to set the existing hwdb with name design_1_wrapper_0
TRACE::2025-05-12.12:11:52::SCWPlatform::Opened existing hwdb design_1_wrapper_0
TRACE::2025-05-12.12:11:52::SCWPlatform::Found the Hw Db part of the input DSA
TRACE::2025-05-12.12:11:52::SCWMssOS::Checking the sw design at  C:/devWorks/VW_SOC/Vitis/design_1_wrapper/ps7_cortexa9_0/standalone_ps7_cortexa9_0/bsp/system.mss
TRACE::2025-05-12.12:11:52::SCWMssOS::DEBUG:  swdes dump  C:/devWorks/VW_SOC/Vitis/design_1_wrapper/ps7_cortexa9_0/standalone_ps7_cortexa9_0/bsp/system.mss|system_0||
C:/devWorks/VW_SOC/Vitis/design_1_wrapper/zynq_fsbl/zynq_fsbl_bsp/system.mss|system||

TRACE::2025-05-12.12:11:52::SCWMssOS::Sw design exists and opened at  C:/devWorks/VW_SOC/Vitis/design_1_wrapper/ps7_cortexa9_0/standalone_ps7_cortexa9_0/bsp/system.mss
TRACE::2025-05-12.12:11:52::SCWPlatform::Trying to open the hw design at C:/devWorks/VW_SOC/Vitis/design_1_wrapper/hw/design_1_wrapper.xsa
TRACE::2025-05-12.12:11:52::SCWPlatform::DSA given C:/devWorks/VW_SOC/Vitis/design_1_wrapper/hw/design_1_wrapper.xsa
TRACE::2025-05-12.12:11:52::SCWPlatform::DSA absoulate path C:/devWorks/VW_SOC/Vitis/design_1_wrapper/hw/design_1_wrapper.xsa
TRACE::2025-05-12.12:11:52::SCWPlatform::DSA directory C:/devWorks/VW_SOC/Vitis/design_1_wrapper/hw
TRACE::2025-05-12.12:11:52::SCWPlatform:: Platform Path C:/devWorks/VW_SOC/Vitis/design_1_wrapper/hw/design_1_wrapper.xsa
TRACE::2025-05-12.12:11:52::SCWPlatform:: Unique name xilinx:pynq-z2::0.0
TRACE::2025-05-12.12:11:52::SCWPlatform::Trying to set the existing hwdb with name design_1_wrapper_0
TRACE::2025-05-12.12:11:52::SCWPlatform::Opened existing hwdb design_1_wrapper_0
TRACE::2025-05-12.12:11:52::SCWPlatform::Found the Hw Db part of the input DSA
TRACE::2025-05-12.12:11:52::SCWMssOS::Checking the sw design at  C:/devWorks/VW_SOC/Vitis/design_1_wrapper/ps7_cortexa9_0/standalone_ps7_cortexa9_0/bsp/system.mss
TRACE::2025-05-12.12:11:52::SCWMssOS::DEBUG:  swdes dump  C:/devWorks/VW_SOC/Vitis/design_1_wrapper/ps7_cortexa9_0/standalone_ps7_cortexa9_0/bsp/system.mss|system_0||
C:/devWorks/VW_SOC/Vitis/design_1_wrapper/zynq_fsbl/zynq_fsbl_bsp/system.mss|system||

TRACE::2025-05-12.12:11:52::SCWMssOS::Sw design exists and opened at  C:/devWorks/VW_SOC/Vitis/design_1_wrapper/ps7_cortexa9_0/standalone_ps7_cortexa9_0/bsp/system.mss
TRACE::2025-05-12.12:11:52::SCWWriter::formatted JSON is {
	"platformName":	"design_1_wrapper",
	"sprVersion":	"2.0",
	"mode":	"gui",
	"dsaType":	"Fixed",
	"platformDesc":	"design_1_wrapper",
	"platHandOff":	"C:/devWorks/VW_SOC/VW_SOC/design_1_wrapper.xsa",
	"platIntHandOff":	"<platformDir>/hw/design_1_wrapper.xsa",
	"deviceType":	"zynq",
	"platIsPrebuiltAutogen":	"false",
	"platIsNoBootBsp":	"false",
	"platFsblTarget":	"ps7_cortexa9_0",
	"hasFsblMakeHasChanges":	"false",
	"hasPmufwMakeHasChanges":	"false",
	"fsblExtraCompilerFlags":	"-MMD -MP       -mcpu=cortex-a9 -mfpu=vfpv3 -mfloat-abi=hard ",
	"platPreBuiltFlag":	false,
	"platformSamplesDir":	"",
	"platActiveSys":	"design_1_wrapper",
	"systems":	[{
			"systemName":	"design_1_wrapper",
			"systemDesc":	"design_1_wrapper",
			"sysIsBootAutoGen":	"true",
			"systemDispName":	"design_1_wrapper",
			"sysActiveDom":	"standalone_ps7_cortexa9_0",
			"sysDefaultDom":	"standalone_ps7_cortexa9_0",
			"domains":	[{
					"domainName":	"zynq_fsbl",
					"domainDispName":	"zynq_fsbl",
					"domainDesc":	"FSBL Application BSP - Auto Generated.",
					"processors":	"ps7_cortexa9_0",
					"os":	"standalone",
					"sdxOs":	"standalone",
					"debugEnable":	"",
					"domRuntimes":	["cpp"],
					"swRepo":	"",
					"mssOsVer":	"9.1",
					"mssFile":	"",
					"md5Digest":	"569c0b2410485c53f2dbc4310a8c319a",
					"compatibleApp":	"zynq_fsbl",
					"domType":	"bootDomain",
					"arch":	"32-bit",
					"appSettings":	{
						"appCompilerFlags":	"",
						"appLinkerFlags":	""
					},
					"addedLibs":	["xilffs:5.2", "xilrsa:1.8"],
					"libOptions":	{
						"libsContainingOptions":	[]
					},
					"prebuiltLibs":	{
						"prebuiltIncPath":	[],
						"prebuiltLibPath":	[]
					},
					"isolation":	{
					}
				}, {
					"domainName":	"standalone_ps7_cortexa9_0",
					"domainDispName":	"standalone_ps7_cortexa9_0",
					"domainDesc":	"standalone_ps7_cortexa9_0",
					"processors":	"ps7_cortexa9_0",
					"os":	"standalone",
					"sdxOs":	"standalone",
					"qemuArgs":	"<platformDir>/resources/design_1_wrapper/standalone_ps7_cortexa9_0/qemu_args.txt",
					"qemuData":	"<platformDir>/resources/design_1_wrapper/standalone_ps7_cortexa9_0/qemu",
					"debugEnable":	"False",
					"domRuntimes":	["cpp"],
					"swRepo":	"",
					"mssOsVer":	"9.1",
					"mssFile":	"",
					"md5Digest":	"a9080277d88f371bf2bae9d3884c2238",
					"compatibleApp":	"hello_world",
					"domType":	"mssDomain",
					"arch":	"32-bit",
					"appSettings":	{
						"appCompilerFlags":	"",
						"appLinkerFlags":	""
					},
					"addedLibs":	[],
					"libOptions":	{
						"libsContainingOptions":	[]
					},
					"prebuiltLibs":	{
						"prebuiltIncPath":	[],
						"prebuiltLibPath":	[]
					},
					"isolation":	{
					}
				}]
		}]
}
LOG::2025-05-12.12:11:52::SCWPlatform::Started generating the artifacts platform design_1_wrapper
TRACE::2025-05-12.12:11:52::SCWPlatform::Sanity checking of platform is completed
LOG::2025-05-12.12:11:52::SCWPlatform::Started generating the artifacts for system configuration design_1_wrapper
LOG::2025-05-12.12:11:52::SCWSystem::Started Processing the domain standalone_ps7_cortexa9_0
TRACE::2025-05-12.12:11:52::SCWDomain::Generating domain artifcats
TRACE::2025-05-12.12:11:52::SCWMssOS::Generating standalone artifcats
TRACE::2025-05-12.12:11:52::SCWMssOS::Copying the qemu file from  C:/devWorks/VW_SOC/Vitis/design_1_wrapper/resources/design_1_wrapper/standalone_ps7_cortexa9_0/qemu_args.txt To C:/devWorks/VW_SOC/Vitis/design_1_wrapper/export/design_1_wrapper/sw/design_1_wrapper/qemu/
TRACE::2025-05-12.12:11:52::SCWMssOS::Copying the qemu file from  C:/devWorks/VW_SOC/Vitis/design_1_wrapper/resources/design_1_wrapper/standalone_ps7_cortexa9_0/qemu_args.txt To C:/devWorks/VW_SOC/Vitis/design_1_wrapper/export/design_1_wrapper/sw/design_1_wrapper/standalone_ps7_cortexa9_0/qemu/
TRACE::2025-05-12.12:11:52::SCWMssOS:: Copying the user libraries. 
TRACE::2025-05-12.12:11:52::SCWPlatform::Trying to open the hw design at C:/devWorks/VW_SOC/Vitis/design_1_wrapper/hw/design_1_wrapper.xsa
TRACE::2025-05-12.12:11:52::SCWPlatform::DSA given C:/devWorks/VW_SOC/Vitis/design_1_wrapper/hw/design_1_wrapper.xsa
TRACE::2025-05-12.12:11:52::SCWPlatform::DSA absoulate path C:/devWorks/VW_SOC/Vitis/design_1_wrapper/hw/design_1_wrapper.xsa
TRACE::2025-05-12.12:11:52::SCWPlatform::DSA directory C:/devWorks/VW_SOC/Vitis/design_1_wrapper/hw
TRACE::2025-05-12.12:11:52::SCWPlatform:: Platform Path C:/devWorks/VW_SOC/Vitis/design_1_wrapper/hw/design_1_wrapper.xsa
TRACE::2025-05-12.12:11:52::SCWPlatform:: Unique name xilinx:pynq-z2::0.0
TRACE::2025-05-12.12:11:52::SCWPlatform::Trying to set the existing hwdb with name design_1_wrapper_0
TRACE::2025-05-12.12:11:52::SCWPlatform::Opened existing hwdb design_1_wrapper_0
TRACE::2025-05-12.12:11:52::SCWPlatform::Found the Hw Db part of the input DSA
TRACE::2025-05-12.12:11:52::SCWMssOS::Checking the sw design at  C:/devWorks/VW_SOC/Vitis/design_1_wrapper/ps7_cortexa9_0/standalone_ps7_cortexa9_0/bsp/system.mss
TRACE::2025-05-12.12:11:52::SCWMssOS::DEBUG:  swdes dump  C:/devWorks/VW_SOC/Vitis/design_1_wrapper/ps7_cortexa9_0/standalone_ps7_cortexa9_0/bsp/system.mss|system_0||
C:/devWorks/VW_SOC/Vitis/design_1_wrapper/zynq_fsbl/zynq_fsbl_bsp/system.mss|system||

TRACE::2025-05-12.12:11:52::SCWMssOS::Sw design exists and opened at  C:/devWorks/VW_SOC/Vitis/design_1_wrapper/ps7_cortexa9_0/standalone_ps7_cortexa9_0/bsp/system.mss
TRACE::2025-05-12.12:11:52::SCWMssOS::Completed writing the mss file at C:/devWorks/VW_SOC/Vitis/design_1_wrapper/ps7_cortexa9_0/standalone_ps7_cortexa9_0/bsp
TRACE::2025-05-12.12:11:52::SCWMssOS::Mss edits present, copying mssfile into export location C:/devWorks/VW_SOC/Vitis/design_1_wrapper/ps7_cortexa9_0/standalone_ps7_cortexa9_0/bsp/system.mss
TRACE::2025-05-12.12:11:52::SCWMssOS::bsp generated is upto date with the mss file. Skipping bsp generation.
TRACE::2025-05-12.12:11:52::SCWMssOS::BSP is already built. skipping the bsp build ... 
TRACE::2025-05-12.12:11:52::SCWDomain::Building the domain as part of full build :  standalone_ps7_cortexa9_0
TRACE::2025-05-12.12:11:52::SCWMssOS::skipping the bsp build ... 
TRACE::2025-05-12.12:11:52::SCWMssOS::Copying to export directory.
TRACE::2025-05-12.12:11:52::SCWMssOS:: Checking if to create the Supporting Applications
TRACE::2025-05-12.12:11:52::SCWMssOS:: No Linux domain exists, trying to generate FSBL 
TRACE::2025-05-12.12:11:52::SCWMssOS:: Completed Standalone Artifacts creation 
LOG::2025-05-12.12:11:52::SCWSystem::Completed Processing the domain standalone_ps7_cortexa9_0
LOG::2025-05-12.12:11:52::SCWSystem::Completed Processing the sysconfig design_1_wrapper
LOG::2025-05-12.12:11:52::SCWPlatform::Completed generating the artifacts for system configuration design_1_wrapper
TRACE::2025-05-12.12:11:52::SCWPlatform::Started preparing the platform 
TRACE::2025-05-12.12:11:52::SCWSystem::Writing the bif file for system config design_1_wrapper
TRACE::2025-05-12.12:11:52::SCWSystem::dir created 
TRACE::2025-05-12.12:11:52::SCWSystem::Writing the bif 
TRACE::2025-05-12.12:11:52::SCWPlatform::Started writing the spfm file 
TRACE::2025-05-12.12:11:52::SCWPlatform::Started writing the xpfm file 
TRACE::2025-05-12.12:11:52::SCWPlatform::Completed generating the platform
TRACE::2025-05-12.12:11:52::SCWMssOS::Saving the mss changes C:/devWorks/VW_SOC/Vitis/design_1_wrapper/zynq_fsbl/zynq_fsbl_bsp/system.mss
TRACE::2025-05-12.12:11:52::SCWMssOS::Found a swdesign opened with the mssfile.
TRACE::2025-05-12.12:11:52::SCWMssOS::Completed writemss as part of save.
TRACE::2025-05-12.12:11:52::SCWMssOS::Commit changes completed.
TRACE::2025-05-12.12:11:52::SCWMssOS::Saving the mss changes C:/devWorks/VW_SOC/Vitis/design_1_wrapper/ps7_cortexa9_0/standalone_ps7_cortexa9_0/bsp/system.mss
TRACE::2025-05-12.12:11:52::SCWMssOS::Found a swdesign opened with the mssfile.
TRACE::2025-05-12.12:11:52::SCWMssOS::Completed writemss as part of save.
TRACE::2025-05-12.12:11:52::SCWMssOS::Commit changes completed.
TRACE::2025-05-12.12:11:52::SCWPlatform::Trying to open the hw design at C:/devWorks/VW_SOC/Vitis/design_1_wrapper/hw/design_1_wrapper.xsa
TRACE::2025-05-12.12:11:52::SCWPlatform::DSA given C:/devWorks/VW_SOC/Vitis/design_1_wrapper/hw/design_1_wrapper.xsa
TRACE::2025-05-12.12:11:52::SCWPlatform::DSA absoulate path C:/devWorks/VW_SOC/Vitis/design_1_wrapper/hw/design_1_wrapper.xsa
TRACE::2025-05-12.12:11:52::SCWPlatform::DSA directory C:/devWorks/VW_SOC/Vitis/design_1_wrapper/hw
TRACE::2025-05-12.12:11:52::SCWPlatform:: Platform Path C:/devWorks/VW_SOC/Vitis/design_1_wrapper/hw/design_1_wrapper.xsa
TRACE::2025-05-12.12:11:52::SCWPlatform:: Unique name xilinx:pynq-z2::0.0
TRACE::2025-05-12.12:11:52::SCWPlatform::Trying to set the existing hwdb with name design_1_wrapper_0
TRACE::2025-05-12.12:11:52::SCWPlatform::Opened existing hwdb design_1_wrapper_0
TRACE::2025-05-12.12:11:52::SCWPlatform::Found the Hw Db part of the input DSA
TRACE::2025-05-12.12:11:52::SCWMssOS::Checking the sw design at  C:/devWorks/VW_SOC/Vitis/design_1_wrapper/zynq_fsbl/zynq_fsbl_bsp/system.mss
TRACE::2025-05-12.12:11:52::SCWMssOS::DEBUG:  swdes dump  C:/devWorks/VW_SOC/Vitis/design_1_wrapper/ps7_cortexa9_0/standalone_ps7_cortexa9_0/bsp/system.mss|system_0||
C:/devWorks/VW_SOC/Vitis/design_1_wrapper/zynq_fsbl/zynq_fsbl_bsp/system.mss|system||

TRACE::2025-05-12.12:11:52::SCWMssOS::Sw design exists and opened at  C:/devWorks/VW_SOC/Vitis/design_1_wrapper/zynq_fsbl/zynq_fsbl_bsp/system.mss
TRACE::2025-05-12.12:11:52::SCWPlatform::Trying to open the hw design at C:/devWorks/VW_SOC/Vitis/design_1_wrapper/hw/design_1_wrapper.xsa
TRACE::2025-05-12.12:11:52::SCWPlatform::DSA given C:/devWorks/VW_SOC/Vitis/design_1_wrapper/hw/design_1_wrapper.xsa
TRACE::2025-05-12.12:11:52::SCWPlatform::DSA absoulate path C:/devWorks/VW_SOC/Vitis/design_1_wrapper/hw/design_1_wrapper.xsa
TRACE::2025-05-12.12:11:52::SCWPlatform::DSA directory C:/devWorks/VW_SOC/Vitis/design_1_wrapper/hw
TRACE::2025-05-12.12:11:52::SCWPlatform:: Platform Path C:/devWorks/VW_SOC/Vitis/design_1_wrapper/hw/design_1_wrapper.xsa
TRACE::2025-05-12.12:11:52::SCWPlatform:: Unique name xilinx:pynq-z2::0.0
TRACE::2025-05-12.12:11:52::SCWPlatform::Trying to set the existing hwdb with name design_1_wrapper_0
TRACE::2025-05-12.12:11:52::SCWPlatform::Opened existing hwdb design_1_wrapper_0
TRACE::2025-05-12.12:11:52::SCWPlatform::Found the Hw Db part of the input DSA
TRACE::2025-05-12.12:11:52::SCWMssOS::Checking the sw design at  C:/devWorks/VW_SOC/Vitis/design_1_wrapper/zynq_fsbl/zynq_fsbl_bsp/system.mss
TRACE::2025-05-12.12:11:52::SCWMssOS::DEBUG:  swdes dump  C:/devWorks/VW_SOC/Vitis/design_1_wrapper/ps7_cortexa9_0/standalone_ps7_cortexa9_0/bsp/system.mss|system_0||
C:/devWorks/VW_SOC/Vitis/design_1_wrapper/zynq_fsbl/zynq_fsbl_bsp/system.mss|system||

TRACE::2025-05-12.12:11:52::SCWMssOS::Sw design exists and opened at  C:/devWorks/VW_SOC/Vitis/design_1_wrapper/zynq_fsbl/zynq_fsbl_bsp/system.mss
TRACE::2025-05-12.12:11:52::SCWPlatform::Trying to open the hw design at C:/devWorks/VW_SOC/Vitis/design_1_wrapper/hw/design_1_wrapper.xsa
TRACE::2025-05-12.12:11:52::SCWPlatform::DSA given C:/devWorks/VW_SOC/Vitis/design_1_wrapper/hw/design_1_wrapper.xsa
TRACE::2025-05-12.12:11:52::SCWPlatform::DSA absoulate path C:/devWorks/VW_SOC/Vitis/design_1_wrapper/hw/design_1_wrapper.xsa
TRACE::2025-05-12.12:11:52::SCWPlatform::DSA directory C:/devWorks/VW_SOC/Vitis/design_1_wrapper/hw
TRACE::2025-05-12.12:11:52::SCWPlatform:: Platform Path C:/devWorks/VW_SOC/Vitis/design_1_wrapper/hw/design_1_wrapper.xsa
TRACE::2025-05-12.12:11:52::SCWPlatform:: Unique name xilinx:pynq-z2::0.0
TRACE::2025-05-12.12:11:52::SCWPlatform::Trying to set the existing hwdb with name design_1_wrapper_0
TRACE::2025-05-12.12:11:52::SCWPlatform::Opened existing hwdb design_1_wrapper_0
TRACE::2025-05-12.12:11:52::SCWPlatform::Found the Hw Db part of the input DSA
TRACE::2025-05-12.12:11:52::SCWMssOS::Checking the sw design at  C:/devWorks/VW_SOC/Vitis/design_1_wrapper/zynq_fsbl/zynq_fsbl_bsp/system.mss
TRACE::2025-05-12.12:11:52::SCWMssOS::DEBUG:  swdes dump  C:/devWorks/VW_SOC/Vitis/design_1_wrapper/ps7_cortexa9_0/standalone_ps7_cortexa9_0/bsp/system.mss|system_0||
C:/devWorks/VW_SOC/Vitis/design_1_wrapper/zynq_fsbl/zynq_fsbl_bsp/system.mss|system||

TRACE::2025-05-12.12:11:52::SCWMssOS::Sw design exists and opened at  C:/devWorks/VW_SOC/Vitis/design_1_wrapper/zynq_fsbl/zynq_fsbl_bsp/system.mss
TRACE::2025-05-12.12:11:52::SCWPlatform::Trying to open the hw design at C:/devWorks/VW_SOC/Vitis/design_1_wrapper/hw/design_1_wrapper.xsa
TRACE::2025-05-12.12:11:52::SCWPlatform::DSA given C:/devWorks/VW_SOC/Vitis/design_1_wrapper/hw/design_1_wrapper.xsa
TRACE::2025-05-12.12:11:52::SCWPlatform::DSA absoulate path C:/devWorks/VW_SOC/Vitis/design_1_wrapper/hw/design_1_wrapper.xsa
TRACE::2025-05-12.12:11:52::SCWPlatform::DSA directory C:/devWorks/VW_SOC/Vitis/design_1_wrapper/hw
TRACE::2025-05-12.12:11:52::SCWPlatform:: Platform Path C:/devWorks/VW_SOC/Vitis/design_1_wrapper/hw/design_1_wrapper.xsa
TRACE::2025-05-12.12:11:52::SCWPlatform:: Unique name xilinx:pynq-z2::0.0
TRACE::2025-05-12.12:11:52::SCWPlatform::Trying to set the existing hwdb with name design_1_wrapper_0
TRACE::2025-05-12.12:11:52::SCWPlatform::Opened existing hwdb design_1_wrapper_0
TRACE::2025-05-12.12:11:52::SCWPlatform::Found the Hw Db part of the input DSA
TRACE::2025-05-12.12:11:52::SCWMssOS::Checking the sw design at  C:/devWorks/VW_SOC/Vitis/design_1_wrapper/ps7_cortexa9_0/standalone_ps7_cortexa9_0/bsp/system.mss
TRACE::2025-05-12.12:11:52::SCWMssOS::DEBUG:  swdes dump  C:/devWorks/VW_SOC/Vitis/design_1_wrapper/ps7_cortexa9_0/standalone_ps7_cortexa9_0/bsp/system.mss|system_0||
C:/devWorks/VW_SOC/Vitis/design_1_wrapper/zynq_fsbl/zynq_fsbl_bsp/system.mss|system||

TRACE::2025-05-12.12:11:52::SCWMssOS::Sw design exists and opened at  C:/devWorks/VW_SOC/Vitis/design_1_wrapper/ps7_cortexa9_0/standalone_ps7_cortexa9_0/bsp/system.mss
TRACE::2025-05-12.12:11:52::SCWPlatform::Trying to open the hw design at C:/devWorks/VW_SOC/Vitis/design_1_wrapper/hw/design_1_wrapper.xsa
TRACE::2025-05-12.12:11:52::SCWPlatform::DSA given C:/devWorks/VW_SOC/Vitis/design_1_wrapper/hw/design_1_wrapper.xsa
TRACE::2025-05-12.12:11:52::SCWPlatform::DSA absoulate path C:/devWorks/VW_SOC/Vitis/design_1_wrapper/hw/design_1_wrapper.xsa
TRACE::2025-05-12.12:11:52::SCWPlatform::DSA directory C:/devWorks/VW_SOC/Vitis/design_1_wrapper/hw
TRACE::2025-05-12.12:11:52::SCWPlatform:: Platform Path C:/devWorks/VW_SOC/Vitis/design_1_wrapper/hw/design_1_wrapper.xsa
TRACE::2025-05-12.12:11:52::SCWPlatform:: Unique name xilinx:pynq-z2::0.0
TRACE::2025-05-12.12:11:52::SCWPlatform::Trying to set the existing hwdb with name design_1_wrapper_0
TRACE::2025-05-12.12:11:52::SCWPlatform::Opened existing hwdb design_1_wrapper_0
TRACE::2025-05-12.12:11:52::SCWPlatform::Found the Hw Db part of the input DSA
TRACE::2025-05-12.12:11:52::SCWMssOS::Checking the sw design at  C:/devWorks/VW_SOC/Vitis/design_1_wrapper/ps7_cortexa9_0/standalone_ps7_cortexa9_0/bsp/system.mss
TRACE::2025-05-12.12:11:52::SCWMssOS::DEBUG:  swdes dump  C:/devWorks/VW_SOC/Vitis/design_1_wrapper/ps7_cortexa9_0/standalone_ps7_cortexa9_0/bsp/system.mss|system_0||
C:/devWorks/VW_SOC/Vitis/design_1_wrapper/zynq_fsbl/zynq_fsbl_bsp/system.mss|system||

TRACE::2025-05-12.12:11:52::SCWMssOS::Sw design exists and opened at  C:/devWorks/VW_SOC/Vitis/design_1_wrapper/ps7_cortexa9_0/standalone_ps7_cortexa9_0/bsp/system.mss
TRACE::2025-05-12.12:11:52::SCWPlatform::Trying to open the hw design at C:/devWorks/VW_SOC/Vitis/design_1_wrapper/hw/design_1_wrapper.xsa
TRACE::2025-05-12.12:11:52::SCWPlatform::DSA given C:/devWorks/VW_SOC/Vitis/design_1_wrapper/hw/design_1_wrapper.xsa
TRACE::2025-05-12.12:11:52::SCWPlatform::DSA absoulate path C:/devWorks/VW_SOC/Vitis/design_1_wrapper/hw/design_1_wrapper.xsa
TRACE::2025-05-12.12:11:52::SCWPlatform::DSA directory C:/devWorks/VW_SOC/Vitis/design_1_wrapper/hw
TRACE::2025-05-12.12:11:52::SCWPlatform:: Platform Path C:/devWorks/VW_SOC/Vitis/design_1_wrapper/hw/design_1_wrapper.xsa
TRACE::2025-05-12.12:11:52::SCWPlatform:: Unique name xilinx:pynq-z2::0.0
TRACE::2025-05-12.12:11:52::SCWPlatform::Trying to set the existing hwdb with name design_1_wrapper_0
TRACE::2025-05-12.12:11:52::SCWPlatform::Opened existing hwdb design_1_wrapper_0
TRACE::2025-05-12.12:11:52::SCWPlatform::Found the Hw Db part of the input DSA
TRACE::2025-05-12.12:11:52::SCWMssOS::Checking the sw design at  C:/devWorks/VW_SOC/Vitis/design_1_wrapper/ps7_cortexa9_0/standalone_ps7_cortexa9_0/bsp/system.mss
TRACE::2025-05-12.12:11:52::SCWMssOS::DEBUG:  swdes dump  C:/devWorks/VW_SOC/Vitis/design_1_wrapper/ps7_cortexa9_0/standalone_ps7_cortexa9_0/bsp/system.mss|system_0||
C:/devWorks/VW_SOC/Vitis/design_1_wrapper/zynq_fsbl/zynq_fsbl_bsp/system.mss|system||

TRACE::2025-05-12.12:11:52::SCWMssOS::Sw design exists and opened at  C:/devWorks/VW_SOC/Vitis/design_1_wrapper/ps7_cortexa9_0/standalone_ps7_cortexa9_0/bsp/system.mss
TRACE::2025-05-12.12:11:52::SCWWriter::formatted JSON is {
	"platformName":	"design_1_wrapper",
	"sprVersion":	"2.0",
	"mode":	"gui",
	"dsaType":	"Fixed",
	"platformDesc":	"design_1_wrapper",
	"platHandOff":	"C:/devWorks/VW_SOC/VW_SOC/design_1_wrapper.xsa",
	"platIntHandOff":	"<platformDir>/hw/design_1_wrapper.xsa",
	"deviceType":	"zynq",
	"platIsPrebuiltAutogen":	"false",
	"platIsNoBootBsp":	"false",
	"platFsblTarget":	"ps7_cortexa9_0",
	"hasFsblMakeHasChanges":	"false",
	"hasPmufwMakeHasChanges":	"false",
	"fsblExtraCompilerFlags":	"-MMD -MP       -mcpu=cortex-a9 -mfpu=vfpv3 -mfloat-abi=hard ",
	"platPreBuiltFlag":	false,
	"platformSamplesDir":	"",
	"platActiveSys":	"design_1_wrapper",
	"systems":	[{
			"systemName":	"design_1_wrapper",
			"systemDesc":	"design_1_wrapper",
			"sysIsBootAutoGen":	"true",
			"systemDispName":	"design_1_wrapper",
			"sysActiveDom":	"standalone_ps7_cortexa9_0",
			"sysDefaultDom":	"standalone_ps7_cortexa9_0",
			"domains":	[{
					"domainName":	"zynq_fsbl",
					"domainDispName":	"zynq_fsbl",
					"domainDesc":	"FSBL Application BSP - Auto Generated.",
					"processors":	"ps7_cortexa9_0",
					"os":	"standalone",
					"sdxOs":	"standalone",
					"debugEnable":	"",
					"domRuntimes":	["cpp"],
					"swRepo":	"",
					"mssOsVer":	"9.1",
					"mssFile":	"",
					"md5Digest":	"569c0b2410485c53f2dbc4310a8c319a",
					"compatibleApp":	"zynq_fsbl",
					"domType":	"bootDomain",
					"arch":	"32-bit",
					"appSettings":	{
						"appCompilerFlags":	"",
						"appLinkerFlags":	""
					},
					"addedLibs":	["xilffs:5.2", "xilrsa:1.8"],
					"libOptions":	{
						"libsContainingOptions":	[]
					},
					"prebuiltLibs":	{
						"prebuiltIncPath":	[],
						"prebuiltLibPath":	[]
					},
					"isolation":	{
					}
				}, {
					"domainName":	"standalone_ps7_cortexa9_0",
					"domainDispName":	"standalone_ps7_cortexa9_0",
					"domainDesc":	"standalone_ps7_cortexa9_0",
					"processors":	"ps7_cortexa9_0",
					"os":	"standalone",
					"sdxOs":	"standalone",
					"qemuArgs":	"<platformDir>/resources/design_1_wrapper/standalone_ps7_cortexa9_0/qemu_args.txt",
					"qemuData":	"<platformDir>/resources/design_1_wrapper/standalone_ps7_cortexa9_0/qemu",
					"debugEnable":	"False",
					"domRuntimes":	["cpp"],
					"swRepo":	"",
					"mssOsVer":	"9.1",
					"mssFile":	"",
					"md5Digest":	"a9080277d88f371bf2bae9d3884c2238",
					"compatibleApp":	"hello_world",
					"domType":	"mssDomain",
					"arch":	"32-bit",
					"appSettings":	{
						"appCompilerFlags":	"",
						"appLinkerFlags":	""
					},
					"addedLibs":	[],
					"libOptions":	{
						"libsContainingOptions":	[]
					},
					"prebuiltLibs":	{
						"prebuiltIncPath":	[],
						"prebuiltLibPath":	[]
					},
					"isolation":	{
					}
				}]
		}]
}
KEYINFO::2025-05-12.12:11:52::SCWPlatform::updated the xpfm file.
LOG::2025-05-12.12:15:13::SCWPlatform::Started generating the artifacts platform design_1_wrapper
TRACE::2025-05-12.12:15:13::SCWPlatform::Sanity checking of platform is completed
LOG::2025-05-12.12:15:13::SCWPlatform::Started generating the artifacts for system configuration design_1_wrapper
LOG::2025-05-12.12:15:13::SCWSystem::Checking the domain zynq_fsbl
LOG::2025-05-12.12:15:13::SCWSystem::Doing application build for :  zynq_fsbl
TRACE::2025-05-12.12:15:13::SCWBDomain::Not a forced makefile updation, No changes are present. 
TRACE::2025-05-12.12:15:13::SCWDomain::Building the domain as part of full build :  zynq_fsbl
TRACE::2025-05-12.12:15:13::SCWPlatform::Trying to open the hw design at C:/devWorks/VW_SOC/Vitis/design_1_wrapper/hw/design_1_wrapper.xsa
TRACE::2025-05-12.12:15:13::SCWPlatform::DSA given C:/devWorks/VW_SOC/Vitis/design_1_wrapper/hw/design_1_wrapper.xsa
TRACE::2025-05-12.12:15:13::SCWPlatform::DSA absoulate path C:/devWorks/VW_SOC/Vitis/design_1_wrapper/hw/design_1_wrapper.xsa
TRACE::2025-05-12.12:15:13::SCWPlatform::DSA directory C:/devWorks/VW_SOC/Vitis/design_1_wrapper/hw
TRACE::2025-05-12.12:15:13::SCWPlatform:: Platform Path C:/devWorks/VW_SOC/Vitis/design_1_wrapper/hw/design_1_wrapper.xsa
TRACE::2025-05-12.12:15:13::SCWPlatform:: Unique name xilinx:pynq-z2::0.0
TRACE::2025-05-12.12:15:13::SCWPlatform::Trying to set the existing hwdb with name design_1_wrapper_0
TRACE::2025-05-12.12:15:13::SCWPlatform::Opened existing hwdb design_1_wrapper_0
TRACE::2025-05-12.12:15:13::SCWPlatform::Found the Hw Db part of the input DSA
TRACE::2025-05-12.12:15:13::SCWMssOS::Checking the sw design at  C:/devWorks/VW_SOC/Vitis/design_1_wrapper/zynq_fsbl/zynq_fsbl_bsp/system.mss
TRACE::2025-05-12.12:15:13::SCWMssOS::DEBUG:  swdes dump  C:/devWorks/VW_SOC/Vitis/design_1_wrapper/ps7_cortexa9_0/standalone_ps7_cortexa9_0/bsp/system.mss|system_0||
C:/devWorks/VW_SOC/Vitis/design_1_wrapper/zynq_fsbl/zynq_fsbl_bsp/system.mss|system||

TRACE::2025-05-12.12:15:13::SCWMssOS::Sw design exists and opened at  C:/devWorks/VW_SOC/Vitis/design_1_wrapper/zynq_fsbl/zynq_fsbl_bsp/system.mss
TRACE::2025-05-12.12:15:13::SCWBDomain::Completed writing the mss file at C:/devWorks/VW_SOC/Vitis/design_1_wrapper/zynq_fsbl/zynq_fsbl_bsp
TRACE::2025-05-12.12:15:13::SCWBDomain::bsp generated is upto date with the mss file. Skipping bsp generation.
TRACE::2025-05-12.12:15:13::SCWBDomain::Not a forced makefile updation, No changes are present. 
TRACE::2025-05-12.12:15:13::SCWBDomain::System Command Ran  C:&  cd  C:/devWorks/VW_SOC/Vitis/design_1_wrapper/zynq_fsbl& make -C  zynq_fsbl_bsp & make 
TRACE::2025-05-12.12:15:14::SCWBDomain::make: Entering directory 'C:/devWorks/VW_SOC/Vitis/design_1_wrapper/zynq_fsbl/zynq_fsbl_bsp'

TRACE::2025-05-12.12:15:14::SCWBDomain::make --no-print-directory seq_libs

TRACE::2025-05-12.12:15:14::SCWBDomain::"Running Make include in ps7_cortexa9_0/libsrc/coresightps_dcc_v1_10/src"

TRACE::2025-05-12.12:15:14::SCWBDomain::make -C ps7_cortexa9_0/libsrc/coresightps_dcc_v1_10/src -s include  "SHELL=CMD" "COMPILER=arm-none-eabi-gcc" "ASSEMBLER=arm-non
TRACE::2025-05-12.12:15:14::SCWBDomain::e-eabi-as" "ARCHIVER=arm-none-eabi-ar" "COMPILER_FLAGS=  -O2 -c" "EXTRA_COMPILER_FLAGS=-mcpu=cortex-a9 -mfpu=vfpv3 -mfloat-abi=
TRACE::2025-05-12.12:15:14::SCWBDomain::hard -nostartfiles -g -Wall -Wextra -fno-tree-loop-distribute-patterns"

TRACE::2025-05-12.12:15:14::SCWBDomain::"Running Make include in ps7_cortexa9_0/libsrc/cpu_cortexa9_v2_12/src"

TRACE::2025-05-12.12:15:14::SCWBDomain::make -C ps7_cortexa9_0/libsrc/cpu_cortexa9_v2_12/src -s include  "SHELL=CMD" "COMPILER=arm-none-eabi-gcc" "ASSEMBLER=arm-none-e
TRACE::2025-05-12.12:15:14::SCWBDomain::abi-as" "ARCHIVER=arm-none-eabi-ar" "COMPILER_FLAGS=  -O2 -c" "EXTRA_COMPILER_FLAGS=-mcpu=cortex-a9 -mfpu=vfpv3 -mfloat-abi=har
TRACE::2025-05-12.12:15:14::SCWBDomain::d -nostartfiles -g -Wall -Wextra -fno-tree-loop-distribute-patterns"

TRACE::2025-05-12.12:15:14::SCWBDomain::"Running Make include in ps7_cortexa9_0/libsrc/ddrps_v1_2/src"

TRACE::2025-05-12.12:15:14::SCWBDomain::make -C ps7_cortexa9_0/libsrc/ddrps_v1_2/src -s include  "SHELL=CMD" "COMPILER=arm-none-eabi-gcc" "ASSEMBLER=arm-none-eabi-as" 
TRACE::2025-05-12.12:15:14::SCWBDomain::"ARCHIVER=arm-none-eabi-ar" "COMPILER_FLAGS=  -O2 -c" "EXTRA_COMPILER_FLAGS=-mcpu=cortex-a9 -mfpu=vfpv3 -mfloat-abi=hard -nosta
TRACE::2025-05-12.12:15:14::SCWBDomain::rtfiles -g -Wall -Wextra -fno-tree-loop-distribute-patterns"

TRACE::2025-05-12.12:15:14::SCWBDomain::"Running Make include in ps7_cortexa9_0/libsrc/devcfg_v3_8/src"

TRACE::2025-05-12.12:15:14::SCWBDomain::make -C ps7_cortexa9_0/libsrc/devcfg_v3_8/src -s include  "SHELL=CMD" "COMPILER=arm-none-eabi-gcc" "ASSEMBLER=arm-none-eabi-as"
TRACE::2025-05-12.12:15:14::SCWBDomain:: "ARCHIVER=arm-none-eabi-ar" "COMPILER_FLAGS=  -O2 -c" "EXTRA_COMPILER_FLAGS=-mcpu=cortex-a9 -mfpu=vfpv3 -mfloat-abi=hard -nost
TRACE::2025-05-12.12:15:14::SCWBDomain::artfiles -g -Wall -Wextra -fno-tree-loop-distribute-patterns"

TRACE::2025-05-12.12:15:14::SCWBDomain::"Running Make include in ps7_cortexa9_0/libsrc/dmaps_v2_10/src"

TRACE::2025-05-12.12:15:14::SCWBDomain::make -C ps7_cortexa9_0/libsrc/dmaps_v2_10/src -s include  "SHELL=CMD" "COMPILER=arm-none-eabi-gcc" "ASSEMBLER=arm-none-eabi-as"
TRACE::2025-05-12.12:15:14::SCWBDomain:: "ARCHIVER=arm-none-eabi-ar" "COMPILER_FLAGS=  -O2 -c" "EXTRA_COMPILER_FLAGS=-mcpu=cortex-a9 -mfpu=vfpv3 -mfloat-abi=hard -nost
TRACE::2025-05-12.12:15:14::SCWBDomain::artfiles -g -Wall -Wextra -fno-tree-loop-distribute-patterns"

TRACE::2025-05-12.12:15:14::SCWBDomain::"Running Make include in ps7_cortexa9_0/libsrc/emacps_v3_20/src"

TRACE::2025-05-12.12:15:14::SCWBDomain::make -C ps7_cortexa9_0/libsrc/emacps_v3_20/src -s include  "SHELL=CMD" "COMPILER=arm-none-eabi-gcc" "ASSEMBLER=arm-none-eabi-as
TRACE::2025-05-12.12:15:14::SCWBDomain::" "ARCHIVER=arm-none-eabi-ar" "COMPILER_FLAGS=  -O2 -c" "EXTRA_COMPILER_FLAGS=-mcpu=cortex-a9 -mfpu=vfpv3 -mfloat-abi=hard -nos
TRACE::2025-05-12.12:15:14::SCWBDomain::tartfiles -g -Wall -Wextra -fno-tree-loop-distribute-patterns"

TRACE::2025-05-12.12:15:15::SCWBDomain::"Running Make include in ps7_cortexa9_0/libsrc/gpiops_v3_13/src"

TRACE::2025-05-12.12:15:15::SCWBDomain::make -C ps7_cortexa9_0/libsrc/gpiops_v3_13/src -s include  "SHELL=CMD" "COMPILER=arm-none-eabi-gcc" "ASSEMBLER=arm-none-eabi-as
TRACE::2025-05-12.12:15:15::SCWBDomain::" "ARCHIVER=arm-none-eabi-ar" "COMPILER_FLAGS=  -O2 -c" "EXTRA_COMPILER_FLAGS=-mcpu=cortex-a9 -mfpu=vfpv3 -mfloat-abi=hard -nos
TRACE::2025-05-12.12:15:15::SCWBDomain::tartfiles -g -Wall -Wextra -fno-tree-loop-distribute-patterns"

TRACE::2025-05-12.12:15:15::SCWBDomain::"Running Make include in ps7_cortexa9_0/libsrc/gpio_v4_11/src"

TRACE::2025-05-12.12:15:15::SCWBDomain::make -C ps7_cortexa9_0/libsrc/gpio_v4_11/src -s include  "SHELL=CMD" "COMPILER=arm-none-eabi-gcc" "ASSEMBLER=arm-none-eabi-as" 
TRACE::2025-05-12.12:15:15::SCWBDomain::"ARCHIVER=arm-none-eabi-ar" "COMPILER_FLAGS=  -O2 -c" "EXTRA_COMPILER_FLAGS=-mcpu=cortex-a9 -mfpu=vfpv3 -mfloat-abi=hard -nosta
TRACE::2025-05-12.12:15:15::SCWBDomain::rtfiles -g -Wall -Wextra -fno-tree-loop-distribute-patterns"

TRACE::2025-05-12.12:15:15::SCWBDomain::"Running Make include in ps7_cortexa9_0/libsrc/iicps_v3_19/src"

TRACE::2025-05-12.12:15:15::SCWBDomain::make -C ps7_cortexa9_0/libsrc/iicps_v3_19/src -s include  "SHELL=CMD" "COMPILER=arm-none-eabi-gcc" "ASSEMBLER=arm-none-eabi-as"
TRACE::2025-05-12.12:15:15::SCWBDomain:: "ARCHIVER=arm-none-eabi-ar" "COMPILER_FLAGS=  -O2 -c" "EXTRA_COMPILER_FLAGS=-mcpu=cortex-a9 -mfpu=vfpv3 -mfloat-abi=hard -nost
TRACE::2025-05-12.12:15:15::SCWBDomain::artfiles -g -Wall -Wextra -fno-tree-loop-distribute-patterns"

TRACE::2025-05-12.12:15:15::SCWBDomain::"Running Make include in ps7_cortexa9_0/libsrc/iic_v3_11/src"

TRACE::2025-05-12.12:15:15::SCWBDomain::make -C ps7_cortexa9_0/libsrc/iic_v3_11/src -s include  "SHELL=CMD" "COMPILER=arm-none-eabi-gcc" "ASSEMBLER=arm-none-eabi-as" "
TRACE::2025-05-12.12:15:15::SCWBDomain::ARCHIVER=arm-none-eabi-ar" "COMPILER_FLAGS=  -O2 -c" "EXTRA_COMPILER_FLAGS=-mcpu=cortex-a9 -mfpu=vfpv3 -mfloat-abi=hard -nostar
TRACE::2025-05-12.12:15:15::SCWBDomain::tfiles -g -Wall -Wextra -fno-tree-loop-distribute-patterns"

TRACE::2025-05-12.12:15:15::SCWBDomain::"Running Make include in ps7_cortexa9_0/libsrc/qspips_v3_12/src"

TRACE::2025-05-12.12:15:15::SCWBDomain::make -C ps7_cortexa9_0/libsrc/qspips_v3_12/src -s include  "SHELL=CMD" "COMPILER=arm-none-eabi-gcc" "ASSEMBLER=arm-none-eabi-as
TRACE::2025-05-12.12:15:15::SCWBDomain::" "ARCHIVER=arm-none-eabi-ar" "COMPILER_FLAGS=  -O2 -c" "EXTRA_COMPILER_FLAGS=-mcpu=cortex-a9 -mfpu=vfpv3 -mfloat-abi=hard -nos
TRACE::2025-05-12.12:15:15::SCWBDomain::tartfiles -g -Wall -Wextra -fno-tree-loop-distribute-patterns"

TRACE::2025-05-12.12:15:15::SCWBDomain::"Running Make include in ps7_cortexa9_0/libsrc/scugic_v5_3/src"

TRACE::2025-05-12.12:15:15::SCWBDomain::make -C ps7_cortexa9_0/libsrc/scugic_v5_3/src -s include  "SHELL=CMD" "COMPILER=arm-none-eabi-gcc" "ASSEMBLER=arm-none-eabi-as"
TRACE::2025-05-12.12:15:15::SCWBDomain:: "ARCHIVER=arm-none-eabi-ar" "COMPILER_FLAGS=  -O2 -c" "EXTRA_COMPILER_FLAGS=-mcpu=cortex-a9 -mfpu=vfpv3 -mfloat-abi=hard -nost
TRACE::2025-05-12.12:15:15::SCWBDomain::artfiles -g -Wall -Wextra -fno-tree-loop-distribute-patterns"

TRACE::2025-05-12.12:15:15::SCWBDomain::"Running Make include in ps7_cortexa9_0/libsrc/scutimer_v2_6/src"

TRACE::2025-05-12.12:15:15::SCWBDomain::make -C ps7_cortexa9_0/libsrc/scutimer_v2_6/src -s include  "SHELL=CMD" "COMPILER=arm-none-eabi-gcc" "ASSEMBLER=arm-none-eabi-a
TRACE::2025-05-12.12:15:15::SCWBDomain::s" "ARCHIVER=arm-none-eabi-ar" "COMPILER_FLAGS=  -O2 -c" "EXTRA_COMPILER_FLAGS=-mcpu=cortex-a9 -mfpu=vfpv3 -mfloat-abi=hard -no
TRACE::2025-05-12.12:15:15::SCWBDomain::startfiles -g -Wall -Wextra -fno-tree-loop-distribute-patterns"

TRACE::2025-05-12.12:15:15::SCWBDomain::"Running Make include in ps7_cortexa9_0/libsrc/scuwdt_v2_5/src"

TRACE::2025-05-12.12:15:15::SCWBDomain::make -C ps7_cortexa9_0/libsrc/scuwdt_v2_5/src -s include  "SHELL=CMD" "COMPILER=arm-none-eabi-gcc" "ASSEMBLER=arm-none-eabi-as"
TRACE::2025-05-12.12:15:15::SCWBDomain:: "ARCHIVER=arm-none-eabi-ar" "COMPILER_FLAGS=  -O2 -c" "EXTRA_COMPILER_FLAGS=-mcpu=cortex-a9 -mfpu=vfpv3 -mfloat-abi=hard -nost
TRACE::2025-05-12.12:15:15::SCWBDomain::artfiles -g -Wall -Wextra -fno-tree-loop-distribute-patterns"

TRACE::2025-05-12.12:15:15::SCWBDomain::"Running Make include in ps7_cortexa9_0/libsrc/sdps_v4_3/src"

TRACE::2025-05-12.12:15:15::SCWBDomain::make -C ps7_cortexa9_0/libsrc/sdps_v4_3/src -s include  "SHELL=CMD" "COMPILER=arm-none-eabi-gcc" "ASSEMBLER=arm-none-eabi-as" "
TRACE::2025-05-12.12:15:15::SCWBDomain::ARCHIVER=arm-none-eabi-ar" "COMPILER_FLAGS=  -O2 -c" "EXTRA_COMPILER_FLAGS=-mcpu=cortex-a9 -mfpu=vfpv3 -mfloat-abi=hard -nostar
TRACE::2025-05-12.12:15:15::SCWBDomain::tfiles -g -Wall -Wextra -fno-tree-loop-distribute-patterns"

TRACE::2025-05-12.12:15:16::SCWBDomain::"Running Make include in ps7_cortexa9_0/libsrc/SpeedSensor_v1_0/src"

TRACE::2025-05-12.12:15:16::SCWBDomain::make -C ps7_cortexa9_0/libsrc/SpeedSensor_v1_0/src -s include  "SHELL=CMD" "COMPILER=arm-none-eabi-gcc" "ASSEMBLER=arm-none-eab
TRACE::2025-05-12.12:15:16::SCWBDomain::i-as" "ARCHIVER=arm-none-eabi-ar" "COMPILER_FLAGS=  -O2 -c" "EXTRA_COMPILER_FLAGS=-mcpu=cortex-a9 -mfpu=vfpv3 -mfloat-abi=hard 
TRACE::2025-05-12.12:15:16::SCWBDomain::-nostartfiles -g -Wall -Wextra -fno-tree-loop-distribute-patterns"

TRACE::2025-05-12.12:15:16::SCWBDomain::"Running Make include in ps7_cortexa9_0/libsrc/standalone_v9_1/src"

TRACE::2025-05-12.12:15:16::SCWBDomain::make -C ps7_cortexa9_0/libsrc/standalone_v9_1/src -s include  "SHELL=CMD" "COMPILER=arm-none-eabi-gcc" "ASSEMBLER=arm-none-eabi
TRACE::2025-05-12.12:15:16::SCWBDomain::-as" "ARCHIVER=arm-none-eabi-ar" "COMPILER_FLAGS=  -O2 -c" "EXTRA_COMPILER_FLAGS=-mcpu=cortex-a9 -mfpu=vfpv3 -mfloat-abi=hard -
TRACE::2025-05-12.12:15:16::SCWBDomain::nostartfiles -g -Wall -Wextra -fno-tree-loop-distribute-patterns"

TRACE::2025-05-12.12:15:17::SCWBDomain::"Running Make include in ps7_cortexa9_0/libsrc/tmrctr_v4_12/src"

TRACE::2025-05-12.12:15:17::SCWBDomain::make -C ps7_cortexa9_0/libsrc/tmrctr_v4_12/src -s include  "SHELL=CMD" "COMPILER=arm-none-eabi-gcc" "ASSEMBLER=arm-none-eabi-as
TRACE::2025-05-12.12:15:17::SCWBDomain::" "ARCHIVER=arm-none-eabi-ar" "COMPILER_FLAGS=  -O2 -c" "EXTRA_COMPILER_FLAGS=-mcpu=cortex-a9 -mfpu=vfpv3 -mfloat-abi=hard -nos
TRACE::2025-05-12.12:15:17::SCWBDomain::tartfiles -g -Wall -Wextra -fno-tree-loop-distribute-patterns"

TRACE::2025-05-12.12:15:17::SCWBDomain::"Running Make include in ps7_cortexa9_0/libsrc/uartps_v3_14/src"

TRACE::2025-05-12.12:15:17::SCWBDomain::make -C ps7_cortexa9_0/libsrc/uartps_v3_14/src -s include  "SHELL=CMD" "COMPILER=arm-none-eabi-gcc" "ASSEMBLER=arm-none-eabi-as
TRACE::2025-05-12.12:15:17::SCWBDomain::" "ARCHIVER=arm-none-eabi-ar" "COMPILER_FLAGS=  -O2 -c" "EXTRA_COMPILER_FLAGS=-mcpu=cortex-a9 -mfpu=vfpv3 -mfloat-abi=hard -nos
TRACE::2025-05-12.12:15:17::SCWBDomain::tartfiles -g -Wall -Wextra -fno-tree-loop-distribute-patterns"

TRACE::2025-05-12.12:15:17::SCWBDomain::"Running Make include in ps7_cortexa9_0/libsrc/ultrasoon_v1_0/src"

TRACE::2025-05-12.12:15:17::SCWBDomain::make -C ps7_cortexa9_0/libsrc/ultrasoon_v1_0/src -s include  "SHELL=CMD" "COMPILER=arm-none-eabi-gcc" "ASSEMBLER=arm-none-eabi-
TRACE::2025-05-12.12:15:17::SCWBDomain::as" "ARCHIVER=arm-none-eabi-ar" "COMPILER_FLAGS=  -O2 -c" "EXTRA_COMPILER_FLAGS=-mcpu=cortex-a9 -mfpu=vfpv3 -mfloat-abi=hard -n
TRACE::2025-05-12.12:15:17::SCWBDomain::ostartfiles -g -Wall -Wextra -fno-tree-loop-distribute-patterns"

TRACE::2025-05-12.12:15:17::SCWBDomain::"Running Make include in ps7_cortexa9_0/libsrc/usbps_v2_9/src"

TRACE::2025-05-12.12:15:17::SCWBDomain::make -C ps7_cortexa9_0/libsrc/usbps_v2_9/src -s include  "SHELL=CMD" "COMPILER=arm-none-eabi-gcc" "ASSEMBLER=arm-none-eabi-as" 
TRACE::2025-05-12.12:15:17::SCWBDomain::"ARCHIVER=arm-none-eabi-ar" "COMPILER_FLAGS=  -O2 -c" "EXTRA_COMPILER_FLAGS=-mcpu=cortex-a9 -mfpu=vfpv3 -mfloat-abi=hard -nosta
TRACE::2025-05-12.12:15:17::SCWBDomain::rtfiles -g -Wall -Wextra -fno-tree-loop-distribute-patterns"

TRACE::2025-05-12.12:15:17::SCWBDomain::"Running Make include in ps7_cortexa9_0/libsrc/xadcps_v2_7/src"

TRACE::2025-05-12.12:15:17::SCWBDomain::make -C ps7_cortexa9_0/libsrc/xadcps_v2_7/src -s include  "SHELL=CMD" "COMPILER=arm-none-eabi-gcc" "ASSEMBLER=arm-none-eabi-as"
TRACE::2025-05-12.12:15:17::SCWBDomain:: "ARCHIVER=arm-none-eabi-ar" "COMPILER_FLAGS=  -O2 -c" "EXTRA_COMPILER_FLAGS=-mcpu=cortex-a9 -mfpu=vfpv3 -mfloat-abi=hard -nost
TRACE::2025-05-12.12:15:17::SCWBDomain::artfiles -g -Wall -Wextra -fno-tree-loop-distribute-patterns"

TRACE::2025-05-12.12:15:17::SCWBDomain::"Running Make include in ps7_cortexa9_0/libsrc/xilffs_v5_2/src"

TRACE::2025-05-12.12:15:17::SCWBDomain::make -C ps7_cortexa9_0/libsrc/xilffs_v5_2/src -s include  "SHELL=CMD" "COMPILER=arm-none-eabi-gcc" "ASSEMBLER=arm-none-eabi-as"
TRACE::2025-05-12.12:15:17::SCWBDomain:: "ARCHIVER=arm-none-eabi-ar" "COMPILER_FLAGS=  -O2 -c" "EXTRA_COMPILER_FLAGS=-mcpu=cortex-a9 -mfpu=vfpv3 -mfloat-abi=hard -nost
TRACE::2025-05-12.12:15:17::SCWBDomain::artfiles -g -Wall -Wextra -fno-tree-loop-distribute-patterns"

TRACE::2025-05-12.12:15:17::SCWBDomain::"Running Make include in ps7_cortexa9_0/libsrc/xilrsa_v1_8/src"

TRACE::2025-05-12.12:15:17::SCWBDomain::make -C ps7_cortexa9_0/libsrc/xilrsa_v1_8/src -s include  "SHELL=CMD" "COMPILER=arm-none-eabi-gcc" "ASSEMBLER=arm-none-eabi-as"
TRACE::2025-05-12.12:15:17::SCWBDomain:: "ARCHIVER=arm-none-eabi-ar" "COMPILER_FLAGS=  -O2 -c" "EXTRA_COMPILER_FLAGS=-mcpu=cortex-a9 -mfpu=vfpv3 -mfloat-abi=hard -nost
TRACE::2025-05-12.12:15:17::SCWBDomain::artfiles -g -Wall -Wextra -fno-tree-loop-distribute-patterns"

TRACE::2025-05-12.12:15:17::SCWBDomain::"Running Make libs in ps7_cortexa9_0/libsrc/SpeedSensor_v1_0/src"

TRACE::2025-05-12.12:15:17::SCWBDomain::make -C ps7_cortexa9_0/libsrc/SpeedSensor_v1_0/src -s libs  "SHELL=CMD" "COMPILER=arm-none-eabi-gcc" "ASSEMBLER=arm-none-eabi-a
TRACE::2025-05-12.12:15:17::SCWBDomain::s" "ARCHIVER=arm-none-eabi-ar" "COMPILER_FLAGS=  -O2 -c" "EXTRA_COMPILER_FLAGS=-mcpu=cortex-a9 -mfpu=vfpv3 -mfloat-abi=hard -no
TRACE::2025-05-12.12:15:17::SCWBDomain::startfiles -g -Wall -Wextra -fno-tree-loop-distribute-patterns"

TRACE::2025-05-12.12:15:18::SCWBDomain::"Running Make libs in ps7_cortexa9_0/libsrc/ultrasoon_v1_0/src"

TRACE::2025-05-12.12:15:18::SCWBDomain::make -C ps7_cortexa9_0/libsrc/ultrasoon_v1_0/src -s libs  "SHELL=CMD" "COMPILER=arm-none-eabi-gcc" "ASSEMBLER=arm-none-eabi-as"
TRACE::2025-05-12.12:15:18::SCWBDomain:: "ARCHIVER=arm-none-eabi-ar" "COMPILER_FLAGS=  -O2 -c" "EXTRA_COMPILER_FLAGS=-mcpu=cortex-a9 -mfpu=vfpv3 -mfloat-abi=hard -nost
TRACE::2025-05-12.12:15:18::SCWBDomain::artfiles -g -Wall -Wextra -fno-tree-loop-distribute-patterns"

TRACE::2025-05-12.12:15:18::SCWBDomain::"Running Make libs in ps7_cortexa9_0/libsrc/xilrsa_v1_8/src"

TRACE::2025-05-12.12:15:18::SCWBDomain::make -C ps7_cortexa9_0/libsrc/xilrsa_v1_8/src -s libs  "SHELL=CMD" "COMPILER=arm-none-eabi-gcc" "ASSEMBLER=arm-none-eabi-as" "A
TRACE::2025-05-12.12:15:18::SCWBDomain::RCHIVER=arm-none-eabi-ar" "COMPILER_FLAGS=  -O2 -c" "EXTRA_COMPILER_FLAGS=-mcpu=cortex-a9 -mfpu=vfpv3 -mfloat-abi=hard -nostart
TRACE::2025-05-12.12:15:18::SCWBDomain::files -g -Wall -Wextra -fno-tree-loop-distribute-patterns"

TRACE::2025-05-12.12:15:18::SCWBDomain::'Finished building libraries sequentially.'

TRACE::2025-05-12.12:15:18::SCWBDomain::make -j 10 --no-print-directory par_libs

TRACE::2025-05-12.12:15:18::SCWBDomain::"Running Make include in ps7_cortexa9_0/libsrc/coresightps_dcc_v1_10/src"

TRACE::2025-05-12.12:15:18::SCWBDomain::make -C ps7_cortexa9_0/libsrc/coresightps_dcc_v1_10/src -s include  "SHELL=CMD" "COMPILER=arm-none-eabi-gcc" "ASSEMBLER=arm-non
TRACE::2025-05-12.12:15:18::SCWBDomain::e-eabi-as" "ARCHIVER=arm-none-eabi-ar" "COMPILER_FLAGS=  -O2 -c" "EXTRA_COMPILER_FLAGS=-mcpu=cortex-a9 -mfpu=vfpv3 -mfloat-abi=
TRACE::2025-05-12.12:15:18::SCWBDomain::hard -nostartfiles -g -Wall -Wextra -fno-tree-loop-distribute-patterns"

TRACE::2025-05-12.12:15:18::SCWBDomain::"Running Make include in ps7_cortexa9_0/libsrc/cpu_cortexa9_v2_12/src"

TRACE::2025-05-12.12:15:18::SCWBDomain::make -C ps7_cortexa9_0/libsrc/cpu_cortexa9_v2_12/src -s include  "SHELL=CMD" "COMPILER=arm-none-eabi-gcc" "ASSEMBLER=arm-none-e
TRACE::2025-05-12.12:15:18::SCWBDomain::abi-as" "ARCHIVER=arm-none-eabi-ar" "COMPILER_FLAGS=  -O2 -c" "EXTRA_COMPILER_FLAGS=-mcpu=cortex-a9 -mfpu=vfpv3 -mfloat-abi=har
TRACE::2025-05-12.12:15:18::SCWBDomain::d -nostartfiles -g -Wall -Wextra -fno-tree-loop-distribute-patterns"

TRACE::2025-05-12.12:15:18::SCWBDomain::"Running Make include in ps7_cortexa9_0/libsrc/ddrps_v1_2/src"

TRACE::2025-05-12.12:15:18::SCWBDomain::make -C ps7_cortexa9_0/libsrc/ddrps_v1_2/src -s include  "SHELL=CMD" "COMPILER=arm-none-eabi-gcc" "ASSEMBLER=arm-none-eabi-as" 
TRACE::2025-05-12.12:15:18::SCWBDomain::"ARCHIVER=arm-none-eabi-ar" "COMPILER_FLAGS=  -O2 -c" "EXTRA_COMPILER_FLAGS=-mcpu=cortex-a9 -mfpu=vfpv3 -mfloat-abi=hard -nosta
TRACE::2025-05-12.12:15:18::SCWBDomain::rtfiles -g -Wall -Wextra -fno-tree-loop-distribute-patterns"

TRACE::2025-05-12.12:15:18::SCWBDomain::"Running Make include in ps7_cortexa9_0/libsrc/devcfg_v3_8/src"

TRACE::2025-05-12.12:15:18::SCWBDomain::make -C ps7_cortexa9_0/libsrc/devcfg_v3_8/src -s include  "SHELL=CMD" "COMPILER=arm-none-eabi-gcc" "ASSEMBLER=arm-none-eabi-as"
TRACE::2025-05-12.12:15:18::SCWBDomain:: "ARCHIVER=arm-none-eabi-ar" "COMPILER_FLAGS=  -O2 -c" "EXTRA_COMPILER_FLAGS=-mcpu=cortex-a9 -mfpu=vfpv3 -mfloat-abi=hard -nost
TRACE::2025-05-12.12:15:18::SCWBDomain::artfiles -g -Wall -Wextra -fno-tree-loop-distribute-patterns"

TRACE::2025-05-12.12:15:18::SCWBDomain::"Running Make include in ps7_cortexa9_0/libsrc/dmaps_v2_10/src"

TRACE::2025-05-12.12:15:18::SCWBDomain::make -C ps7_cortexa9_0/libsrc/dmaps_v2_10/src -s include  "SHELL=CMD" "COMPILER=arm-none-eabi-gcc" "ASSEMBLER=arm-none-eabi-as"
TRACE::2025-05-12.12:15:18::SCWBDomain:: "ARCHIVER=arm-none-eabi-ar" "COMPILER_FLAGS=  -O2 -c" "EXTRA_COMPILER_FLAGS=-mcpu=cortex-a9 -mfpu=vfpv3 -mfloat-abi=hard -nost
TRACE::2025-05-12.12:15:18::SCWBDomain::artfiles -g -Wall -Wextra -fno-tree-loop-distribute-patterns"

TRACE::2025-05-12.12:15:18::SCWBDomain::"Running Make include in ps7_cortexa9_0/libsrc/emacps_v3_20/src"

TRACE::2025-05-12.12:15:18::SCWBDomain::make -C ps7_cortexa9_0/libsrc/emacps_v3_20/src -s include  "SHELL=CMD" "COMPILER=arm-none-eabi-gcc" "ASSEMBLER=arm-none-eabi-as
TRACE::2025-05-12.12:15:18::SCWBDomain::" "ARCHIVER=arm-none-eabi-ar" "COMPILER_FLAGS=  -O2 -c" "EXTRA_COMPILER_FLAGS=-mcpu=cortex-a9 -mfpu=vfpv3 -mfloat-abi=hard -nos
TRACE::2025-05-12.12:15:18::SCWBDomain::tartfiles -g -Wall -Wextra -fno-tree-loop-distribute-patterns"

TRACE::2025-05-12.12:15:18::SCWBDomain::"Running Make include in ps7_cortexa9_0/libsrc/gpiops_v3_13/src"

TRACE::2025-05-12.12:15:18::SCWBDomain::make -C ps7_cortexa9_0/libsrc/gpiops_v3_13/src -s include  "SHELL=CMD" "COMPILER=arm-none-eabi-gcc" "ASSEMBLER=arm-none-eabi-as
TRACE::2025-05-12.12:15:18::SCWBDomain::" "ARCHIVER=arm-none-eabi-ar" "COMPILER_FLAGS=  -O2 -c" "EXTRA_COMPILER_FLAGS=-mcpu=cortex-a9 -mfpu=vfpv3 -mfloat-abi=hard -nos
TRACE::2025-05-12.12:15:18::SCWBDomain::tartfiles -g -Wall -Wextra -fno-tree-loop-distribute-patterns"

TRACE::2025-05-12.12:15:18::SCWBDomain::"Running Make include in ps7_cortexa9_0/libsrc/gpio_v4_11/src"

TRACE::2025-05-12.12:15:18::SCWBDomain::make -C ps7_cortexa9_0/libsrc/gpio_v4_11/src -s include  "SHELL=CMD" "COMPILER=arm-none-eabi-gcc" "ASSEMBLER=arm-none-eabi-as" 
TRACE::2025-05-12.12:15:18::SCWBDomain::"ARCHIVER=arm-none-eabi-ar" "COMPILER_FLAGS=  -O2 -c" "EXTRA_COMPILER_FLAGS=-mcpu=cortex-a9 -mfpu=vfpv3 -mfloat-abi=hard -nosta
TRACE::2025-05-12.12:15:18::SCWBDomain::rtfiles -g -Wall -Wextra -fno-tree-loop-distribute-patterns"

TRACE::2025-05-12.12:15:18::SCWBDomain::"Running Make include in ps7_cortexa9_0/libsrc/iicps_v3_19/src"

TRACE::2025-05-12.12:15:18::SCWBDomain::make -C ps7_cortexa9_0/libsrc/iicps_v3_19/src -s include  "SHELL=CMD" "COMPILER=arm-none-eabi-gcc" "ASSEMBLER=arm-none-eabi-as"
TRACE::2025-05-12.12:15:18::SCWBDomain:: "ARCHIVER=arm-none-eabi-ar" "COMPILER_FLAGS=  -O2 -c" "EXTRA_COMPILER_FLAGS=-mcpu=cortex-a9 -mfpu=vfpv3 -mfloat-abi=hard -nost
TRACE::2025-05-12.12:15:18::SCWBDomain::artfiles -g -Wall -Wextra -fno-tree-loop-distribute-patterns"

TRACE::2025-05-12.12:15:18::SCWBDomain::"Running Make include in ps7_cortexa9_0/libsrc/iic_v3_11/src"

TRACE::2025-05-12.12:15:18::SCWBDomain::make -C ps7_cortexa9_0/libsrc/iic_v3_11/src -s include  "SHELL=CMD" "COMPILER=arm-none-eabi-gcc" "ASSEMBLER=arm-none-eabi-as" "
TRACE::2025-05-12.12:15:18::SCWBDomain::ARCHIVER=arm-none-eabi-ar" "COMPILER_FLAGS=  -O2 -c" "EXTRA_COMPILER_FLAGS=-mcpu=cortex-a9 -mfpu=vfpv3 -mfloat-abi=hard -nostar
TRACE::2025-05-12.12:15:18::SCWBDomain::tfiles -g -Wall -Wextra -fno-tree-loop-distribute-patterns"

TRACE::2025-05-12.12:15:18::SCWBDomain::"Running Make include in ps7_cortexa9_0/libsrc/qspips_v3_12/src"

TRACE::2025-05-12.12:15:18::SCWBDomain::make -C ps7_cortexa9_0/libsrc/qspips_v3_12/src -s include  "SHELL=CMD" "COMPILER=arm-none-eabi-gcc" "ASSEMBLER=arm-none-eabi-as
TRACE::2025-05-12.12:15:18::SCWBDomain::" "ARCHIVER=arm-none-eabi-ar" "COMPILER_FLAGS=  -O2 -c" "EXTRA_COMPILER_FLAGS=-mcpu=cortex-a9 -mfpu=vfpv3 -mfloat-abi=hard -nos
TRACE::2025-05-12.12:15:18::SCWBDomain::tartfiles -g -Wall -Wextra -fno-tree-loop-distribute-patterns"

TRACE::2025-05-12.12:15:18::SCWBDomain::"Running Make include in ps7_cortexa9_0/libsrc/scugic_v5_3/src"

TRACE::2025-05-12.12:15:18::SCWBDomain::make -C ps7_cortexa9_0/libsrc/scugic_v5_3/src -s include  "SHELL=CMD" "COMPILER=arm-none-eabi-gcc" "ASSEMBLER=arm-none-eabi-as"
TRACE::2025-05-12.12:15:18::SCWBDomain:: "ARCHIVER=arm-none-eabi-ar" "COMPILER_FLAGS=  -O2 -c" "EXTRA_COMPILER_FLAGS=-mcpu=cortex-a9 -mfpu=vfpv3 -mfloat-abi=hard -nost
TRACE::2025-05-12.12:15:18::SCWBDomain::artfiles -g -Wall -Wextra -fno-tree-loop-distribute-patterns"

TRACE::2025-05-12.12:15:18::SCWBDomain::"Running Make include in ps7_cortexa9_0/libsrc/scutimer_v2_6/src"

TRACE::2025-05-12.12:15:18::SCWBDomain::make -C ps7_cortexa9_0/libsrc/scutimer_v2_6/src -s include  "SHELL=CMD" "COMPILER=arm-none-eabi-gcc" "ASSEMBLER=arm-none-eabi-a
TRACE::2025-05-12.12:15:18::SCWBDomain::s" "ARCHIVER=arm-none-eabi-ar" "COMPILER_FLAGS=  -O2 -c" "EXTRA_COMPILER_FLAGS=-mcpu=cortex-a9 -mfpu=vfpv3 -mfloat-abi=hard -no
TRACE::2025-05-12.12:15:18::SCWBDomain::startfiles -g -Wall -Wextra -fno-tree-loop-distribute-patterns"

TRACE::2025-05-12.12:15:18::SCWBDomain::"Running Make include in ps7_cortexa9_0/libsrc/scuwdt_v2_5/src"

TRACE::2025-05-12.12:15:18::SCWBDomain::make -C ps7_cortexa9_0/libsrc/scuwdt_v2_5/src -s include  "SHELL=CMD" "COMPILER=arm-none-eabi-gcc" "ASSEMBLER=arm-none-eabi-as"
TRACE::2025-05-12.12:15:18::SCWBDomain:: "ARCHIVER=arm-none-eabi-ar" "COMPILER_FLAGS=  -O2 -c" "EXTRA_COMPILER_FLAGS=-mcpu=cortex-a9 -mfpu=vfpv3 -mfloat-abi=hard -nost
TRACE::2025-05-12.12:15:18::SCWBDomain::artfiles -g -Wall -Wextra -fno-tree-loop-distribute-patterns"

TRACE::2025-05-12.12:15:18::SCWBDomain::"Running Make include in ps7_cortexa9_0/libsrc/sdps_v4_3/src"

TRACE::2025-05-12.12:15:18::SCWBDomain::make -C ps7_cortexa9_0/libsrc/sdps_v4_3/src -s include  "SHELL=CMD" "COMPILER=arm-none-eabi-gcc" "ASSEMBLER=arm-none-eabi-as" "
TRACE::2025-05-12.12:15:18::SCWBDomain::ARCHIVER=arm-none-eabi-ar" "COMPILER_FLAGS=  -O2 -c" "EXTRA_COMPILER_FLAGS=-mcpu=cortex-a9 -mfpu=vfpv3 -mfloat-abi=hard -nostar
TRACE::2025-05-12.12:15:18::SCWBDomain::tfiles -g -Wall -Wextra -fno-tree-loop-distribute-patterns"

TRACE::2025-05-12.12:15:18::SCWBDomain::"Running Make include in ps7_cortexa9_0/libsrc/SpeedSensor_v1_0/src"

TRACE::2025-05-12.12:15:18::SCWBDomain::make -C ps7_cortexa9_0/libsrc/SpeedSensor_v1_0/src -s include  "SHELL=CMD" "COMPILER=arm-none-eabi-gcc" "ASSEMBLER=arm-none-eab
TRACE::2025-05-12.12:15:18::SCWBDomain::i-as" "ARCHIVER=arm-none-eabi-ar" "COMPILER_FLAGS=  -O2 -c" "EXTRA_COMPILER_FLAGS=-mcpu=cortex-a9 -mfpu=vfpv3 -mfloat-abi=hard 
TRACE::2025-05-12.12:15:18::SCWBDomain::-nostartfiles -g -Wall -Wextra -fno-tree-loop-distribute-patterns"

TRACE::2025-05-12.12:15:18::SCWBDomain::"Running Make include in ps7_cortexa9_0/libsrc/standalone_v9_1/src"

TRACE::2025-05-12.12:15:18::SCWBDomain::make -C ps7_cortexa9_0/libsrc/standalone_v9_1/src -s include  "SHELL=CMD" "COMPILER=arm-none-eabi-gcc" "ASSEMBLER=arm-none-eabi
TRACE::2025-05-12.12:15:18::SCWBDomain::-as" "ARCHIVER=arm-none-eabi-ar" "COMPILER_FLAGS=  -O2 -c" "EXTRA_COMPILER_FLAGS=-mcpu=cortex-a9 -mfpu=vfpv3 -mfloat-abi=hard -
TRACE::2025-05-12.12:15:18::SCWBDomain::nostartfiles -g -Wall -Wextra -fno-tree-loop-distribute-patterns"

TRACE::2025-05-12.12:15:18::SCWBDomain::"Running Make include in ps7_cortexa9_0/libsrc/tmrctr_v4_12/src"

TRACE::2025-05-12.12:15:18::SCWBDomain::make -C ps7_cortexa9_0/libsrc/tmrctr_v4_12/src -s include  "SHELL=CMD" "COMPILER=arm-none-eabi-gcc" "ASSEMBLER=arm-none-eabi-as
TRACE::2025-05-12.12:15:18::SCWBDomain::" "ARCHIVER=arm-none-eabi-ar" "COMPILER_FLAGS=  -O2 -c" "EXTRA_COMPILER_FLAGS=-mcpu=cortex-a9 -mfpu=vfpv3 -mfloat-abi=hard -nos
TRACE::2025-05-12.12:15:18::SCWBDomain::tartfiles -g -Wall -Wextra -fno-tree-loop-distribute-patterns"

TRACE::2025-05-12.12:15:18::SCWBDomain::"Running Make include in ps7_cortexa9_0/libsrc/uartps_v3_14/src"

TRACE::2025-05-12.12:15:19::SCWBDomain::make -C ps7_cortexa9_0/libsrc/uartps_v3_14/src -s include  "SHELL=CMD" "COMPILER=arm-none-eabi-gcc" "ASSEMBLER=arm-none-eabi-as
TRACE::2025-05-12.12:15:19::SCWBDomain::" "ARCHIVER=arm-none-eabi-ar" "COMPILER_FLAGS=  -O2 -c" "EXTRA_COMPILER_FLAGS=-mcpu=cortex-a9 -mfpu=vfpv3 -mfloat-abi=hard -nos
TRACE::2025-05-12.12:15:19::SCWBDomain::tartfiles -g -Wall -Wextra -fno-tree-loop-distribute-patterns"

TRACE::2025-05-12.12:15:19::SCWBDomain::"Running Make include in ps7_cortexa9_0/libsrc/ultrasoon_v1_0/src"

TRACE::2025-05-12.12:15:19::SCWBDomain::make -C ps7_cortexa9_0/libsrc/ultrasoon_v1_0/src -s include  "SHELL=CMD" "COMPILER=arm-none-eabi-gcc" "ASSEMBLER=arm-none-eabi-
TRACE::2025-05-12.12:15:19::SCWBDomain::as" "ARCHIVER=arm-none-eabi-ar" "COMPILER_FLAGS=  -O2 -c" "EXTRA_COMPILER_FLAGS=-mcpu=cortex-a9 -mfpu=vfpv3 -mfloat-abi=hard -n
TRACE::2025-05-12.12:15:19::SCWBDomain::ostartfiles -g -Wall -Wextra -fno-tree-loop-distribute-patterns"

TRACE::2025-05-12.12:15:19::SCWBDomain::"Running Make include in ps7_cortexa9_0/libsrc/usbps_v2_9/src"

TRACE::2025-05-12.12:15:19::SCWBDomain::make -C ps7_cortexa9_0/libsrc/usbps_v2_9/src -s include  "SHELL=CMD" "COMPILER=arm-none-eabi-gcc" "ASSEMBLER=arm-none-eabi-as" 
TRACE::2025-05-12.12:15:19::SCWBDomain::"ARCHIVER=arm-none-eabi-ar" "COMPILER_FLAGS=  -O2 -c" "EXTRA_COMPILER_FLAGS=-mcpu=cortex-a9 -mfpu=vfpv3 -mfloat-abi=hard -nosta
TRACE::2025-05-12.12:15:19::SCWBDomain::rtfiles -g -Wall -Wextra -fno-tree-loop-distribute-patterns"

TRACE::2025-05-12.12:15:19::SCWBDomain::"Running Make include in ps7_cortexa9_0/libsrc/xadcps_v2_7/src"

TRACE::2025-05-12.12:15:19::SCWBDomain::make -C ps7_cortexa9_0/libsrc/xadcps_v2_7/src -s include  "SHELL=CMD" "COMPILER=arm-none-eabi-gcc" "ASSEMBLER=arm-none-eabi-as"
TRACE::2025-05-12.12:15:19::SCWBDomain:: "ARCHIVER=arm-none-eabi-ar" "COMPILER_FLAGS=  -O2 -c" "EXTRA_COMPILER_FLAGS=-mcpu=cortex-a9 -mfpu=vfpv3 -mfloat-abi=hard -nost
TRACE::2025-05-12.12:15:19::SCWBDomain::artfiles -g -Wall -Wextra -fno-tree-loop-distribute-patterns"

TRACE::2025-05-12.12:15:19::SCWBDomain::"Running Make include in ps7_cortexa9_0/libsrc/xilffs_v5_2/src"

TRACE::2025-05-12.12:15:19::SCWBDomain::make -C ps7_cortexa9_0/libsrc/xilffs_v5_2/src -s include  "SHELL=CMD" "COMPILER=arm-none-eabi-gcc" "ASSEMBLER=arm-none-eabi-as"
TRACE::2025-05-12.12:15:19::SCWBDomain:: "ARCHIVER=arm-none-eabi-ar" "COMPILER_FLAGS=  -O2 -c" "EXTRA_COMPILER_FLAGS=-mcpu=cortex-a9 -mfpu=vfpv3 -mfloat-abi=hard -nost
TRACE::2025-05-12.12:15:19::SCWBDomain::artfiles -g -Wall -Wextra -fno-tree-loop-distribute-patterns"

TRACE::2025-05-12.12:15:19::SCWBDomain::"Running Make include in ps7_cortexa9_0/libsrc/xilrsa_v1_8/src"

TRACE::2025-05-12.12:15:19::SCWBDomain::make -C ps7_cortexa9_0/libsrc/xilrsa_v1_8/src -s include  "SHELL=CMD" "COMPILER=arm-none-eabi-gcc" "ASSEMBLER=arm-none-eabi-as"
TRACE::2025-05-12.12:15:19::SCWBDomain:: "ARCHIVER=arm-none-eabi-ar" "COMPILER_FLAGS=  -O2 -c" "EXTRA_COMPILER_FLAGS=-mcpu=cortex-a9 -mfpu=vfpv3 -mfloat-abi=hard -nost
TRACE::2025-05-12.12:15:19::SCWBDomain::artfiles -g -Wall -Wextra -fno-tree-loop-distribute-patterns"

TRACE::2025-05-12.12:15:19::SCWBDomain::"Running Make libs in ps7_cortexa9_0/libsrc/coresightps_dcc_v1_10/src"

TRACE::2025-05-12.12:15:19::SCWBDomain::make -C ps7_cortexa9_0/libsrc/coresightps_dcc_v1_10/src -s libs  "SHELL=CMD" "COMPILER=arm-none-eabi-gcc" "ASSEMBLER=arm-none-e
TRACE::2025-05-12.12:15:19::SCWBDomain::abi-as" "ARCHIVER=arm-none-eabi-ar" "COMPILER_FLAGS=  -O2 -c" "EXTRA_COMPILER_FLAGS=-mcpu=cortex-a9 -mfpu=vfpv3 -mfloat-abi=har
TRACE::2025-05-12.12:15:19::SCWBDomain::d -nostartfiles -g -Wall -Wextra -fno-tree-loop-distribute-patterns"

TRACE::2025-05-12.12:15:19::SCWBDomain::"Running Make libs in ps7_cortexa9_0/libsrc/cpu_cortexa9_v2_12/src"

TRACE::2025-05-12.12:15:19::SCWBDomain::make -C ps7_cortexa9_0/libsrc/cpu_cortexa9_v2_12/src -s libs  "SHELL=CMD" "COMPILER=arm-none-eabi-gcc" "ASSEMBLER=arm-none-eabi
TRACE::2025-05-12.12:15:19::SCWBDomain::-as" "ARCHIVER=arm-none-eabi-ar" "COMPILER_FLAGS=  -O2 -c" "EXTRA_COMPILER_FLAGS=-mcpu=cortex-a9 -mfpu=vfpv3 -mfloat-abi=hard -
TRACE::2025-05-12.12:15:19::SCWBDomain::nostartfiles -g -Wall -Wextra -fno-tree-loop-distribute-patterns"

TRACE::2025-05-12.12:15:19::SCWBDomain::"Running Make libs in ps7_cortexa9_0/libsrc/ddrps_v1_2/src"

TRACE::2025-05-12.12:15:19::SCWBDomain::make -C ps7_cortexa9_0/libsrc/ddrps_v1_2/src -s libs  "SHELL=CMD" "COMPILER=arm-none-eabi-gcc" "ASSEMBLER=arm-none-eabi-as" "AR
TRACE::2025-05-12.12:15:19::SCWBDomain::CHIVER=arm-none-eabi-ar" "COMPILER_FLAGS=  -O2 -c" "EXTRA_COMPILER_FLAGS=-mcpu=cortex-a9 -mfpu=vfpv3 -mfloat-abi=hard -nostartf
TRACE::2025-05-12.12:15:19::SCWBDomain::iles -g -Wall -Wextra -fno-tree-loop-distribute-patterns"

TRACE::2025-05-12.12:15:19::SCWBDomain::"Running Make libs in ps7_cortexa9_0/libsrc/devcfg_v3_8/src"

TRACE::2025-05-12.12:15:19::SCWBDomain::make -C ps7_cortexa9_0/libsrc/devcfg_v3_8/src -s libs  "SHELL=CMD" "COMPILER=arm-none-eabi-gcc" "ASSEMBLER=arm-none-eabi-as" "A
TRACE::2025-05-12.12:15:19::SCWBDomain::RCHIVER=arm-none-eabi-ar" "COMPILER_FLAGS=  -O2 -c" "EXTRA_COMPILER_FLAGS=-mcpu=cortex-a9 -mfpu=vfpv3 -mfloat-abi=hard -nostart
TRACE::2025-05-12.12:15:19::SCWBDomain::files -g -Wall -Wextra -fno-tree-loop-distribute-patterns"

TRACE::2025-05-12.12:15:19::SCWBDomain::"Running Make libs in ps7_cortexa9_0/libsrc/dmaps_v2_10/src"

TRACE::2025-05-12.12:15:19::SCWBDomain::make -C ps7_cortexa9_0/libsrc/dmaps_v2_10/src -s libs  "SHELL=CMD" "COMPILER=arm-none-eabi-gcc" "ASSEMBLER=arm-none-eabi-as" "A
TRACE::2025-05-12.12:15:19::SCWBDomain::RCHIVER=arm-none-eabi-ar" "COMPILER_FLAGS=  -O2 -c" "EXTRA_COMPILER_FLAGS=-mcpu=cortex-a9 -mfpu=vfpv3 -mfloat-abi=hard -nostart
TRACE::2025-05-12.12:15:19::SCWBDomain::files -g -Wall -Wextra -fno-tree-loop-distribute-patterns"

TRACE::2025-05-12.12:15:19::SCWBDomain::"Running Make libs in ps7_cortexa9_0/libsrc/emacps_v3_20/src"

TRACE::2025-05-12.12:15:19::SCWBDomain::make -C ps7_cortexa9_0/libsrc/emacps_v3_20/src -s libs  "SHELL=CMD" "COMPILER=arm-none-eabi-gcc" "ASSEMBLER=arm-none-eabi-as" "
TRACE::2025-05-12.12:15:19::SCWBDomain::ARCHIVER=arm-none-eabi-ar" "COMPILER_FLAGS=  -O2 -c" "EXTRA_COMPILER_FLAGS=-mcpu=cortex-a9 -mfpu=vfpv3 -mfloat-abi=hard -nostar
TRACE::2025-05-12.12:15:19::SCWBDomain::tfiles -g -Wall -Wextra -fno-tree-loop-distribute-patterns"

TRACE::2025-05-12.12:15:19::SCWBDomain::"Running Make libs in ps7_cortexa9_0/libsrc/gpiops_v3_13/src"

TRACE::2025-05-12.12:15:19::SCWBDomain::make -C ps7_cortexa9_0/libsrc/gpiops_v3_13/src -s libs  "SHELL=CMD" "COMPILER=arm-none-eabi-gcc" "ASSEMBLER=arm-none-eabi-as" "
TRACE::2025-05-12.12:15:19::SCWBDomain::ARCHIVER=arm-none-eabi-ar" "COMPILER_FLAGS=  -O2 -c" "EXTRA_COMPILER_FLAGS=-mcpu=cortex-a9 -mfpu=vfpv3 -mfloat-abi=hard -nostar
TRACE::2025-05-12.12:15:19::SCWBDomain::tfiles -g -Wall -Wextra -fno-tree-loop-distribute-patterns"

TRACE::2025-05-12.12:15:19::SCWBDomain::"Running Make libs in ps7_cortexa9_0/libsrc/gpio_v4_11/src"

TRACE::2025-05-12.12:15:19::SCWBDomain::make -C ps7_cortexa9_0/libsrc/gpio_v4_11/src -s libs  "SHELL=CMD" "COMPILER=arm-none-eabi-gcc" "ASSEMBLER=arm-none-eabi-as" "AR
TRACE::2025-05-12.12:15:19::SCWBDomain::CHIVER=arm-none-eabi-ar" "COMPILER_FLAGS=  -O2 -c" "EXTRA_COMPILER_FLAGS=-mcpu=cortex-a9 -mfpu=vfpv3 -mfloat-abi=hard -nostartf
TRACE::2025-05-12.12:15:19::SCWBDomain::iles -g -Wall -Wextra -fno-tree-loop-distribute-patterns"

TRACE::2025-05-12.12:15:20::SCWBDomain::"Running Make libs in ps7_cortexa9_0/libsrc/iicps_v3_19/src"

TRACE::2025-05-12.12:15:20::SCWBDomain::make -C ps7_cortexa9_0/libsrc/iicps_v3_19/src -s libs  "SHELL=CMD" "COMPILER=arm-none-eabi-gcc" "ASSEMBLER=arm-none-eabi-as" "A
TRACE::2025-05-12.12:15:20::SCWBDomain::RCHIVER=arm-none-eabi-ar" "COMPILER_FLAGS=  -O2 -c" "EXTRA_COMPILER_FLAGS=-mcpu=cortex-a9 -mfpu=vfpv3 -mfloat-abi=hard -nostart
TRACE::2025-05-12.12:15:20::SCWBDomain::files -g -Wall -Wextra -fno-tree-loop-distribute-patterns"

TRACE::2025-05-12.12:15:20::SCWBDomain::"Running Make libs in ps7_cortexa9_0/libsrc/iic_v3_11/src"

TRACE::2025-05-12.12:15:20::SCWBDomain::make -C ps7_cortexa9_0/libsrc/iic_v3_11/src -s libs  "SHELL=CMD" "COMPILER=arm-none-eabi-gcc" "ASSEMBLER=arm-none-eabi-as" "ARC
TRACE::2025-05-12.12:15:20::SCWBDomain::HIVER=arm-none-eabi-ar" "COMPILER_FLAGS=  -O2 -c" "EXTRA_COMPILER_FLAGS=-mcpu=cortex-a9 -mfpu=vfpv3 -mfloat-abi=hard -nostartfi
TRACE::2025-05-12.12:15:20::SCWBDomain::les -g -Wall -Wextra -fno-tree-loop-distribute-patterns"

TRACE::2025-05-12.12:15:20::SCWBDomain::"Running Make libs in ps7_cortexa9_0/libsrc/qspips_v3_12/src"

TRACE::2025-05-12.12:15:20::SCWBDomain::make -C ps7_cortexa9_0/libsrc/qspips_v3_12/src -s libs  "SHELL=CMD" "COMPILER=arm-none-eabi-gcc" "ASSEMBLER=arm-none-eabi-as" "
TRACE::2025-05-12.12:15:20::SCWBDomain::ARCHIVER=arm-none-eabi-ar" "COMPILER_FLAGS=  -O2 -c" "EXTRA_COMPILER_FLAGS=-mcpu=cortex-a9 -mfpu=vfpv3 -mfloat-abi=hard -nostar
TRACE::2025-05-12.12:15:20::SCWBDomain::tfiles -g -Wall -Wextra -fno-tree-loop-distribute-patterns"

TRACE::2025-05-12.12:15:20::SCWBDomain::"Running Make libs in ps7_cortexa9_0/libsrc/scugic_v5_3/src"

TRACE::2025-05-12.12:15:20::SCWBDomain::make -C ps7_cortexa9_0/libsrc/scugic_v5_3/src -s libs  "SHELL=CMD" "COMPILER=arm-none-eabi-gcc" "ASSEMBLER=arm-none-eabi-as" "A
TRACE::2025-05-12.12:15:20::SCWBDomain::RCHIVER=arm-none-eabi-ar" "COMPILER_FLAGS=  -O2 -c" "EXTRA_COMPILER_FLAGS=-mcpu=cortex-a9 -mfpu=vfpv3 -mfloat-abi=hard -nostart
TRACE::2025-05-12.12:15:20::SCWBDomain::files -g -Wall -Wextra -fno-tree-loop-distribute-patterns"

TRACE::2025-05-12.12:15:20::SCWBDomain::"Running Make libs in ps7_cortexa9_0/libsrc/scutimer_v2_6/src"

TRACE::2025-05-12.12:15:20::SCWBDomain::make -C ps7_cortexa9_0/libsrc/scutimer_v2_6/src -s libs  "SHELL=CMD" "COMPILER=arm-none-eabi-gcc" "ASSEMBLER=arm-none-eabi-as" 
TRACE::2025-05-12.12:15:20::SCWBDomain::"ARCHIVER=arm-none-eabi-ar" "COMPILER_FLAGS=  -O2 -c" "EXTRA_COMPILER_FLAGS=-mcpu=cortex-a9 -mfpu=vfpv3 -mfloat-abi=hard -nosta
TRACE::2025-05-12.12:15:20::SCWBDomain::rtfiles -g -Wall -Wextra -fno-tree-loop-distribute-patterns"

TRACE::2025-05-12.12:15:21::SCWBDomain::"Running Make libs in ps7_cortexa9_0/libsrc/scuwdt_v2_5/src"

TRACE::2025-05-12.12:15:21::SCWBDomain::make -C ps7_cortexa9_0/libsrc/scuwdt_v2_5/src -s libs  "SHELL=CMD" "COMPILER=arm-none-eabi-gcc" "ASSEMBLER=arm-none-eabi-as" "A
TRACE::2025-05-12.12:15:21::SCWBDomain::RCHIVER=arm-none-eabi-ar" "COMPILER_FLAGS=  -O2 -c" "EXTRA_COMPILER_FLAGS=-mcpu=cortex-a9 -mfpu=vfpv3 -mfloat-abi=hard -nostart
TRACE::2025-05-12.12:15:21::SCWBDomain::files -g -Wall -Wextra -fno-tree-loop-distribute-patterns"

TRACE::2025-05-12.12:15:21::SCWBDomain::"Running Make libs in ps7_cortexa9_0/libsrc/sdps_v4_3/src"

TRACE::2025-05-12.12:15:21::SCWBDomain::make -C ps7_cortexa9_0/libsrc/sdps_v4_3/src -s libs  "SHELL=CMD" "COMPILER=arm-none-eabi-gcc" "ASSEMBLER=arm-none-eabi-as" "ARC
TRACE::2025-05-12.12:15:21::SCWBDomain::HIVER=arm-none-eabi-ar" "COMPILER_FLAGS=  -O2 -c" "EXTRA_COMPILER_FLAGS=-mcpu=cortex-a9 -mfpu=vfpv3 -mfloat-abi=hard -nostartfi
TRACE::2025-05-12.12:15:21::SCWBDomain::les -g -Wall -Wextra -fno-tree-loop-distribute-patterns"

TRACE::2025-05-12.12:15:21::SCWBDomain::"Running Make libs in ps7_cortexa9_0/libsrc/standalone_v9_1/src"

TRACE::2025-05-12.12:15:21::SCWBDomain::make -C ps7_cortexa9_0/libsrc/standalone_v9_1/src -s libs  "SHELL=CMD" "COMPILER=arm-none-eabi-gcc" "ASSEMBLER=arm-none-eabi-as
TRACE::2025-05-12.12:15:21::SCWBDomain::" "ARCHIVER=arm-none-eabi-ar" "COMPILER_FLAGS=  -O2 -c" "EXTRA_COMPILER_FLAGS=-mcpu=cortex-a9 -mfpu=vfpv3 -mfloat-abi=hard -nos
TRACE::2025-05-12.12:15:21::SCWBDomain::tartfiles -g -Wall -Wextra -fno-tree-loop-distribute-patterns"

TRACE::2025-05-12.12:15:21::SCWBDomain::"Running Make libs in ps7_cortexa9_0/libsrc/tmrctr_v4_12/src"

TRACE::2025-05-12.12:15:21::SCWBDomain::make -C ps7_cortexa9_0/libsrc/tmrctr_v4_12/src -s libs  "SHELL=CMD" "COMPILER=arm-none-eabi-gcc" "ASSEMBLER=arm-none-eabi-as" "
TRACE::2025-05-12.12:15:21::SCWBDomain::ARCHIVER=arm-none-eabi-ar" "COMPILER_FLAGS=  -O2 -c" "EXTRA_COMPILER_FLAGS=-mcpu=cortex-a9 -mfpu=vfpv3 -mfloat-abi=hard -nostar
TRACE::2025-05-12.12:15:21::SCWBDomain::tfiles -g -Wall -Wextra -fno-tree-loop-distribute-patterns"

TRACE::2025-05-12.12:15:22::SCWBDomain::"Running Make libs in ps7_cortexa9_0/libsrc/uartps_v3_14/src"

TRACE::2025-05-12.12:15:22::SCWBDomain::make -C ps7_cortexa9_0/libsrc/uartps_v3_14/src -s libs  "SHELL=CMD" "COMPILER=arm-none-eabi-gcc" "ASSEMBLER=arm-none-eabi-as" "
TRACE::2025-05-12.12:15:22::SCWBDomain::ARCHIVER=arm-none-eabi-ar" "COMPILER_FLAGS=  -O2 -c" "EXTRA_COMPILER_FLAGS=-mcpu=cortex-a9 -mfpu=vfpv3 -mfloat-abi=hard -nostar
TRACE::2025-05-12.12:15:22::SCWBDomain::tfiles -g -Wall -Wextra -fno-tree-loop-distribute-patterns"

TRACE::2025-05-12.12:15:22::SCWBDomain::"Running Make libs in ps7_cortexa9_0/libsrc/usbps_v2_9/src"

TRACE::2025-05-12.12:15:22::SCWBDomain::make -C ps7_cortexa9_0/libsrc/usbps_v2_9/src -s libs  "SHELL=CMD" "COMPILER=arm-none-eabi-gcc" "ASSEMBLER=arm-none-eabi-as" "AR
TRACE::2025-05-12.12:15:22::SCWBDomain::CHIVER=arm-none-eabi-ar" "COMPILER_FLAGS=  -O2 -c" "EXTRA_COMPILER_FLAGS=-mcpu=cortex-a9 -mfpu=vfpv3 -mfloat-abi=hard -nostartf
TRACE::2025-05-12.12:15:22::SCWBDomain::iles -g -Wall -Wextra -fno-tree-loop-distribute-patterns"

TRACE::2025-05-12.12:15:22::SCWBDomain::"Running Make libs in ps7_cortexa9_0/libsrc/xadcps_v2_7/src"

TRACE::2025-05-12.12:15:22::SCWBDomain::make -C ps7_cortexa9_0/libsrc/xadcps_v2_7/src -s libs  "SHELL=CMD" "COMPILER=arm-none-eabi-gcc" "ASSEMBLER=arm-none-eabi-as" "A
TRACE::2025-05-12.12:15:22::SCWBDomain::RCHIVER=arm-none-eabi-ar" "COMPILER_FLAGS=  -O2 -c" "EXTRA_COMPILER_FLAGS=-mcpu=cortex-a9 -mfpu=vfpv3 -mfloat-abi=hard -nostart
TRACE::2025-05-12.12:15:22::SCWBDomain::files -g -Wall -Wextra -fno-tree-loop-distribute-patterns"

TRACE::2025-05-12.12:15:22::SCWBDomain::"Running Make libs in ps7_cortexa9_0/libsrc/xilffs_v5_2/src"

TRACE::2025-05-12.12:15:22::SCWBDomain::make -C ps7_cortexa9_0/libsrc/xilffs_v5_2/src -s libs  "SHELL=CMD" "COMPILER=arm-none-eabi-gcc" "ASSEMBLER=arm-none-eabi-as" "A
TRACE::2025-05-12.12:15:22::SCWBDomain::RCHIVER=arm-none-eabi-ar" "COMPILER_FLAGS=  -O2 -c" "EXTRA_COMPILER_FLAGS=-mcpu=cortex-a9 -mfpu=vfpv3 -mfloat-abi=hard -nostart
TRACE::2025-05-12.12:15:22::SCWBDomain::files -g -Wall -Wextra -fno-tree-loop-distribute-patterns"

TRACE::2025-05-12.12:15:24::SCWBDomain::'Finished building libraries parallelly.'

TRACE::2025-05-12.12:15:24::SCWBDomain::make --no-print-directory archive

TRACE::2025-05-12.12:15:24::SCWBDomain::arm-none-eabi-ar -r  ps7_cortexa9_0/lib/libxil.a ps7_cortexa9_0/lib/SpeedSensor.o ps7_cortexa9_0/lib/SpeedSensor_selftest.o ps7
TRACE::2025-05-12.12:15:24::SCWBDomain::_cortexa9_0/lib/_exit.o ps7_cortexa9_0/lib/_open.o ps7_cortexa9_0/lib/_sbrk.o ps7_cortexa9_0/lib/abort.o ps7_cortexa9_0/lib/asm
TRACE::2025-05-12.12:15:24::SCWBDomain::_vectors.o ps7_cortexa9_0/lib/boot.o ps7_cortexa9_0/lib/close.o ps7_cortexa9_0/lib/cpputest_time.o ps7_cortexa9_0/lib/cpu_init.
TRACE::2025-05-12.12:15:24::SCWBDomain::o ps7_cortexa9_0/lib/errno.o ps7_cortexa9_0/lib/fcntl.o ps7_cortexa9_0/lib/fstat.o ps7_cortexa9_0/lib/getentropy.o ps7_cortexa9
TRACE::2025-05-12.12:15:24::SCWBDomain::_0/lib/getpid.o ps7_cortexa9_0/lib/inbyte.o ps7_cortexa9_0/lib/isatty.o ps7_cortexa9_0/lib/kill.o ps7_cortexa9_0/lib/lseek.o ps
TRACE::2025-05-12.12:15:24::SCWBDomain::7_cortexa9_0/lib/open.o ps7_cortexa9_0/lib/outbyte.o ps7_cortexa9_0/lib/print.o ps7_cortexa9_0/lib/putnum.o ps7_cortexa9_0/lib/
TRACE::2025-05-12.12:15:24::SCWBDomain::read.o ps7_cortexa9_0/lib/sbrk.o ps7_cortexa9_0/lib/sleep.o ps7_cortexa9_0/lib/time.o ps7_cortexa9_0/lib/translation_table.o ps
TRACE::2025-05-12.12:15:24::SCWBDomain::7_cortexa9_0/lib/ultrasoon.o ps7_cortexa9_0/lib/ultrasoon_selftest.o ps7_cortexa9_0/lib/unlink.o ps7_cortexa9_0/lib/usleep.o ps
TRACE::2025-05-12.12:15:24::SCWBDomain::7_cortexa9_0/lib/vectors.o ps7_cortexa9_0/lib/write.o ps7_cortexa9_0/lib/xadcps.o ps7_cortexa9_0/lib/xadcps_g.o ps7_cortexa9_0/
TRACE::2025-05-12.12:15:24::SCWBDomain::lib/xadcps_intr.o ps7_cortexa9_0/lib/xadcps_selftest.o ps7_cortexa9_0/lib/xadcps_sinit.o ps7_cortexa9_0/lib/xcoresightpsdcc.o p
TRACE::2025-05-12.12:15:24::SCWBDomain::s7_cortexa9_0/lib/xdevcfg.o ps7_cortexa9_0/lib/xdevcfg_g.o ps7_cortexa9_0/lib/xdevcfg_hw.o ps7_cortexa9_0/lib/xdevcfg_intr.o ps
TRACE::2025-05-12.12:15:24::SCWBDomain::7_cortexa9_0/lib/xdevcfg_selftest.o ps7_cortexa9_0/lib/xdevcfg_sinit.o ps7_cortexa9_0/lib/xdmaps.o ps7_cortexa9_0/lib/xdmaps_g.
TRACE::2025-05-12.12:15:24::SCWBDomain::o ps7_cortexa9_0/lib/xdmaps_hw.o ps7_cortexa9_0/lib/xdmaps_selftest.o ps7_cortexa9_0/lib/xdmaps_sinit.o ps7_cortexa9_0/lib/xema
TRACE::2025-05-12.12:15:24::SCWBDomain::cps.o ps7_cortexa9_0/lib/xemacps_bdring.o ps7_cortexa9_0/lib/xemacps_control.o ps7_cortexa9_0/lib/xemacps_g.o ps7_cortexa9_0/li
TRACE::2025-05-12.12:15:24::SCWBDomain::b/xemacps_hw.o ps7_cortexa9_0/lib/xemacps_intr.o ps7_cortexa9_0/lib/xemacps_sinit.o ps7_cortexa9_0/lib/xgpio.o ps7_cortexa9_0/l
TRACE::2025-05-12.12:15:24::SCWBDomain::ib/xgpio_extra.o ps7_cortexa9_0/lib/xgpio_g.o ps7_cortexa9_0/lib/xgpio_intr.o ps7_cortexa9_0/lib/xgpio_selftest.o ps7_cortexa9_
TRACE::2025-05-12.12:15:24::SCWBDomain::0/lib/xgpio_sinit.o ps7_cortexa9_0/lib/xgpiops.o ps7_cortexa9_0/lib/xgpiops_g.o ps7_cortexa9_0/lib/xgpiops_hw.o ps7_cortexa9_0/
TRACE::2025-05-12.12:15:24::SCWBDomain::lib/xgpiops_intr.o ps7_cortexa9_0/lib/xgpiops_selftest.o ps7_cortexa9_0/lib/xgpiops_sinit.o ps7_cortexa9_0/lib/xiic.o ps7_corte
TRACE::2025-05-12.12:15:24::SCWBDomain::xa9_0/lib/xiic_dyn_master.o ps7_cortexa9_0/lib/xiic_g.o ps7_cortexa9_0/lib/xiic_intr.o ps7_cortexa9_0/lib/xiic_l.o ps7_cortexa9
TRACE::2025-05-12.12:15:24::SCWBDomain::_0/lib/xiic_master.o ps7_cortexa9_0/lib/xiic_multi_master.o ps7_cortexa9_0/lib/xiic_options.o ps7_cortexa9_0/lib/xiic_selftest.
TRACE::2025-05-12.12:15:24::SCWBDomain::o ps7_cortexa9_0/lib/xiic_sinit.o ps7_cortexa9_0/lib/xiic_slave.o ps7_cortexa9_0/lib/xiic_stats.o ps7_cortexa9_0/lib/xiicps.o p
TRACE::2025-05-12.12:15:24::SCWBDomain::s7_cortexa9_0/lib/xiicps_g.o ps7_cortexa9_0/lib/xiicps_hw.o ps7_cortexa9_0/lib/xiicps_intr.o ps7_cortexa9_0/lib/xiicps_master.o
TRACE::2025-05-12.12:15:24::SCWBDomain:: ps7_cortexa9_0/lib/xiicps_options.o ps7_cortexa9_0/lib/xiicps_selftest.o ps7_cortexa9_0/lib/xiicps_sinit.o ps7_cortexa9_0/lib/
TRACE::2025-05-12.12:15:24::SCWBDomain::xiicps_slave.o ps7_cortexa9_0/lib/xiicps_xfer.o ps7_cortexa9_0/lib/xil-crt0.o ps7_cortexa9_0/lib/xil_assert.o ps7_cortexa9_0/li
TRACE::2025-05-12.12:15:24::SCWBDomain::b/xil_cache.o ps7_cortexa9_0/lib/xil_clocking.o ps7_cortexa9_0/lib/xil_exception.o ps7_cortexa9_0/lib/xil_mem.o ps7_cortexa9_0/
TRACE::2025-05-12.12:15:24::SCWBDomain::lib/xil_misc_psreset_api.o ps7_cortexa9_0/lib/xil_mmu.o ps7_cortexa9_0/lib/xil_printf.o ps7_cortexa9_0/lib/xil_sleepcommon.o ps
TRACE::2025-05-12.12:15:24::SCWBDomain::7_cortexa9_0/lib/xil_sleeptimer.o ps7_cortexa9_0/lib/xil_spinlock.o ps7_cortexa9_0/lib/xil_testcache.o ps7_cortexa9_0/lib/xil_t
TRACE::2025-05-12.12:15:24::SCWBDomain::estio.o ps7_cortexa9_0/lib/xil_testmem.o ps7_cortexa9_0/lib/xil_util.o ps7_cortexa9_0/lib/xinterrupt_wrap.o ps7_cortexa9_0/lib/
TRACE::2025-05-12.12:15:24::SCWBDomain::xl2cc_counter.o ps7_cortexa9_0/lib/xplatform_info.o ps7_cortexa9_0/lib/xpm_counter.o ps7_cortexa9_0/lib/xpm_init.o ps7_cortexa9
TRACE::2025-05-12.12:15:24::SCWBDomain::_0/lib/xqspips.o ps7_cortexa9_0/lib/xqspips_g.o ps7_cortexa9_0/lib/xqspips_hw.o ps7_cortexa9_0/lib/xqspips_options.o ps7_cortex
TRACE::2025-05-12.12:15:24::SCWBDomain::a9_0/lib/xqspips_selftest.o ps7_cortexa9_0/lib/xqspips_sinit.o ps7_cortexa9_0/lib/xscugic.o ps7_cortexa9_0/lib/xscugic_g.o ps7_
TRACE::2025-05-12.12:15:24::SCWBDomain::cortexa9_0/lib/xscugic_hw.o ps7_cortexa9_0/lib/xscugic_intr.o ps7_cortexa9_0/lib/xscugic_selftest.o ps7_cortexa9_0/lib/xscugic_
TRACE::2025-05-12.12:15:24::SCWBDomain::sinit.o ps7_cortexa9_0/lib/xscutimer.o ps7_cortexa9_0/lib/xscutimer_g.o ps7_cortexa9_0/lib/xscutimer_selftest.o ps7_cortexa9_0/
TRACE::2025-05-12.12:15:24::SCWBDomain::lib/xscutimer_sinit.o ps7_cortexa9_0/lib/xscuwdt.o ps7_cortexa9_0/lib/xscuwdt_g.o ps7_cortexa9_0/lib/xscuwdt_selftest.o ps7_cor
TRACE::2025-05-12.12:15:24::SCWBDomain::texa9_0/lib/xscuwdt_sinit.o ps7_cortexa9_0/lib/xsdps.o ps7_cortexa9_0/lib/xsdps_card.o ps7_cortexa9_0/lib/xsdps_g.o ps7_cortexa
TRACE::2025-05-12.12:15:24::SCWBDomain::9_0/lib/xsdps_host.o ps7_cortexa9_0/lib/xsdps_options.o ps7_cortexa9_0/lib/xsdps_sinit.o ps7_cortexa9_0/lib/xtime_l.o ps7_corte
TRACE::2025-05-12.12:15:24::SCWBDomain::xa9_0/lib/xtmrctr.o ps7_cortexa9_0/lib/xtmrctr_g.o ps7_cortexa9_0/lib/xtmrctr_intr.o ps7_cortexa9_0/lib/xtmrctr_l.o ps7_cortexa
TRACE::2025-05-12.12:15:24::SCWBDomain::9_0/lib/xtmrctr_options.o ps7_cortexa9_0/lib/xtmrctr_selftest.o ps7_cortexa9_0/lib/xtmrctr_sinit.o ps7_cortexa9_0/lib/xtmrctr_s
TRACE::2025-05-12.12:15:24::SCWBDomain::tats.o ps7_cortexa9_0/lib/xuartps.o ps7_cortexa9_0/lib/xuartps_g.o ps7_cortexa9_0/lib/xuartps_hw.o ps7_cortexa9_0/lib/xuartps_i
TRACE::2025-05-12.12:15:24::SCWBDomain::ntr.o ps7_cortexa9_0/lib/xuartps_options.o ps7_cortexa9_0/lib/xuartps_selftest.o ps7_cortexa9_0/lib/xuartps_sinit.o ps7_cortexa
TRACE::2025-05-12.12:15:24::SCWBDomain::9_0/lib/xusbps.o ps7_cortexa9_0/lib/xusbps_endpoint.o ps7_cortexa9_0/lib/xusbps_g.o ps7_cortexa9_0/lib/xusbps_hw.o ps7_cortexa9
TRACE::2025-05-12.12:15:24::SCWBDomain::_0/lib/xusbps_intr.o ps7_cortexa9_0/lib/xusbps_sinit.o

TRACE::2025-05-12.12:15:25::SCWBDomain::'Finished building libraries'

TRACE::2025-05-12.12:15:25::SCWBDomain::make: Leaving directory 'C:/devWorks/VW_SOC/Vitis/design_1_wrapper/zynq_fsbl/zynq_fsbl_bsp'

TRACE::2025-05-12.12:15:25::SCWBDomain::arm-none-eabi-gcc  -O2 -c -MMD -MP       -mcpu=cortex-a9 -mfpu=vfpv3 -mfloat-abi=hard  -c sd.c -o sd.o -Izynq_fsbl_bsp/ps7_cort
TRACE::2025-05-12.12:15:25::SCWBDomain::exa9_0/include -I.

TRACE::2025-05-12.12:15:25::SCWBDomain::arm-none-eabi-gcc  -O2 -c -MMD -MP       -mcpu=cortex-a9 -mfpu=vfpv3 -mfloat-abi=hard  -c nand.c -o nand.o -Izynq_fsbl_bsp/ps7_
TRACE::2025-05-12.12:15:25::SCWBDomain::cortexa9_0/include -I.

TRACE::2025-05-12.12:15:25::SCWBDomain::arm-none-eabi-gcc  -O2 -c -MMD -MP       -mcpu=cortex-a9 -mfpu=vfpv3 -mfloat-abi=hard  -c nor.c -o nor.o -Izynq_fsbl_bsp/ps7_co
TRACE::2025-05-12.12:15:25::SCWBDomain::rtexa9_0/include -I.

TRACE::2025-05-12.12:15:25::SCWBDomain::arm-none-eabi-gcc  -O2 -c -MMD -MP       -mcpu=cortex-a9 -mfpu=vfpv3 -mfloat-abi=hard  -c image_mover.c -o image_mover.o -Izynq
TRACE::2025-05-12.12:15:25::SCWBDomain::_fsbl_bsp/ps7_cortexa9_0/include -I.

TRACE::2025-05-12.12:15:25::SCWBDomain::arm-none-eabi-gcc  -O2 -c -MMD -MP       -mcpu=cortex-a9 -mfpu=vfpv3 -mfloat-abi=hard  -c md5.c -o md5.o -Izynq_fsbl_bsp/ps7_co
TRACE::2025-05-12.12:15:25::SCWBDomain::rtexa9_0/include -I.

TRACE::2025-05-12.12:15:25::SCWBDomain::arm-none-eabi-gcc  -O2 -c -MMD -MP       -mcpu=cortex-a9 -mfpu=vfpv3 -mfloat-abi=hard  -c fsbl_hooks.c -o fsbl_hooks.o -Izynq_f
TRACE::2025-05-12.12:15:25::SCWBDomain::sbl_bsp/ps7_cortexa9_0/include -I.

TRACE::2025-05-12.12:15:25::SCWBDomain::arm-none-eabi-gcc  -O2 -c -MMD -MP       -mcpu=cortex-a9 -mfpu=vfpv3 -mfloat-abi=hard  -c main.c -o main.o -Izynq_fsbl_bsp/ps7_
TRACE::2025-05-12.12:15:25::SCWBDomain::cortexa9_0/include -I.

TRACE::2025-05-12.12:15:26::SCWBDomain::arm-none-eabi-gcc  -O2 -c -MMD -MP       -mcpu=cortex-a9 -mfpu=vfpv3 -mfloat-abi=hard  -c rsa.c -o rsa.o -Izynq_fsbl_bsp/ps7_co
TRACE::2025-05-12.12:15:26::SCWBDomain::rtexa9_0/include -I.

TRACE::2025-05-12.12:15:26::SCWBDomain::arm-none-eabi-gcc  -O2 -c -MMD -MP       -mcpu=cortex-a9 -mfpu=vfpv3 -mfloat-abi=hard  -c qspi.c -o qspi.o -Izynq_fsbl_bsp/ps7_
TRACE::2025-05-12.12:15:26::SCWBDomain::cortexa9_0/include -I.

TRACE::2025-05-12.12:15:26::SCWBDomain::arm-none-eabi-gcc  -O2 -c -MMD -MP       -mcpu=cortex-a9 -mfpu=vfpv3 -mfloat-abi=hard  -c ps7_init.c -o ps7_init.o -Izynq_fsbl_
TRACE::2025-05-12.12:15:26::SCWBDomain::bsp/ps7_cortexa9_0/include -I.

TRACE::2025-05-12.12:15:26::SCWBDomain::arm-none-eabi-gcc  -O2 -c -MMD -MP       -mcpu=cortex-a9 -mfpu=vfpv3 -mfloat-abi=hard  -c pcap.c -o pcap.o -Izynq_fsbl_bsp/ps7_
TRACE::2025-05-12.12:15:26::SCWBDomain::cortexa9_0/include -I.

TRACE::2025-05-12.12:15:26::SCWBDomain::arm-none-eabi-gcc  -O2 -c -MMD -MP       -mcpu=cortex-a9 -mfpu=vfpv3 -mfloat-abi=hard  -c fsbl_handoff.S -o fsbl_handoff.o -Izy
TRACE::2025-05-12.12:15:26::SCWBDomain::nq_fsbl_bsp/ps7_cortexa9_0/include -I.

TRACE::2025-05-12.12:15:26::SCWBDomain::arm-none-eabi-gcc -o fsbl.elf fsbl_handoff.o fsbl_hooks.o image_mover.o main.o md5.o nand.o nor.o pcap.o ps7_init.o qspi.o rsa.
TRACE::2025-05-12.12:15:26::SCWBDomain::o sd.o -MMD -MP       -mcpu=cortex-a9 -mfpu=vfpv3 -mfloat-abi=hard   -mcpu=cortex-a9 -mfpu=vfpv3 -mfloat-abi=hard -Wl,-build-id
TRACE::2025-05-12.12:15:26::SCWBDomain::=none -specs=Xilinx.spec  -lrsa -Wl,--start-group,-lxil,-lgcc,-lc,--end-group -Wl,--start-group,-lxilffs,-lxil,-lgcc,-lc,--end-
TRACE::2025-05-12.12:15:26::SCWBDomain::group -Wl,--start-group,-lrsa,-lxil,-lgcc,-lc,--end-group                                            -Wl,--gc-sections -Lzynq_f
TRACE::2025-05-12.12:15:26::SCWBDomain::sbl_bsp/ps7_cortexa9_0/lib -L./ -Tlscript.ld

LOG::2025-05-12.12:15:27::SCWSystem::Checking the domain standalone_ps7_cortexa9_0
LOG::2025-05-12.12:15:27::SCWSystem::Not a boot domain 
LOG::2025-05-12.12:15:27::SCWSystem::Started Processing the domain standalone_ps7_cortexa9_0
TRACE::2025-05-12.12:15:27::SCWDomain::Generating domain artifcats
TRACE::2025-05-12.12:15:27::SCWMssOS::Generating standalone artifcats
TRACE::2025-05-12.12:15:27::SCWMssOS::Copying the qemu file from  C:/devWorks/VW_SOC/Vitis/design_1_wrapper/resources/design_1_wrapper/standalone_ps7_cortexa9_0/qemu_args.txt To C:/devWorks/VW_SOC/Vitis/design_1_wrapper/export/design_1_wrapper/sw/design_1_wrapper/qemu/
TRACE::2025-05-12.12:15:27::SCWMssOS::Copying the qemu file from  C:/devWorks/VW_SOC/Vitis/design_1_wrapper/resources/design_1_wrapper/standalone_ps7_cortexa9_0/qemu_args.txt To C:/devWorks/VW_SOC/Vitis/design_1_wrapper/export/design_1_wrapper/sw/design_1_wrapper/standalone_ps7_cortexa9_0/qemu/
TRACE::2025-05-12.12:15:27::SCWMssOS:: Copying the user libraries. 
TRACE::2025-05-12.12:15:27::SCWPlatform::Trying to open the hw design at C:/devWorks/VW_SOC/Vitis/design_1_wrapper/hw/design_1_wrapper.xsa
TRACE::2025-05-12.12:15:27::SCWPlatform::DSA given C:/devWorks/VW_SOC/Vitis/design_1_wrapper/hw/design_1_wrapper.xsa
TRACE::2025-05-12.12:15:27::SCWPlatform::DSA absoulate path C:/devWorks/VW_SOC/Vitis/design_1_wrapper/hw/design_1_wrapper.xsa
TRACE::2025-05-12.12:15:27::SCWPlatform::DSA directory C:/devWorks/VW_SOC/Vitis/design_1_wrapper/hw
TRACE::2025-05-12.12:15:27::SCWPlatform:: Platform Path C:/devWorks/VW_SOC/Vitis/design_1_wrapper/hw/design_1_wrapper.xsa
TRACE::2025-05-12.12:15:27::SCWPlatform:: Unique name xilinx:pynq-z2::0.0
TRACE::2025-05-12.12:15:27::SCWPlatform::Trying to set the existing hwdb with name design_1_wrapper_0
TRACE::2025-05-12.12:15:27::SCWPlatform::Opened existing hwdb design_1_wrapper_0
TRACE::2025-05-12.12:15:27::SCWPlatform::Found the Hw Db part of the input DSA
TRACE::2025-05-12.12:15:27::SCWMssOS::Checking the sw design at  C:/devWorks/VW_SOC/Vitis/design_1_wrapper/ps7_cortexa9_0/standalone_ps7_cortexa9_0/bsp/system.mss
TRACE::2025-05-12.12:15:27::SCWMssOS::DEBUG:  swdes dump  C:/devWorks/VW_SOC/Vitis/design_1_wrapper/ps7_cortexa9_0/standalone_ps7_cortexa9_0/bsp/system.mss|system_0||
C:/devWorks/VW_SOC/Vitis/design_1_wrapper/zynq_fsbl/zynq_fsbl_bsp/system.mss|system||

TRACE::2025-05-12.12:15:27::SCWMssOS::Sw design exists and opened at  C:/devWorks/VW_SOC/Vitis/design_1_wrapper/ps7_cortexa9_0/standalone_ps7_cortexa9_0/bsp/system.mss
TRACE::2025-05-12.12:15:27::SCWMssOS::Completed writing the mss file at C:/devWorks/VW_SOC/Vitis/design_1_wrapper/ps7_cortexa9_0/standalone_ps7_cortexa9_0/bsp
TRACE::2025-05-12.12:15:27::SCWMssOS::Mss edits present, copying mssfile into export location C:/devWorks/VW_SOC/Vitis/design_1_wrapper/ps7_cortexa9_0/standalone_ps7_cortexa9_0/bsp/system.mss
TRACE::2025-05-12.12:15:27::SCWMssOS::bsp generated is upto date with the mss file. Skipping bsp generation.
TRACE::2025-05-12.12:15:27::SCWMssOS::BSP is already built. skipping the bsp build ... 
TRACE::2025-05-12.12:15:27::SCWDomain::Building the domain as part of full build :  standalone_ps7_cortexa9_0
TRACE::2025-05-12.12:15:27::SCWMssOS::doing bsp build ... 
TRACE::2025-05-12.12:15:27::SCWMssOS::System Command Ran  C: & cd  C:/devWorks/VW_SOC/Vitis/design_1_wrapper/ps7_cortexa9_0/standalone_ps7_cortexa9_0/bsp & make 
TRACE::2025-05-12.12:15:27::SCWMssOS::make --no-print-directory seq_libs

TRACE::2025-05-12.12:15:27::SCWMssOS::"Running Make include in ps7_cortexa9_0/libsrc/coresightps_dcc_v1_10/src"

TRACE::2025-05-12.12:15:27::SCWMssOS::make -C ps7_cortexa9_0/libsrc/coresightps_dcc_v1_10/src -s include  "SHELL=CMD" "COMPILER=arm-none-eabi-gcc" "ASSEMBLER=arm-non
TRACE::2025-05-12.12:15:27::SCWMssOS::e-eabi-as" "ARCHIVER=arm-none-eabi-ar" "COMPILER_FLAGS=  -O2 -c" "EXTRA_COMPILER_FLAGS=-mcpu=cortex-a9 -mfpu=vfpv3 -mfloat-abi=
TRACE::2025-05-12.12:15:27::SCWMssOS::hard -nostartfiles -g -Wall -Wextra -fno-tree-loop-distribute-patterns"

TRACE::2025-05-12.12:15:27::SCWMssOS::"Running Make include in ps7_cortexa9_0/libsrc/cpu_cortexa9_v2_12/src"

TRACE::2025-05-12.12:15:27::SCWMssOS::make -C ps7_cortexa9_0/libsrc/cpu_cortexa9_v2_12/src -s include  "SHELL=CMD" "COMPILER=arm-none-eabi-gcc" "ASSEMBLER=arm-none-e
TRACE::2025-05-12.12:15:27::SCWMssOS::abi-as" "ARCHIVER=arm-none-eabi-ar" "COMPILER_FLAGS=  -O2 -c" "EXTRA_COMPILER_FLAGS=-mcpu=cortex-a9 -mfpu=vfpv3 -mfloat-abi=har
TRACE::2025-05-12.12:15:27::SCWMssOS::d -nostartfiles -g -Wall -Wextra -fno-tree-loop-distribute-patterns"

TRACE::2025-05-12.12:15:27::SCWMssOS::"Running Make include in ps7_cortexa9_0/libsrc/ddrps_v1_2/src"

TRACE::2025-05-12.12:15:27::SCWMssOS::make -C ps7_cortexa9_0/libsrc/ddrps_v1_2/src -s include  "SHELL=CMD" "COMPILER=arm-none-eabi-gcc" "ASSEMBLER=arm-none-eabi-as" 
TRACE::2025-05-12.12:15:27::SCWMssOS::"ARCHIVER=arm-none-eabi-ar" "COMPILER_FLAGS=  -O2 -c" "EXTRA_COMPILER_FLAGS=-mcpu=cortex-a9 -mfpu=vfpv3 -mfloat-abi=hard -nosta
TRACE::2025-05-12.12:15:27::SCWMssOS::rtfiles -g -Wall -Wextra -fno-tree-loop-distribute-patterns"

TRACE::2025-05-12.12:15:27::SCWMssOS::"Running Make include in ps7_cortexa9_0/libsrc/devcfg_v3_8/src"

TRACE::2025-05-12.12:15:27::SCWMssOS::make -C ps7_cortexa9_0/libsrc/devcfg_v3_8/src -s include  "SHELL=CMD" "COMPILER=arm-none-eabi-gcc" "ASSEMBLER=arm-none-eabi-as"
TRACE::2025-05-12.12:15:27::SCWMssOS:: "ARCHIVER=arm-none-eabi-ar" "COMPILER_FLAGS=  -O2 -c" "EXTRA_COMPILER_FLAGS=-mcpu=cortex-a9 -mfpu=vfpv3 -mfloat-abi=hard -nost
TRACE::2025-05-12.12:15:27::SCWMssOS::artfiles -g -Wall -Wextra -fno-tree-loop-distribute-patterns"

TRACE::2025-05-12.12:15:27::SCWMssOS::"Running Make include in ps7_cortexa9_0/libsrc/dmaps_v2_10/src"

TRACE::2025-05-12.12:15:27::SCWMssOS::make -C ps7_cortexa9_0/libsrc/dmaps_v2_10/src -s include  "SHELL=CMD" "COMPILER=arm-none-eabi-gcc" "ASSEMBLER=arm-none-eabi-as"
TRACE::2025-05-12.12:15:27::SCWMssOS:: "ARCHIVER=arm-none-eabi-ar" "COMPILER_FLAGS=  -O2 -c" "EXTRA_COMPILER_FLAGS=-mcpu=cortex-a9 -mfpu=vfpv3 -mfloat-abi=hard -nost
TRACE::2025-05-12.12:15:27::SCWMssOS::artfiles -g -Wall -Wextra -fno-tree-loop-distribute-patterns"

TRACE::2025-05-12.12:15:27::SCWMssOS::"Running Make include in ps7_cortexa9_0/libsrc/emacps_v3_20/src"

TRACE::2025-05-12.12:15:27::SCWMssOS::make -C ps7_cortexa9_0/libsrc/emacps_v3_20/src -s include  "SHELL=CMD" "COMPILER=arm-none-eabi-gcc" "ASSEMBLER=arm-none-eabi-as
TRACE::2025-05-12.12:15:27::SCWMssOS::" "ARCHIVER=arm-none-eabi-ar" "COMPILER_FLAGS=  -O2 -c" "EXTRA_COMPILER_FLAGS=-mcpu=cortex-a9 -mfpu=vfpv3 -mfloat-abi=hard -nos
TRACE::2025-05-12.12:15:27::SCWMssOS::tartfiles -g -Wall -Wextra -fno-tree-loop-distribute-patterns"

TRACE::2025-05-12.12:15:27::SCWMssOS::"Running Make include in ps7_cortexa9_0/libsrc/gpiops_v3_13/src"

TRACE::2025-05-12.12:15:27::SCWMssOS::make -C ps7_cortexa9_0/libsrc/gpiops_v3_13/src -s include  "SHELL=CMD" "COMPILER=arm-none-eabi-gcc" "ASSEMBLER=arm-none-eabi-as
TRACE::2025-05-12.12:15:27::SCWMssOS::" "ARCHIVER=arm-none-eabi-ar" "COMPILER_FLAGS=  -O2 -c" "EXTRA_COMPILER_FLAGS=-mcpu=cortex-a9 -mfpu=vfpv3 -mfloat-abi=hard -nos
TRACE::2025-05-12.12:15:27::SCWMssOS::tartfiles -g -Wall -Wextra -fno-tree-loop-distribute-patterns"

TRACE::2025-05-12.12:15:27::SCWMssOS::"Running Make include in ps7_cortexa9_0/libsrc/gpio_v4_11/src"

TRACE::2025-05-12.12:15:27::SCWMssOS::make -C ps7_cortexa9_0/libsrc/gpio_v4_11/src -s include  "SHELL=CMD" "COMPILER=arm-none-eabi-gcc" "ASSEMBLER=arm-none-eabi-as" 
TRACE::2025-05-12.12:15:27::SCWMssOS::"ARCHIVER=arm-none-eabi-ar" "COMPILER_FLAGS=  -O2 -c" "EXTRA_COMPILER_FLAGS=-mcpu=cortex-a9 -mfpu=vfpv3 -mfloat-abi=hard -nosta
TRACE::2025-05-12.12:15:27::SCWMssOS::rtfiles -g -Wall -Wextra -fno-tree-loop-distribute-patterns"

TRACE::2025-05-12.12:15:27::SCWMssOS::"Running Make include in ps7_cortexa9_0/libsrc/iicps_v3_19/src"

TRACE::2025-05-12.12:15:27::SCWMssOS::make -C ps7_cortexa9_0/libsrc/iicps_v3_19/src -s include  "SHELL=CMD" "COMPILER=arm-none-eabi-gcc" "ASSEMBLER=arm-none-eabi-as"
TRACE::2025-05-12.12:15:27::SCWMssOS:: "ARCHIVER=arm-none-eabi-ar" "COMPILER_FLAGS=  -O2 -c" "EXTRA_COMPILER_FLAGS=-mcpu=cortex-a9 -mfpu=vfpv3 -mfloat-abi=hard -nost
TRACE::2025-05-12.12:15:27::SCWMssOS::artfiles -g -Wall -Wextra -fno-tree-loop-distribute-patterns"

TRACE::2025-05-12.12:15:27::SCWMssOS::"Running Make include in ps7_cortexa9_0/libsrc/iic_v3_11/src"

TRACE::2025-05-12.12:15:27::SCWMssOS::make -C ps7_cortexa9_0/libsrc/iic_v3_11/src -s include  "SHELL=CMD" "COMPILER=arm-none-eabi-gcc" "ASSEMBLER=arm-none-eabi-as" "
TRACE::2025-05-12.12:15:27::SCWMssOS::ARCHIVER=arm-none-eabi-ar" "COMPILER_FLAGS=  -O2 -c" "EXTRA_COMPILER_FLAGS=-mcpu=cortex-a9 -mfpu=vfpv3 -mfloat-abi=hard -nostar
TRACE::2025-05-12.12:15:27::SCWMssOS::tfiles -g -Wall -Wextra -fno-tree-loop-distribute-patterns"

TRACE::2025-05-12.12:15:28::SCWMssOS::"Running Make include in ps7_cortexa9_0/libsrc/qspips_v3_12/src"

TRACE::2025-05-12.12:15:28::SCWMssOS::make -C ps7_cortexa9_0/libsrc/qspips_v3_12/src -s include  "SHELL=CMD" "COMPILER=arm-none-eabi-gcc" "ASSEMBLER=arm-none-eabi-as
TRACE::2025-05-12.12:15:28::SCWMssOS::" "ARCHIVER=arm-none-eabi-ar" "COMPILER_FLAGS=  -O2 -c" "EXTRA_COMPILER_FLAGS=-mcpu=cortex-a9 -mfpu=vfpv3 -mfloat-abi=hard -nos
TRACE::2025-05-12.12:15:28::SCWMssOS::tartfiles -g -Wall -Wextra -fno-tree-loop-distribute-patterns"

TRACE::2025-05-12.12:15:28::SCWMssOS::"Running Make include in ps7_cortexa9_0/libsrc/scugic_v5_3/src"

TRACE::2025-05-12.12:15:28::SCWMssOS::make -C ps7_cortexa9_0/libsrc/scugic_v5_3/src -s include  "SHELL=CMD" "COMPILER=arm-none-eabi-gcc" "ASSEMBLER=arm-none-eabi-as"
TRACE::2025-05-12.12:15:28::SCWMssOS:: "ARCHIVER=arm-none-eabi-ar" "COMPILER_FLAGS=  -O2 -c" "EXTRA_COMPILER_FLAGS=-mcpu=cortex-a9 -mfpu=vfpv3 -mfloat-abi=hard -nost
TRACE::2025-05-12.12:15:28::SCWMssOS::artfiles -g -Wall -Wextra -fno-tree-loop-distribute-patterns"

TRACE::2025-05-12.12:15:28::SCWMssOS::"Running Make include in ps7_cortexa9_0/libsrc/scutimer_v2_6/src"

TRACE::2025-05-12.12:15:28::SCWMssOS::make -C ps7_cortexa9_0/libsrc/scutimer_v2_6/src -s include  "SHELL=CMD" "COMPILER=arm-none-eabi-gcc" "ASSEMBLER=arm-none-eabi-a
TRACE::2025-05-12.12:15:28::SCWMssOS::s" "ARCHIVER=arm-none-eabi-ar" "COMPILER_FLAGS=  -O2 -c" "EXTRA_COMPILER_FLAGS=-mcpu=cortex-a9 -mfpu=vfpv3 -mfloat-abi=hard -no
TRACE::2025-05-12.12:15:28::SCWMssOS::startfiles -g -Wall -Wextra -fno-tree-loop-distribute-patterns"

TRACE::2025-05-12.12:15:28::SCWMssOS::"Running Make include in ps7_cortexa9_0/libsrc/scuwdt_v2_5/src"

TRACE::2025-05-12.12:15:28::SCWMssOS::make -C ps7_cortexa9_0/libsrc/scuwdt_v2_5/src -s include  "SHELL=CMD" "COMPILER=arm-none-eabi-gcc" "ASSEMBLER=arm-none-eabi-as"
TRACE::2025-05-12.12:15:28::SCWMssOS:: "ARCHIVER=arm-none-eabi-ar" "COMPILER_FLAGS=  -O2 -c" "EXTRA_COMPILER_FLAGS=-mcpu=cortex-a9 -mfpu=vfpv3 -mfloat-abi=hard -nost
TRACE::2025-05-12.12:15:28::SCWMssOS::artfiles -g -Wall -Wextra -fno-tree-loop-distribute-patterns"

TRACE::2025-05-12.12:15:28::SCWMssOS::"Running Make include in ps7_cortexa9_0/libsrc/sdps_v4_3/src"

TRACE::2025-05-12.12:15:28::SCWMssOS::make -C ps7_cortexa9_0/libsrc/sdps_v4_3/src -s include  "SHELL=CMD" "COMPILER=arm-none-eabi-gcc" "ASSEMBLER=arm-none-eabi-as" "
TRACE::2025-05-12.12:15:28::SCWMssOS::ARCHIVER=arm-none-eabi-ar" "COMPILER_FLAGS=  -O2 -c" "EXTRA_COMPILER_FLAGS=-mcpu=cortex-a9 -mfpu=vfpv3 -mfloat-abi=hard -nostar
TRACE::2025-05-12.12:15:28::SCWMssOS::tfiles -g -Wall -Wextra -fno-tree-loop-distribute-patterns"

TRACE::2025-05-12.12:15:28::SCWMssOS::"Running Make include in ps7_cortexa9_0/libsrc/SpeedSensor_v1_0/src"

TRACE::2025-05-12.12:15:28::SCWMssOS::make -C ps7_cortexa9_0/libsrc/SpeedSensor_v1_0/src -s include  "SHELL=CMD" "COMPILER=arm-none-eabi-gcc" "ASSEMBLER=arm-none-eab
TRACE::2025-05-12.12:15:28::SCWMssOS::i-as" "ARCHIVER=arm-none-eabi-ar" "COMPILER_FLAGS=  -O2 -c" "EXTRA_COMPILER_FLAGS=-mcpu=cortex-a9 -mfpu=vfpv3 -mfloat-abi=hard 
TRACE::2025-05-12.12:15:28::SCWMssOS::-nostartfiles -g -Wall -Wextra -fno-tree-loop-distribute-patterns"

TRACE::2025-05-12.12:15:28::SCWMssOS::"Running Make include in ps7_cortexa9_0/libsrc/standalone_v9_1/src"

TRACE::2025-05-12.12:15:28::SCWMssOS::make -C ps7_cortexa9_0/libsrc/standalone_v9_1/src -s include  "SHELL=CMD" "COMPILER=arm-none-eabi-gcc" "ASSEMBLER=arm-none-eabi
TRACE::2025-05-12.12:15:28::SCWMssOS::-as" "ARCHIVER=arm-none-eabi-ar" "COMPILER_FLAGS=  -O2 -c" "EXTRA_COMPILER_FLAGS=-mcpu=cortex-a9 -mfpu=vfpv3 -mfloat-abi=hard -
TRACE::2025-05-12.12:15:28::SCWMssOS::nostartfiles -g -Wall -Wextra -fno-tree-loop-distribute-patterns"

TRACE::2025-05-12.12:15:29::SCWMssOS::"Running Make include in ps7_cortexa9_0/libsrc/tmrctr_v4_12/src"

TRACE::2025-05-12.12:15:29::SCWMssOS::make -C ps7_cortexa9_0/libsrc/tmrctr_v4_12/src -s include  "SHELL=CMD" "COMPILER=arm-none-eabi-gcc" "ASSEMBLER=arm-none-eabi-as
TRACE::2025-05-12.12:15:29::SCWMssOS::" "ARCHIVER=arm-none-eabi-ar" "COMPILER_FLAGS=  -O2 -c" "EXTRA_COMPILER_FLAGS=-mcpu=cortex-a9 -mfpu=vfpv3 -mfloat-abi=hard -nos
TRACE::2025-05-12.12:15:29::SCWMssOS::tartfiles -g -Wall -Wextra -fno-tree-loop-distribute-patterns"

TRACE::2025-05-12.12:15:29::SCWMssOS::"Running Make include in ps7_cortexa9_0/libsrc/uartps_v3_14/src"

TRACE::2025-05-12.12:15:29::SCWMssOS::make -C ps7_cortexa9_0/libsrc/uartps_v3_14/src -s include  "SHELL=CMD" "COMPILER=arm-none-eabi-gcc" "ASSEMBLER=arm-none-eabi-as
TRACE::2025-05-12.12:15:29::SCWMssOS::" "ARCHIVER=arm-none-eabi-ar" "COMPILER_FLAGS=  -O2 -c" "EXTRA_COMPILER_FLAGS=-mcpu=cortex-a9 -mfpu=vfpv3 -mfloat-abi=hard -nos
TRACE::2025-05-12.12:15:29::SCWMssOS::tartfiles -g -Wall -Wextra -fno-tree-loop-distribute-patterns"

TRACE::2025-05-12.12:15:29::SCWMssOS::"Running Make include in ps7_cortexa9_0/libsrc/ultrasoon_v1_0/src"

TRACE::2025-05-12.12:15:29::SCWMssOS::make -C ps7_cortexa9_0/libsrc/ultrasoon_v1_0/src -s include  "SHELL=CMD" "COMPILER=arm-none-eabi-gcc" "ASSEMBLER=arm-none-eabi-
TRACE::2025-05-12.12:15:29::SCWMssOS::as" "ARCHIVER=arm-none-eabi-ar" "COMPILER_FLAGS=  -O2 -c" "EXTRA_COMPILER_FLAGS=-mcpu=cortex-a9 -mfpu=vfpv3 -mfloat-abi=hard -n
TRACE::2025-05-12.12:15:29::SCWMssOS::ostartfiles -g -Wall -Wextra -fno-tree-loop-distribute-patterns"

TRACE::2025-05-12.12:15:29::SCWMssOS::"Running Make include in ps7_cortexa9_0/libsrc/usbps_v2_9/src"

TRACE::2025-05-12.12:15:29::SCWMssOS::make -C ps7_cortexa9_0/libsrc/usbps_v2_9/src -s include  "SHELL=CMD" "COMPILER=arm-none-eabi-gcc" "ASSEMBLER=arm-none-eabi-as" 
TRACE::2025-05-12.12:15:29::SCWMssOS::"ARCHIVER=arm-none-eabi-ar" "COMPILER_FLAGS=  -O2 -c" "EXTRA_COMPILER_FLAGS=-mcpu=cortex-a9 -mfpu=vfpv3 -mfloat-abi=hard -nosta
TRACE::2025-05-12.12:15:29::SCWMssOS::rtfiles -g -Wall -Wextra -fno-tree-loop-distribute-patterns"

TRACE::2025-05-12.12:15:29::SCWMssOS::"Running Make include in ps7_cortexa9_0/libsrc/xadcps_v2_7/src"

TRACE::2025-05-12.12:15:29::SCWMssOS::make -C ps7_cortexa9_0/libsrc/xadcps_v2_7/src -s include  "SHELL=CMD" "COMPILER=arm-none-eabi-gcc" "ASSEMBLER=arm-none-eabi-as"
TRACE::2025-05-12.12:15:29::SCWMssOS:: "ARCHIVER=arm-none-eabi-ar" "COMPILER_FLAGS=  -O2 -c" "EXTRA_COMPILER_FLAGS=-mcpu=cortex-a9 -mfpu=vfpv3 -mfloat-abi=hard -nost
TRACE::2025-05-12.12:15:29::SCWMssOS::artfiles -g -Wall -Wextra -fno-tree-loop-distribute-patterns"

TRACE::2025-05-12.12:15:29::SCWMssOS::"Running Make libs in ps7_cortexa9_0/libsrc/SpeedSensor_v1_0/src"

TRACE::2025-05-12.12:15:29::SCWMssOS::make -C ps7_cortexa9_0/libsrc/SpeedSensor_v1_0/src -s libs  "SHELL=CMD" "COMPILER=arm-none-eabi-gcc" "ASSEMBLER=arm-none-eabi-a
TRACE::2025-05-12.12:15:29::SCWMssOS::s" "ARCHIVER=arm-none-eabi-ar" "COMPILER_FLAGS=  -O2 -c" "EXTRA_COMPILER_FLAGS=-mcpu=cortex-a9 -mfpu=vfpv3 -mfloat-abi=hard -no
TRACE::2025-05-12.12:15:29::SCWMssOS::startfiles -g -Wall -Wextra -fno-tree-loop-distribute-patterns"

TRACE::2025-05-12.12:15:30::SCWMssOS::"Running Make libs in ps7_cortexa9_0/libsrc/ultrasoon_v1_0/src"

TRACE::2025-05-12.12:15:30::SCWMssOS::make -C ps7_cortexa9_0/libsrc/ultrasoon_v1_0/src -s libs  "SHELL=CMD" "COMPILER=arm-none-eabi-gcc" "ASSEMBLER=arm-none-eabi-as"
TRACE::2025-05-12.12:15:30::SCWMssOS:: "ARCHIVER=arm-none-eabi-ar" "COMPILER_FLAGS=  -O2 -c" "EXTRA_COMPILER_FLAGS=-mcpu=cortex-a9 -mfpu=vfpv3 -mfloat-abi=hard -nost
TRACE::2025-05-12.12:15:30::SCWMssOS::artfiles -g -Wall -Wextra -fno-tree-loop-distribute-patterns"

TRACE::2025-05-12.12:15:30::SCWMssOS::'Finished building libraries sequentially.'

TRACE::2025-05-12.12:15:30::SCWMssOS::make -j 10 --no-print-directory par_libs

TRACE::2025-05-12.12:15:30::SCWMssOS::"Running Make include in ps7_cortexa9_0/libsrc/coresightps_dcc_v1_10/src"

TRACE::2025-05-12.12:15:30::SCWMssOS::make -C ps7_cortexa9_0/libsrc/coresightps_dcc_v1_10/src -s include  "SHELL=CMD" "COMPILER=arm-none-eabi-gcc" "ASSEMBLER=arm-non
TRACE::2025-05-12.12:15:30::SCWMssOS::e-eabi-as" "ARCHIVER=arm-none-eabi-ar" "COMPILER_FLAGS=  -O2 -c" "EXTRA_COMPILER_FLAGS=-mcpu=cortex-a9 -mfpu=vfpv3 -mfloat-abi=
TRACE::2025-05-12.12:15:30::SCWMssOS::hard -nostartfiles -g -Wall -Wextra -fno-tree-loop-distribute-patterns"

TRACE::2025-05-12.12:15:30::SCWMssOS::"Running Make include in ps7_cortexa9_0/libsrc/cpu_cortexa9_v2_12/src"

TRACE::2025-05-12.12:15:30::SCWMssOS::make -C ps7_cortexa9_0/libsrc/cpu_cortexa9_v2_12/src -s include  "SHELL=CMD" "COMPILER=arm-none-eabi-gcc" "ASSEMBLER=arm-none-e
TRACE::2025-05-12.12:15:30::SCWMssOS::abi-as" "ARCHIVER=arm-none-eabi-ar" "COMPILER_FLAGS=  -O2 -c" "EXTRA_COMPILER_FLAGS=-mcpu=cortex-a9 -mfpu=vfpv3 -mfloat-abi=har
TRACE::2025-05-12.12:15:30::SCWMssOS::d -nostartfiles -g -Wall -Wextra -fno-tree-loop-distribute-patterns"

TRACE::2025-05-12.12:15:30::SCWMssOS::"Running Make include in ps7_cortexa9_0/libsrc/ddrps_v1_2/src"

TRACE::2025-05-12.12:15:30::SCWMssOS::make -C ps7_cortexa9_0/libsrc/ddrps_v1_2/src -s include  "SHELL=CMD" "COMPILER=arm-none-eabi-gcc" "ASSEMBLER=arm-none-eabi-as" 
TRACE::2025-05-12.12:15:30::SCWMssOS::"ARCHIVER=arm-none-eabi-ar" "COMPILER_FLAGS=  -O2 -c" "EXTRA_COMPILER_FLAGS=-mcpu=cortex-a9 -mfpu=vfpv3 -mfloat-abi=hard -nosta
TRACE::2025-05-12.12:15:30::SCWMssOS::rtfiles -g -Wall -Wextra -fno-tree-loop-distribute-patterns"

TRACE::2025-05-12.12:15:30::SCWMssOS::"Running Make include in ps7_cortexa9_0/libsrc/devcfg_v3_8/src"

TRACE::2025-05-12.12:15:30::SCWMssOS::make -C ps7_cortexa9_0/libsrc/devcfg_v3_8/src -s include  "SHELL=CMD" "COMPILER=arm-none-eabi-gcc" "ASSEMBLER=arm-none-eabi-as"
TRACE::2025-05-12.12:15:30::SCWMssOS:: "ARCHIVER=arm-none-eabi-ar" "COMPILER_FLAGS=  -O2 -c" "EXTRA_COMPILER_FLAGS=-mcpu=cortex-a9 -mfpu=vfpv3 -mfloat-abi=hard -nost
TRACE::2025-05-12.12:15:30::SCWMssOS::artfiles -g -Wall -Wextra -fno-tree-loop-distribute-patterns"

TRACE::2025-05-12.12:15:30::SCWMssOS::"Running Make include in ps7_cortexa9_0/libsrc/dmaps_v2_10/src"

TRACE::2025-05-12.12:15:30::SCWMssOS::make -C ps7_cortexa9_0/libsrc/dmaps_v2_10/src -s include  "SHELL=CMD" "COMPILER=arm-none-eabi-gcc" "ASSEMBLER=arm-none-eabi-as"
TRACE::2025-05-12.12:15:30::SCWMssOS:: "ARCHIVER=arm-none-eabi-ar" "COMPILER_FLAGS=  -O2 -c" "EXTRA_COMPILER_FLAGS=-mcpu=cortex-a9 -mfpu=vfpv3 -mfloat-abi=hard -nost
TRACE::2025-05-12.12:15:30::SCWMssOS::artfiles -g -Wall -Wextra -fno-tree-loop-distribute-patterns"

TRACE::2025-05-12.12:15:30::SCWMssOS::"Running Make include in ps7_cortexa9_0/libsrc/emacps_v3_20/src"

TRACE::2025-05-12.12:15:30::SCWMssOS::make -C ps7_cortexa9_0/libsrc/emacps_v3_20/src -s include  "SHELL=CMD" "COMPILER=arm-none-eabi-gcc" "ASSEMBLER=arm-none-eabi-as
TRACE::2025-05-12.12:15:30::SCWMssOS::" "ARCHIVER=arm-none-eabi-ar" "COMPILER_FLAGS=  -O2 -c" "EXTRA_COMPILER_FLAGS=-mcpu=cortex-a9 -mfpu=vfpv3 -mfloat-abi=hard -nos
TRACE::2025-05-12.12:15:30::SCWMssOS::tartfiles -g -Wall -Wextra -fno-tree-loop-distribute-patterns"

TRACE::2025-05-12.12:15:30::SCWMssOS::"Running Make include in ps7_cortexa9_0/libsrc/gpiops_v3_13/src"

TRACE::2025-05-12.12:15:30::SCWMssOS::make -C ps7_cortexa9_0/libsrc/gpiops_v3_13/src -s include  "SHELL=CMD" "COMPILER=arm-none-eabi-gcc" "ASSEMBLER=arm-none-eabi-as
TRACE::2025-05-12.12:15:30::SCWMssOS::" "ARCHIVER=arm-none-eabi-ar" "COMPILER_FLAGS=  -O2 -c" "EXTRA_COMPILER_FLAGS=-mcpu=cortex-a9 -mfpu=vfpv3 -mfloat-abi=hard -nos
TRACE::2025-05-12.12:15:30::SCWMssOS::tartfiles -g -Wall -Wextra -fno-tree-loop-distribute-patterns"

TRACE::2025-05-12.12:15:30::SCWMssOS::"Running Make include in ps7_cortexa9_0/libsrc/gpio_v4_11/src"

TRACE::2025-05-12.12:15:30::SCWMssOS::make -C ps7_cortexa9_0/libsrc/gpio_v4_11/src -s include  "SHELL=CMD" "COMPILER=arm-none-eabi-gcc" "ASSEMBLER=arm-none-eabi-as" 
TRACE::2025-05-12.12:15:30::SCWMssOS::"ARCHIVER=arm-none-eabi-ar" "COMPILER_FLAGS=  -O2 -c" "EXTRA_COMPILER_FLAGS=-mcpu=cortex-a9 -mfpu=vfpv3 -mfloat-abi=hard -nosta
TRACE::2025-05-12.12:15:30::SCWMssOS::rtfiles -g -Wall -Wextra -fno-tree-loop-distribute-patterns"

TRACE::2025-05-12.12:15:30::SCWMssOS::"Running Make include in ps7_cortexa9_0/libsrc/iicps_v3_19/src"

TRACE::2025-05-12.12:15:30::SCWMssOS::make -C ps7_cortexa9_0/libsrc/iicps_v3_19/src -s include  "SHELL=CMD" "COMPILER=arm-none-eabi-gcc" "ASSEMBLER=arm-none-eabi-as"
TRACE::2025-05-12.12:15:30::SCWMssOS:: "ARCHIVER=arm-none-eabi-ar" "COMPILER_FLAGS=  -O2 -c" "EXTRA_COMPILER_FLAGS=-mcpu=cortex-a9 -mfpu=vfpv3 -mfloat-abi=hard -nost
TRACE::2025-05-12.12:15:30::SCWMssOS::artfiles -g -Wall -Wextra -fno-tree-loop-distribute-patterns"

TRACE::2025-05-12.12:15:30::SCWMssOS::"Running Make include in ps7_cortexa9_0/libsrc/iic_v3_11/src"

TRACE::2025-05-12.12:15:30::SCWMssOS::make -C ps7_cortexa9_0/libsrc/iic_v3_11/src -s include  "SHELL=CMD" "COMPILER=arm-none-eabi-gcc" "ASSEMBLER=arm-none-eabi-as" "
TRACE::2025-05-12.12:15:30::SCWMssOS::ARCHIVER=arm-none-eabi-ar" "COMPILER_FLAGS=  -O2 -c" "EXTRA_COMPILER_FLAGS=-mcpu=cortex-a9 -mfpu=vfpv3 -mfloat-abi=hard -nostar
TRACE::2025-05-12.12:15:30::SCWMssOS::tfiles -g -Wall -Wextra -fno-tree-loop-distribute-patterns"

TRACE::2025-05-12.12:15:30::SCWMssOS::"Running Make include in ps7_cortexa9_0/libsrc/qspips_v3_12/src"

TRACE::2025-05-12.12:15:30::SCWMssOS::make -C ps7_cortexa9_0/libsrc/qspips_v3_12/src -s include  "SHELL=CMD" "COMPILER=arm-none-eabi-gcc" "ASSEMBLER=arm-none-eabi-as
TRACE::2025-05-12.12:15:30::SCWMssOS::" "ARCHIVER=arm-none-eabi-ar" "COMPILER_FLAGS=  -O2 -c" "EXTRA_COMPILER_FLAGS=-mcpu=cortex-a9 -mfpu=vfpv3 -mfloat-abi=hard -nos
TRACE::2025-05-12.12:15:30::SCWMssOS::tartfiles -g -Wall -Wextra -fno-tree-loop-distribute-patterns"

TRACE::2025-05-12.12:15:30::SCWMssOS::"Running Make include in ps7_cortexa9_0/libsrc/scugic_v5_3/src"

TRACE::2025-05-12.12:15:30::SCWMssOS::make -C ps7_cortexa9_0/libsrc/scugic_v5_3/src -s include  "SHELL=CMD" "COMPILER=arm-none-eabi-gcc" "ASSEMBLER=arm-none-eabi-as"
TRACE::2025-05-12.12:15:30::SCWMssOS:: "ARCHIVER=arm-none-eabi-ar" "COMPILER_FLAGS=  -O2 -c" "EXTRA_COMPILER_FLAGS=-mcpu=cortex-a9 -mfpu=vfpv3 -mfloat-abi=hard -nost
TRACE::2025-05-12.12:15:30::SCWMssOS::artfiles -g -Wall -Wextra -fno-tree-loop-distribute-patterns"

TRACE::2025-05-12.12:15:30::SCWMssOS::"Running Make include in ps7_cortexa9_0/libsrc/scutimer_v2_6/src"

TRACE::2025-05-12.12:15:30::SCWMssOS::make -C ps7_cortexa9_0/libsrc/scutimer_v2_6/src -s include  "SHELL=CMD" "COMPILER=arm-none-eabi-gcc" "ASSEMBLER=arm-none-eabi-a
TRACE::2025-05-12.12:15:30::SCWMssOS::s" "ARCHIVER=arm-none-eabi-ar" "COMPILER_FLAGS=  -O2 -c" "EXTRA_COMPILER_FLAGS=-mcpu=cortex-a9 -mfpu=vfpv3 -mfloat-abi=hard -no
TRACE::2025-05-12.12:15:30::SCWMssOS::startfiles -g -Wall -Wextra -fno-tree-loop-distribute-patterns"

TRACE::2025-05-12.12:15:30::SCWMssOS::"Running Make include in ps7_cortexa9_0/libsrc/scuwdt_v2_5/src"

TRACE::2025-05-12.12:15:30::SCWMssOS::make -C ps7_cortexa9_0/libsrc/scuwdt_v2_5/src -s include  "SHELL=CMD" "COMPILER=arm-none-eabi-gcc" "ASSEMBLER=arm-none-eabi-as"
TRACE::2025-05-12.12:15:30::SCWMssOS:: "ARCHIVER=arm-none-eabi-ar" "COMPILER_FLAGS=  -O2 -c" "EXTRA_COMPILER_FLAGS=-mcpu=cortex-a9 -mfpu=vfpv3 -mfloat-abi=hard -nost
TRACE::2025-05-12.12:15:30::SCWMssOS::artfiles -g -Wall -Wextra -fno-tree-loop-distribute-patterns"

TRACE::2025-05-12.12:15:30::SCWMssOS::"Running Make include in ps7_cortexa9_0/libsrc/sdps_v4_3/src"

TRACE::2025-05-12.12:15:30::SCWMssOS::make -C ps7_cortexa9_0/libsrc/sdps_v4_3/src -s include  "SHELL=CMD" "COMPILER=arm-none-eabi-gcc" "ASSEMBLER=arm-none-eabi-as" "
TRACE::2025-05-12.12:15:30::SCWMssOS::ARCHIVER=arm-none-eabi-ar" "COMPILER_FLAGS=  -O2 -c" "EXTRA_COMPILER_FLAGS=-mcpu=cortex-a9 -mfpu=vfpv3 -mfloat-abi=hard -nostar
TRACE::2025-05-12.12:15:30::SCWMssOS::tfiles -g -Wall -Wextra -fno-tree-loop-distribute-patterns"

TRACE::2025-05-12.12:15:30::SCWMssOS::"Running Make include in ps7_cortexa9_0/libsrc/SpeedSensor_v1_0/src"

TRACE::2025-05-12.12:15:30::SCWMssOS::make -C ps7_cortexa9_0/libsrc/SpeedSensor_v1_0/src -s include  "SHELL=CMD" "COMPILER=arm-none-eabi-gcc" "ASSEMBLER=arm-none-eab
TRACE::2025-05-12.12:15:30::SCWMssOS::i-as" "ARCHIVER=arm-none-eabi-ar" "COMPILER_FLAGS=  -O2 -c" "EXTRA_COMPILER_FLAGS=-mcpu=cortex-a9 -mfpu=vfpv3 -mfloat-abi=hard 
TRACE::2025-05-12.12:15:30::SCWMssOS::-nostartfiles -g -Wall -Wextra -fno-tree-loop-distribute-patterns"

TRACE::2025-05-12.12:15:30::SCWMssOS::"Running Make include in ps7_cortexa9_0/libsrc/standalone_v9_1/src"

TRACE::2025-05-12.12:15:30::SCWMssOS::make -C ps7_cortexa9_0/libsrc/standalone_v9_1/src -s include  "SHELL=CMD" "COMPILER=arm-none-eabi-gcc" "ASSEMBLER=arm-none-eabi
TRACE::2025-05-12.12:15:30::SCWMssOS::-as" "ARCHIVER=arm-none-eabi-ar" "COMPILER_FLAGS=  -O2 -c" "EXTRA_COMPILER_FLAGS=-mcpu=cortex-a9 -mfpu=vfpv3 -mfloat-abi=hard -
TRACE::2025-05-12.12:15:30::SCWMssOS::nostartfiles -g -Wall -Wextra -fno-tree-loop-distribute-patterns"

TRACE::2025-05-12.12:15:30::SCWMssOS::"Running Make include in ps7_cortexa9_0/libsrc/tmrctr_v4_12/src"

TRACE::2025-05-12.12:15:30::SCWMssOS::make -C ps7_cortexa9_0/libsrc/tmrctr_v4_12/src -s include  "SHELL=CMD" "COMPILER=arm-none-eabi-gcc" "ASSEMBLER=arm-none-eabi-as
TRACE::2025-05-12.12:15:30::SCWMssOS::" "ARCHIVER=arm-none-eabi-ar" "COMPILER_FLAGS=  -O2 -c" "EXTRA_COMPILER_FLAGS=-mcpu=cortex-a9 -mfpu=vfpv3 -mfloat-abi=hard -nos
TRACE::2025-05-12.12:15:30::SCWMssOS::tartfiles -g -Wall -Wextra -fno-tree-loop-distribute-patterns"

TRACE::2025-05-12.12:15:30::SCWMssOS::"Running Make include in ps7_cortexa9_0/libsrc/uartps_v3_14/src"

TRACE::2025-05-12.12:15:30::SCWMssOS::make -C ps7_cortexa9_0/libsrc/uartps_v3_14/src -s include  "SHELL=CMD" "COMPILER=arm-none-eabi-gcc" "ASSEMBLER=arm-none-eabi-as
TRACE::2025-05-12.12:15:30::SCWMssOS::" "ARCHIVER=arm-none-eabi-ar" "COMPILER_FLAGS=  -O2 -c" "EXTRA_COMPILER_FLAGS=-mcpu=cortex-a9 -mfpu=vfpv3 -mfloat-abi=hard -nos
TRACE::2025-05-12.12:15:30::SCWMssOS::tartfiles -g -Wall -Wextra -fno-tree-loop-distribute-patterns"

TRACE::2025-05-12.12:15:30::SCWMssOS::"Running Make include in ps7_cortexa9_0/libsrc/ultrasoon_v1_0/src"

TRACE::2025-05-12.12:15:31::SCWMssOS::make -C ps7_cortexa9_0/libsrc/ultrasoon_v1_0/src -s include  "SHELL=CMD" "COMPILER=arm-none-eabi-gcc" "ASSEMBLER=arm-none-eabi-
TRACE::2025-05-12.12:15:31::SCWMssOS::as" "ARCHIVER=arm-none-eabi-ar" "COMPILER_FLAGS=  -O2 -c" "EXTRA_COMPILER_FLAGS=-mcpu=cortex-a9 -mfpu=vfpv3 -mfloat-abi=hard -n
TRACE::2025-05-12.12:15:31::SCWMssOS::ostartfiles -g -Wall -Wextra -fno-tree-loop-distribute-patterns"

TRACE::2025-05-12.12:15:31::SCWMssOS::"Running Make include in ps7_cortexa9_0/libsrc/usbps_v2_9/src"

TRACE::2025-05-12.12:15:31::SCWMssOS::make -C ps7_cortexa9_0/libsrc/usbps_v2_9/src -s include  "SHELL=CMD" "COMPILER=arm-none-eabi-gcc" "ASSEMBLER=arm-none-eabi-as" 
TRACE::2025-05-12.12:15:31::SCWMssOS::"ARCHIVER=arm-none-eabi-ar" "COMPILER_FLAGS=  -O2 -c" "EXTRA_COMPILER_FLAGS=-mcpu=cortex-a9 -mfpu=vfpv3 -mfloat-abi=hard -nosta
TRACE::2025-05-12.12:15:31::SCWMssOS::rtfiles -g -Wall -Wextra -fno-tree-loop-distribute-patterns"

TRACE::2025-05-12.12:15:31::SCWMssOS::"Running Make include in ps7_cortexa9_0/libsrc/xadcps_v2_7/src"

TRACE::2025-05-12.12:15:31::SCWMssOS::make -C ps7_cortexa9_0/libsrc/xadcps_v2_7/src -s include  "SHELL=CMD" "COMPILER=arm-none-eabi-gcc" "ASSEMBLER=arm-none-eabi-as"
TRACE::2025-05-12.12:15:31::SCWMssOS:: "ARCHIVER=arm-none-eabi-ar" "COMPILER_FLAGS=  -O2 -c" "EXTRA_COMPILER_FLAGS=-mcpu=cortex-a9 -mfpu=vfpv3 -mfloat-abi=hard -nost
TRACE::2025-05-12.12:15:31::SCWMssOS::artfiles -g -Wall -Wextra -fno-tree-loop-distribute-patterns"

TRACE::2025-05-12.12:15:31::SCWMssOS::"Running Make libs in ps7_cortexa9_0/libsrc/coresightps_dcc_v1_10/src"

TRACE::2025-05-12.12:15:31::SCWMssOS::make -C ps7_cortexa9_0/libsrc/coresightps_dcc_v1_10/src -s libs  "SHELL=CMD" "COMPILER=arm-none-eabi-gcc" "ASSEMBLER=arm-none-e
TRACE::2025-05-12.12:15:31::SCWMssOS::abi-as" "ARCHIVER=arm-none-eabi-ar" "COMPILER_FLAGS=  -O2 -c" "EXTRA_COMPILER_FLAGS=-mcpu=cortex-a9 -mfpu=vfpv3 -mfloat-abi=har
TRACE::2025-05-12.12:15:31::SCWMssOS::d -nostartfiles -g -Wall -Wextra -fno-tree-loop-distribute-patterns"

TRACE::2025-05-12.12:15:31::SCWMssOS::"Running Make libs in ps7_cortexa9_0/libsrc/cpu_cortexa9_v2_12/src"

TRACE::2025-05-12.12:15:31::SCWMssOS::make -C ps7_cortexa9_0/libsrc/cpu_cortexa9_v2_12/src -s libs  "SHELL=CMD" "COMPILER=arm-none-eabi-gcc" "ASSEMBLER=arm-none-eabi
TRACE::2025-05-12.12:15:31::SCWMssOS::-as" "ARCHIVER=arm-none-eabi-ar" "COMPILER_FLAGS=  -O2 -c" "EXTRA_COMPILER_FLAGS=-mcpu=cortex-a9 -mfpu=vfpv3 -mfloat-abi=hard -
TRACE::2025-05-12.12:15:31::SCWMssOS::nostartfiles -g -Wall -Wextra -fno-tree-loop-distribute-patterns"

TRACE::2025-05-12.12:15:31::SCWMssOS::"Running Make libs in ps7_cortexa9_0/libsrc/ddrps_v1_2/src"

TRACE::2025-05-12.12:15:31::SCWMssOS::make -C ps7_cortexa9_0/libsrc/ddrps_v1_2/src -s libs  "SHELL=CMD" "COMPILER=arm-none-eabi-gcc" "ASSEMBLER=arm-none-eabi-as" "AR
TRACE::2025-05-12.12:15:31::SCWMssOS::CHIVER=arm-none-eabi-ar" "COMPILER_FLAGS=  -O2 -c" "EXTRA_COMPILER_FLAGS=-mcpu=cortex-a9 -mfpu=vfpv3 -mfloat-abi=hard -nostartf
TRACE::2025-05-12.12:15:31::SCWMssOS::iles -g -Wall -Wextra -fno-tree-loop-distribute-patterns"

TRACE::2025-05-12.12:15:31::SCWMssOS::"Running Make libs in ps7_cortexa9_0/libsrc/devcfg_v3_8/src"

TRACE::2025-05-12.12:15:31::SCWMssOS::make -C ps7_cortexa9_0/libsrc/devcfg_v3_8/src -s libs  "SHELL=CMD" "COMPILER=arm-none-eabi-gcc" "ASSEMBLER=arm-none-eabi-as" "A
TRACE::2025-05-12.12:15:31::SCWMssOS::RCHIVER=arm-none-eabi-ar" "COMPILER_FLAGS=  -O2 -c" "EXTRA_COMPILER_FLAGS=-mcpu=cortex-a9 -mfpu=vfpv3 -mfloat-abi=hard -nostart
TRACE::2025-05-12.12:15:31::SCWMssOS::files -g -Wall -Wextra -fno-tree-loop-distribute-patterns"

TRACE::2025-05-12.12:15:31::SCWMssOS::"Running Make libs in ps7_cortexa9_0/libsrc/dmaps_v2_10/src"

TRACE::2025-05-12.12:15:31::SCWMssOS::make -C ps7_cortexa9_0/libsrc/dmaps_v2_10/src -s libs  "SHELL=CMD" "COMPILER=arm-none-eabi-gcc" "ASSEMBLER=arm-none-eabi-as" "A
TRACE::2025-05-12.12:15:31::SCWMssOS::RCHIVER=arm-none-eabi-ar" "COMPILER_FLAGS=  -O2 -c" "EXTRA_COMPILER_FLAGS=-mcpu=cortex-a9 -mfpu=vfpv3 -mfloat-abi=hard -nostart
TRACE::2025-05-12.12:15:31::SCWMssOS::files -g -Wall -Wextra -fno-tree-loop-distribute-patterns"

TRACE::2025-05-12.12:15:31::SCWMssOS::"Running Make libs in ps7_cortexa9_0/libsrc/emacps_v3_20/src"

TRACE::2025-05-12.12:15:31::SCWMssOS::make -C ps7_cortexa9_0/libsrc/emacps_v3_20/src -s libs  "SHELL=CMD" "COMPILER=arm-none-eabi-gcc" "ASSEMBLER=arm-none-eabi-as" "
TRACE::2025-05-12.12:15:31::SCWMssOS::ARCHIVER=arm-none-eabi-ar" "COMPILER_FLAGS=  -O2 -c" "EXTRA_COMPILER_FLAGS=-mcpu=cortex-a9 -mfpu=vfpv3 -mfloat-abi=hard -nostar
TRACE::2025-05-12.12:15:31::SCWMssOS::tfiles -g -Wall -Wextra -fno-tree-loop-distribute-patterns"

TRACE::2025-05-12.12:15:31::SCWMssOS::"Running Make libs in ps7_cortexa9_0/libsrc/gpiops_v3_13/src"

TRACE::2025-05-12.12:15:31::SCWMssOS::make -C ps7_cortexa9_0/libsrc/gpiops_v3_13/src -s libs  "SHELL=CMD" "COMPILER=arm-none-eabi-gcc" "ASSEMBLER=arm-none-eabi-as" "
TRACE::2025-05-12.12:15:31::SCWMssOS::ARCHIVER=arm-none-eabi-ar" "COMPILER_FLAGS=  -O2 -c" "EXTRA_COMPILER_FLAGS=-mcpu=cortex-a9 -mfpu=vfpv3 -mfloat-abi=hard -nostar
TRACE::2025-05-12.12:15:31::SCWMssOS::tfiles -g -Wall -Wextra -fno-tree-loop-distribute-patterns"

TRACE::2025-05-12.12:15:31::SCWMssOS::"Running Make libs in ps7_cortexa9_0/libsrc/gpio_v4_11/src"

TRACE::2025-05-12.12:15:31::SCWMssOS::make -C ps7_cortexa9_0/libsrc/gpio_v4_11/src -s libs  "SHELL=CMD" "COMPILER=arm-none-eabi-gcc" "ASSEMBLER=arm-none-eabi-as" "AR
TRACE::2025-05-12.12:15:31::SCWMssOS::CHIVER=arm-none-eabi-ar" "COMPILER_FLAGS=  -O2 -c" "EXTRA_COMPILER_FLAGS=-mcpu=cortex-a9 -mfpu=vfpv3 -mfloat-abi=hard -nostartf
TRACE::2025-05-12.12:15:31::SCWMssOS::iles -g -Wall -Wextra -fno-tree-loop-distribute-patterns"

TRACE::2025-05-12.12:15:31::SCWMssOS::"Running Make libs in ps7_cortexa9_0/libsrc/iicps_v3_19/src"

TRACE::2025-05-12.12:15:31::SCWMssOS::make -C ps7_cortexa9_0/libsrc/iicps_v3_19/src -s libs  "SHELL=CMD" "COMPILER=arm-none-eabi-gcc" "ASSEMBLER=arm-none-eabi-as" "A
TRACE::2025-05-12.12:15:31::SCWMssOS::RCHIVER=arm-none-eabi-ar" "COMPILER_FLAGS=  -O2 -c" "EXTRA_COMPILER_FLAGS=-mcpu=cortex-a9 -mfpu=vfpv3 -mfloat-abi=hard -nostart
TRACE::2025-05-12.12:15:31::SCWMssOS::files -g -Wall -Wextra -fno-tree-loop-distribute-patterns"

TRACE::2025-05-12.12:15:31::SCWMssOS::"Running Make libs in ps7_cortexa9_0/libsrc/iic_v3_11/src"

TRACE::2025-05-12.12:15:31::SCWMssOS::make -C ps7_cortexa9_0/libsrc/iic_v3_11/src -s libs  "SHELL=CMD" "COMPILER=arm-none-eabi-gcc" "ASSEMBLER=arm-none-eabi-as" "ARC
TRACE::2025-05-12.12:15:31::SCWMssOS::HIVER=arm-none-eabi-ar" "COMPILER_FLAGS=  -O2 -c" "EXTRA_COMPILER_FLAGS=-mcpu=cortex-a9 -mfpu=vfpv3 -mfloat-abi=hard -nostartfi
TRACE::2025-05-12.12:15:31::SCWMssOS::les -g -Wall -Wextra -fno-tree-loop-distribute-patterns"

TRACE::2025-05-12.12:15:32::SCWMssOS::"Running Make libs in ps7_cortexa9_0/libsrc/qspips_v3_12/src"

TRACE::2025-05-12.12:15:32::SCWMssOS::make -C ps7_cortexa9_0/libsrc/qspips_v3_12/src -s libs  "SHELL=CMD" "COMPILER=arm-none-eabi-gcc" "ASSEMBLER=arm-none-eabi-as" "
TRACE::2025-05-12.12:15:32::SCWMssOS::ARCHIVER=arm-none-eabi-ar" "COMPILER_FLAGS=  -O2 -c" "EXTRA_COMPILER_FLAGS=-mcpu=cortex-a9 -mfpu=vfpv3 -mfloat-abi=hard -nostar
TRACE::2025-05-12.12:15:32::SCWMssOS::tfiles -g -Wall -Wextra -fno-tree-loop-distribute-patterns"

TRACE::2025-05-12.12:15:32::SCWMssOS::"Running Make libs in ps7_cortexa9_0/libsrc/scugic_v5_3/src"

TRACE::2025-05-12.12:15:32::SCWMssOS::make -C ps7_cortexa9_0/libsrc/scugic_v5_3/src -s libs  "SHELL=CMD" "COMPILER=arm-none-eabi-gcc" "ASSEMBLER=arm-none-eabi-as" "A
TRACE::2025-05-12.12:15:32::SCWMssOS::RCHIVER=arm-none-eabi-ar" "COMPILER_FLAGS=  -O2 -c" "EXTRA_COMPILER_FLAGS=-mcpu=cortex-a9 -mfpu=vfpv3 -mfloat-abi=hard -nostart
TRACE::2025-05-12.12:15:32::SCWMssOS::files -g -Wall -Wextra -fno-tree-loop-distribute-patterns"

TRACE::2025-05-12.12:15:32::SCWMssOS::"Running Make libs in ps7_cortexa9_0/libsrc/scutimer_v2_6/src"

TRACE::2025-05-12.12:15:32::SCWMssOS::make -C ps7_cortexa9_0/libsrc/scutimer_v2_6/src -s libs  "SHELL=CMD" "COMPILER=arm-none-eabi-gcc" "ASSEMBLER=arm-none-eabi-as" 
TRACE::2025-05-12.12:15:32::SCWMssOS::"ARCHIVER=arm-none-eabi-ar" "COMPILER_FLAGS=  -O2 -c" "EXTRA_COMPILER_FLAGS=-mcpu=cortex-a9 -mfpu=vfpv3 -mfloat-abi=hard -nosta
TRACE::2025-05-12.12:15:32::SCWMssOS::rtfiles -g -Wall -Wextra -fno-tree-loop-distribute-patterns"

TRACE::2025-05-12.12:15:33::SCWMssOS::"Running Make libs in ps7_cortexa9_0/libsrc/scuwdt_v2_5/src"

TRACE::2025-05-12.12:15:33::SCWMssOS::make -C ps7_cortexa9_0/libsrc/scuwdt_v2_5/src -s libs  "SHELL=CMD" "COMPILER=arm-none-eabi-gcc" "ASSEMBLER=arm-none-eabi-as" "A
TRACE::2025-05-12.12:15:33::SCWMssOS::RCHIVER=arm-none-eabi-ar" "COMPILER_FLAGS=  -O2 -c" "EXTRA_COMPILER_FLAGS=-mcpu=cortex-a9 -mfpu=vfpv3 -mfloat-abi=hard -nostart
TRACE::2025-05-12.12:15:33::SCWMssOS::files -g -Wall -Wextra -fno-tree-loop-distribute-patterns"

TRACE::2025-05-12.12:15:33::SCWMssOS::"Running Make libs in ps7_cortexa9_0/libsrc/sdps_v4_3/src"

TRACE::2025-05-12.12:15:33::SCWMssOS::make -C ps7_cortexa9_0/libsrc/sdps_v4_3/src -s libs  "SHELL=CMD" "COMPILER=arm-none-eabi-gcc" "ASSEMBLER=arm-none-eabi-as" "ARC
TRACE::2025-05-12.12:15:33::SCWMssOS::HIVER=arm-none-eabi-ar" "COMPILER_FLAGS=  -O2 -c" "EXTRA_COMPILER_FLAGS=-mcpu=cortex-a9 -mfpu=vfpv3 -mfloat-abi=hard -nostartfi
TRACE::2025-05-12.12:15:33::SCWMssOS::les -g -Wall -Wextra -fno-tree-loop-distribute-patterns"

TRACE::2025-05-12.12:15:33::SCWMssOS::"Running Make libs in ps7_cortexa9_0/libsrc/standalone_v9_1/src"

TRACE::2025-05-12.12:15:33::SCWMssOS::make -C ps7_cortexa9_0/libsrc/standalone_v9_1/src -s libs  "SHELL=CMD" "COMPILER=arm-none-eabi-gcc" "ASSEMBLER=arm-none-eabi-as
TRACE::2025-05-12.12:15:33::SCWMssOS::" "ARCHIVER=arm-none-eabi-ar" "COMPILER_FLAGS=  -O2 -c" "EXTRA_COMPILER_FLAGS=-mcpu=cortex-a9 -mfpu=vfpv3 -mfloat-abi=hard -nos
TRACE::2025-05-12.12:15:33::SCWMssOS::tartfiles -g -Wall -Wextra -fno-tree-loop-distribute-patterns"

TRACE::2025-05-12.12:15:33::SCWMssOS::"Running Make libs in ps7_cortexa9_0/libsrc/tmrctr_v4_12/src"

TRACE::2025-05-12.12:15:33::SCWMssOS::make -C ps7_cortexa9_0/libsrc/tmrctr_v4_12/src -s libs  "SHELL=CMD" "COMPILER=arm-none-eabi-gcc" "ASSEMBLER=arm-none-eabi-as" "
TRACE::2025-05-12.12:15:33::SCWMssOS::ARCHIVER=arm-none-eabi-ar" "COMPILER_FLAGS=  -O2 -c" "EXTRA_COMPILER_FLAGS=-mcpu=cortex-a9 -mfpu=vfpv3 -mfloat-abi=hard -nostar
TRACE::2025-05-12.12:15:33::SCWMssOS::tfiles -g -Wall -Wextra -fno-tree-loop-distribute-patterns"

TRACE::2025-05-12.12:15:34::SCWMssOS::"Running Make libs in ps7_cortexa9_0/libsrc/uartps_v3_14/src"

TRACE::2025-05-12.12:15:34::SCWMssOS::make -C ps7_cortexa9_0/libsrc/uartps_v3_14/src -s libs  "SHELL=CMD" "COMPILER=arm-none-eabi-gcc" "ASSEMBLER=arm-none-eabi-as" "
TRACE::2025-05-12.12:15:34::SCWMssOS::ARCHIVER=arm-none-eabi-ar" "COMPILER_FLAGS=  -O2 -c" "EXTRA_COMPILER_FLAGS=-mcpu=cortex-a9 -mfpu=vfpv3 -mfloat-abi=hard -nostar
TRACE::2025-05-12.12:15:34::SCWMssOS::tfiles -g -Wall -Wextra -fno-tree-loop-distribute-patterns"

TRACE::2025-05-12.12:15:34::SCWMssOS::"Running Make libs in ps7_cortexa9_0/libsrc/usbps_v2_9/src"

TRACE::2025-05-12.12:15:34::SCWMssOS::make -C ps7_cortexa9_0/libsrc/usbps_v2_9/src -s libs  "SHELL=CMD" "COMPILER=arm-none-eabi-gcc" "ASSEMBLER=arm-none-eabi-as" "AR
TRACE::2025-05-12.12:15:34::SCWMssOS::CHIVER=arm-none-eabi-ar" "COMPILER_FLAGS=  -O2 -c" "EXTRA_COMPILER_FLAGS=-mcpu=cortex-a9 -mfpu=vfpv3 -mfloat-abi=hard -nostartf
TRACE::2025-05-12.12:15:34::SCWMssOS::iles -g -Wall -Wextra -fno-tree-loop-distribute-patterns"

TRACE::2025-05-12.12:15:34::SCWMssOS::"Running Make libs in ps7_cortexa9_0/libsrc/xadcps_v2_7/src"

TRACE::2025-05-12.12:15:34::SCWMssOS::make -C ps7_cortexa9_0/libsrc/xadcps_v2_7/src -s libs  "SHELL=CMD" "COMPILER=arm-none-eabi-gcc" "ASSEMBLER=arm-none-eabi-as" "A
TRACE::2025-05-12.12:15:34::SCWMssOS::RCHIVER=arm-none-eabi-ar" "COMPILER_FLAGS=  -O2 -c" "EXTRA_COMPILER_FLAGS=-mcpu=cortex-a9 -mfpu=vfpv3 -mfloat-abi=hard -nostart
TRACE::2025-05-12.12:15:34::SCWMssOS::files -g -Wall -Wextra -fno-tree-loop-distribute-patterns"

TRACE::2025-05-12.12:15:36::SCWMssOS::'Finished building libraries parallelly.'

TRACE::2025-05-12.12:15:36::SCWMssOS::make --no-print-directory archive

TRACE::2025-05-12.12:15:36::SCWMssOS::arm-none-eabi-ar -r  ps7_cortexa9_0/lib/libxil.a ps7_cortexa9_0/lib/SpeedSensor.o ps7_cortexa9_0/lib/SpeedSensor_selftest.o ps7
TRACE::2025-05-12.12:15:36::SCWMssOS::_cortexa9_0/lib/_exit.o ps7_cortexa9_0/lib/_open.o ps7_cortexa9_0/lib/_sbrk.o ps7_cortexa9_0/lib/abort.o ps7_cortexa9_0/lib/asm
TRACE::2025-05-12.12:15:36::SCWMssOS::_vectors.o ps7_cortexa9_0/lib/boot.o ps7_cortexa9_0/lib/close.o ps7_cortexa9_0/lib/cpputest_time.o ps7_cortexa9_0/lib/cpu_init.
TRACE::2025-05-12.12:15:36::SCWMssOS::o ps7_cortexa9_0/lib/errno.o ps7_cortexa9_0/lib/fcntl.o ps7_cortexa9_0/lib/fstat.o ps7_cortexa9_0/lib/getentropy.o ps7_cortexa9
TRACE::2025-05-12.12:15:36::SCWMssOS::_0/lib/getpid.o ps7_cortexa9_0/lib/inbyte.o ps7_cortexa9_0/lib/isatty.o ps7_cortexa9_0/lib/kill.o ps7_cortexa9_0/lib/lseek.o ps
TRACE::2025-05-12.12:15:36::SCWMssOS::7_cortexa9_0/lib/open.o ps7_cortexa9_0/lib/outbyte.o ps7_cortexa9_0/lib/print.o ps7_cortexa9_0/lib/putnum.o ps7_cortexa9_0/lib/
TRACE::2025-05-12.12:15:36::SCWMssOS::read.o ps7_cortexa9_0/lib/sbrk.o ps7_cortexa9_0/lib/sleep.o ps7_cortexa9_0/lib/time.o ps7_cortexa9_0/lib/translation_table.o ps
TRACE::2025-05-12.12:15:36::SCWMssOS::7_cortexa9_0/lib/ultrasoon.o ps7_cortexa9_0/lib/ultrasoon_selftest.o ps7_cortexa9_0/lib/unlink.o ps7_cortexa9_0/lib/usleep.o ps
TRACE::2025-05-12.12:15:36::SCWMssOS::7_cortexa9_0/lib/vectors.o ps7_cortexa9_0/lib/write.o ps7_cortexa9_0/lib/xadcps.o ps7_cortexa9_0/lib/xadcps_g.o ps7_cortexa9_0/
TRACE::2025-05-12.12:15:36::SCWMssOS::lib/xadcps_intr.o ps7_cortexa9_0/lib/xadcps_selftest.o ps7_cortexa9_0/lib/xadcps_sinit.o ps7_cortexa9_0/lib/xcoresightpsdcc.o p
TRACE::2025-05-12.12:15:36::SCWMssOS::s7_cortexa9_0/lib/xdevcfg.o ps7_cortexa9_0/lib/xdevcfg_g.o ps7_cortexa9_0/lib/xdevcfg_hw.o ps7_cortexa9_0/lib/xdevcfg_intr.o ps
TRACE::2025-05-12.12:15:36::SCWMssOS::7_cortexa9_0/lib/xdevcfg_selftest.o ps7_cortexa9_0/lib/xdevcfg_sinit.o ps7_cortexa9_0/lib/xdmaps.o ps7_cortexa9_0/lib/xdmaps_g.
TRACE::2025-05-12.12:15:36::SCWMssOS::o ps7_cortexa9_0/lib/xdmaps_hw.o ps7_cortexa9_0/lib/xdmaps_selftest.o ps7_cortexa9_0/lib/xdmaps_sinit.o ps7_cortexa9_0/lib/xema
TRACE::2025-05-12.12:15:36::SCWMssOS::cps.o ps7_cortexa9_0/lib/xemacps_bdring.o ps7_cortexa9_0/lib/xemacps_control.o ps7_cortexa9_0/lib/xemacps_g.o ps7_cortexa9_0/li
TRACE::2025-05-12.12:15:36::SCWMssOS::b/xemacps_hw.o ps7_cortexa9_0/lib/xemacps_intr.o ps7_cortexa9_0/lib/xemacps_sinit.o ps7_cortexa9_0/lib/xgpio.o ps7_cortexa9_0/l
TRACE::2025-05-12.12:15:36::SCWMssOS::ib/xgpio_extra.o ps7_cortexa9_0/lib/xgpio_g.o ps7_cortexa9_0/lib/xgpio_intr.o ps7_cortexa9_0/lib/xgpio_selftest.o ps7_cortexa9_
TRACE::2025-05-12.12:15:36::SCWMssOS::0/lib/xgpio_sinit.o ps7_cortexa9_0/lib/xgpiops.o ps7_cortexa9_0/lib/xgpiops_g.o ps7_cortexa9_0/lib/xgpiops_hw.o ps7_cortexa9_0/
TRACE::2025-05-12.12:15:36::SCWMssOS::lib/xgpiops_intr.o ps7_cortexa9_0/lib/xgpiops_selftest.o ps7_cortexa9_0/lib/xgpiops_sinit.o ps7_cortexa9_0/lib/xiic.o ps7_corte
TRACE::2025-05-12.12:15:36::SCWMssOS::xa9_0/lib/xiic_dyn_master.o ps7_cortexa9_0/lib/xiic_g.o ps7_cortexa9_0/lib/xiic_intr.o ps7_cortexa9_0/lib/xiic_l.o ps7_cortexa9
TRACE::2025-05-12.12:15:36::SCWMssOS::_0/lib/xiic_master.o ps7_cortexa9_0/lib/xiic_multi_master.o ps7_cortexa9_0/lib/xiic_options.o ps7_cortexa9_0/lib/xiic_selftest.
TRACE::2025-05-12.12:15:36::SCWMssOS::o ps7_cortexa9_0/lib/xiic_sinit.o ps7_cortexa9_0/lib/xiic_slave.o ps7_cortexa9_0/lib/xiic_stats.o ps7_cortexa9_0/lib/xiicps.o p
TRACE::2025-05-12.12:15:36::SCWMssOS::s7_cortexa9_0/lib/xiicps_g.o ps7_cortexa9_0/lib/xiicps_hw.o ps7_cortexa9_0/lib/xiicps_intr.o ps7_cortexa9_0/lib/xiicps_master.o
TRACE::2025-05-12.12:15:36::SCWMssOS:: ps7_cortexa9_0/lib/xiicps_options.o ps7_cortexa9_0/lib/xiicps_selftest.o ps7_cortexa9_0/lib/xiicps_sinit.o ps7_cortexa9_0/lib/
TRACE::2025-05-12.12:15:36::SCWMssOS::xiicps_slave.o ps7_cortexa9_0/lib/xiicps_xfer.o ps7_cortexa9_0/lib/xil-crt0.o ps7_cortexa9_0/lib/xil_assert.o ps7_cortexa9_0/li
TRACE::2025-05-12.12:15:36::SCWMssOS::b/xil_cache.o ps7_cortexa9_0/lib/xil_clocking.o ps7_cortexa9_0/lib/xil_exception.o ps7_cortexa9_0/lib/xil_mem.o ps7_cortexa9_0/
TRACE::2025-05-12.12:15:36::SCWMssOS::lib/xil_misc_psreset_api.o ps7_cortexa9_0/lib/xil_mmu.o ps7_cortexa9_0/lib/xil_printf.o ps7_cortexa9_0/lib/xil_sleepcommon.o ps
TRACE::2025-05-12.12:15:36::SCWMssOS::7_cortexa9_0/lib/xil_sleeptimer.o ps7_cortexa9_0/lib/xil_spinlock.o ps7_cortexa9_0/lib/xil_testcache.o ps7_cortexa9_0/lib/xil_t
TRACE::2025-05-12.12:15:36::SCWMssOS::estio.o ps7_cortexa9_0/lib/xil_testmem.o ps7_cortexa9_0/lib/xil_util.o ps7_cortexa9_0/lib/xinterrupt_wrap.o ps7_cortexa9_0/lib/
TRACE::2025-05-12.12:15:36::SCWMssOS::xl2cc_counter.o ps7_cortexa9_0/lib/xplatform_info.o ps7_cortexa9_0/lib/xpm_counter.o ps7_cortexa9_0/lib/xpm_init.o ps7_cortexa9
TRACE::2025-05-12.12:15:36::SCWMssOS::_0/lib/xqspips.o ps7_cortexa9_0/lib/xqspips_g.o ps7_cortexa9_0/lib/xqspips_hw.o ps7_cortexa9_0/lib/xqspips_options.o ps7_cortex
TRACE::2025-05-12.12:15:36::SCWMssOS::a9_0/lib/xqspips_selftest.o ps7_cortexa9_0/lib/xqspips_sinit.o ps7_cortexa9_0/lib/xscugic.o ps7_cortexa9_0/lib/xscugic_g.o ps7_
TRACE::2025-05-12.12:15:36::SCWMssOS::cortexa9_0/lib/xscugic_hw.o ps7_cortexa9_0/lib/xscugic_intr.o ps7_cortexa9_0/lib/xscugic_selftest.o ps7_cortexa9_0/lib/xscugic_
TRACE::2025-05-12.12:15:36::SCWMssOS::sinit.o ps7_cortexa9_0/lib/xscutimer.o ps7_cortexa9_0/lib/xscutimer_g.o ps7_cortexa9_0/lib/xscutimer_selftest.o ps7_cortexa9_0/
TRACE::2025-05-12.12:15:36::SCWMssOS::lib/xscutimer_sinit.o ps7_cortexa9_0/lib/xscuwdt.o ps7_cortexa9_0/lib/xscuwdt_g.o ps7_cortexa9_0/lib/xscuwdt_selftest.o ps7_cor
TRACE::2025-05-12.12:15:36::SCWMssOS::texa9_0/lib/xscuwdt_sinit.o ps7_cortexa9_0/lib/xsdps.o ps7_cortexa9_0/lib/xsdps_card.o ps7_cortexa9_0/lib/xsdps_g.o ps7_cortexa
TRACE::2025-05-12.12:15:36::SCWMssOS::9_0/lib/xsdps_host.o ps7_cortexa9_0/lib/xsdps_options.o ps7_cortexa9_0/lib/xsdps_sinit.o ps7_cortexa9_0/lib/xtime_l.o ps7_corte
TRACE::2025-05-12.12:15:36::SCWMssOS::xa9_0/lib/xtmrctr.o ps7_cortexa9_0/lib/xtmrctr_g.o ps7_cortexa9_0/lib/xtmrctr_intr.o ps7_cortexa9_0/lib/xtmrctr_l.o ps7_cortexa
TRACE::2025-05-12.12:15:36::SCWMssOS::9_0/lib/xtmrctr_options.o ps7_cortexa9_0/lib/xtmrctr_selftest.o ps7_cortexa9_0/lib/xtmrctr_sinit.o ps7_cortexa9_0/lib/xtmrctr_s
TRACE::2025-05-12.12:15:36::SCWMssOS::tats.o ps7_cortexa9_0/lib/xuartps.o ps7_cortexa9_0/lib/xuartps_g.o ps7_cortexa9_0/lib/xuartps_hw.o ps7_cortexa9_0/lib/xuartps_i
TRACE::2025-05-12.12:15:36::SCWMssOS::ntr.o ps7_cortexa9_0/lib/xuartps_options.o ps7_cortexa9_0/lib/xuartps_selftest.o ps7_cortexa9_0/lib/xuartps_sinit.o ps7_cortexa
TRACE::2025-05-12.12:15:36::SCWMssOS::9_0/lib/xusbps.o ps7_cortexa9_0/lib/xusbps_endpoint.o ps7_cortexa9_0/lib/xusbps_g.o ps7_cortexa9_0/lib/xusbps_hw.o ps7_cortexa9
TRACE::2025-05-12.12:15:36::SCWMssOS::_0/lib/xusbps_intr.o ps7_cortexa9_0/lib/xusbps_sinit.o

TRACE::2025-05-12.12:15:36::SCWMssOS::'Finished building libraries'

TRACE::2025-05-12.12:15:37::SCWMssOS::Copying to export directory.
TRACE::2025-05-12.12:15:37::SCWMssOS:: Checking if to create the Supporting Applications
TRACE::2025-05-12.12:15:37::SCWMssOS:: No Linux domain exists, trying to generate FSBL 
LOG::2025-05-12.12:15:37::SCWSystem::Completed Processing the domain standalone_ps7_cortexa9_0
LOG::2025-05-12.12:15:37::SCWSystem::Completed Processing the sysconfig design_1_wrapper
LOG::2025-05-12.12:15:37::SCWPlatform::Completed generating the artifacts for system configuration design_1_wrapper
TRACE::2025-05-12.12:15:37::SCWPlatform::Started preparing the platform 
TRACE::2025-05-12.12:15:37::SCWSystem::Writing the bif file for system config design_1_wrapper
TRACE::2025-05-12.12:15:37::SCWSystem::dir created 
TRACE::2025-05-12.12:15:37::SCWSystem::Writing the bif 
TRACE::2025-05-12.12:15:37::SCWPlatform::Started writing the spfm file 
TRACE::2025-05-12.12:15:37::SCWPlatform::Started writing the xpfm file 
TRACE::2025-05-12.12:15:37::SCWPlatform::Completed generating the platform
TRACE::2025-05-12.12:15:37::SCWMssOS::Saving the mss changes C:/devWorks/VW_SOC/Vitis/design_1_wrapper/zynq_fsbl/zynq_fsbl_bsp/system.mss
TRACE::2025-05-12.12:15:37::SCWMssOS::Found a swdesign opened with the mssfile.
TRACE::2025-05-12.12:15:37::SCWMssOS::Completed writemss as part of save.
TRACE::2025-05-12.12:15:37::SCWMssOS::Commit changes completed.
TRACE::2025-05-12.12:15:37::SCWMssOS::Saving the mss changes C:/devWorks/VW_SOC/Vitis/design_1_wrapper/ps7_cortexa9_0/standalone_ps7_cortexa9_0/bsp/system.mss
TRACE::2025-05-12.12:15:37::SCWMssOS::Found a swdesign opened with the mssfile.
TRACE::2025-05-12.12:15:37::SCWMssOS::Completed writemss as part of save.
TRACE::2025-05-12.12:15:37::SCWMssOS::Commit changes completed.
TRACE::2025-05-12.12:15:37::SCWPlatform::Trying to open the hw design at C:/devWorks/VW_SOC/Vitis/design_1_wrapper/hw/design_1_wrapper.xsa
TRACE::2025-05-12.12:15:37::SCWPlatform::DSA given C:/devWorks/VW_SOC/Vitis/design_1_wrapper/hw/design_1_wrapper.xsa
TRACE::2025-05-12.12:15:37::SCWPlatform::DSA absoulate path C:/devWorks/VW_SOC/Vitis/design_1_wrapper/hw/design_1_wrapper.xsa
TRACE::2025-05-12.12:15:37::SCWPlatform::DSA directory C:/devWorks/VW_SOC/Vitis/design_1_wrapper/hw
TRACE::2025-05-12.12:15:37::SCWPlatform:: Platform Path C:/devWorks/VW_SOC/Vitis/design_1_wrapper/hw/design_1_wrapper.xsa
TRACE::2025-05-12.12:15:37::SCWPlatform:: Unique name xilinx:pynq-z2::0.0
TRACE::2025-05-12.12:15:37::SCWPlatform::Trying to set the existing hwdb with name design_1_wrapper_0
TRACE::2025-05-12.12:15:37::SCWPlatform::Opened existing hwdb design_1_wrapper_0
TRACE::2025-05-12.12:15:37::SCWPlatform::Found the Hw Db part of the input DSA
TRACE::2025-05-12.12:15:37::SCWMssOS::Checking the sw design at  C:/devWorks/VW_SOC/Vitis/design_1_wrapper/zynq_fsbl/zynq_fsbl_bsp/system.mss
TRACE::2025-05-12.12:15:37::SCWMssOS::DEBUG:  swdes dump  C:/devWorks/VW_SOC/Vitis/design_1_wrapper/ps7_cortexa9_0/standalone_ps7_cortexa9_0/bsp/system.mss|system_0||
C:/devWorks/VW_SOC/Vitis/design_1_wrapper/zynq_fsbl/zynq_fsbl_bsp/system.mss|system||

TRACE::2025-05-12.12:15:37::SCWMssOS::Sw design exists and opened at  C:/devWorks/VW_SOC/Vitis/design_1_wrapper/zynq_fsbl/zynq_fsbl_bsp/system.mss
TRACE::2025-05-12.12:15:37::SCWPlatform::Trying to open the hw design at C:/devWorks/VW_SOC/Vitis/design_1_wrapper/hw/design_1_wrapper.xsa
TRACE::2025-05-12.12:15:37::SCWPlatform::DSA given C:/devWorks/VW_SOC/Vitis/design_1_wrapper/hw/design_1_wrapper.xsa
TRACE::2025-05-12.12:15:37::SCWPlatform::DSA absoulate path C:/devWorks/VW_SOC/Vitis/design_1_wrapper/hw/design_1_wrapper.xsa
TRACE::2025-05-12.12:15:37::SCWPlatform::DSA directory C:/devWorks/VW_SOC/Vitis/design_1_wrapper/hw
TRACE::2025-05-12.12:15:37::SCWPlatform:: Platform Path C:/devWorks/VW_SOC/Vitis/design_1_wrapper/hw/design_1_wrapper.xsa
TRACE::2025-05-12.12:15:37::SCWPlatform:: Unique name xilinx:pynq-z2::0.0
TRACE::2025-05-12.12:15:37::SCWPlatform::Trying to set the existing hwdb with name design_1_wrapper_0
TRACE::2025-05-12.12:15:37::SCWPlatform::Opened existing hwdb design_1_wrapper_0
TRACE::2025-05-12.12:15:37::SCWPlatform::Found the Hw Db part of the input DSA
TRACE::2025-05-12.12:15:37::SCWMssOS::Checking the sw design at  C:/devWorks/VW_SOC/Vitis/design_1_wrapper/zynq_fsbl/zynq_fsbl_bsp/system.mss
TRACE::2025-05-12.12:15:37::SCWMssOS::DEBUG:  swdes dump  C:/devWorks/VW_SOC/Vitis/design_1_wrapper/ps7_cortexa9_0/standalone_ps7_cortexa9_0/bsp/system.mss|system_0||
C:/devWorks/VW_SOC/Vitis/design_1_wrapper/zynq_fsbl/zynq_fsbl_bsp/system.mss|system||

TRACE::2025-05-12.12:15:37::SCWMssOS::Sw design exists and opened at  C:/devWorks/VW_SOC/Vitis/design_1_wrapper/zynq_fsbl/zynq_fsbl_bsp/system.mss
TRACE::2025-05-12.12:15:37::SCWPlatform::Trying to open the hw design at C:/devWorks/VW_SOC/Vitis/design_1_wrapper/hw/design_1_wrapper.xsa
TRACE::2025-05-12.12:15:37::SCWPlatform::DSA given C:/devWorks/VW_SOC/Vitis/design_1_wrapper/hw/design_1_wrapper.xsa
TRACE::2025-05-12.12:15:37::SCWPlatform::DSA absoulate path C:/devWorks/VW_SOC/Vitis/design_1_wrapper/hw/design_1_wrapper.xsa
TRACE::2025-05-12.12:15:37::SCWPlatform::DSA directory C:/devWorks/VW_SOC/Vitis/design_1_wrapper/hw
TRACE::2025-05-12.12:15:37::SCWPlatform:: Platform Path C:/devWorks/VW_SOC/Vitis/design_1_wrapper/hw/design_1_wrapper.xsa
TRACE::2025-05-12.12:15:37::SCWPlatform:: Unique name xilinx:pynq-z2::0.0
TRACE::2025-05-12.12:15:37::SCWPlatform::Trying to set the existing hwdb with name design_1_wrapper_0
TRACE::2025-05-12.12:15:37::SCWPlatform::Opened existing hwdb design_1_wrapper_0
TRACE::2025-05-12.12:15:37::SCWPlatform::Found the Hw Db part of the input DSA
TRACE::2025-05-12.12:15:37::SCWMssOS::Checking the sw design at  C:/devWorks/VW_SOC/Vitis/design_1_wrapper/zynq_fsbl/zynq_fsbl_bsp/system.mss
TRACE::2025-05-12.12:15:37::SCWMssOS::DEBUG:  swdes dump  C:/devWorks/VW_SOC/Vitis/design_1_wrapper/ps7_cortexa9_0/standalone_ps7_cortexa9_0/bsp/system.mss|system_0||
C:/devWorks/VW_SOC/Vitis/design_1_wrapper/zynq_fsbl/zynq_fsbl_bsp/system.mss|system||

TRACE::2025-05-12.12:15:37::SCWMssOS::Sw design exists and opened at  C:/devWorks/VW_SOC/Vitis/design_1_wrapper/zynq_fsbl/zynq_fsbl_bsp/system.mss
TRACE::2025-05-12.12:15:37::SCWPlatform::Trying to open the hw design at C:/devWorks/VW_SOC/Vitis/design_1_wrapper/hw/design_1_wrapper.xsa
TRACE::2025-05-12.12:15:37::SCWPlatform::DSA given C:/devWorks/VW_SOC/Vitis/design_1_wrapper/hw/design_1_wrapper.xsa
TRACE::2025-05-12.12:15:37::SCWPlatform::DSA absoulate path C:/devWorks/VW_SOC/Vitis/design_1_wrapper/hw/design_1_wrapper.xsa
TRACE::2025-05-12.12:15:37::SCWPlatform::DSA directory C:/devWorks/VW_SOC/Vitis/design_1_wrapper/hw
TRACE::2025-05-12.12:15:37::SCWPlatform:: Platform Path C:/devWorks/VW_SOC/Vitis/design_1_wrapper/hw/design_1_wrapper.xsa
TRACE::2025-05-12.12:15:37::SCWPlatform:: Unique name xilinx:pynq-z2::0.0
TRACE::2025-05-12.12:15:37::SCWPlatform::Trying to set the existing hwdb with name design_1_wrapper_0
TRACE::2025-05-12.12:15:37::SCWPlatform::Opened existing hwdb design_1_wrapper_0
TRACE::2025-05-12.12:15:37::SCWPlatform::Found the Hw Db part of the input DSA
TRACE::2025-05-12.12:15:37::SCWMssOS::Checking the sw design at  C:/devWorks/VW_SOC/Vitis/design_1_wrapper/ps7_cortexa9_0/standalone_ps7_cortexa9_0/bsp/system.mss
TRACE::2025-05-12.12:15:37::SCWMssOS::DEBUG:  swdes dump  C:/devWorks/VW_SOC/Vitis/design_1_wrapper/ps7_cortexa9_0/standalone_ps7_cortexa9_0/bsp/system.mss|system_0||
C:/devWorks/VW_SOC/Vitis/design_1_wrapper/zynq_fsbl/zynq_fsbl_bsp/system.mss|system||

TRACE::2025-05-12.12:15:37::SCWMssOS::Sw design exists and opened at  C:/devWorks/VW_SOC/Vitis/design_1_wrapper/ps7_cortexa9_0/standalone_ps7_cortexa9_0/bsp/system.mss
TRACE::2025-05-12.12:15:37::SCWPlatform::Trying to open the hw design at C:/devWorks/VW_SOC/Vitis/design_1_wrapper/hw/design_1_wrapper.xsa
TRACE::2025-05-12.12:15:37::SCWPlatform::DSA given C:/devWorks/VW_SOC/Vitis/design_1_wrapper/hw/design_1_wrapper.xsa
TRACE::2025-05-12.12:15:37::SCWPlatform::DSA absoulate path C:/devWorks/VW_SOC/Vitis/design_1_wrapper/hw/design_1_wrapper.xsa
TRACE::2025-05-12.12:15:37::SCWPlatform::DSA directory C:/devWorks/VW_SOC/Vitis/design_1_wrapper/hw
TRACE::2025-05-12.12:15:37::SCWPlatform:: Platform Path C:/devWorks/VW_SOC/Vitis/design_1_wrapper/hw/design_1_wrapper.xsa
TRACE::2025-05-12.12:15:37::SCWPlatform:: Unique name xilinx:pynq-z2::0.0
TRACE::2025-05-12.12:15:37::SCWPlatform::Trying to set the existing hwdb with name design_1_wrapper_0
TRACE::2025-05-12.12:15:37::SCWPlatform::Opened existing hwdb design_1_wrapper_0
TRACE::2025-05-12.12:15:37::SCWPlatform::Found the Hw Db part of the input DSA
TRACE::2025-05-12.12:15:37::SCWMssOS::Checking the sw design at  C:/devWorks/VW_SOC/Vitis/design_1_wrapper/ps7_cortexa9_0/standalone_ps7_cortexa9_0/bsp/system.mss
TRACE::2025-05-12.12:15:37::SCWMssOS::DEBUG:  swdes dump  C:/devWorks/VW_SOC/Vitis/design_1_wrapper/ps7_cortexa9_0/standalone_ps7_cortexa9_0/bsp/system.mss|system_0||
C:/devWorks/VW_SOC/Vitis/design_1_wrapper/zynq_fsbl/zynq_fsbl_bsp/system.mss|system||

TRACE::2025-05-12.12:15:37::SCWMssOS::Sw design exists and opened at  C:/devWorks/VW_SOC/Vitis/design_1_wrapper/ps7_cortexa9_0/standalone_ps7_cortexa9_0/bsp/system.mss
TRACE::2025-05-12.12:15:37::SCWPlatform::Trying to open the hw design at C:/devWorks/VW_SOC/Vitis/design_1_wrapper/hw/design_1_wrapper.xsa
TRACE::2025-05-12.12:15:37::SCWPlatform::DSA given C:/devWorks/VW_SOC/Vitis/design_1_wrapper/hw/design_1_wrapper.xsa
TRACE::2025-05-12.12:15:37::SCWPlatform::DSA absoulate path C:/devWorks/VW_SOC/Vitis/design_1_wrapper/hw/design_1_wrapper.xsa
TRACE::2025-05-12.12:15:37::SCWPlatform::DSA directory C:/devWorks/VW_SOC/Vitis/design_1_wrapper/hw
TRACE::2025-05-12.12:15:37::SCWPlatform:: Platform Path C:/devWorks/VW_SOC/Vitis/design_1_wrapper/hw/design_1_wrapper.xsa
TRACE::2025-05-12.12:15:37::SCWPlatform:: Unique name xilinx:pynq-z2::0.0
TRACE::2025-05-12.12:15:37::SCWPlatform::Trying to set the existing hwdb with name design_1_wrapper_0
TRACE::2025-05-12.12:15:37::SCWPlatform::Opened existing hwdb design_1_wrapper_0
TRACE::2025-05-12.12:15:37::SCWPlatform::Found the Hw Db part of the input DSA
TRACE::2025-05-12.12:15:37::SCWMssOS::Checking the sw design at  C:/devWorks/VW_SOC/Vitis/design_1_wrapper/ps7_cortexa9_0/standalone_ps7_cortexa9_0/bsp/system.mss
TRACE::2025-05-12.12:15:37::SCWMssOS::DEBUG:  swdes dump  C:/devWorks/VW_SOC/Vitis/design_1_wrapper/ps7_cortexa9_0/standalone_ps7_cortexa9_0/bsp/system.mss|system_0||
C:/devWorks/VW_SOC/Vitis/design_1_wrapper/zynq_fsbl/zynq_fsbl_bsp/system.mss|system||

TRACE::2025-05-12.12:15:37::SCWMssOS::Sw design exists and opened at  C:/devWorks/VW_SOC/Vitis/design_1_wrapper/ps7_cortexa9_0/standalone_ps7_cortexa9_0/bsp/system.mss
TRACE::2025-05-12.12:15:37::SCWWriter::formatted JSON is {
	"platformName":	"design_1_wrapper",
	"sprVersion":	"2.0",
	"mode":	"gui",
	"dsaType":	"Fixed",
	"platformDesc":	"design_1_wrapper",
	"platHandOff":	"C:/devWorks/VW_SOC/VW_SOC/design_1_wrapper.xsa",
	"platIntHandOff":	"<platformDir>/hw/design_1_wrapper.xsa",
	"deviceType":	"zynq",
	"platIsPrebuiltAutogen":	"false",
	"platIsNoBootBsp":	"false",
	"platFsblTarget":	"ps7_cortexa9_0",
	"hasFsblMakeHasChanges":	"false",
	"hasPmufwMakeHasChanges":	"false",
	"fsblExtraCompilerFlags":	"-MMD -MP       -mcpu=cortex-a9 -mfpu=vfpv3 -mfloat-abi=hard ",
	"platPreBuiltFlag":	false,
	"platformSamplesDir":	"",
	"platActiveSys":	"design_1_wrapper",
	"systems":	[{
			"systemName":	"design_1_wrapper",
			"systemDesc":	"design_1_wrapper",
			"sysIsBootAutoGen":	"true",
			"systemDispName":	"design_1_wrapper",
			"sysActiveDom":	"standalone_ps7_cortexa9_0",
			"sysDefaultDom":	"standalone_ps7_cortexa9_0",
			"domains":	[{
					"domainName":	"zynq_fsbl",
					"domainDispName":	"zynq_fsbl",
					"domainDesc":	"FSBL Application BSP - Auto Generated.",
					"processors":	"ps7_cortexa9_0",
					"os":	"standalone",
					"sdxOs":	"standalone",
					"debugEnable":	"",
					"domRuntimes":	["cpp"],
					"swRepo":	"",
					"mssOsVer":	"9.1",
					"mssFile":	"",
					"md5Digest":	"569c0b2410485c53f2dbc4310a8c319a",
					"compatibleApp":	"zynq_fsbl",
					"domType":	"bootDomain",
					"arch":	"32-bit",
					"appSettings":	{
						"appCompilerFlags":	"",
						"appLinkerFlags":	""
					},
					"addedLibs":	["xilffs:5.2", "xilrsa:1.8"],
					"libOptions":	{
						"libsContainingOptions":	[]
					},
					"prebuiltLibs":	{
						"prebuiltIncPath":	[],
						"prebuiltLibPath":	[]
					},
					"isolation":	{
					}
				}, {
					"domainName":	"standalone_ps7_cortexa9_0",
					"domainDispName":	"standalone_ps7_cortexa9_0",
					"domainDesc":	"standalone_ps7_cortexa9_0",
					"processors":	"ps7_cortexa9_0",
					"os":	"standalone",
					"sdxOs":	"standalone",
					"qemuArgs":	"<platformDir>/resources/design_1_wrapper/standalone_ps7_cortexa9_0/qemu_args.txt",
					"qemuData":	"<platformDir>/resources/design_1_wrapper/standalone_ps7_cortexa9_0/qemu",
					"debugEnable":	"False",
					"domRuntimes":	["cpp"],
					"swRepo":	"",
					"mssOsVer":	"9.1",
					"mssFile":	"",
					"md5Digest":	"a9080277d88f371bf2bae9d3884c2238",
					"compatibleApp":	"hello_world",
					"domType":	"mssDomain",
					"arch":	"32-bit",
					"appSettings":	{
						"appCompilerFlags":	"",
						"appLinkerFlags":	""
					},
					"addedLibs":	[],
					"libOptions":	{
						"libsContainingOptions":	[]
					},
					"prebuiltLibs":	{
						"prebuiltIncPath":	[],
						"prebuiltLibPath":	[]
					},
					"isolation":	{
					}
				}]
		}]
}
KEYINFO::2025-05-12.12:15:37::SCWPlatform::updated the xpfm file.
TRACE::2025-05-12.12:15:37::SCWPlatform::Trying to open the hw design at C:/devWorks/VW_SOC/Vitis/design_1_wrapper/hw/design_1_wrapper.xsa
TRACE::2025-05-12.12:15:37::SCWPlatform::DSA given C:/devWorks/VW_SOC/Vitis/design_1_wrapper/hw/design_1_wrapper.xsa
TRACE::2025-05-12.12:15:37::SCWPlatform::DSA absoulate path C:/devWorks/VW_SOC/Vitis/design_1_wrapper/hw/design_1_wrapper.xsa
TRACE::2025-05-12.12:15:37::SCWPlatform::DSA directory C:/devWorks/VW_SOC/Vitis/design_1_wrapper/hw
TRACE::2025-05-12.12:15:37::SCWPlatform:: Platform Path C:/devWorks/VW_SOC/Vitis/design_1_wrapper/hw/design_1_wrapper.xsa
TRACE::2025-05-12.12:15:37::SCWPlatform:: Unique name xilinx:pynq-z2::0.0
TRACE::2025-05-12.12:15:37::SCWPlatform::Trying to set the existing hwdb with name design_1_wrapper_0
TRACE::2025-05-12.12:15:37::SCWPlatform::Opened existing hwdb design_1_wrapper_0
TRACE::2025-05-12.12:15:37::SCWPlatform::Found the Hw Db part of the input DSA
TRACE::2025-05-12.12:15:37::SCWMssOS::Checking the sw design at  C:/devWorks/VW_SOC/Vitis/design_1_wrapper/ps7_cortexa9_0/standalone_ps7_cortexa9_0/bsp/system.mss
TRACE::2025-05-12.12:15:37::SCWMssOS::DEBUG:  swdes dump  C:/devWorks/VW_SOC/Vitis/design_1_wrapper/ps7_cortexa9_0/standalone_ps7_cortexa9_0/bsp/system.mss|system_0||
C:/devWorks/VW_SOC/Vitis/design_1_wrapper/zynq_fsbl/zynq_fsbl_bsp/system.mss|system||

TRACE::2025-05-12.12:15:37::SCWMssOS::Sw design exists and opened at  C:/devWorks/VW_SOC/Vitis/design_1_wrapper/ps7_cortexa9_0/standalone_ps7_cortexa9_0/bsp/system.mss
