TRACE::2025-03-29.02:25:07::SCWPlatform::Trying to open the hw design at C:/devWorks/SS_MC_SOC/Vitis/Speed_sensor_Motor_control/hw/Speed_sensor_Motor_control.xsa
TRACE::2025-03-29.02:25:07::SCWPlatform::DSA given C:/devWorks/SS_MC_SOC/Vitis/Speed_sensor_Motor_control/hw/Speed_sensor_Motor_control.xsa
TRACE::2025-03-29.02:25:07::SCWPlatform::DSA absoulate path C:/devWorks/SS_MC_SOC/Vitis/Speed_sensor_Motor_control/hw/Speed_sensor_Motor_control.xsa
TRACE::2025-03-29.02:25:07::SCWPlatform::DSA directory C:/devWorks/SS_MC_SOC/Vitis/Speed_sensor_Motor_control/hw
TRACE::2025-03-29.02:25:07::SCWPlatform:: Platform Path C:/devWorks/SS_MC_SOC/Vitis/Speed_sensor_Motor_control/hw/Speed_sensor_Motor_control.xsa
TRACE::2025-03-29.02:25:07::SCWPlatform:: Unique name xilinx:pynq-z2::0.0
TRACE::2025-03-29.02:25:07::SCWPlatform::Do not have an existing db opened. 
TRACE::2025-03-29.02:25:11::SCWPlatform::Opened new HwDB with name design_1_wrapper_0
TRACE::2025-03-29.02:25:11::SCWWriter::formatted JSON is {
	"platformName":	"Speed_sensor_Motor_control",
	"sprVersion":	"2.0",
	"mode":	"gui",
	"dsaType":	"Fixed",
	"platformDesc":	"Speed_sensor_Motor_control",
	"platHandOff":	"C:/devWorks/SS_MC_SOC/Speed_sensor_Motor_control.xsa",
	"platIntHandOff":	"<platformDir>/hw/Speed_sensor_Motor_control.xsa",
	"deviceType":	"zynq",
	"platIsPrebuiltAutogen":	"false",
	"platIsNoBootBsp":	"false",
	"hasFsblMakeHasChanges":	"false",
	"hasPmufwMakeHasChanges":	"false",
	"platPreBuiltFlag":	false,
	"platformSamplesDir":	""
}
TRACE::2025-03-29.02:25:11::SCWWriter::formatted JSON is {
	"platformName":	"Speed_sensor_Motor_control",
	"sprVersion":	"2.0",
	"mode":	"gui",
	"dsaType":	"Fixed",
	"platformDesc":	"Speed_sensor_Motor_control",
	"platHandOff":	"C:/devWorks/SS_MC_SOC/Speed_sensor_Motor_control.xsa",
	"platIntHandOff":	"<platformDir>/hw/Speed_sensor_Motor_control.xsa",
	"deviceType":	"zynq",
	"platIsPrebuiltAutogen":	"false",
	"platIsNoBootBsp":	"false",
	"hasFsblMakeHasChanges":	"false",
	"hasPmufwMakeHasChanges":	"false",
	"platPreBuiltFlag":	false,
	"platformSamplesDir":	"",
	"platActiveSys":	"Speed_sensor_Motor_control",
	"systems":	[{
			"systemName":	"Speed_sensor_Motor_control",
			"systemDesc":	"Speed_sensor_Motor_control",
			"sysIsBootAutoGen":	"true",
			"systemDispName":	"Speed_sensor_Motor_control"
		}]
}
TRACE::2025-03-29.02:25:11::SCWPlatform::Boot application domains not present, creating them
TRACE::2025-03-29.02:25:11::SCWDomain::checking for install qemu data   : 
TRACE::2025-03-29.02:25:11::SCWDomain:: Using the QEMU Data from install at  : C:/Xilinx/Vitis/2024.1/data/emulation/platforms/zynq/sw/a9_standalone/qemu/
TRACE::2025-03-29.02:25:11::SCWDomain:: Using the QEMU args  from install at  : C:/Xilinx/Vitis/2024.1/data/emulation/platforms/zynq/sw/a9_standalone/qemu/qemu_args.txt
TRACE::2025-03-29.02:25:11::SCWPlatform::Trying to open the hw design at C:/devWorks/SS_MC_SOC/Vitis/Speed_sensor_Motor_control/hw/Speed_sensor_Motor_control.xsa
TRACE::2025-03-29.02:25:11::SCWPlatform::DSA given C:/devWorks/SS_MC_SOC/Vitis/Speed_sensor_Motor_control/hw/Speed_sensor_Motor_control.xsa
TRACE::2025-03-29.02:25:11::SCWPlatform::DSA absoulate path C:/devWorks/SS_MC_SOC/Vitis/Speed_sensor_Motor_control/hw/Speed_sensor_Motor_control.xsa
TRACE::2025-03-29.02:25:11::SCWPlatform::DSA directory C:/devWorks/SS_MC_SOC/Vitis/Speed_sensor_Motor_control/hw
TRACE::2025-03-29.02:25:11::SCWPlatform:: Platform Path C:/devWorks/SS_MC_SOC/Vitis/Speed_sensor_Motor_control/hw/Speed_sensor_Motor_control.xsa
TRACE::2025-03-29.02:25:11::SCWPlatform:: Unique name xilinx:pynq-z2::0.0
TRACE::2025-03-29.02:25:11::SCWPlatform::Trying to set the existing hwdb with name design_1_wrapper_0
TRACE::2025-03-29.02:25:11::SCWPlatform::Opened existing hwdb design_1_wrapper_0
TRACE::2025-03-29.02:25:11::SCWPlatform::Found the Hw Db part of the input DSA
TRACE::2025-03-29.02:25:11::SCWPlatform::Trying to open the hw design at C:/devWorks/SS_MC_SOC/Vitis/Speed_sensor_Motor_control/hw/Speed_sensor_Motor_control.xsa
TRACE::2025-03-29.02:25:11::SCWPlatform::DSA given C:/devWorks/SS_MC_SOC/Vitis/Speed_sensor_Motor_control/hw/Speed_sensor_Motor_control.xsa
TRACE::2025-03-29.02:25:11::SCWPlatform::DSA absoulate path C:/devWorks/SS_MC_SOC/Vitis/Speed_sensor_Motor_control/hw/Speed_sensor_Motor_control.xsa
TRACE::2025-03-29.02:25:11::SCWPlatform::DSA directory C:/devWorks/SS_MC_SOC/Vitis/Speed_sensor_Motor_control/hw
TRACE::2025-03-29.02:25:11::SCWPlatform:: Platform Path C:/devWorks/SS_MC_SOC/Vitis/Speed_sensor_Motor_control/hw/Speed_sensor_Motor_control.xsa
TRACE::2025-03-29.02:25:11::SCWPlatform:: Unique name xilinx:pynq-z2::0.0
TRACE::2025-03-29.02:25:11::SCWPlatform::Trying to set the existing hwdb with name design_1_wrapper_0
TRACE::2025-03-29.02:25:11::SCWPlatform::Opened existing hwdb design_1_wrapper_0
TRACE::2025-03-29.02:25:11::SCWPlatform::Found the Hw Db part of the input DSA
TRACE::2025-03-29.02:25:11::SCWPlatform::Trying to open the hw design at C:/devWorks/SS_MC_SOC/Vitis/Speed_sensor_Motor_control/hw/Speed_sensor_Motor_control.xsa
TRACE::2025-03-29.02:25:11::SCWPlatform::DSA given C:/devWorks/SS_MC_SOC/Vitis/Speed_sensor_Motor_control/hw/Speed_sensor_Motor_control.xsa
TRACE::2025-03-29.02:25:11::SCWPlatform::DSA absoulate path C:/devWorks/SS_MC_SOC/Vitis/Speed_sensor_Motor_control/hw/Speed_sensor_Motor_control.xsa
TRACE::2025-03-29.02:25:11::SCWPlatform::DSA directory C:/devWorks/SS_MC_SOC/Vitis/Speed_sensor_Motor_control/hw
TRACE::2025-03-29.02:25:11::SCWPlatform:: Platform Path C:/devWorks/SS_MC_SOC/Vitis/Speed_sensor_Motor_control/hw/Speed_sensor_Motor_control.xsa
TRACE::2025-03-29.02:25:11::SCWPlatform:: Unique name xilinx:pynq-z2::0.0
TRACE::2025-03-29.02:25:11::SCWPlatform::Trying to set the existing hwdb with name design_1_wrapper_0
TRACE::2025-03-29.02:25:11::SCWPlatform::Opened existing hwdb design_1_wrapper_0
TRACE::2025-03-29.02:25:11::SCWPlatform::Found the Hw Db part of the input DSA
TRACE::2025-03-29.02:25:11::SCWPlatform::Boot application domain added for zynq_fsbl
TRACE::2025-03-29.02:25:11::SCWPlatform::Generating the sources  .
TRACE::2025-03-29.02:25:11::SCWBDomain::Generating boot domain sources.
TRACE::2025-03-29.02:25:11::SCWBDomain:: Generating the zynq_fsbl Application.
TRACE::2025-03-29.02:25:11::SCWPlatform::Trying to open the hw design at C:/devWorks/SS_MC_SOC/Vitis/Speed_sensor_Motor_control/hw/Speed_sensor_Motor_control.xsa
TRACE::2025-03-29.02:25:11::SCWPlatform::DSA given C:/devWorks/SS_MC_SOC/Vitis/Speed_sensor_Motor_control/hw/Speed_sensor_Motor_control.xsa
TRACE::2025-03-29.02:25:11::SCWPlatform::DSA absoulate path C:/devWorks/SS_MC_SOC/Vitis/Speed_sensor_Motor_control/hw/Speed_sensor_Motor_control.xsa
TRACE::2025-03-29.02:25:11::SCWPlatform::DSA directory C:/devWorks/SS_MC_SOC/Vitis/Speed_sensor_Motor_control/hw
TRACE::2025-03-29.02:25:11::SCWPlatform:: Platform Path C:/devWorks/SS_MC_SOC/Vitis/Speed_sensor_Motor_control/hw/Speed_sensor_Motor_control.xsa
TRACE::2025-03-29.02:25:11::SCWPlatform:: Unique name xilinx:pynq-z2::0.0
TRACE::2025-03-29.02:25:11::SCWPlatform::Trying to set the existing hwdb with name design_1_wrapper_0
TRACE::2025-03-29.02:25:11::SCWPlatform::Opened existing hwdb design_1_wrapper_0
TRACE::2025-03-29.02:25:11::SCWPlatform::Found the Hw Db part of the input DSA
TRACE::2025-03-29.02:25:11::SCWMssOS::Checking the sw design at  C:/devWorks/SS_MC_SOC/Vitis/Speed_sensor_Motor_control/zynq_fsbl/zynq_fsbl_bsp/system.mss
TRACE::2025-03-29.02:25:11::SCWMssOS::DEBUG:  swdes dump  
TRACE::2025-03-29.02:25:11::SCWMssOS::No sw design opened at  C:/devWorks/SS_MC_SOC/Vitis/Speed_sensor_Motor_control/zynq_fsbl/zynq_fsbl_bsp/system.mss
TRACE::2025-03-29.02:25:11::SCWMssOS::mss does not exists at C:/devWorks/SS_MC_SOC/Vitis/Speed_sensor_Motor_control/zynq_fsbl/zynq_fsbl_bsp/system.mss
TRACE::2025-03-29.02:25:11::SCWMssOS::Creating sw design at  C:/devWorks/SS_MC_SOC/Vitis/Speed_sensor_Motor_control/zynq_fsbl/zynq_fsbl_bsp/system.mss
TRACE::2025-03-29.02:25:11::SCWMssOS::Adding the swdes entry, created swdb C:/devWorks/SS_MC_SOC/Vitis/Speed_sensor_Motor_control/zynq_fsbl/zynq_fsbl_bsp/system.mss with des name C:/devWorks/SS_MC_SOC/Vitis/Speed_sensor_Motor_control/zynq_fsbl/zynq_fsbl_bsp/system.mss
TRACE::2025-03-29.02:25:11::SCWMssOS::updating the scw layer changes to swdes at   C:/devWorks/SS_MC_SOC/Vitis/Speed_sensor_Motor_control/zynq_fsbl/zynq_fsbl_bsp/system.mss
TRACE::2025-03-29.02:25:11::SCWMssOS::Writing mss at C:/devWorks/SS_MC_SOC/Vitis/Speed_sensor_Motor_control/zynq_fsbl/zynq_fsbl_bsp/system.mss
TRACE::2025-03-29.02:25:11::SCWMssOS::Completed writing the mss file at C:/devWorks/SS_MC_SOC/Vitis/Speed_sensor_Motor_control/zynq_fsbl/zynq_fsbl_bsp
TRACE::2025-03-29.02:25:11::SCWMssOS::Picking up changes from newly written mss file into SCW Layer. 
TRACE::2025-03-29.02:25:11::SCWMssOS::Updated the changes from newly written mss file into SCW Layer. 
TRACE::2025-03-29.02:25:11::SCWBDomain::Completed writing the mss file at C:/devWorks/SS_MC_SOC/Vitis/Speed_sensor_Motor_control/zynq_fsbl/zynq_fsbl_bsp
TRACE::2025-03-29.02:25:25::SCWPlatform::Generating sources Done.
TRACE::2025-03-29.02:25:25::SCWPlatform::Trying to open the hw design at C:/devWorks/SS_MC_SOC/Vitis/Speed_sensor_Motor_control/hw/Speed_sensor_Motor_control.xsa
TRACE::2025-03-29.02:25:25::SCWPlatform::DSA given C:/devWorks/SS_MC_SOC/Vitis/Speed_sensor_Motor_control/hw/Speed_sensor_Motor_control.xsa
TRACE::2025-03-29.02:25:25::SCWPlatform::DSA absoulate path C:/devWorks/SS_MC_SOC/Vitis/Speed_sensor_Motor_control/hw/Speed_sensor_Motor_control.xsa
TRACE::2025-03-29.02:25:25::SCWPlatform::DSA directory C:/devWorks/SS_MC_SOC/Vitis/Speed_sensor_Motor_control/hw
TRACE::2025-03-29.02:25:25::SCWPlatform:: Platform Path C:/devWorks/SS_MC_SOC/Vitis/Speed_sensor_Motor_control/hw/Speed_sensor_Motor_control.xsa
TRACE::2025-03-29.02:25:25::SCWPlatform:: Unique name xilinx:pynq-z2::0.0
TRACE::2025-03-29.02:25:25::SCWPlatform::Trying to set the existing hwdb with name design_1_wrapper_0
TRACE::2025-03-29.02:25:25::SCWPlatform::Opened existing hwdb design_1_wrapper_0
TRACE::2025-03-29.02:25:25::SCWPlatform::Found the Hw Db part of the input DSA
TRACE::2025-03-29.02:25:25::SCWMssOS::Checking the sw design at  C:/devWorks/SS_MC_SOC/Vitis/Speed_sensor_Motor_control/zynq_fsbl/zynq_fsbl_bsp/system.mss
TRACE::2025-03-29.02:25:25::SCWMssOS::DEBUG:  swdes dump  
TRACE::2025-03-29.02:25:25::SCWMssOS::No sw design opened at  C:/devWorks/SS_MC_SOC/Vitis/Speed_sensor_Motor_control/zynq_fsbl/zynq_fsbl_bsp/system.mss
TRACE::2025-03-29.02:25:25::SCWMssOS::mss exists loading the mss file  C:/devWorks/SS_MC_SOC/Vitis/Speed_sensor_Motor_control/zynq_fsbl/zynq_fsbl_bsp/system.mss
TRACE::2025-03-29.02:25:25::SCWMssOS::Opened the sw design from mss  C:/devWorks/SS_MC_SOC/Vitis/Speed_sensor_Motor_control/zynq_fsbl/zynq_fsbl_bsp/system.mss
TRACE::2025-03-29.02:25:25::SCWMssOS::Adding the swdes entry C:/devWorks/SS_MC_SOC/Vitis/Speed_sensor_Motor_control/zynq_fsbl/zynq_fsbl_bsp/system.mss with des name system
TRACE::2025-03-29.02:25:25::SCWMssOS::updating the scw layer about changes
TRACE::2025-03-29.02:25:25::SCWMssOS::Opened the sw design.  C:/devWorks/SS_MC_SOC/Vitis/Speed_sensor_Motor_control/zynq_fsbl/zynq_fsbl_bsp/system.mss
TRACE::2025-03-29.02:25:25::SCWMssOS::Saving the mss changes C:/devWorks/SS_MC_SOC/Vitis/Speed_sensor_Motor_control/zynq_fsbl/zynq_fsbl_bsp/system.mss
TRACE::2025-03-29.02:25:25::SCWMssOS::Found a swdesign opened with the mssfile.
TRACE::2025-03-29.02:25:25::SCWMssOS::Completed writemss as part of save.
TRACE::2025-03-29.02:25:25::SCWMssOS::Commit changes completed.
TRACE::2025-03-29.02:25:25::SCWPlatform::Trying to open the hw design at C:/devWorks/SS_MC_SOC/Vitis/Speed_sensor_Motor_control/hw/Speed_sensor_Motor_control.xsa
TRACE::2025-03-29.02:25:25::SCWPlatform::DSA given C:/devWorks/SS_MC_SOC/Vitis/Speed_sensor_Motor_control/hw/Speed_sensor_Motor_control.xsa
TRACE::2025-03-29.02:25:25::SCWPlatform::DSA absoulate path C:/devWorks/SS_MC_SOC/Vitis/Speed_sensor_Motor_control/hw/Speed_sensor_Motor_control.xsa
TRACE::2025-03-29.02:25:25::SCWPlatform::DSA directory C:/devWorks/SS_MC_SOC/Vitis/Speed_sensor_Motor_control/hw
TRACE::2025-03-29.02:25:25::SCWPlatform:: Platform Path C:/devWorks/SS_MC_SOC/Vitis/Speed_sensor_Motor_control/hw/Speed_sensor_Motor_control.xsa
TRACE::2025-03-29.02:25:25::SCWPlatform:: Unique name xilinx:pynq-z2::0.0
TRACE::2025-03-29.02:25:25::SCWPlatform::Trying to set the existing hwdb with name design_1_wrapper_0
TRACE::2025-03-29.02:25:25::SCWPlatform::Opened existing hwdb design_1_wrapper_0
TRACE::2025-03-29.02:25:25::SCWPlatform::Found the Hw Db part of the input DSA
TRACE::2025-03-29.02:25:25::SCWMssOS::Checking the sw design at  C:/devWorks/SS_MC_SOC/Vitis/Speed_sensor_Motor_control/zynq_fsbl/zynq_fsbl_bsp/system.mss
TRACE::2025-03-29.02:25:25::SCWMssOS::DEBUG:  swdes dump  C:/devWorks/SS_MC_SOC/Vitis/Speed_sensor_Motor_control/zynq_fsbl/zynq_fsbl_bsp/system.mss|system||

TRACE::2025-03-29.02:25:25::SCWMssOS::Sw design exists and opened at  C:/devWorks/SS_MC_SOC/Vitis/Speed_sensor_Motor_control/zynq_fsbl/zynq_fsbl_bsp/system.mss
TRACE::2025-03-29.02:25:25::SCWPlatform::Trying to open the hw design at C:/devWorks/SS_MC_SOC/Vitis/Speed_sensor_Motor_control/hw/Speed_sensor_Motor_control.xsa
TRACE::2025-03-29.02:25:25::SCWPlatform::DSA given C:/devWorks/SS_MC_SOC/Vitis/Speed_sensor_Motor_control/hw/Speed_sensor_Motor_control.xsa
TRACE::2025-03-29.02:25:25::SCWPlatform::DSA absoulate path C:/devWorks/SS_MC_SOC/Vitis/Speed_sensor_Motor_control/hw/Speed_sensor_Motor_control.xsa
TRACE::2025-03-29.02:25:25::SCWPlatform::DSA directory C:/devWorks/SS_MC_SOC/Vitis/Speed_sensor_Motor_control/hw
TRACE::2025-03-29.02:25:25::SCWPlatform:: Platform Path C:/devWorks/SS_MC_SOC/Vitis/Speed_sensor_Motor_control/hw/Speed_sensor_Motor_control.xsa
TRACE::2025-03-29.02:25:25::SCWPlatform:: Unique name xilinx:pynq-z2::0.0
TRACE::2025-03-29.02:25:25::SCWPlatform::Trying to set the existing hwdb with name design_1_wrapper_0
TRACE::2025-03-29.02:25:25::SCWPlatform::Opened existing hwdb design_1_wrapper_0
TRACE::2025-03-29.02:25:25::SCWPlatform::Found the Hw Db part of the input DSA
TRACE::2025-03-29.02:25:25::SCWMssOS::Checking the sw design at  C:/devWorks/SS_MC_SOC/Vitis/Speed_sensor_Motor_control/zynq_fsbl/zynq_fsbl_bsp/system.mss
TRACE::2025-03-29.02:25:25::SCWMssOS::DEBUG:  swdes dump  C:/devWorks/SS_MC_SOC/Vitis/Speed_sensor_Motor_control/zynq_fsbl/zynq_fsbl_bsp/system.mss|system||

TRACE::2025-03-29.02:25:25::SCWMssOS::Sw design exists and opened at  C:/devWorks/SS_MC_SOC/Vitis/Speed_sensor_Motor_control/zynq_fsbl/zynq_fsbl_bsp/system.mss
TRACE::2025-03-29.02:25:25::SCWPlatform::Trying to open the hw design at C:/devWorks/SS_MC_SOC/Vitis/Speed_sensor_Motor_control/hw/Speed_sensor_Motor_control.xsa
TRACE::2025-03-29.02:25:25::SCWPlatform::DSA given C:/devWorks/SS_MC_SOC/Vitis/Speed_sensor_Motor_control/hw/Speed_sensor_Motor_control.xsa
TRACE::2025-03-29.02:25:25::SCWPlatform::DSA absoulate path C:/devWorks/SS_MC_SOC/Vitis/Speed_sensor_Motor_control/hw/Speed_sensor_Motor_control.xsa
TRACE::2025-03-29.02:25:25::SCWPlatform::DSA directory C:/devWorks/SS_MC_SOC/Vitis/Speed_sensor_Motor_control/hw
TRACE::2025-03-29.02:25:25::SCWPlatform:: Platform Path C:/devWorks/SS_MC_SOC/Vitis/Speed_sensor_Motor_control/hw/Speed_sensor_Motor_control.xsa
TRACE::2025-03-29.02:25:25::SCWPlatform:: Unique name xilinx:pynq-z2::0.0
TRACE::2025-03-29.02:25:25::SCWPlatform::Trying to set the existing hwdb with name design_1_wrapper_0
TRACE::2025-03-29.02:25:25::SCWPlatform::Opened existing hwdb design_1_wrapper_0
TRACE::2025-03-29.02:25:25::SCWPlatform::Found the Hw Db part of the input DSA
TRACE::2025-03-29.02:25:25::SCWMssOS::Checking the sw design at  C:/devWorks/SS_MC_SOC/Vitis/Speed_sensor_Motor_control/zynq_fsbl/zynq_fsbl_bsp/system.mss
TRACE::2025-03-29.02:25:25::SCWMssOS::DEBUG:  swdes dump  C:/devWorks/SS_MC_SOC/Vitis/Speed_sensor_Motor_control/zynq_fsbl/zynq_fsbl_bsp/system.mss|system||

TRACE::2025-03-29.02:25:25::SCWMssOS::Sw design exists and opened at  C:/devWorks/SS_MC_SOC/Vitis/Speed_sensor_Motor_control/zynq_fsbl/zynq_fsbl_bsp/system.mss
TRACE::2025-03-29.02:25:25::SCWWriter::formatted JSON is {
	"platformName":	"Speed_sensor_Motor_control",
	"sprVersion":	"2.0",
	"mode":	"gui",
	"dsaType":	"Fixed",
	"platformDesc":	"Speed_sensor_Motor_control",
	"platHandOff":	"C:/devWorks/SS_MC_SOC/Speed_sensor_Motor_control.xsa",
	"platIntHandOff":	"<platformDir>/hw/Speed_sensor_Motor_control.xsa",
	"deviceType":	"zynq",
	"platIsPrebuiltAutogen":	"false",
	"platIsNoBootBsp":	"false",
	"platFsblTarget":	"ps7_cortexa9_0",
	"hasFsblMakeHasChanges":	"false",
	"hasPmufwMakeHasChanges":	"false",
	"fsblExtraCompilerFlags":	"-MMD -MP       -mcpu=cortex-a9 -mfpu=vfpv3 -mfloat-abi=hard ",
	"platPreBuiltFlag":	false,
	"platformSamplesDir":	"",
	"platActiveSys":	"Speed_sensor_Motor_control",
	"systems":	[{
			"systemName":	"Speed_sensor_Motor_control",
			"systemDesc":	"Speed_sensor_Motor_control",
			"sysIsBootAutoGen":	"true",
			"systemDispName":	"Speed_sensor_Motor_control",
			"sysActiveDom":	"zynq_fsbl",
			"sysDefaultDom":	"",
			"domains":	[{
					"domainName":	"zynq_fsbl",
					"domainDispName":	"zynq_fsbl",
					"domainDesc":	"FSBL Application BSP - Auto Generated.",
					"processors":	"ps7_cortexa9_0",
					"os":	"standalone",
					"sdxOs":	"standalone",
					"debugEnable":	"",
					"domRuntimes":	["cpp"],
					"swRepo":	"",
					"mssOsVer":	"9.1",
					"mssFile":	"",
					"md5Digest":	"b4df79a800a1f9c21646240e8d214367",
					"compatibleApp":	"zynq_fsbl",
					"domType":	"bootDomain",
					"arch":	"32-bit",
					"appSettings":	{
						"appCompilerFlags":	"",
						"appLinkerFlags":	""
					},
					"addedLibs":	["xilffs:5.2", "xilrsa:1.8"],
					"libOptions":	{
						"libsContainingOptions":	[]
					},
					"prebuiltLibs":	{
						"prebuiltIncPath":	[],
						"prebuiltLibPath":	[]
					},
					"isolation":	{
					}
				}]
		}]
}
TRACE::2025-03-29.02:25:25::SCWMssOS::Saving the mss changes C:/devWorks/SS_MC_SOC/Vitis/Speed_sensor_Motor_control/zynq_fsbl/zynq_fsbl_bsp/system.mss
TRACE::2025-03-29.02:25:25::SCWMssOS::Found a swdesign opened with the mssfile.
TRACE::2025-03-29.02:25:25::SCWMssOS::Completed writemss as part of save.
TRACE::2025-03-29.02:25:25::SCWMssOS::Commit changes completed.
TRACE::2025-03-29.02:25:25::SCWPlatform::Trying to open the hw design at C:/devWorks/SS_MC_SOC/Vitis/Speed_sensor_Motor_control/hw/Speed_sensor_Motor_control.xsa
TRACE::2025-03-29.02:25:25::SCWPlatform::DSA given C:/devWorks/SS_MC_SOC/Vitis/Speed_sensor_Motor_control/hw/Speed_sensor_Motor_control.xsa
TRACE::2025-03-29.02:25:25::SCWPlatform::DSA absoulate path C:/devWorks/SS_MC_SOC/Vitis/Speed_sensor_Motor_control/hw/Speed_sensor_Motor_control.xsa
TRACE::2025-03-29.02:25:25::SCWPlatform::DSA directory C:/devWorks/SS_MC_SOC/Vitis/Speed_sensor_Motor_control/hw
TRACE::2025-03-29.02:25:25::SCWPlatform:: Platform Path C:/devWorks/SS_MC_SOC/Vitis/Speed_sensor_Motor_control/hw/Speed_sensor_Motor_control.xsa
TRACE::2025-03-29.02:25:25::SCWPlatform:: Unique name xilinx:pynq-z2::0.0
TRACE::2025-03-29.02:25:25::SCWPlatform::Trying to set the existing hwdb with name design_1_wrapper_0
TRACE::2025-03-29.02:25:25::SCWPlatform::Opened existing hwdb design_1_wrapper_0
TRACE::2025-03-29.02:25:25::SCWPlatform::Found the Hw Db part of the input DSA
TRACE::2025-03-29.02:25:25::SCWMssOS::Checking the sw design at  C:/devWorks/SS_MC_SOC/Vitis/Speed_sensor_Motor_control/zynq_fsbl/zynq_fsbl_bsp/system.mss
TRACE::2025-03-29.02:25:25::SCWMssOS::DEBUG:  swdes dump  C:/devWorks/SS_MC_SOC/Vitis/Speed_sensor_Motor_control/zynq_fsbl/zynq_fsbl_bsp/system.mss|system||

TRACE::2025-03-29.02:25:25::SCWMssOS::Sw design exists and opened at  C:/devWorks/SS_MC_SOC/Vitis/Speed_sensor_Motor_control/zynq_fsbl/zynq_fsbl_bsp/system.mss
TRACE::2025-03-29.02:25:25::SCWPlatform::Trying to open the hw design at C:/devWorks/SS_MC_SOC/Vitis/Speed_sensor_Motor_control/hw/Speed_sensor_Motor_control.xsa
TRACE::2025-03-29.02:25:25::SCWPlatform::DSA given C:/devWorks/SS_MC_SOC/Vitis/Speed_sensor_Motor_control/hw/Speed_sensor_Motor_control.xsa
TRACE::2025-03-29.02:25:25::SCWPlatform::DSA absoulate path C:/devWorks/SS_MC_SOC/Vitis/Speed_sensor_Motor_control/hw/Speed_sensor_Motor_control.xsa
TRACE::2025-03-29.02:25:25::SCWPlatform::DSA directory C:/devWorks/SS_MC_SOC/Vitis/Speed_sensor_Motor_control/hw
TRACE::2025-03-29.02:25:25::SCWPlatform:: Platform Path C:/devWorks/SS_MC_SOC/Vitis/Speed_sensor_Motor_control/hw/Speed_sensor_Motor_control.xsa
TRACE::2025-03-29.02:25:25::SCWPlatform:: Unique name xilinx:pynq-z2::0.0
TRACE::2025-03-29.02:25:25::SCWPlatform::Trying to set the existing hwdb with name design_1_wrapper_0
TRACE::2025-03-29.02:25:25::SCWPlatform::Opened existing hwdb design_1_wrapper_0
TRACE::2025-03-29.02:25:25::SCWPlatform::Found the Hw Db part of the input DSA
TRACE::2025-03-29.02:25:25::SCWMssOS::Checking the sw design at  C:/devWorks/SS_MC_SOC/Vitis/Speed_sensor_Motor_control/zynq_fsbl/zynq_fsbl_bsp/system.mss
TRACE::2025-03-29.02:25:25::SCWMssOS::DEBUG:  swdes dump  C:/devWorks/SS_MC_SOC/Vitis/Speed_sensor_Motor_control/zynq_fsbl/zynq_fsbl_bsp/system.mss|system||

TRACE::2025-03-29.02:25:25::SCWMssOS::Sw design exists and opened at  C:/devWorks/SS_MC_SOC/Vitis/Speed_sensor_Motor_control/zynq_fsbl/zynq_fsbl_bsp/system.mss
TRACE::2025-03-29.02:25:25::SCWPlatform::Trying to open the hw design at C:/devWorks/SS_MC_SOC/Vitis/Speed_sensor_Motor_control/hw/Speed_sensor_Motor_control.xsa
TRACE::2025-03-29.02:25:25::SCWPlatform::DSA given C:/devWorks/SS_MC_SOC/Vitis/Speed_sensor_Motor_control/hw/Speed_sensor_Motor_control.xsa
TRACE::2025-03-29.02:25:25::SCWPlatform::DSA absoulate path C:/devWorks/SS_MC_SOC/Vitis/Speed_sensor_Motor_control/hw/Speed_sensor_Motor_control.xsa
TRACE::2025-03-29.02:25:25::SCWPlatform::DSA directory C:/devWorks/SS_MC_SOC/Vitis/Speed_sensor_Motor_control/hw
TRACE::2025-03-29.02:25:25::SCWPlatform:: Platform Path C:/devWorks/SS_MC_SOC/Vitis/Speed_sensor_Motor_control/hw/Speed_sensor_Motor_control.xsa
TRACE::2025-03-29.02:25:25::SCWPlatform:: Unique name xilinx:pynq-z2::0.0
TRACE::2025-03-29.02:25:25::SCWPlatform::Trying to set the existing hwdb with name design_1_wrapper_0
TRACE::2025-03-29.02:25:25::SCWPlatform::Opened existing hwdb design_1_wrapper_0
TRACE::2025-03-29.02:25:25::SCWPlatform::Found the Hw Db part of the input DSA
TRACE::2025-03-29.02:25:25::SCWMssOS::Checking the sw design at  C:/devWorks/SS_MC_SOC/Vitis/Speed_sensor_Motor_control/zynq_fsbl/zynq_fsbl_bsp/system.mss
TRACE::2025-03-29.02:25:25::SCWMssOS::DEBUG:  swdes dump  C:/devWorks/SS_MC_SOC/Vitis/Speed_sensor_Motor_control/zynq_fsbl/zynq_fsbl_bsp/system.mss|system||

TRACE::2025-03-29.02:25:25::SCWMssOS::Sw design exists and opened at  C:/devWorks/SS_MC_SOC/Vitis/Speed_sensor_Motor_control/zynq_fsbl/zynq_fsbl_bsp/system.mss
TRACE::2025-03-29.02:25:25::SCWWriter::formatted JSON is {
	"platformName":	"Speed_sensor_Motor_control",
	"sprVersion":	"2.0",
	"mode":	"gui",
	"dsaType":	"Fixed",
	"platformDesc":	"Speed_sensor_Motor_control",
	"platHandOff":	"C:/devWorks/SS_MC_SOC/Speed_sensor_Motor_control.xsa",
	"platIntHandOff":	"<platformDir>/hw/Speed_sensor_Motor_control.xsa",
	"deviceType":	"zynq",
	"platIsPrebuiltAutogen":	"false",
	"platIsNoBootBsp":	"false",
	"platFsblTarget":	"ps7_cortexa9_0",
	"hasFsblMakeHasChanges":	"false",
	"hasPmufwMakeHasChanges":	"false",
	"fsblExtraCompilerFlags":	"-MMD -MP       -mcpu=cortex-a9 -mfpu=vfpv3 -mfloat-abi=hard ",
	"platPreBuiltFlag":	false,
	"platformSamplesDir":	"",
	"platActiveSys":	"Speed_sensor_Motor_control",
	"systems":	[{
			"systemName":	"Speed_sensor_Motor_control",
			"systemDesc":	"Speed_sensor_Motor_control",
			"sysIsBootAutoGen":	"true",
			"systemDispName":	"Speed_sensor_Motor_control",
			"sysActiveDom":	"zynq_fsbl",
			"sysDefaultDom":	"",
			"domains":	[{
					"domainName":	"zynq_fsbl",
					"domainDispName":	"zynq_fsbl",
					"domainDesc":	"FSBL Application BSP - Auto Generated.",
					"processors":	"ps7_cortexa9_0",
					"os":	"standalone",
					"sdxOs":	"standalone",
					"debugEnable":	"",
					"domRuntimes":	["cpp"],
					"swRepo":	"",
					"mssOsVer":	"9.1",
					"mssFile":	"",
					"md5Digest":	"b4df79a800a1f9c21646240e8d214367",
					"compatibleApp":	"zynq_fsbl",
					"domType":	"bootDomain",
					"arch":	"32-bit",
					"appSettings":	{
						"appCompilerFlags":	"",
						"appLinkerFlags":	""
					},
					"addedLibs":	["xilffs:5.2", "xilrsa:1.8"],
					"libOptions":	{
						"libsContainingOptions":	[]
					},
					"prebuiltLibs":	{
						"prebuiltIncPath":	[],
						"prebuiltLibPath":	[]
					},
					"isolation":	{
					}
				}]
		}]
}
TRACE::2025-03-29.02:25:26::SCWPlatform::Trying to open the hw design at C:/devWorks/SS_MC_SOC/Vitis/Speed_sensor_Motor_control/hw/Speed_sensor_Motor_control.xsa
TRACE::2025-03-29.02:25:26::SCWPlatform::DSA given C:/devWorks/SS_MC_SOC/Vitis/Speed_sensor_Motor_control/hw/Speed_sensor_Motor_control.xsa
TRACE::2025-03-29.02:25:26::SCWPlatform::DSA absoulate path C:/devWorks/SS_MC_SOC/Vitis/Speed_sensor_Motor_control/hw/Speed_sensor_Motor_control.xsa
TRACE::2025-03-29.02:25:26::SCWPlatform::DSA directory C:/devWorks/SS_MC_SOC/Vitis/Speed_sensor_Motor_control/hw
TRACE::2025-03-29.02:25:26::SCWPlatform:: Platform Path C:/devWorks/SS_MC_SOC/Vitis/Speed_sensor_Motor_control/hw/Speed_sensor_Motor_control.xsa
TRACE::2025-03-29.02:25:26::SCWPlatform:: Unique name xilinx:pynq-z2::0.0
TRACE::2025-03-29.02:25:26::SCWPlatform::Trying to set the existing hwdb with name design_1_wrapper_0
TRACE::2025-03-29.02:25:26::SCWPlatform::Opened existing hwdb design_1_wrapper_0
TRACE::2025-03-29.02:25:26::SCWPlatform::Found the Hw Db part of the input DSA
TRACE::2025-03-29.02:25:26::SCWDomain::checking for install qemu data   : 
TRACE::2025-03-29.02:25:26::SCWDomain:: Using the QEMU Data from install at  : C:/Xilinx/Vitis/2024.1/data/emulation/platforms/zynq/sw/a9_standalone/qemu/
TRACE::2025-03-29.02:25:26::SCWDomain:: Using the QEMU args  from install at  : C:/Xilinx/Vitis/2024.1/data/emulation/platforms/zynq/sw/a9_standalone/qemu/qemu_args.txt
TRACE::2025-03-29.02:25:26::SCWPlatform::Trying to open the hw design at C:/devWorks/SS_MC_SOC/Vitis/Speed_sensor_Motor_control/hw/Speed_sensor_Motor_control.xsa
TRACE::2025-03-29.02:25:26::SCWPlatform::DSA given C:/devWorks/SS_MC_SOC/Vitis/Speed_sensor_Motor_control/hw/Speed_sensor_Motor_control.xsa
TRACE::2025-03-29.02:25:26::SCWPlatform::DSA absoulate path C:/devWorks/SS_MC_SOC/Vitis/Speed_sensor_Motor_control/hw/Speed_sensor_Motor_control.xsa
TRACE::2025-03-29.02:25:26::SCWPlatform::DSA directory C:/devWorks/SS_MC_SOC/Vitis/Speed_sensor_Motor_control/hw
TRACE::2025-03-29.02:25:26::SCWPlatform:: Platform Path C:/devWorks/SS_MC_SOC/Vitis/Speed_sensor_Motor_control/hw/Speed_sensor_Motor_control.xsa
TRACE::2025-03-29.02:25:26::SCWPlatform:: Unique name xilinx:pynq-z2::0.0
TRACE::2025-03-29.02:25:26::SCWPlatform::Trying to set the existing hwdb with name design_1_wrapper_0
TRACE::2025-03-29.02:25:26::SCWPlatform::Opened existing hwdb design_1_wrapper_0
TRACE::2025-03-29.02:25:26::SCWPlatform::Found the Hw Db part of the input DSA
TRACE::2025-03-29.02:25:26::SCWPlatform::Trying to open the hw design at C:/devWorks/SS_MC_SOC/Vitis/Speed_sensor_Motor_control/hw/Speed_sensor_Motor_control.xsa
TRACE::2025-03-29.02:25:26::SCWPlatform::DSA given C:/devWorks/SS_MC_SOC/Vitis/Speed_sensor_Motor_control/hw/Speed_sensor_Motor_control.xsa
TRACE::2025-03-29.02:25:26::SCWPlatform::DSA absoulate path C:/devWorks/SS_MC_SOC/Vitis/Speed_sensor_Motor_control/hw/Speed_sensor_Motor_control.xsa
TRACE::2025-03-29.02:25:26::SCWPlatform::DSA directory C:/devWorks/SS_MC_SOC/Vitis/Speed_sensor_Motor_control/hw
TRACE::2025-03-29.02:25:26::SCWPlatform:: Platform Path C:/devWorks/SS_MC_SOC/Vitis/Speed_sensor_Motor_control/hw/Speed_sensor_Motor_control.xsa
TRACE::2025-03-29.02:25:26::SCWPlatform:: Unique name xilinx:pynq-z2::0.0
TRACE::2025-03-29.02:25:26::SCWPlatform::Trying to set the existing hwdb with name design_1_wrapper_0
TRACE::2025-03-29.02:25:26::SCWPlatform::Opened existing hwdb design_1_wrapper_0
TRACE::2025-03-29.02:25:26::SCWPlatform::Found the Hw Db part of the input DSA
TRACE::2025-03-29.02:25:26::SCWDomain::Qemu Directory name is changed from "" to "qemu"
TRACE::2025-03-29.02:25:26::SCWPlatform::Trying to open the hw design at C:/devWorks/SS_MC_SOC/Vitis/Speed_sensor_Motor_control/hw/Speed_sensor_Motor_control.xsa
TRACE::2025-03-29.02:25:26::SCWPlatform::DSA given C:/devWorks/SS_MC_SOC/Vitis/Speed_sensor_Motor_control/hw/Speed_sensor_Motor_control.xsa
TRACE::2025-03-29.02:25:26::SCWPlatform::DSA absoulate path C:/devWorks/SS_MC_SOC/Vitis/Speed_sensor_Motor_control/hw/Speed_sensor_Motor_control.xsa
TRACE::2025-03-29.02:25:26::SCWPlatform::DSA directory C:/devWorks/SS_MC_SOC/Vitis/Speed_sensor_Motor_control/hw
TRACE::2025-03-29.02:25:26::SCWPlatform:: Platform Path C:/devWorks/SS_MC_SOC/Vitis/Speed_sensor_Motor_control/hw/Speed_sensor_Motor_control.xsa
TRACE::2025-03-29.02:25:26::SCWPlatform:: Unique name xilinx:pynq-z2::0.0
TRACE::2025-03-29.02:25:26::SCWPlatform::Trying to set the existing hwdb with name design_1_wrapper_0
TRACE::2025-03-29.02:25:26::SCWPlatform::Opened existing hwdb design_1_wrapper_0
TRACE::2025-03-29.02:25:26::SCWPlatform::Found the Hw Db part of the input DSA
TRACE::2025-03-29.02:25:26::SCWMssOS::Checking the sw design at  C:/devWorks/SS_MC_SOC/Vitis/Speed_sensor_Motor_control/ps7_cortexa9_0/standalone_ps7_cortexa9_0/bsp/system.mss
TRACE::2025-03-29.02:25:26::SCWMssOS::DEBUG:  swdes dump  C:/devWorks/SS_MC_SOC/Vitis/Speed_sensor_Motor_control/zynq_fsbl/zynq_fsbl_bsp/system.mss|system||

TRACE::2025-03-29.02:25:26::SCWMssOS::No sw design opened at  C:/devWorks/SS_MC_SOC/Vitis/Speed_sensor_Motor_control/ps7_cortexa9_0/standalone_ps7_cortexa9_0/bsp/system.mss
TRACE::2025-03-29.02:25:26::SCWMssOS::mss does not exists at C:/devWorks/SS_MC_SOC/Vitis/Speed_sensor_Motor_control/ps7_cortexa9_0/standalone_ps7_cortexa9_0/bsp/system.mss
TRACE::2025-03-29.02:25:26::SCWMssOS::Creating sw design at  C:/devWorks/SS_MC_SOC/Vitis/Speed_sensor_Motor_control/ps7_cortexa9_0/standalone_ps7_cortexa9_0/bsp/system.mss
TRACE::2025-03-29.02:25:26::SCWMssOS::Adding the swdes entry, created swdb C:/devWorks/SS_MC_SOC/Vitis/Speed_sensor_Motor_control/ps7_cortexa9_0/standalone_ps7_cortexa9_0/bsp/system.mss with des name C:/devWorks/SS_MC_SOC/Vitis/Speed_sensor_Motor_control/ps7_cortexa9_0/standalone_ps7_cortexa9_0/bsp/system.mss
TRACE::2025-03-29.02:25:26::SCWMssOS::updating the scw layer changes to swdes at   C:/devWorks/SS_MC_SOC/Vitis/Speed_sensor_Motor_control/ps7_cortexa9_0/standalone_ps7_cortexa9_0/bsp/system.mss
TRACE::2025-03-29.02:25:26::SCWMssOS::Writing mss at C:/devWorks/SS_MC_SOC/Vitis/Speed_sensor_Motor_control/ps7_cortexa9_0/standalone_ps7_cortexa9_0/bsp/system.mss
TRACE::2025-03-29.02:25:26::SCWMssOS::Completed writing the mss file at C:/devWorks/SS_MC_SOC/Vitis/Speed_sensor_Motor_control/ps7_cortexa9_0/standalone_ps7_cortexa9_0/bsp
TRACE::2025-03-29.02:25:26::SCWMssOS::Picking up changes from newly written mss file into SCW Layer. 
TRACE::2025-03-29.02:25:26::SCWMssOS::Updated the changes from newly written mss file into SCW Layer. 
TRACE::2025-03-29.02:25:26::SCWMssOS::Completed writing the mss file at C:/devWorks/SS_MC_SOC/Vitis/Speed_sensor_Motor_control/ps7_cortexa9_0/standalone_ps7_cortexa9_0/bsp
TRACE::2025-03-29.02:25:26::SCWMssOS::Forcing BSP Sources regeneration.
TRACE::2025-03-29.02:25:29::SCWMssOS::Saving the mss changes C:/devWorks/SS_MC_SOC/Vitis/Speed_sensor_Motor_control/zynq_fsbl/zynq_fsbl_bsp/system.mss
TRACE::2025-03-29.02:25:29::SCWMssOS::Found a swdesign opened with the mssfile.
TRACE::2025-03-29.02:25:29::SCWMssOS::Completed writemss as part of save.
TRACE::2025-03-29.02:25:29::SCWMssOS::Commit changes completed.
TRACE::2025-03-29.02:25:29::SCWMssOS::Saving the mss changes C:/devWorks/SS_MC_SOC/Vitis/Speed_sensor_Motor_control/ps7_cortexa9_0/standalone_ps7_cortexa9_0/bsp/system.mss
TRACE::2025-03-29.02:25:29::SCWMssOS::Adding the swdes entry, mss present, able to open swdb C:/devWorks/SS_MC_SOC/Vitis/Speed_sensor_Motor_control/ps7_cortexa9_0/standalone_ps7_cortexa9_0/bsp/system.mss with des name system_0
TRACE::2025-03-29.02:25:29::SCWMssOS::Writing the mss file completed C:/devWorks/SS_MC_SOC/Vitis/Speed_sensor_Motor_control/ps7_cortexa9_0/standalone_ps7_cortexa9_0/bsp/system.mss
TRACE::2025-03-29.02:25:29::SCWMssOS::Commit changes completed.
TRACE::2025-03-29.02:25:29::SCWPlatform::Trying to open the hw design at C:/devWorks/SS_MC_SOC/Vitis/Speed_sensor_Motor_control/hw/Speed_sensor_Motor_control.xsa
TRACE::2025-03-29.02:25:29::SCWPlatform::DSA given C:/devWorks/SS_MC_SOC/Vitis/Speed_sensor_Motor_control/hw/Speed_sensor_Motor_control.xsa
TRACE::2025-03-29.02:25:29::SCWPlatform::DSA absoulate path C:/devWorks/SS_MC_SOC/Vitis/Speed_sensor_Motor_control/hw/Speed_sensor_Motor_control.xsa
TRACE::2025-03-29.02:25:29::SCWPlatform::DSA directory C:/devWorks/SS_MC_SOC/Vitis/Speed_sensor_Motor_control/hw
TRACE::2025-03-29.02:25:29::SCWPlatform:: Platform Path C:/devWorks/SS_MC_SOC/Vitis/Speed_sensor_Motor_control/hw/Speed_sensor_Motor_control.xsa
TRACE::2025-03-29.02:25:29::SCWPlatform:: Unique name xilinx:pynq-z2::0.0
TRACE::2025-03-29.02:25:29::SCWPlatform::Trying to set the existing hwdb with name design_1_wrapper_0
TRACE::2025-03-29.02:25:29::SCWPlatform::Opened existing hwdb design_1_wrapper_0
TRACE::2025-03-29.02:25:29::SCWPlatform::Found the Hw Db part of the input DSA
TRACE::2025-03-29.02:25:29::SCWMssOS::Checking the sw design at  C:/devWorks/SS_MC_SOC/Vitis/Speed_sensor_Motor_control/zynq_fsbl/zynq_fsbl_bsp/system.mss
TRACE::2025-03-29.02:25:29::SCWMssOS::DEBUG:  swdes dump  C:/devWorks/SS_MC_SOC/Vitis/Speed_sensor_Motor_control/ps7_cortexa9_0/standalone_ps7_cortexa9_0/bsp/system.mss|system_0||
C:/devWorks/SS_MC_SOC/Vitis/Speed_sensor_Motor_control/zynq_fsbl/zynq_fsbl_bsp/system.mss|system||

TRACE::2025-03-29.02:25:29::SCWMssOS::Sw design exists and opened at  C:/devWorks/SS_MC_SOC/Vitis/Speed_sensor_Motor_control/zynq_fsbl/zynq_fsbl_bsp/system.mss
TRACE::2025-03-29.02:25:29::SCWPlatform::Trying to open the hw design at C:/devWorks/SS_MC_SOC/Vitis/Speed_sensor_Motor_control/hw/Speed_sensor_Motor_control.xsa
TRACE::2025-03-29.02:25:29::SCWPlatform::DSA given C:/devWorks/SS_MC_SOC/Vitis/Speed_sensor_Motor_control/hw/Speed_sensor_Motor_control.xsa
TRACE::2025-03-29.02:25:29::SCWPlatform::DSA absoulate path C:/devWorks/SS_MC_SOC/Vitis/Speed_sensor_Motor_control/hw/Speed_sensor_Motor_control.xsa
TRACE::2025-03-29.02:25:29::SCWPlatform::DSA directory C:/devWorks/SS_MC_SOC/Vitis/Speed_sensor_Motor_control/hw
TRACE::2025-03-29.02:25:29::SCWPlatform:: Platform Path C:/devWorks/SS_MC_SOC/Vitis/Speed_sensor_Motor_control/hw/Speed_sensor_Motor_control.xsa
TRACE::2025-03-29.02:25:29::SCWPlatform:: Unique name xilinx:pynq-z2::0.0
TRACE::2025-03-29.02:25:29::SCWPlatform::Trying to set the existing hwdb with name design_1_wrapper_0
TRACE::2025-03-29.02:25:29::SCWPlatform::Opened existing hwdb design_1_wrapper_0
TRACE::2025-03-29.02:25:29::SCWPlatform::Found the Hw Db part of the input DSA
TRACE::2025-03-29.02:25:29::SCWMssOS::Checking the sw design at  C:/devWorks/SS_MC_SOC/Vitis/Speed_sensor_Motor_control/zynq_fsbl/zynq_fsbl_bsp/system.mss
TRACE::2025-03-29.02:25:29::SCWMssOS::DEBUG:  swdes dump  C:/devWorks/SS_MC_SOC/Vitis/Speed_sensor_Motor_control/ps7_cortexa9_0/standalone_ps7_cortexa9_0/bsp/system.mss|system_0||
C:/devWorks/SS_MC_SOC/Vitis/Speed_sensor_Motor_control/zynq_fsbl/zynq_fsbl_bsp/system.mss|system||

TRACE::2025-03-29.02:25:29::SCWMssOS::Sw design exists and opened at  C:/devWorks/SS_MC_SOC/Vitis/Speed_sensor_Motor_control/zynq_fsbl/zynq_fsbl_bsp/system.mss
TRACE::2025-03-29.02:25:29::SCWPlatform::Trying to open the hw design at C:/devWorks/SS_MC_SOC/Vitis/Speed_sensor_Motor_control/hw/Speed_sensor_Motor_control.xsa
TRACE::2025-03-29.02:25:29::SCWPlatform::DSA given C:/devWorks/SS_MC_SOC/Vitis/Speed_sensor_Motor_control/hw/Speed_sensor_Motor_control.xsa
TRACE::2025-03-29.02:25:29::SCWPlatform::DSA absoulate path C:/devWorks/SS_MC_SOC/Vitis/Speed_sensor_Motor_control/hw/Speed_sensor_Motor_control.xsa
TRACE::2025-03-29.02:25:29::SCWPlatform::DSA directory C:/devWorks/SS_MC_SOC/Vitis/Speed_sensor_Motor_control/hw
TRACE::2025-03-29.02:25:29::SCWPlatform:: Platform Path C:/devWorks/SS_MC_SOC/Vitis/Speed_sensor_Motor_control/hw/Speed_sensor_Motor_control.xsa
TRACE::2025-03-29.02:25:29::SCWPlatform:: Unique name xilinx:pynq-z2::0.0
TRACE::2025-03-29.02:25:29::SCWPlatform::Trying to set the existing hwdb with name design_1_wrapper_0
TRACE::2025-03-29.02:25:29::SCWPlatform::Opened existing hwdb design_1_wrapper_0
TRACE::2025-03-29.02:25:29::SCWPlatform::Found the Hw Db part of the input DSA
TRACE::2025-03-29.02:25:29::SCWMssOS::Checking the sw design at  C:/devWorks/SS_MC_SOC/Vitis/Speed_sensor_Motor_control/zynq_fsbl/zynq_fsbl_bsp/system.mss
TRACE::2025-03-29.02:25:29::SCWMssOS::DEBUG:  swdes dump  C:/devWorks/SS_MC_SOC/Vitis/Speed_sensor_Motor_control/ps7_cortexa9_0/standalone_ps7_cortexa9_0/bsp/system.mss|system_0||
C:/devWorks/SS_MC_SOC/Vitis/Speed_sensor_Motor_control/zynq_fsbl/zynq_fsbl_bsp/system.mss|system||

TRACE::2025-03-29.02:25:29::SCWMssOS::Sw design exists and opened at  C:/devWorks/SS_MC_SOC/Vitis/Speed_sensor_Motor_control/zynq_fsbl/zynq_fsbl_bsp/system.mss
TRACE::2025-03-29.02:25:29::SCWPlatform::Trying to open the hw design at C:/devWorks/SS_MC_SOC/Vitis/Speed_sensor_Motor_control/hw/Speed_sensor_Motor_control.xsa
TRACE::2025-03-29.02:25:29::SCWPlatform::DSA given C:/devWorks/SS_MC_SOC/Vitis/Speed_sensor_Motor_control/hw/Speed_sensor_Motor_control.xsa
TRACE::2025-03-29.02:25:29::SCWPlatform::DSA absoulate path C:/devWorks/SS_MC_SOC/Vitis/Speed_sensor_Motor_control/hw/Speed_sensor_Motor_control.xsa
TRACE::2025-03-29.02:25:29::SCWPlatform::DSA directory C:/devWorks/SS_MC_SOC/Vitis/Speed_sensor_Motor_control/hw
TRACE::2025-03-29.02:25:29::SCWPlatform:: Platform Path C:/devWorks/SS_MC_SOC/Vitis/Speed_sensor_Motor_control/hw/Speed_sensor_Motor_control.xsa
TRACE::2025-03-29.02:25:29::SCWPlatform:: Unique name xilinx:pynq-z2::0.0
TRACE::2025-03-29.02:25:29::SCWPlatform::Trying to set the existing hwdb with name design_1_wrapper_0
TRACE::2025-03-29.02:25:29::SCWPlatform::Opened existing hwdb design_1_wrapper_0
TRACE::2025-03-29.02:25:29::SCWPlatform::Found the Hw Db part of the input DSA
TRACE::2025-03-29.02:25:29::SCWMssOS::Checking the sw design at  C:/devWorks/SS_MC_SOC/Vitis/Speed_sensor_Motor_control/ps7_cortexa9_0/standalone_ps7_cortexa9_0/bsp/system.mss
TRACE::2025-03-29.02:25:29::SCWMssOS::DEBUG:  swdes dump  C:/devWorks/SS_MC_SOC/Vitis/Speed_sensor_Motor_control/ps7_cortexa9_0/standalone_ps7_cortexa9_0/bsp/system.mss|system_0||
C:/devWorks/SS_MC_SOC/Vitis/Speed_sensor_Motor_control/zynq_fsbl/zynq_fsbl_bsp/system.mss|system||

TRACE::2025-03-29.02:25:29::SCWMssOS::Sw design exists and opened at  C:/devWorks/SS_MC_SOC/Vitis/Speed_sensor_Motor_control/ps7_cortexa9_0/standalone_ps7_cortexa9_0/bsp/system.mss
TRACE::2025-03-29.02:25:29::SCWPlatform::Trying to open the hw design at C:/devWorks/SS_MC_SOC/Vitis/Speed_sensor_Motor_control/hw/Speed_sensor_Motor_control.xsa
TRACE::2025-03-29.02:25:29::SCWPlatform::DSA given C:/devWorks/SS_MC_SOC/Vitis/Speed_sensor_Motor_control/hw/Speed_sensor_Motor_control.xsa
TRACE::2025-03-29.02:25:29::SCWPlatform::DSA absoulate path C:/devWorks/SS_MC_SOC/Vitis/Speed_sensor_Motor_control/hw/Speed_sensor_Motor_control.xsa
TRACE::2025-03-29.02:25:29::SCWPlatform::DSA directory C:/devWorks/SS_MC_SOC/Vitis/Speed_sensor_Motor_control/hw
TRACE::2025-03-29.02:25:29::SCWPlatform:: Platform Path C:/devWorks/SS_MC_SOC/Vitis/Speed_sensor_Motor_control/hw/Speed_sensor_Motor_control.xsa
TRACE::2025-03-29.02:25:29::SCWPlatform:: Unique name xilinx:pynq-z2::0.0
TRACE::2025-03-29.02:25:29::SCWPlatform::Trying to set the existing hwdb with name design_1_wrapper_0
TRACE::2025-03-29.02:25:29::SCWPlatform::Opened existing hwdb design_1_wrapper_0
TRACE::2025-03-29.02:25:29::SCWPlatform::Found the Hw Db part of the input DSA
TRACE::2025-03-29.02:25:29::SCWMssOS::Checking the sw design at  C:/devWorks/SS_MC_SOC/Vitis/Speed_sensor_Motor_control/ps7_cortexa9_0/standalone_ps7_cortexa9_0/bsp/system.mss
TRACE::2025-03-29.02:25:29::SCWMssOS::DEBUG:  swdes dump  C:/devWorks/SS_MC_SOC/Vitis/Speed_sensor_Motor_control/ps7_cortexa9_0/standalone_ps7_cortexa9_0/bsp/system.mss|system_0||
C:/devWorks/SS_MC_SOC/Vitis/Speed_sensor_Motor_control/zynq_fsbl/zynq_fsbl_bsp/system.mss|system||

TRACE::2025-03-29.02:25:29::SCWMssOS::Sw design exists and opened at  C:/devWorks/SS_MC_SOC/Vitis/Speed_sensor_Motor_control/ps7_cortexa9_0/standalone_ps7_cortexa9_0/bsp/system.mss
TRACE::2025-03-29.02:25:29::SCWPlatform::Trying to open the hw design at C:/devWorks/SS_MC_SOC/Vitis/Speed_sensor_Motor_control/hw/Speed_sensor_Motor_control.xsa
TRACE::2025-03-29.02:25:29::SCWPlatform::DSA given C:/devWorks/SS_MC_SOC/Vitis/Speed_sensor_Motor_control/hw/Speed_sensor_Motor_control.xsa
TRACE::2025-03-29.02:25:29::SCWPlatform::DSA absoulate path C:/devWorks/SS_MC_SOC/Vitis/Speed_sensor_Motor_control/hw/Speed_sensor_Motor_control.xsa
TRACE::2025-03-29.02:25:29::SCWPlatform::DSA directory C:/devWorks/SS_MC_SOC/Vitis/Speed_sensor_Motor_control/hw
TRACE::2025-03-29.02:25:29::SCWPlatform:: Platform Path C:/devWorks/SS_MC_SOC/Vitis/Speed_sensor_Motor_control/hw/Speed_sensor_Motor_control.xsa
TRACE::2025-03-29.02:25:29::SCWPlatform:: Unique name xilinx:pynq-z2::0.0
TRACE::2025-03-29.02:25:29::SCWPlatform::Trying to set the existing hwdb with name design_1_wrapper_0
TRACE::2025-03-29.02:25:29::SCWPlatform::Opened existing hwdb design_1_wrapper_0
TRACE::2025-03-29.02:25:29::SCWPlatform::Found the Hw Db part of the input DSA
TRACE::2025-03-29.02:25:29::SCWMssOS::Checking the sw design at  C:/devWorks/SS_MC_SOC/Vitis/Speed_sensor_Motor_control/ps7_cortexa9_0/standalone_ps7_cortexa9_0/bsp/system.mss
TRACE::2025-03-29.02:25:29::SCWMssOS::DEBUG:  swdes dump  C:/devWorks/SS_MC_SOC/Vitis/Speed_sensor_Motor_control/ps7_cortexa9_0/standalone_ps7_cortexa9_0/bsp/system.mss|system_0||
C:/devWorks/SS_MC_SOC/Vitis/Speed_sensor_Motor_control/zynq_fsbl/zynq_fsbl_bsp/system.mss|system||

TRACE::2025-03-29.02:25:29::SCWMssOS::Sw design exists and opened at  C:/devWorks/SS_MC_SOC/Vitis/Speed_sensor_Motor_control/ps7_cortexa9_0/standalone_ps7_cortexa9_0/bsp/system.mss
TRACE::2025-03-29.02:25:29::SCWWriter::formatted JSON is {
	"platformName":	"Speed_sensor_Motor_control",
	"sprVersion":	"2.0",
	"mode":	"gui",
	"dsaType":	"Fixed",
	"platformDesc":	"Speed_sensor_Motor_control",
	"platHandOff":	"C:/devWorks/SS_MC_SOC/Speed_sensor_Motor_control.xsa",
	"platIntHandOff":	"<platformDir>/hw/Speed_sensor_Motor_control.xsa",
	"deviceType":	"zynq",
	"platIsPrebuiltAutogen":	"false",
	"platIsNoBootBsp":	"false",
	"platFsblTarget":	"ps7_cortexa9_0",
	"hasFsblMakeHasChanges":	"false",
	"hasPmufwMakeHasChanges":	"false",
	"fsblExtraCompilerFlags":	"-MMD -MP       -mcpu=cortex-a9 -mfpu=vfpv3 -mfloat-abi=hard ",
	"platPreBuiltFlag":	false,
	"platformSamplesDir":	"",
	"platActiveSys":	"Speed_sensor_Motor_control",
	"systems":	[{
			"systemName":	"Speed_sensor_Motor_control",
			"systemDesc":	"Speed_sensor_Motor_control",
			"sysIsBootAutoGen":	"true",
			"systemDispName":	"Speed_sensor_Motor_control",
			"sysActiveDom":	"standalone_ps7_cortexa9_0",
			"sysDefaultDom":	"standalone_ps7_cortexa9_0",
			"domains":	[{
					"domainName":	"zynq_fsbl",
					"domainDispName":	"zynq_fsbl",
					"domainDesc":	"FSBL Application BSP - Auto Generated.",
					"processors":	"ps7_cortexa9_0",
					"os":	"standalone",
					"sdxOs":	"standalone",
					"debugEnable":	"",
					"domRuntimes":	["cpp"],
					"swRepo":	"",
					"mssOsVer":	"9.1",
					"mssFile":	"",
					"md5Digest":	"b4df79a800a1f9c21646240e8d214367",
					"compatibleApp":	"zynq_fsbl",
					"domType":	"bootDomain",
					"arch":	"32-bit",
					"appSettings":	{
						"appCompilerFlags":	"",
						"appLinkerFlags":	""
					},
					"addedLibs":	["xilffs:5.2", "xilrsa:1.8"],
					"libOptions":	{
						"libsContainingOptions":	[]
					},
					"prebuiltLibs":	{
						"prebuiltIncPath":	[],
						"prebuiltLibPath":	[]
					},
					"isolation":	{
					}
				}, {
					"domainName":	"standalone_ps7_cortexa9_0",
					"domainDispName":	"standalone_ps7_cortexa9_0",
					"domainDesc":	"standalone_ps7_cortexa9_0",
					"processors":	"ps7_cortexa9_0",
					"os":	"standalone",
					"sdxOs":	"standalone",
					"qemuArgs":	"<platformDir>/resources/Speed_sensor_Motor_control/standalone_ps7_cortexa9_0/qemu_args.txt",
					"qemuData":	"<platformDir>/resources/Speed_sensor_Motor_control/standalone_ps7_cortexa9_0/qemu",
					"debugEnable":	"False",
					"domRuntimes":	["cpp"],
					"swRepo":	"",
					"mssOsVer":	"9.1",
					"mssFile":	"",
					"md5Digest":	"8a4afdbf38ea2078439cc1b4f5c3b212",
					"compatibleApp":	"hello_world",
					"domType":	"mssDomain",
					"arch":	"32-bit",
					"appSettings":	{
						"appCompilerFlags":	"",
						"appLinkerFlags":	""
					},
					"addedLibs":	[],
					"libOptions":	{
						"libsContainingOptions":	[]
					},
					"prebuiltLibs":	{
						"prebuiltIncPath":	[],
						"prebuiltLibPath":	[]
					},
					"isolation":	{
					}
				}]
		}]
}
LOG::2025-03-29.02:25:29::SCWPlatform::Started generating the artifacts platform Speed_sensor_Motor_control
TRACE::2025-03-29.02:25:29::SCWPlatform::Sanity checking of platform is completed
LOG::2025-03-29.02:25:29::SCWPlatform::Started generating the artifacts for system configuration Speed_sensor_Motor_control
LOG::2025-03-29.02:25:29::SCWSystem::Checking the domain zynq_fsbl
LOG::2025-03-29.02:25:29::SCWSystem::Doing application build for :  zynq_fsbl
TRACE::2025-03-29.02:25:29::SCWBDomain::Not a forced makefile updation, No changes are present. 
TRACE::2025-03-29.02:25:29::SCWDomain::Skipping the build for domain :  zynq_fsbl
LOG::2025-03-29.02:25:29::SCWSystem::Checking the domain standalone_ps7_cortexa9_0
LOG::2025-03-29.02:25:29::SCWSystem::Not a boot domain 
LOG::2025-03-29.02:25:29::SCWSystem::Started Processing the domain standalone_ps7_cortexa9_0
TRACE::2025-03-29.02:25:29::SCWDomain::Generating domain artifcats
TRACE::2025-03-29.02:25:29::SCWMssOS::Generating standalone artifcats
TRACE::2025-03-29.02:25:29::SCWMssOS::Copying the qemu file from  C:/devWorks/SS_MC_SOC/Vitis/Speed_sensor_Motor_control/resources/Speed_sensor_Motor_control/standalone_ps7_cortexa9_0/qemu_args.txt To C:/devWorks/SS_MC_SOC/Vitis/Speed_sensor_Motor_control/export/Speed_sensor_Motor_control/sw/Speed_sensor_Motor_control/qemu/
TRACE::2025-03-29.02:25:29::SCWMssOS::Copying the qemu file from  C:/devWorks/SS_MC_SOC/Vitis/Speed_sensor_Motor_control/resources/Speed_sensor_Motor_control/standalone_ps7_cortexa9_0/qemu_args.txt To C:/devWorks/SS_MC_SOC/Vitis/Speed_sensor_Motor_control/export/Speed_sensor_Motor_control/sw/Speed_sensor_Motor_control/standalone_ps7_cortexa9_0/qemu/
TRACE::2025-03-29.02:25:29::SCWMssOS:: Copying the user libraries. 
TRACE::2025-03-29.02:25:29::SCWPlatform::Trying to open the hw design at C:/devWorks/SS_MC_SOC/Vitis/Speed_sensor_Motor_control/hw/Speed_sensor_Motor_control.xsa
TRACE::2025-03-29.02:25:29::SCWPlatform::DSA given C:/devWorks/SS_MC_SOC/Vitis/Speed_sensor_Motor_control/hw/Speed_sensor_Motor_control.xsa
TRACE::2025-03-29.02:25:29::SCWPlatform::DSA absoulate path C:/devWorks/SS_MC_SOC/Vitis/Speed_sensor_Motor_control/hw/Speed_sensor_Motor_control.xsa
TRACE::2025-03-29.02:25:29::SCWPlatform::DSA directory C:/devWorks/SS_MC_SOC/Vitis/Speed_sensor_Motor_control/hw
TRACE::2025-03-29.02:25:29::SCWPlatform:: Platform Path C:/devWorks/SS_MC_SOC/Vitis/Speed_sensor_Motor_control/hw/Speed_sensor_Motor_control.xsa
TRACE::2025-03-29.02:25:29::SCWPlatform:: Unique name xilinx:pynq-z2::0.0
TRACE::2025-03-29.02:25:29::SCWPlatform::Trying to set the existing hwdb with name design_1_wrapper_0
TRACE::2025-03-29.02:25:29::SCWPlatform::Opened existing hwdb design_1_wrapper_0
TRACE::2025-03-29.02:25:29::SCWPlatform::Found the Hw Db part of the input DSA
TRACE::2025-03-29.02:25:29::SCWMssOS::Checking the sw design at  C:/devWorks/SS_MC_SOC/Vitis/Speed_sensor_Motor_control/ps7_cortexa9_0/standalone_ps7_cortexa9_0/bsp/system.mss
TRACE::2025-03-29.02:25:29::SCWMssOS::DEBUG:  swdes dump  C:/devWorks/SS_MC_SOC/Vitis/Speed_sensor_Motor_control/ps7_cortexa9_0/standalone_ps7_cortexa9_0/bsp/system.mss|system_0||
C:/devWorks/SS_MC_SOC/Vitis/Speed_sensor_Motor_control/zynq_fsbl/zynq_fsbl_bsp/system.mss|system||

TRACE::2025-03-29.02:25:29::SCWMssOS::Sw design exists and opened at  C:/devWorks/SS_MC_SOC/Vitis/Speed_sensor_Motor_control/ps7_cortexa9_0/standalone_ps7_cortexa9_0/bsp/system.mss
TRACE::2025-03-29.02:25:29::SCWMssOS::Completed writing the mss file at C:/devWorks/SS_MC_SOC/Vitis/Speed_sensor_Motor_control/ps7_cortexa9_0/standalone_ps7_cortexa9_0/bsp
TRACE::2025-03-29.02:25:29::SCWMssOS::Mss edits present, copying mssfile into export location C:/devWorks/SS_MC_SOC/Vitis/Speed_sensor_Motor_control/ps7_cortexa9_0/standalone_ps7_cortexa9_0/bsp/system.mss
TRACE::2025-03-29.02:25:29::SCWMssOS::bsp generated is upto date with the mss file. Skipping bsp generation.
TRACE::2025-03-29.02:25:29::SCWMssOS::BSP is already built. skipping the bsp build ... 
TRACE::2025-03-29.02:25:29::SCWDomain::Skipping the build for domain :  standalone_ps7_cortexa9_0
TRACE::2025-03-29.02:25:29::SCWMssOS::skipping the bsp build ... 
TRACE::2025-03-29.02:25:29::SCWMssOS::Copying to export directory.
TRACE::2025-03-29.02:25:29::SCWMssOS:: Checking if to create the Supporting Applications
TRACE::2025-03-29.02:25:29::SCWMssOS:: No Linux domain exists, trying to generate FSBL 
TRACE::2025-03-29.02:25:29::SCWMssOS:: Completed Standalone Artifacts creation 
LOG::2025-03-29.02:25:29::SCWSystem::Completed Processing the domain standalone_ps7_cortexa9_0
LOG::2025-03-29.02:25:29::SCWSystem::Completed Processing the sysconfig Speed_sensor_Motor_control
LOG::2025-03-29.02:25:29::SCWPlatform::Completed generating the artifacts for system configuration Speed_sensor_Motor_control
TRACE::2025-03-29.02:25:29::SCWPlatform::Started preparing the platform 
TRACE::2025-03-29.02:25:29::SCWSystem::Writing the bif file for system config Speed_sensor_Motor_control
TRACE::2025-03-29.02:25:29::SCWSystem::dir created 
TRACE::2025-03-29.02:25:29::SCWSystem::Writing the bif 
TRACE::2025-03-29.02:25:29::SCWPlatform::Started writing the spfm file 
TRACE::2025-03-29.02:25:29::SCWPlatform::Started writing the xpfm file 
TRACE::2025-03-29.02:25:29::SCWPlatform::Completed generating the platform
TRACE::2025-03-29.02:25:29::SCWMssOS::Saving the mss changes C:/devWorks/SS_MC_SOC/Vitis/Speed_sensor_Motor_control/zynq_fsbl/zynq_fsbl_bsp/system.mss
TRACE::2025-03-29.02:25:29::SCWMssOS::Found a swdesign opened with the mssfile.
TRACE::2025-03-29.02:25:29::SCWMssOS::Completed writemss as part of save.
TRACE::2025-03-29.02:25:29::SCWMssOS::Commit changes completed.
TRACE::2025-03-29.02:25:29::SCWMssOS::Saving the mss changes C:/devWorks/SS_MC_SOC/Vitis/Speed_sensor_Motor_control/ps7_cortexa9_0/standalone_ps7_cortexa9_0/bsp/system.mss
TRACE::2025-03-29.02:25:29::SCWMssOS::Found a swdesign opened with the mssfile.
TRACE::2025-03-29.02:25:29::SCWMssOS::Completed writemss as part of save.
TRACE::2025-03-29.02:25:29::SCWMssOS::Commit changes completed.
TRACE::2025-03-29.02:25:29::SCWPlatform::Trying to open the hw design at C:/devWorks/SS_MC_SOC/Vitis/Speed_sensor_Motor_control/hw/Speed_sensor_Motor_control.xsa
TRACE::2025-03-29.02:25:29::SCWPlatform::DSA given C:/devWorks/SS_MC_SOC/Vitis/Speed_sensor_Motor_control/hw/Speed_sensor_Motor_control.xsa
TRACE::2025-03-29.02:25:29::SCWPlatform::DSA absoulate path C:/devWorks/SS_MC_SOC/Vitis/Speed_sensor_Motor_control/hw/Speed_sensor_Motor_control.xsa
TRACE::2025-03-29.02:25:29::SCWPlatform::DSA directory C:/devWorks/SS_MC_SOC/Vitis/Speed_sensor_Motor_control/hw
TRACE::2025-03-29.02:25:29::SCWPlatform:: Platform Path C:/devWorks/SS_MC_SOC/Vitis/Speed_sensor_Motor_control/hw/Speed_sensor_Motor_control.xsa
TRACE::2025-03-29.02:25:29::SCWPlatform:: Unique name xilinx:pynq-z2::0.0
TRACE::2025-03-29.02:25:29::SCWPlatform::Trying to set the existing hwdb with name design_1_wrapper_0
TRACE::2025-03-29.02:25:29::SCWPlatform::Opened existing hwdb design_1_wrapper_0
TRACE::2025-03-29.02:25:29::SCWPlatform::Found the Hw Db part of the input DSA
TRACE::2025-03-29.02:25:29::SCWMssOS::Checking the sw design at  C:/devWorks/SS_MC_SOC/Vitis/Speed_sensor_Motor_control/zynq_fsbl/zynq_fsbl_bsp/system.mss
TRACE::2025-03-29.02:25:29::SCWMssOS::DEBUG:  swdes dump  C:/devWorks/SS_MC_SOC/Vitis/Speed_sensor_Motor_control/ps7_cortexa9_0/standalone_ps7_cortexa9_0/bsp/system.mss|system_0||
C:/devWorks/SS_MC_SOC/Vitis/Speed_sensor_Motor_control/zynq_fsbl/zynq_fsbl_bsp/system.mss|system||

TRACE::2025-03-29.02:25:29::SCWMssOS::Sw design exists and opened at  C:/devWorks/SS_MC_SOC/Vitis/Speed_sensor_Motor_control/zynq_fsbl/zynq_fsbl_bsp/system.mss
TRACE::2025-03-29.02:25:29::SCWPlatform::Trying to open the hw design at C:/devWorks/SS_MC_SOC/Vitis/Speed_sensor_Motor_control/hw/Speed_sensor_Motor_control.xsa
TRACE::2025-03-29.02:25:29::SCWPlatform::DSA given C:/devWorks/SS_MC_SOC/Vitis/Speed_sensor_Motor_control/hw/Speed_sensor_Motor_control.xsa
TRACE::2025-03-29.02:25:29::SCWPlatform::DSA absoulate path C:/devWorks/SS_MC_SOC/Vitis/Speed_sensor_Motor_control/hw/Speed_sensor_Motor_control.xsa
TRACE::2025-03-29.02:25:29::SCWPlatform::DSA directory C:/devWorks/SS_MC_SOC/Vitis/Speed_sensor_Motor_control/hw
TRACE::2025-03-29.02:25:29::SCWPlatform:: Platform Path C:/devWorks/SS_MC_SOC/Vitis/Speed_sensor_Motor_control/hw/Speed_sensor_Motor_control.xsa
TRACE::2025-03-29.02:25:29::SCWPlatform:: Unique name xilinx:pynq-z2::0.0
TRACE::2025-03-29.02:25:29::SCWPlatform::Trying to set the existing hwdb with name design_1_wrapper_0
TRACE::2025-03-29.02:25:29::SCWPlatform::Opened existing hwdb design_1_wrapper_0
TRACE::2025-03-29.02:25:29::SCWPlatform::Found the Hw Db part of the input DSA
TRACE::2025-03-29.02:25:29::SCWMssOS::Checking the sw design at  C:/devWorks/SS_MC_SOC/Vitis/Speed_sensor_Motor_control/zynq_fsbl/zynq_fsbl_bsp/system.mss
TRACE::2025-03-29.02:25:29::SCWMssOS::DEBUG:  swdes dump  C:/devWorks/SS_MC_SOC/Vitis/Speed_sensor_Motor_control/ps7_cortexa9_0/standalone_ps7_cortexa9_0/bsp/system.mss|system_0||
C:/devWorks/SS_MC_SOC/Vitis/Speed_sensor_Motor_control/zynq_fsbl/zynq_fsbl_bsp/system.mss|system||

TRACE::2025-03-29.02:25:29::SCWMssOS::Sw design exists and opened at  C:/devWorks/SS_MC_SOC/Vitis/Speed_sensor_Motor_control/zynq_fsbl/zynq_fsbl_bsp/system.mss
TRACE::2025-03-29.02:25:29::SCWPlatform::Trying to open the hw design at C:/devWorks/SS_MC_SOC/Vitis/Speed_sensor_Motor_control/hw/Speed_sensor_Motor_control.xsa
TRACE::2025-03-29.02:25:29::SCWPlatform::DSA given C:/devWorks/SS_MC_SOC/Vitis/Speed_sensor_Motor_control/hw/Speed_sensor_Motor_control.xsa
TRACE::2025-03-29.02:25:29::SCWPlatform::DSA absoulate path C:/devWorks/SS_MC_SOC/Vitis/Speed_sensor_Motor_control/hw/Speed_sensor_Motor_control.xsa
TRACE::2025-03-29.02:25:29::SCWPlatform::DSA directory C:/devWorks/SS_MC_SOC/Vitis/Speed_sensor_Motor_control/hw
TRACE::2025-03-29.02:25:29::SCWPlatform:: Platform Path C:/devWorks/SS_MC_SOC/Vitis/Speed_sensor_Motor_control/hw/Speed_sensor_Motor_control.xsa
TRACE::2025-03-29.02:25:29::SCWPlatform:: Unique name xilinx:pynq-z2::0.0
TRACE::2025-03-29.02:25:29::SCWPlatform::Trying to set the existing hwdb with name design_1_wrapper_0
TRACE::2025-03-29.02:25:29::SCWPlatform::Opened existing hwdb design_1_wrapper_0
TRACE::2025-03-29.02:25:29::SCWPlatform::Found the Hw Db part of the input DSA
TRACE::2025-03-29.02:25:29::SCWMssOS::Checking the sw design at  C:/devWorks/SS_MC_SOC/Vitis/Speed_sensor_Motor_control/zynq_fsbl/zynq_fsbl_bsp/system.mss
TRACE::2025-03-29.02:25:29::SCWMssOS::DEBUG:  swdes dump  C:/devWorks/SS_MC_SOC/Vitis/Speed_sensor_Motor_control/ps7_cortexa9_0/standalone_ps7_cortexa9_0/bsp/system.mss|system_0||
C:/devWorks/SS_MC_SOC/Vitis/Speed_sensor_Motor_control/zynq_fsbl/zynq_fsbl_bsp/system.mss|system||

TRACE::2025-03-29.02:25:29::SCWMssOS::Sw design exists and opened at  C:/devWorks/SS_MC_SOC/Vitis/Speed_sensor_Motor_control/zynq_fsbl/zynq_fsbl_bsp/system.mss
TRACE::2025-03-29.02:25:29::SCWPlatform::Trying to open the hw design at C:/devWorks/SS_MC_SOC/Vitis/Speed_sensor_Motor_control/hw/Speed_sensor_Motor_control.xsa
TRACE::2025-03-29.02:25:29::SCWPlatform::DSA given C:/devWorks/SS_MC_SOC/Vitis/Speed_sensor_Motor_control/hw/Speed_sensor_Motor_control.xsa
TRACE::2025-03-29.02:25:29::SCWPlatform::DSA absoulate path C:/devWorks/SS_MC_SOC/Vitis/Speed_sensor_Motor_control/hw/Speed_sensor_Motor_control.xsa
TRACE::2025-03-29.02:25:29::SCWPlatform::DSA directory C:/devWorks/SS_MC_SOC/Vitis/Speed_sensor_Motor_control/hw
TRACE::2025-03-29.02:25:29::SCWPlatform:: Platform Path C:/devWorks/SS_MC_SOC/Vitis/Speed_sensor_Motor_control/hw/Speed_sensor_Motor_control.xsa
TRACE::2025-03-29.02:25:29::SCWPlatform:: Unique name xilinx:pynq-z2::0.0
TRACE::2025-03-29.02:25:29::SCWPlatform::Trying to set the existing hwdb with name design_1_wrapper_0
TRACE::2025-03-29.02:25:29::SCWPlatform::Opened existing hwdb design_1_wrapper_0
TRACE::2025-03-29.02:25:29::SCWPlatform::Found the Hw Db part of the input DSA
TRACE::2025-03-29.02:25:29::SCWMssOS::Checking the sw design at  C:/devWorks/SS_MC_SOC/Vitis/Speed_sensor_Motor_control/ps7_cortexa9_0/standalone_ps7_cortexa9_0/bsp/system.mss
TRACE::2025-03-29.02:25:29::SCWMssOS::DEBUG:  swdes dump  C:/devWorks/SS_MC_SOC/Vitis/Speed_sensor_Motor_control/ps7_cortexa9_0/standalone_ps7_cortexa9_0/bsp/system.mss|system_0||
C:/devWorks/SS_MC_SOC/Vitis/Speed_sensor_Motor_control/zynq_fsbl/zynq_fsbl_bsp/system.mss|system||

TRACE::2025-03-29.02:25:29::SCWMssOS::Sw design exists and opened at  C:/devWorks/SS_MC_SOC/Vitis/Speed_sensor_Motor_control/ps7_cortexa9_0/standalone_ps7_cortexa9_0/bsp/system.mss
TRACE::2025-03-29.02:25:29::SCWPlatform::Trying to open the hw design at C:/devWorks/SS_MC_SOC/Vitis/Speed_sensor_Motor_control/hw/Speed_sensor_Motor_control.xsa
TRACE::2025-03-29.02:25:29::SCWPlatform::DSA given C:/devWorks/SS_MC_SOC/Vitis/Speed_sensor_Motor_control/hw/Speed_sensor_Motor_control.xsa
TRACE::2025-03-29.02:25:29::SCWPlatform::DSA absoulate path C:/devWorks/SS_MC_SOC/Vitis/Speed_sensor_Motor_control/hw/Speed_sensor_Motor_control.xsa
TRACE::2025-03-29.02:25:29::SCWPlatform::DSA directory C:/devWorks/SS_MC_SOC/Vitis/Speed_sensor_Motor_control/hw
TRACE::2025-03-29.02:25:29::SCWPlatform:: Platform Path C:/devWorks/SS_MC_SOC/Vitis/Speed_sensor_Motor_control/hw/Speed_sensor_Motor_control.xsa
TRACE::2025-03-29.02:25:29::SCWPlatform:: Unique name xilinx:pynq-z2::0.0
TRACE::2025-03-29.02:25:29::SCWPlatform::Trying to set the existing hwdb with name design_1_wrapper_0
TRACE::2025-03-29.02:25:29::SCWPlatform::Opened existing hwdb design_1_wrapper_0
TRACE::2025-03-29.02:25:29::SCWPlatform::Found the Hw Db part of the input DSA
TRACE::2025-03-29.02:25:29::SCWMssOS::Checking the sw design at  C:/devWorks/SS_MC_SOC/Vitis/Speed_sensor_Motor_control/ps7_cortexa9_0/standalone_ps7_cortexa9_0/bsp/system.mss
TRACE::2025-03-29.02:25:29::SCWMssOS::DEBUG:  swdes dump  C:/devWorks/SS_MC_SOC/Vitis/Speed_sensor_Motor_control/ps7_cortexa9_0/standalone_ps7_cortexa9_0/bsp/system.mss|system_0||
C:/devWorks/SS_MC_SOC/Vitis/Speed_sensor_Motor_control/zynq_fsbl/zynq_fsbl_bsp/system.mss|system||

TRACE::2025-03-29.02:25:29::SCWMssOS::Sw design exists and opened at  C:/devWorks/SS_MC_SOC/Vitis/Speed_sensor_Motor_control/ps7_cortexa9_0/standalone_ps7_cortexa9_0/bsp/system.mss
TRACE::2025-03-29.02:25:29::SCWPlatform::Trying to open the hw design at C:/devWorks/SS_MC_SOC/Vitis/Speed_sensor_Motor_control/hw/Speed_sensor_Motor_control.xsa
TRACE::2025-03-29.02:25:29::SCWPlatform::DSA given C:/devWorks/SS_MC_SOC/Vitis/Speed_sensor_Motor_control/hw/Speed_sensor_Motor_control.xsa
TRACE::2025-03-29.02:25:29::SCWPlatform::DSA absoulate path C:/devWorks/SS_MC_SOC/Vitis/Speed_sensor_Motor_control/hw/Speed_sensor_Motor_control.xsa
TRACE::2025-03-29.02:25:29::SCWPlatform::DSA directory C:/devWorks/SS_MC_SOC/Vitis/Speed_sensor_Motor_control/hw
TRACE::2025-03-29.02:25:29::SCWPlatform:: Platform Path C:/devWorks/SS_MC_SOC/Vitis/Speed_sensor_Motor_control/hw/Speed_sensor_Motor_control.xsa
TRACE::2025-03-29.02:25:29::SCWPlatform:: Unique name xilinx:pynq-z2::0.0
TRACE::2025-03-29.02:25:29::SCWPlatform::Trying to set the existing hwdb with name design_1_wrapper_0
TRACE::2025-03-29.02:25:29::SCWPlatform::Opened existing hwdb design_1_wrapper_0
TRACE::2025-03-29.02:25:29::SCWPlatform::Found the Hw Db part of the input DSA
TRACE::2025-03-29.02:25:29::SCWMssOS::Checking the sw design at  C:/devWorks/SS_MC_SOC/Vitis/Speed_sensor_Motor_control/ps7_cortexa9_0/standalone_ps7_cortexa9_0/bsp/system.mss
TRACE::2025-03-29.02:25:29::SCWMssOS::DEBUG:  swdes dump  C:/devWorks/SS_MC_SOC/Vitis/Speed_sensor_Motor_control/ps7_cortexa9_0/standalone_ps7_cortexa9_0/bsp/system.mss|system_0||
C:/devWorks/SS_MC_SOC/Vitis/Speed_sensor_Motor_control/zynq_fsbl/zynq_fsbl_bsp/system.mss|system||

TRACE::2025-03-29.02:25:29::SCWMssOS::Sw design exists and opened at  C:/devWorks/SS_MC_SOC/Vitis/Speed_sensor_Motor_control/ps7_cortexa9_0/standalone_ps7_cortexa9_0/bsp/system.mss
TRACE::2025-03-29.02:25:29::SCWWriter::formatted JSON is {
	"platformName":	"Speed_sensor_Motor_control",
	"sprVersion":	"2.0",
	"mode":	"gui",
	"dsaType":	"Fixed",
	"platformDesc":	"Speed_sensor_Motor_control",
	"platHandOff":	"C:/devWorks/SS_MC_SOC/Speed_sensor_Motor_control.xsa",
	"platIntHandOff":	"<platformDir>/hw/Speed_sensor_Motor_control.xsa",
	"deviceType":	"zynq",
	"platIsPrebuiltAutogen":	"false",
	"platIsNoBootBsp":	"false",
	"platFsblTarget":	"ps7_cortexa9_0",
	"hasFsblMakeHasChanges":	"false",
	"hasPmufwMakeHasChanges":	"false",
	"fsblExtraCompilerFlags":	"-MMD -MP       -mcpu=cortex-a9 -mfpu=vfpv3 -mfloat-abi=hard ",
	"platPreBuiltFlag":	false,
	"platformSamplesDir":	"",
	"platActiveSys":	"Speed_sensor_Motor_control",
	"systems":	[{
			"systemName":	"Speed_sensor_Motor_control",
			"systemDesc":	"Speed_sensor_Motor_control",
			"sysIsBootAutoGen":	"true",
			"systemDispName":	"Speed_sensor_Motor_control",
			"sysActiveDom":	"standalone_ps7_cortexa9_0",
			"sysDefaultDom":	"standalone_ps7_cortexa9_0",
			"domains":	[{
					"domainName":	"zynq_fsbl",
					"domainDispName":	"zynq_fsbl",
					"domainDesc":	"FSBL Application BSP - Auto Generated.",
					"processors":	"ps7_cortexa9_0",
					"os":	"standalone",
					"sdxOs":	"standalone",
					"debugEnable":	"",
					"domRuntimes":	["cpp"],
					"swRepo":	"",
					"mssOsVer":	"9.1",
					"mssFile":	"",
					"md5Digest":	"b4df79a800a1f9c21646240e8d214367",
					"compatibleApp":	"zynq_fsbl",
					"domType":	"bootDomain",
					"arch":	"32-bit",
					"appSettings":	{
						"appCompilerFlags":	"",
						"appLinkerFlags":	""
					},
					"addedLibs":	["xilffs:5.2", "xilrsa:1.8"],
					"libOptions":	{
						"libsContainingOptions":	[]
					},
					"prebuiltLibs":	{
						"prebuiltIncPath":	[],
						"prebuiltLibPath":	[]
					},
					"isolation":	{
					}
				}, {
					"domainName":	"standalone_ps7_cortexa9_0",
					"domainDispName":	"standalone_ps7_cortexa9_0",
					"domainDesc":	"standalone_ps7_cortexa9_0",
					"processors":	"ps7_cortexa9_0",
					"os":	"standalone",
					"sdxOs":	"standalone",
					"qemuArgs":	"<platformDir>/resources/Speed_sensor_Motor_control/standalone_ps7_cortexa9_0/qemu_args.txt",
					"qemuData":	"<platformDir>/resources/Speed_sensor_Motor_control/standalone_ps7_cortexa9_0/qemu",
					"debugEnable":	"False",
					"domRuntimes":	["cpp"],
					"swRepo":	"",
					"mssOsVer":	"9.1",
					"mssFile":	"",
					"md5Digest":	"8a4afdbf38ea2078439cc1b4f5c3b212",
					"compatibleApp":	"hello_world",
					"domType":	"mssDomain",
					"arch":	"32-bit",
					"appSettings":	{
						"appCompilerFlags":	"",
						"appLinkerFlags":	""
					},
					"addedLibs":	[],
					"libOptions":	{
						"libsContainingOptions":	[]
					},
					"prebuiltLibs":	{
						"prebuiltIncPath":	[],
						"prebuiltLibPath":	[]
					},
					"isolation":	{
					}
				}]
		}]
}
KEYINFO::2025-03-29.02:25:29::SCWPlatform::updated the xpfm file.
TRACE::2025-03-29.02:25:29::SCWPlatform::Trying to open the hw design at C:/devWorks/SS_MC_SOC/Vitis/Speed_sensor_Motor_control/hw/Speed_sensor_Motor_control.xsa
TRACE::2025-03-29.02:25:29::SCWPlatform::DSA given C:/devWorks/SS_MC_SOC/Vitis/Speed_sensor_Motor_control/hw/Speed_sensor_Motor_control.xsa
TRACE::2025-03-29.02:25:29::SCWPlatform::DSA absoulate path C:/devWorks/SS_MC_SOC/Vitis/Speed_sensor_Motor_control/hw/Speed_sensor_Motor_control.xsa
TRACE::2025-03-29.02:25:29::SCWPlatform::DSA directory C:/devWorks/SS_MC_SOC/Vitis/Speed_sensor_Motor_control/hw
TRACE::2025-03-29.02:25:29::SCWPlatform:: Platform Path C:/devWorks/SS_MC_SOC/Vitis/Speed_sensor_Motor_control/hw/Speed_sensor_Motor_control.xsa
TRACE::2025-03-29.02:25:29::SCWPlatform:: Unique name xilinx:pynq-z2::0.0
TRACE::2025-03-29.02:25:29::SCWPlatform::Trying to set the existing hwdb with name design_1_wrapper_0
TRACE::2025-03-29.02:25:29::SCWPlatform::Opened existing hwdb design_1_wrapper_0
TRACE::2025-03-29.02:25:29::SCWPlatform::Found the Hw Db part of the input DSA
TRACE::2025-03-29.02:25:29::SCWMssOS::Checking the sw design at  C:/devWorks/SS_MC_SOC/Vitis/Speed_sensor_Motor_control/ps7_cortexa9_0/standalone_ps7_cortexa9_0/bsp/system.mss
TRACE::2025-03-29.02:25:29::SCWMssOS::DEBUG:  swdes dump  C:/devWorks/SS_MC_SOC/Vitis/Speed_sensor_Motor_control/ps7_cortexa9_0/standalone_ps7_cortexa9_0/bsp/system.mss|system_0||
C:/devWorks/SS_MC_SOC/Vitis/Speed_sensor_Motor_control/zynq_fsbl/zynq_fsbl_bsp/system.mss|system||

TRACE::2025-03-29.02:25:29::SCWMssOS::Sw design exists and opened at  C:/devWorks/SS_MC_SOC/Vitis/Speed_sensor_Motor_control/ps7_cortexa9_0/standalone_ps7_cortexa9_0/bsp/system.mss
TRACE::2025-03-29.02:25:29::SCWMssOS::Saving the mss changes C:/devWorks/SS_MC_SOC/Vitis/Speed_sensor_Motor_control/zynq_fsbl/zynq_fsbl_bsp/system.mss
TRACE::2025-03-29.02:25:29::SCWMssOS::Found a swdesign opened with the mssfile.
TRACE::2025-03-29.02:25:29::SCWMssOS::Completed writemss as part of save.
TRACE::2025-03-29.02:25:29::SCWMssOS::Commit changes completed.
TRACE::2025-03-29.02:25:29::SCWMssOS::Saving the mss changes C:/devWorks/SS_MC_SOC/Vitis/Speed_sensor_Motor_control/ps7_cortexa9_0/standalone_ps7_cortexa9_0/bsp/system.mss
TRACE::2025-03-29.02:25:29::SCWMssOS::Found a swdesign opened with the mssfile.
TRACE::2025-03-29.02:25:29::SCWMssOS::Completed writemss as part of save.
TRACE::2025-03-29.02:25:29::SCWMssOS::Commit changes completed.
TRACE::2025-03-29.02:25:29::SCWPlatform::Trying to open the hw design at C:/devWorks/SS_MC_SOC/Vitis/Speed_sensor_Motor_control/hw/Speed_sensor_Motor_control.xsa
TRACE::2025-03-29.02:25:29::SCWPlatform::DSA given C:/devWorks/SS_MC_SOC/Vitis/Speed_sensor_Motor_control/hw/Speed_sensor_Motor_control.xsa
TRACE::2025-03-29.02:25:29::SCWPlatform::DSA absoulate path C:/devWorks/SS_MC_SOC/Vitis/Speed_sensor_Motor_control/hw/Speed_sensor_Motor_control.xsa
TRACE::2025-03-29.02:25:29::SCWPlatform::DSA directory C:/devWorks/SS_MC_SOC/Vitis/Speed_sensor_Motor_control/hw
TRACE::2025-03-29.02:25:29::SCWPlatform:: Platform Path C:/devWorks/SS_MC_SOC/Vitis/Speed_sensor_Motor_control/hw/Speed_sensor_Motor_control.xsa
TRACE::2025-03-29.02:25:29::SCWPlatform:: Unique name xilinx:pynq-z2::0.0
TRACE::2025-03-29.02:25:29::SCWPlatform::Trying to set the existing hwdb with name design_1_wrapper_0
TRACE::2025-03-29.02:25:29::SCWPlatform::Opened existing hwdb design_1_wrapper_0
TRACE::2025-03-29.02:25:29::SCWPlatform::Found the Hw Db part of the input DSA
TRACE::2025-03-29.02:25:29::SCWMssOS::Checking the sw design at  C:/devWorks/SS_MC_SOC/Vitis/Speed_sensor_Motor_control/zynq_fsbl/zynq_fsbl_bsp/system.mss
TRACE::2025-03-29.02:25:29::SCWMssOS::DEBUG:  swdes dump  C:/devWorks/SS_MC_SOC/Vitis/Speed_sensor_Motor_control/ps7_cortexa9_0/standalone_ps7_cortexa9_0/bsp/system.mss|system_0||
C:/devWorks/SS_MC_SOC/Vitis/Speed_sensor_Motor_control/zynq_fsbl/zynq_fsbl_bsp/system.mss|system||

TRACE::2025-03-29.02:25:29::SCWMssOS::Sw design exists and opened at  C:/devWorks/SS_MC_SOC/Vitis/Speed_sensor_Motor_control/zynq_fsbl/zynq_fsbl_bsp/system.mss
TRACE::2025-03-29.02:25:29::SCWPlatform::Trying to open the hw design at C:/devWorks/SS_MC_SOC/Vitis/Speed_sensor_Motor_control/hw/Speed_sensor_Motor_control.xsa
TRACE::2025-03-29.02:25:29::SCWPlatform::DSA given C:/devWorks/SS_MC_SOC/Vitis/Speed_sensor_Motor_control/hw/Speed_sensor_Motor_control.xsa
TRACE::2025-03-29.02:25:29::SCWPlatform::DSA absoulate path C:/devWorks/SS_MC_SOC/Vitis/Speed_sensor_Motor_control/hw/Speed_sensor_Motor_control.xsa
TRACE::2025-03-29.02:25:29::SCWPlatform::DSA directory C:/devWorks/SS_MC_SOC/Vitis/Speed_sensor_Motor_control/hw
TRACE::2025-03-29.02:25:29::SCWPlatform:: Platform Path C:/devWorks/SS_MC_SOC/Vitis/Speed_sensor_Motor_control/hw/Speed_sensor_Motor_control.xsa
TRACE::2025-03-29.02:25:29::SCWPlatform:: Unique name xilinx:pynq-z2::0.0
TRACE::2025-03-29.02:25:29::SCWPlatform::Trying to set the existing hwdb with name design_1_wrapper_0
TRACE::2025-03-29.02:25:29::SCWPlatform::Opened existing hwdb design_1_wrapper_0
TRACE::2025-03-29.02:25:29::SCWPlatform::Found the Hw Db part of the input DSA
TRACE::2025-03-29.02:25:29::SCWMssOS::Checking the sw design at  C:/devWorks/SS_MC_SOC/Vitis/Speed_sensor_Motor_control/zynq_fsbl/zynq_fsbl_bsp/system.mss
TRACE::2025-03-29.02:25:29::SCWMssOS::DEBUG:  swdes dump  C:/devWorks/SS_MC_SOC/Vitis/Speed_sensor_Motor_control/ps7_cortexa9_0/standalone_ps7_cortexa9_0/bsp/system.mss|system_0||
C:/devWorks/SS_MC_SOC/Vitis/Speed_sensor_Motor_control/zynq_fsbl/zynq_fsbl_bsp/system.mss|system||

TRACE::2025-03-29.02:25:29::SCWMssOS::Sw design exists and opened at  C:/devWorks/SS_MC_SOC/Vitis/Speed_sensor_Motor_control/zynq_fsbl/zynq_fsbl_bsp/system.mss
TRACE::2025-03-29.02:25:29::SCWPlatform::Trying to open the hw design at C:/devWorks/SS_MC_SOC/Vitis/Speed_sensor_Motor_control/hw/Speed_sensor_Motor_control.xsa
TRACE::2025-03-29.02:25:29::SCWPlatform::DSA given C:/devWorks/SS_MC_SOC/Vitis/Speed_sensor_Motor_control/hw/Speed_sensor_Motor_control.xsa
TRACE::2025-03-29.02:25:29::SCWPlatform::DSA absoulate path C:/devWorks/SS_MC_SOC/Vitis/Speed_sensor_Motor_control/hw/Speed_sensor_Motor_control.xsa
TRACE::2025-03-29.02:25:29::SCWPlatform::DSA directory C:/devWorks/SS_MC_SOC/Vitis/Speed_sensor_Motor_control/hw
TRACE::2025-03-29.02:25:29::SCWPlatform:: Platform Path C:/devWorks/SS_MC_SOC/Vitis/Speed_sensor_Motor_control/hw/Speed_sensor_Motor_control.xsa
TRACE::2025-03-29.02:25:29::SCWPlatform:: Unique name xilinx:pynq-z2::0.0
TRACE::2025-03-29.02:25:29::SCWPlatform::Trying to set the existing hwdb with name design_1_wrapper_0
TRACE::2025-03-29.02:25:29::SCWPlatform::Opened existing hwdb design_1_wrapper_0
TRACE::2025-03-29.02:25:29::SCWPlatform::Found the Hw Db part of the input DSA
TRACE::2025-03-29.02:25:29::SCWMssOS::Checking the sw design at  C:/devWorks/SS_MC_SOC/Vitis/Speed_sensor_Motor_control/zynq_fsbl/zynq_fsbl_bsp/system.mss
TRACE::2025-03-29.02:25:29::SCWMssOS::DEBUG:  swdes dump  C:/devWorks/SS_MC_SOC/Vitis/Speed_sensor_Motor_control/ps7_cortexa9_0/standalone_ps7_cortexa9_0/bsp/system.mss|system_0||
C:/devWorks/SS_MC_SOC/Vitis/Speed_sensor_Motor_control/zynq_fsbl/zynq_fsbl_bsp/system.mss|system||

TRACE::2025-03-29.02:25:29::SCWMssOS::Sw design exists and opened at  C:/devWorks/SS_MC_SOC/Vitis/Speed_sensor_Motor_control/zynq_fsbl/zynq_fsbl_bsp/system.mss
TRACE::2025-03-29.02:25:29::SCWPlatform::Trying to open the hw design at C:/devWorks/SS_MC_SOC/Vitis/Speed_sensor_Motor_control/hw/Speed_sensor_Motor_control.xsa
TRACE::2025-03-29.02:25:29::SCWPlatform::DSA given C:/devWorks/SS_MC_SOC/Vitis/Speed_sensor_Motor_control/hw/Speed_sensor_Motor_control.xsa
TRACE::2025-03-29.02:25:29::SCWPlatform::DSA absoulate path C:/devWorks/SS_MC_SOC/Vitis/Speed_sensor_Motor_control/hw/Speed_sensor_Motor_control.xsa
TRACE::2025-03-29.02:25:29::SCWPlatform::DSA directory C:/devWorks/SS_MC_SOC/Vitis/Speed_sensor_Motor_control/hw
TRACE::2025-03-29.02:25:29::SCWPlatform:: Platform Path C:/devWorks/SS_MC_SOC/Vitis/Speed_sensor_Motor_control/hw/Speed_sensor_Motor_control.xsa
TRACE::2025-03-29.02:25:29::SCWPlatform:: Unique name xilinx:pynq-z2::0.0
TRACE::2025-03-29.02:25:29::SCWPlatform::Trying to set the existing hwdb with name design_1_wrapper_0
TRACE::2025-03-29.02:25:29::SCWPlatform::Opened existing hwdb design_1_wrapper_0
TRACE::2025-03-29.02:25:29::SCWPlatform::Found the Hw Db part of the input DSA
TRACE::2025-03-29.02:25:29::SCWMssOS::Checking the sw design at  C:/devWorks/SS_MC_SOC/Vitis/Speed_sensor_Motor_control/ps7_cortexa9_0/standalone_ps7_cortexa9_0/bsp/system.mss
TRACE::2025-03-29.02:25:29::SCWMssOS::DEBUG:  swdes dump  C:/devWorks/SS_MC_SOC/Vitis/Speed_sensor_Motor_control/ps7_cortexa9_0/standalone_ps7_cortexa9_0/bsp/system.mss|system_0||
C:/devWorks/SS_MC_SOC/Vitis/Speed_sensor_Motor_control/zynq_fsbl/zynq_fsbl_bsp/system.mss|system||

TRACE::2025-03-29.02:25:29::SCWMssOS::Sw design exists and opened at  C:/devWorks/SS_MC_SOC/Vitis/Speed_sensor_Motor_control/ps7_cortexa9_0/standalone_ps7_cortexa9_0/bsp/system.mss
TRACE::2025-03-29.02:25:29::SCWPlatform::Trying to open the hw design at C:/devWorks/SS_MC_SOC/Vitis/Speed_sensor_Motor_control/hw/Speed_sensor_Motor_control.xsa
TRACE::2025-03-29.02:25:29::SCWPlatform::DSA given C:/devWorks/SS_MC_SOC/Vitis/Speed_sensor_Motor_control/hw/Speed_sensor_Motor_control.xsa
TRACE::2025-03-29.02:25:29::SCWPlatform::DSA absoulate path C:/devWorks/SS_MC_SOC/Vitis/Speed_sensor_Motor_control/hw/Speed_sensor_Motor_control.xsa
TRACE::2025-03-29.02:25:29::SCWPlatform::DSA directory C:/devWorks/SS_MC_SOC/Vitis/Speed_sensor_Motor_control/hw
TRACE::2025-03-29.02:25:29::SCWPlatform:: Platform Path C:/devWorks/SS_MC_SOC/Vitis/Speed_sensor_Motor_control/hw/Speed_sensor_Motor_control.xsa
TRACE::2025-03-29.02:25:29::SCWPlatform:: Unique name xilinx:pynq-z2::0.0
TRACE::2025-03-29.02:25:29::SCWPlatform::Trying to set the existing hwdb with name design_1_wrapper_0
TRACE::2025-03-29.02:25:29::SCWPlatform::Opened existing hwdb design_1_wrapper_0
TRACE::2025-03-29.02:25:29::SCWPlatform::Found the Hw Db part of the input DSA
TRACE::2025-03-29.02:25:29::SCWMssOS::Checking the sw design at  C:/devWorks/SS_MC_SOC/Vitis/Speed_sensor_Motor_control/ps7_cortexa9_0/standalone_ps7_cortexa9_0/bsp/system.mss
TRACE::2025-03-29.02:25:29::SCWMssOS::DEBUG:  swdes dump  C:/devWorks/SS_MC_SOC/Vitis/Speed_sensor_Motor_control/ps7_cortexa9_0/standalone_ps7_cortexa9_0/bsp/system.mss|system_0||
C:/devWorks/SS_MC_SOC/Vitis/Speed_sensor_Motor_control/zynq_fsbl/zynq_fsbl_bsp/system.mss|system||

TRACE::2025-03-29.02:25:29::SCWMssOS::Sw design exists and opened at  C:/devWorks/SS_MC_SOC/Vitis/Speed_sensor_Motor_control/ps7_cortexa9_0/standalone_ps7_cortexa9_0/bsp/system.mss
TRACE::2025-03-29.02:25:29::SCWPlatform::Trying to open the hw design at C:/devWorks/SS_MC_SOC/Vitis/Speed_sensor_Motor_control/hw/Speed_sensor_Motor_control.xsa
TRACE::2025-03-29.02:25:29::SCWPlatform::DSA given C:/devWorks/SS_MC_SOC/Vitis/Speed_sensor_Motor_control/hw/Speed_sensor_Motor_control.xsa
TRACE::2025-03-29.02:25:29::SCWPlatform::DSA absoulate path C:/devWorks/SS_MC_SOC/Vitis/Speed_sensor_Motor_control/hw/Speed_sensor_Motor_control.xsa
TRACE::2025-03-29.02:25:29::SCWPlatform::DSA directory C:/devWorks/SS_MC_SOC/Vitis/Speed_sensor_Motor_control/hw
TRACE::2025-03-29.02:25:29::SCWPlatform:: Platform Path C:/devWorks/SS_MC_SOC/Vitis/Speed_sensor_Motor_control/hw/Speed_sensor_Motor_control.xsa
TRACE::2025-03-29.02:25:29::SCWPlatform:: Unique name xilinx:pynq-z2::0.0
TRACE::2025-03-29.02:25:29::SCWPlatform::Trying to set the existing hwdb with name design_1_wrapper_0
TRACE::2025-03-29.02:25:29::SCWPlatform::Opened existing hwdb design_1_wrapper_0
TRACE::2025-03-29.02:25:29::SCWPlatform::Found the Hw Db part of the input DSA
TRACE::2025-03-29.02:25:29::SCWMssOS::Checking the sw design at  C:/devWorks/SS_MC_SOC/Vitis/Speed_sensor_Motor_control/ps7_cortexa9_0/standalone_ps7_cortexa9_0/bsp/system.mss
TRACE::2025-03-29.02:25:29::SCWMssOS::DEBUG:  swdes dump  C:/devWorks/SS_MC_SOC/Vitis/Speed_sensor_Motor_control/ps7_cortexa9_0/standalone_ps7_cortexa9_0/bsp/system.mss|system_0||
C:/devWorks/SS_MC_SOC/Vitis/Speed_sensor_Motor_control/zynq_fsbl/zynq_fsbl_bsp/system.mss|system||

TRACE::2025-03-29.02:25:29::SCWMssOS::Sw design exists and opened at  C:/devWorks/SS_MC_SOC/Vitis/Speed_sensor_Motor_control/ps7_cortexa9_0/standalone_ps7_cortexa9_0/bsp/system.mss
TRACE::2025-03-29.02:25:29::SCWWriter::formatted JSON is {
	"platformName":	"Speed_sensor_Motor_control",
	"sprVersion":	"2.0",
	"mode":	"gui",
	"dsaType":	"Fixed",
	"platformDesc":	"Speed_sensor_Motor_control",
	"platHandOff":	"C:/devWorks/SS_MC_SOC/Speed_sensor_Motor_control.xsa",
	"platIntHandOff":	"<platformDir>/hw/Speed_sensor_Motor_control.xsa",
	"deviceType":	"zynq",
	"platIsPrebuiltAutogen":	"false",
	"platIsNoBootBsp":	"false",
	"platFsblTarget":	"ps7_cortexa9_0",
	"hasFsblMakeHasChanges":	"false",
	"hasPmufwMakeHasChanges":	"false",
	"fsblExtraCompilerFlags":	"-MMD -MP       -mcpu=cortex-a9 -mfpu=vfpv3 -mfloat-abi=hard ",
	"platPreBuiltFlag":	false,
	"platformSamplesDir":	"",
	"platActiveSys":	"Speed_sensor_Motor_control",
	"systems":	[{
			"systemName":	"Speed_sensor_Motor_control",
			"systemDesc":	"Speed_sensor_Motor_control",
			"sysIsBootAutoGen":	"true",
			"systemDispName":	"Speed_sensor_Motor_control",
			"sysActiveDom":	"standalone_ps7_cortexa9_0",
			"sysDefaultDom":	"standalone_ps7_cortexa9_0",
			"domains":	[{
					"domainName":	"zynq_fsbl",
					"domainDispName":	"zynq_fsbl",
					"domainDesc":	"FSBL Application BSP - Auto Generated.",
					"processors":	"ps7_cortexa9_0",
					"os":	"standalone",
					"sdxOs":	"standalone",
					"debugEnable":	"",
					"domRuntimes":	["cpp"],
					"swRepo":	"",
					"mssOsVer":	"9.1",
					"mssFile":	"",
					"md5Digest":	"b4df79a800a1f9c21646240e8d214367",
					"compatibleApp":	"zynq_fsbl",
					"domType":	"bootDomain",
					"arch":	"32-bit",
					"appSettings":	{
						"appCompilerFlags":	"",
						"appLinkerFlags":	""
					},
					"addedLibs":	["xilffs:5.2", "xilrsa:1.8"],
					"libOptions":	{
						"libsContainingOptions":	[]
					},
					"prebuiltLibs":	{
						"prebuiltIncPath":	[],
						"prebuiltLibPath":	[]
					},
					"isolation":	{
					}
				}, {
					"domainName":	"standalone_ps7_cortexa9_0",
					"domainDispName":	"standalone_ps7_cortexa9_0",
					"domainDesc":	"standalone_ps7_cortexa9_0",
					"processors":	"ps7_cortexa9_0",
					"os":	"standalone",
					"sdxOs":	"standalone",
					"qemuArgs":	"<platformDir>/resources/Speed_sensor_Motor_control/standalone_ps7_cortexa9_0/qemu_args.txt",
					"qemuData":	"<platformDir>/resources/Speed_sensor_Motor_control/standalone_ps7_cortexa9_0/qemu",
					"debugEnable":	"False",
					"domRuntimes":	["cpp"],
					"swRepo":	"",
					"mssOsVer":	"9.1",
					"mssFile":	"",
					"md5Digest":	"8a4afdbf38ea2078439cc1b4f5c3b212",
					"compatibleApp":	"hello_world",
					"domType":	"mssDomain",
					"arch":	"32-bit",
					"appSettings":	{
						"appCompilerFlags":	"",
						"appLinkerFlags":	""
					},
					"addedLibs":	[],
					"libOptions":	{
						"libsContainingOptions":	[]
					},
					"prebuiltLibs":	{
						"prebuiltIncPath":	[],
						"prebuiltLibPath":	[]
					},
					"isolation":	{
					}
				}]
		}]
}
TRACE::2025-03-29.02:25:29::SCWPlatform::Trying to open the hw design at C:/devWorks/SS_MC_SOC/Vitis/Speed_sensor_Motor_control/hw/Speed_sensor_Motor_control.xsa
TRACE::2025-03-29.02:25:29::SCWPlatform::DSA given C:/devWorks/SS_MC_SOC/Vitis/Speed_sensor_Motor_control/hw/Speed_sensor_Motor_control.xsa
TRACE::2025-03-29.02:25:29::SCWPlatform::DSA absoulate path C:/devWorks/SS_MC_SOC/Vitis/Speed_sensor_Motor_control/hw/Speed_sensor_Motor_control.xsa
TRACE::2025-03-29.02:25:29::SCWPlatform::DSA directory C:/devWorks/SS_MC_SOC/Vitis/Speed_sensor_Motor_control/hw
TRACE::2025-03-29.02:25:29::SCWPlatform:: Platform Path C:/devWorks/SS_MC_SOC/Vitis/Speed_sensor_Motor_control/hw/Speed_sensor_Motor_control.xsa
TRACE::2025-03-29.02:25:29::SCWPlatform:: Unique name xilinx:pynq-z2::0.0
TRACE::2025-03-29.02:25:29::SCWPlatform::Trying to set the existing hwdb with name design_1_wrapper_0
TRACE::2025-03-29.02:25:29::SCWPlatform::Opened existing hwdb design_1_wrapper_0
TRACE::2025-03-29.02:25:29::SCWPlatform::Found the Hw Db part of the input DSA
TRACE::2025-03-29.02:25:29::SCWMssOS::Checking the sw design at  C:/devWorks/SS_MC_SOC/Vitis/Speed_sensor_Motor_control/ps7_cortexa9_0/standalone_ps7_cortexa9_0/bsp/system.mss
TRACE::2025-03-29.02:25:29::SCWMssOS::DEBUG:  swdes dump  C:/devWorks/SS_MC_SOC/Vitis/Speed_sensor_Motor_control/ps7_cortexa9_0/standalone_ps7_cortexa9_0/bsp/system.mss|system_0||
C:/devWorks/SS_MC_SOC/Vitis/Speed_sensor_Motor_control/zynq_fsbl/zynq_fsbl_bsp/system.mss|system||

TRACE::2025-03-29.02:25:29::SCWMssOS::Sw design exists and opened at  C:/devWorks/SS_MC_SOC/Vitis/Speed_sensor_Motor_control/ps7_cortexa9_0/standalone_ps7_cortexa9_0/bsp/system.mss
TRACE::2025-03-29.02:25:29::SCWPlatform::Trying to open the hw design at C:/devWorks/SS_MC_SOC/Vitis/Speed_sensor_Motor_control/hw/Speed_sensor_Motor_control.xsa
TRACE::2025-03-29.02:25:29::SCWPlatform::DSA given C:/devWorks/SS_MC_SOC/Vitis/Speed_sensor_Motor_control/hw/Speed_sensor_Motor_control.xsa
TRACE::2025-03-29.02:25:29::SCWPlatform::DSA absoulate path C:/devWorks/SS_MC_SOC/Vitis/Speed_sensor_Motor_control/hw/Speed_sensor_Motor_control.xsa
TRACE::2025-03-29.02:25:29::SCWPlatform::DSA directory C:/devWorks/SS_MC_SOC/Vitis/Speed_sensor_Motor_control/hw
TRACE::2025-03-29.02:25:29::SCWPlatform:: Platform Path C:/devWorks/SS_MC_SOC/Vitis/Speed_sensor_Motor_control/hw/Speed_sensor_Motor_control.xsa
TRACE::2025-03-29.02:25:29::SCWPlatform:: Unique name xilinx:pynq-z2::0.0
TRACE::2025-03-29.02:25:29::SCWPlatform::Trying to set the existing hwdb with name design_1_wrapper_0
TRACE::2025-03-29.02:25:29::SCWPlatform::Opened existing hwdb design_1_wrapper_0
TRACE::2025-03-29.02:25:29::SCWPlatform::Found the Hw Db part of the input DSA
TRACE::2025-03-29.02:25:29::SCWMssOS::Checking the sw design at  C:/devWorks/SS_MC_SOC/Vitis/Speed_sensor_Motor_control/ps7_cortexa9_0/standalone_ps7_cortexa9_0/bsp/system.mss
TRACE::2025-03-29.02:25:29::SCWMssOS::DEBUG:  swdes dump  C:/devWorks/SS_MC_SOC/Vitis/Speed_sensor_Motor_control/ps7_cortexa9_0/standalone_ps7_cortexa9_0/bsp/system.mss|system_0||
C:/devWorks/SS_MC_SOC/Vitis/Speed_sensor_Motor_control/zynq_fsbl/zynq_fsbl_bsp/system.mss|system||

TRACE::2025-03-29.02:25:29::SCWMssOS::Sw design exists and opened at  C:/devWorks/SS_MC_SOC/Vitis/Speed_sensor_Motor_control/ps7_cortexa9_0/standalone_ps7_cortexa9_0/bsp/system.mss
TRACE::2025-03-29.02:25:29::SCWMssOS::Saving the mss changes C:/devWorks/SS_MC_SOC/Vitis/Speed_sensor_Motor_control/zynq_fsbl/zynq_fsbl_bsp/system.mss
TRACE::2025-03-29.02:25:29::SCWMssOS::Found a swdesign opened with the mssfile.
TRACE::2025-03-29.02:25:29::SCWMssOS::Completed writemss as part of save.
TRACE::2025-03-29.02:25:29::SCWMssOS::Commit changes completed.
TRACE::2025-03-29.02:25:30::SCWMssOS::Saving the mss changes C:/devWorks/SS_MC_SOC/Vitis/Speed_sensor_Motor_control/ps7_cortexa9_0/standalone_ps7_cortexa9_0/bsp/system.mss
TRACE::2025-03-29.02:25:30::SCWMssOS::Found a swdesign opened with the mssfile.
TRACE::2025-03-29.02:25:30::SCWMssOS::Completed writemss as part of save.
TRACE::2025-03-29.02:25:30::SCWMssOS::Commit changes completed.
TRACE::2025-03-29.02:25:30::SCWPlatform::Trying to open the hw design at C:/devWorks/SS_MC_SOC/Vitis/Speed_sensor_Motor_control/hw/Speed_sensor_Motor_control.xsa
TRACE::2025-03-29.02:25:30::SCWPlatform::DSA given C:/devWorks/SS_MC_SOC/Vitis/Speed_sensor_Motor_control/hw/Speed_sensor_Motor_control.xsa
TRACE::2025-03-29.02:25:30::SCWPlatform::DSA absoulate path C:/devWorks/SS_MC_SOC/Vitis/Speed_sensor_Motor_control/hw/Speed_sensor_Motor_control.xsa
TRACE::2025-03-29.02:25:30::SCWPlatform::DSA directory C:/devWorks/SS_MC_SOC/Vitis/Speed_sensor_Motor_control/hw
TRACE::2025-03-29.02:25:30::SCWPlatform:: Platform Path C:/devWorks/SS_MC_SOC/Vitis/Speed_sensor_Motor_control/hw/Speed_sensor_Motor_control.xsa
TRACE::2025-03-29.02:25:30::SCWPlatform:: Unique name xilinx:pynq-z2::0.0
TRACE::2025-03-29.02:25:30::SCWPlatform::Trying to set the existing hwdb with name design_1_wrapper_0
TRACE::2025-03-29.02:25:30::SCWPlatform::Opened existing hwdb design_1_wrapper_0
TRACE::2025-03-29.02:25:30::SCWPlatform::Found the Hw Db part of the input DSA
TRACE::2025-03-29.02:25:30::SCWMssOS::Checking the sw design at  C:/devWorks/SS_MC_SOC/Vitis/Speed_sensor_Motor_control/zynq_fsbl/zynq_fsbl_bsp/system.mss
TRACE::2025-03-29.02:25:30::SCWMssOS::DEBUG:  swdes dump  C:/devWorks/SS_MC_SOC/Vitis/Speed_sensor_Motor_control/ps7_cortexa9_0/standalone_ps7_cortexa9_0/bsp/system.mss|system_0||
C:/devWorks/SS_MC_SOC/Vitis/Speed_sensor_Motor_control/zynq_fsbl/zynq_fsbl_bsp/system.mss|system||

TRACE::2025-03-29.02:25:30::SCWMssOS::Sw design exists and opened at  C:/devWorks/SS_MC_SOC/Vitis/Speed_sensor_Motor_control/zynq_fsbl/zynq_fsbl_bsp/system.mss
TRACE::2025-03-29.02:25:30::SCWPlatform::Trying to open the hw design at C:/devWorks/SS_MC_SOC/Vitis/Speed_sensor_Motor_control/hw/Speed_sensor_Motor_control.xsa
TRACE::2025-03-29.02:25:30::SCWPlatform::DSA given C:/devWorks/SS_MC_SOC/Vitis/Speed_sensor_Motor_control/hw/Speed_sensor_Motor_control.xsa
TRACE::2025-03-29.02:25:30::SCWPlatform::DSA absoulate path C:/devWorks/SS_MC_SOC/Vitis/Speed_sensor_Motor_control/hw/Speed_sensor_Motor_control.xsa
TRACE::2025-03-29.02:25:30::SCWPlatform::DSA directory C:/devWorks/SS_MC_SOC/Vitis/Speed_sensor_Motor_control/hw
TRACE::2025-03-29.02:25:30::SCWPlatform:: Platform Path C:/devWorks/SS_MC_SOC/Vitis/Speed_sensor_Motor_control/hw/Speed_sensor_Motor_control.xsa
TRACE::2025-03-29.02:25:30::SCWPlatform:: Unique name xilinx:pynq-z2::0.0
TRACE::2025-03-29.02:25:30::SCWPlatform::Trying to set the existing hwdb with name design_1_wrapper_0
TRACE::2025-03-29.02:25:30::SCWPlatform::Opened existing hwdb design_1_wrapper_0
TRACE::2025-03-29.02:25:30::SCWPlatform::Found the Hw Db part of the input DSA
TRACE::2025-03-29.02:25:30::SCWMssOS::Checking the sw design at  C:/devWorks/SS_MC_SOC/Vitis/Speed_sensor_Motor_control/zynq_fsbl/zynq_fsbl_bsp/system.mss
TRACE::2025-03-29.02:25:30::SCWMssOS::DEBUG:  swdes dump  C:/devWorks/SS_MC_SOC/Vitis/Speed_sensor_Motor_control/ps7_cortexa9_0/standalone_ps7_cortexa9_0/bsp/system.mss|system_0||
C:/devWorks/SS_MC_SOC/Vitis/Speed_sensor_Motor_control/zynq_fsbl/zynq_fsbl_bsp/system.mss|system||

TRACE::2025-03-29.02:25:30::SCWMssOS::Sw design exists and opened at  C:/devWorks/SS_MC_SOC/Vitis/Speed_sensor_Motor_control/zynq_fsbl/zynq_fsbl_bsp/system.mss
TRACE::2025-03-29.02:25:30::SCWPlatform::Trying to open the hw design at C:/devWorks/SS_MC_SOC/Vitis/Speed_sensor_Motor_control/hw/Speed_sensor_Motor_control.xsa
TRACE::2025-03-29.02:25:30::SCWPlatform::DSA given C:/devWorks/SS_MC_SOC/Vitis/Speed_sensor_Motor_control/hw/Speed_sensor_Motor_control.xsa
TRACE::2025-03-29.02:25:30::SCWPlatform::DSA absoulate path C:/devWorks/SS_MC_SOC/Vitis/Speed_sensor_Motor_control/hw/Speed_sensor_Motor_control.xsa
TRACE::2025-03-29.02:25:30::SCWPlatform::DSA directory C:/devWorks/SS_MC_SOC/Vitis/Speed_sensor_Motor_control/hw
TRACE::2025-03-29.02:25:30::SCWPlatform:: Platform Path C:/devWorks/SS_MC_SOC/Vitis/Speed_sensor_Motor_control/hw/Speed_sensor_Motor_control.xsa
TRACE::2025-03-29.02:25:30::SCWPlatform:: Unique name xilinx:pynq-z2::0.0
TRACE::2025-03-29.02:25:30::SCWPlatform::Trying to set the existing hwdb with name design_1_wrapper_0
TRACE::2025-03-29.02:25:30::SCWPlatform::Opened existing hwdb design_1_wrapper_0
TRACE::2025-03-29.02:25:30::SCWPlatform::Found the Hw Db part of the input DSA
TRACE::2025-03-29.02:25:30::SCWMssOS::Checking the sw design at  C:/devWorks/SS_MC_SOC/Vitis/Speed_sensor_Motor_control/zynq_fsbl/zynq_fsbl_bsp/system.mss
TRACE::2025-03-29.02:25:30::SCWMssOS::DEBUG:  swdes dump  C:/devWorks/SS_MC_SOC/Vitis/Speed_sensor_Motor_control/ps7_cortexa9_0/standalone_ps7_cortexa9_0/bsp/system.mss|system_0||
C:/devWorks/SS_MC_SOC/Vitis/Speed_sensor_Motor_control/zynq_fsbl/zynq_fsbl_bsp/system.mss|system||

TRACE::2025-03-29.02:25:30::SCWMssOS::Sw design exists and opened at  C:/devWorks/SS_MC_SOC/Vitis/Speed_sensor_Motor_control/zynq_fsbl/zynq_fsbl_bsp/system.mss
TRACE::2025-03-29.02:25:30::SCWPlatform::Trying to open the hw design at C:/devWorks/SS_MC_SOC/Vitis/Speed_sensor_Motor_control/hw/Speed_sensor_Motor_control.xsa
TRACE::2025-03-29.02:25:30::SCWPlatform::DSA given C:/devWorks/SS_MC_SOC/Vitis/Speed_sensor_Motor_control/hw/Speed_sensor_Motor_control.xsa
TRACE::2025-03-29.02:25:30::SCWPlatform::DSA absoulate path C:/devWorks/SS_MC_SOC/Vitis/Speed_sensor_Motor_control/hw/Speed_sensor_Motor_control.xsa
TRACE::2025-03-29.02:25:30::SCWPlatform::DSA directory C:/devWorks/SS_MC_SOC/Vitis/Speed_sensor_Motor_control/hw
TRACE::2025-03-29.02:25:30::SCWPlatform:: Platform Path C:/devWorks/SS_MC_SOC/Vitis/Speed_sensor_Motor_control/hw/Speed_sensor_Motor_control.xsa
TRACE::2025-03-29.02:25:30::SCWPlatform:: Unique name xilinx:pynq-z2::0.0
TRACE::2025-03-29.02:25:30::SCWPlatform::Trying to set the existing hwdb with name design_1_wrapper_0
TRACE::2025-03-29.02:25:30::SCWPlatform::Opened existing hwdb design_1_wrapper_0
TRACE::2025-03-29.02:25:30::SCWPlatform::Found the Hw Db part of the input DSA
TRACE::2025-03-29.02:25:30::SCWMssOS::Checking the sw design at  C:/devWorks/SS_MC_SOC/Vitis/Speed_sensor_Motor_control/ps7_cortexa9_0/standalone_ps7_cortexa9_0/bsp/system.mss
TRACE::2025-03-29.02:25:30::SCWMssOS::DEBUG:  swdes dump  C:/devWorks/SS_MC_SOC/Vitis/Speed_sensor_Motor_control/ps7_cortexa9_0/standalone_ps7_cortexa9_0/bsp/system.mss|system_0||
C:/devWorks/SS_MC_SOC/Vitis/Speed_sensor_Motor_control/zynq_fsbl/zynq_fsbl_bsp/system.mss|system||

TRACE::2025-03-29.02:25:30::SCWMssOS::Sw design exists and opened at  C:/devWorks/SS_MC_SOC/Vitis/Speed_sensor_Motor_control/ps7_cortexa9_0/standalone_ps7_cortexa9_0/bsp/system.mss
TRACE::2025-03-29.02:25:30::SCWPlatform::Trying to open the hw design at C:/devWorks/SS_MC_SOC/Vitis/Speed_sensor_Motor_control/hw/Speed_sensor_Motor_control.xsa
TRACE::2025-03-29.02:25:30::SCWPlatform::DSA given C:/devWorks/SS_MC_SOC/Vitis/Speed_sensor_Motor_control/hw/Speed_sensor_Motor_control.xsa
TRACE::2025-03-29.02:25:30::SCWPlatform::DSA absoulate path C:/devWorks/SS_MC_SOC/Vitis/Speed_sensor_Motor_control/hw/Speed_sensor_Motor_control.xsa
TRACE::2025-03-29.02:25:30::SCWPlatform::DSA directory C:/devWorks/SS_MC_SOC/Vitis/Speed_sensor_Motor_control/hw
TRACE::2025-03-29.02:25:30::SCWPlatform:: Platform Path C:/devWorks/SS_MC_SOC/Vitis/Speed_sensor_Motor_control/hw/Speed_sensor_Motor_control.xsa
TRACE::2025-03-29.02:25:30::SCWPlatform:: Unique name xilinx:pynq-z2::0.0
TRACE::2025-03-29.02:25:30::SCWPlatform::Trying to set the existing hwdb with name design_1_wrapper_0
TRACE::2025-03-29.02:25:30::SCWPlatform::Opened existing hwdb design_1_wrapper_0
TRACE::2025-03-29.02:25:30::SCWPlatform::Found the Hw Db part of the input DSA
TRACE::2025-03-29.02:25:30::SCWMssOS::Checking the sw design at  C:/devWorks/SS_MC_SOC/Vitis/Speed_sensor_Motor_control/ps7_cortexa9_0/standalone_ps7_cortexa9_0/bsp/system.mss
TRACE::2025-03-29.02:25:30::SCWMssOS::DEBUG:  swdes dump  C:/devWorks/SS_MC_SOC/Vitis/Speed_sensor_Motor_control/ps7_cortexa9_0/standalone_ps7_cortexa9_0/bsp/system.mss|system_0||
C:/devWorks/SS_MC_SOC/Vitis/Speed_sensor_Motor_control/zynq_fsbl/zynq_fsbl_bsp/system.mss|system||

TRACE::2025-03-29.02:25:30::SCWMssOS::Sw design exists and opened at  C:/devWorks/SS_MC_SOC/Vitis/Speed_sensor_Motor_control/ps7_cortexa9_0/standalone_ps7_cortexa9_0/bsp/system.mss
TRACE::2025-03-29.02:25:30::SCWPlatform::Trying to open the hw design at C:/devWorks/SS_MC_SOC/Vitis/Speed_sensor_Motor_control/hw/Speed_sensor_Motor_control.xsa
TRACE::2025-03-29.02:25:30::SCWPlatform::DSA given C:/devWorks/SS_MC_SOC/Vitis/Speed_sensor_Motor_control/hw/Speed_sensor_Motor_control.xsa
TRACE::2025-03-29.02:25:30::SCWPlatform::DSA absoulate path C:/devWorks/SS_MC_SOC/Vitis/Speed_sensor_Motor_control/hw/Speed_sensor_Motor_control.xsa
TRACE::2025-03-29.02:25:30::SCWPlatform::DSA directory C:/devWorks/SS_MC_SOC/Vitis/Speed_sensor_Motor_control/hw
TRACE::2025-03-29.02:25:30::SCWPlatform:: Platform Path C:/devWorks/SS_MC_SOC/Vitis/Speed_sensor_Motor_control/hw/Speed_sensor_Motor_control.xsa
TRACE::2025-03-29.02:25:30::SCWPlatform:: Unique name xilinx:pynq-z2::0.0
TRACE::2025-03-29.02:25:30::SCWPlatform::Trying to set the existing hwdb with name design_1_wrapper_0
TRACE::2025-03-29.02:25:30::SCWPlatform::Opened existing hwdb design_1_wrapper_0
TRACE::2025-03-29.02:25:30::SCWPlatform::Found the Hw Db part of the input DSA
TRACE::2025-03-29.02:25:30::SCWMssOS::Checking the sw design at  C:/devWorks/SS_MC_SOC/Vitis/Speed_sensor_Motor_control/ps7_cortexa9_0/standalone_ps7_cortexa9_0/bsp/system.mss
TRACE::2025-03-29.02:25:30::SCWMssOS::DEBUG:  swdes dump  C:/devWorks/SS_MC_SOC/Vitis/Speed_sensor_Motor_control/ps7_cortexa9_0/standalone_ps7_cortexa9_0/bsp/system.mss|system_0||
C:/devWorks/SS_MC_SOC/Vitis/Speed_sensor_Motor_control/zynq_fsbl/zynq_fsbl_bsp/system.mss|system||

TRACE::2025-03-29.02:25:30::SCWMssOS::Sw design exists and opened at  C:/devWorks/SS_MC_SOC/Vitis/Speed_sensor_Motor_control/ps7_cortexa9_0/standalone_ps7_cortexa9_0/bsp/system.mss
TRACE::2025-03-29.02:25:30::SCWWriter::formatted JSON is {
	"platformName":	"Speed_sensor_Motor_control",
	"sprVersion":	"2.0",
	"mode":	"gui",
	"dsaType":	"Fixed",
	"platformDesc":	"Speed_sensor_Motor_control",
	"platHandOff":	"C:/devWorks/SS_MC_SOC/Speed_sensor_Motor_control.xsa",
	"platIntHandOff":	"<platformDir>/hw/Speed_sensor_Motor_control.xsa",
	"deviceType":	"zynq",
	"platIsPrebuiltAutogen":	"false",
	"platIsNoBootBsp":	"false",
	"platFsblTarget":	"ps7_cortexa9_0",
	"hasFsblMakeHasChanges":	"false",
	"hasPmufwMakeHasChanges":	"false",
	"fsblExtraCompilerFlags":	"-MMD -MP       -mcpu=cortex-a9 -mfpu=vfpv3 -mfloat-abi=hard ",
	"platPreBuiltFlag":	false,
	"platformSamplesDir":	"",
	"platActiveSys":	"Speed_sensor_Motor_control",
	"systems":	[{
			"systemName":	"Speed_sensor_Motor_control",
			"systemDesc":	"Speed_sensor_Motor_control",
			"sysIsBootAutoGen":	"true",
			"systemDispName":	"Speed_sensor_Motor_control",
			"sysActiveDom":	"standalone_ps7_cortexa9_0",
			"sysDefaultDom":	"standalone_ps7_cortexa9_0",
			"domains":	[{
					"domainName":	"zynq_fsbl",
					"domainDispName":	"zynq_fsbl",
					"domainDesc":	"FSBL Application BSP - Auto Generated.",
					"processors":	"ps7_cortexa9_0",
					"os":	"standalone",
					"sdxOs":	"standalone",
					"debugEnable":	"",
					"domRuntimes":	["cpp"],
					"swRepo":	"",
					"mssOsVer":	"9.1",
					"mssFile":	"",
					"md5Digest":	"b4df79a800a1f9c21646240e8d214367",
					"compatibleApp":	"zynq_fsbl",
					"domType":	"bootDomain",
					"arch":	"32-bit",
					"appSettings":	{
						"appCompilerFlags":	"",
						"appLinkerFlags":	""
					},
					"addedLibs":	["xilffs:5.2", "xilrsa:1.8"],
					"libOptions":	{
						"libsContainingOptions":	[]
					},
					"prebuiltLibs":	{
						"prebuiltIncPath":	[],
						"prebuiltLibPath":	[]
					},
					"isolation":	{
					}
				}, {
					"domainName":	"standalone_ps7_cortexa9_0",
					"domainDispName":	"standalone_ps7_cortexa9_0",
					"domainDesc":	"standalone_ps7_cortexa9_0",
					"processors":	"ps7_cortexa9_0",
					"os":	"standalone",
					"sdxOs":	"standalone",
					"qemuArgs":	"<platformDir>/resources/Speed_sensor_Motor_control/standalone_ps7_cortexa9_0/qemu_args.txt",
					"qemuData":	"<platformDir>/resources/Speed_sensor_Motor_control/standalone_ps7_cortexa9_0/qemu",
					"debugEnable":	"False",
					"domRuntimes":	["cpp"],
					"swRepo":	"",
					"mssOsVer":	"9.1",
					"mssFile":	"",
					"md5Digest":	"8a4afdbf38ea2078439cc1b4f5c3b212",
					"compatibleApp":	"hello_world",
					"domType":	"mssDomain",
					"arch":	"32-bit",
					"appSettings":	{
						"appCompilerFlags":	"",
						"appLinkerFlags":	""
					},
					"addedLibs":	[],
					"libOptions":	{
						"libsContainingOptions":	[]
					},
					"prebuiltLibs":	{
						"prebuiltIncPath":	[],
						"prebuiltLibPath":	[]
					},
					"isolation":	{
					}
				}]
		}]
}
LOG::2025-03-29.02:25:30::SCWPlatform::Started generating the artifacts platform Speed_sensor_Motor_control
TRACE::2025-03-29.02:25:30::SCWPlatform::Sanity checking of platform is completed
LOG::2025-03-29.02:25:30::SCWPlatform::Started generating the artifacts for system configuration Speed_sensor_Motor_control
LOG::2025-03-29.02:25:30::SCWSystem::Started Processing the domain standalone_ps7_cortexa9_0
TRACE::2025-03-29.02:25:30::SCWDomain::Generating domain artifcats
TRACE::2025-03-29.02:25:30::SCWMssOS::Generating standalone artifcats
TRACE::2025-03-29.02:25:30::SCWMssOS::Copying the qemu file from  C:/devWorks/SS_MC_SOC/Vitis/Speed_sensor_Motor_control/resources/Speed_sensor_Motor_control/standalone_ps7_cortexa9_0/qemu_args.txt To C:/devWorks/SS_MC_SOC/Vitis/Speed_sensor_Motor_control/export/Speed_sensor_Motor_control/sw/Speed_sensor_Motor_control/qemu/
TRACE::2025-03-29.02:25:30::SCWMssOS::Copying the qemu file from  C:/devWorks/SS_MC_SOC/Vitis/Speed_sensor_Motor_control/resources/Speed_sensor_Motor_control/standalone_ps7_cortexa9_0/qemu_args.txt To C:/devWorks/SS_MC_SOC/Vitis/Speed_sensor_Motor_control/export/Speed_sensor_Motor_control/sw/Speed_sensor_Motor_control/standalone_ps7_cortexa9_0/qemu/
TRACE::2025-03-29.02:25:30::SCWMssOS:: Copying the user libraries. 
TRACE::2025-03-29.02:25:30::SCWPlatform::Trying to open the hw design at C:/devWorks/SS_MC_SOC/Vitis/Speed_sensor_Motor_control/hw/Speed_sensor_Motor_control.xsa
TRACE::2025-03-29.02:25:30::SCWPlatform::DSA given C:/devWorks/SS_MC_SOC/Vitis/Speed_sensor_Motor_control/hw/Speed_sensor_Motor_control.xsa
TRACE::2025-03-29.02:25:30::SCWPlatform::DSA absoulate path C:/devWorks/SS_MC_SOC/Vitis/Speed_sensor_Motor_control/hw/Speed_sensor_Motor_control.xsa
TRACE::2025-03-29.02:25:30::SCWPlatform::DSA directory C:/devWorks/SS_MC_SOC/Vitis/Speed_sensor_Motor_control/hw
TRACE::2025-03-29.02:25:30::SCWPlatform:: Platform Path C:/devWorks/SS_MC_SOC/Vitis/Speed_sensor_Motor_control/hw/Speed_sensor_Motor_control.xsa
TRACE::2025-03-29.02:25:30::SCWPlatform:: Unique name xilinx:pynq-z2::0.0
TRACE::2025-03-29.02:25:30::SCWPlatform::Trying to set the existing hwdb with name design_1_wrapper_0
TRACE::2025-03-29.02:25:30::SCWPlatform::Opened existing hwdb design_1_wrapper_0
TRACE::2025-03-29.02:25:30::SCWPlatform::Found the Hw Db part of the input DSA
TRACE::2025-03-29.02:25:30::SCWMssOS::Checking the sw design at  C:/devWorks/SS_MC_SOC/Vitis/Speed_sensor_Motor_control/ps7_cortexa9_0/standalone_ps7_cortexa9_0/bsp/system.mss
TRACE::2025-03-29.02:25:30::SCWMssOS::DEBUG:  swdes dump  C:/devWorks/SS_MC_SOC/Vitis/Speed_sensor_Motor_control/ps7_cortexa9_0/standalone_ps7_cortexa9_0/bsp/system.mss|system_0||
C:/devWorks/SS_MC_SOC/Vitis/Speed_sensor_Motor_control/zynq_fsbl/zynq_fsbl_bsp/system.mss|system||

TRACE::2025-03-29.02:25:30::SCWMssOS::Sw design exists and opened at  C:/devWorks/SS_MC_SOC/Vitis/Speed_sensor_Motor_control/ps7_cortexa9_0/standalone_ps7_cortexa9_0/bsp/system.mss
TRACE::2025-03-29.02:25:30::SCWMssOS::Completed writing the mss file at C:/devWorks/SS_MC_SOC/Vitis/Speed_sensor_Motor_control/ps7_cortexa9_0/standalone_ps7_cortexa9_0/bsp
TRACE::2025-03-29.02:25:30::SCWMssOS::Mss edits present, copying mssfile into export location C:/devWorks/SS_MC_SOC/Vitis/Speed_sensor_Motor_control/ps7_cortexa9_0/standalone_ps7_cortexa9_0/bsp/system.mss
TRACE::2025-03-29.02:25:30::SCWMssOS::bsp generated is upto date with the mss file. Skipping bsp generation.
TRACE::2025-03-29.02:25:30::SCWMssOS::BSP is already built. skipping the bsp build ... 
TRACE::2025-03-29.02:25:30::SCWDomain::Building the domain as part of full build :  standalone_ps7_cortexa9_0
TRACE::2025-03-29.02:25:30::SCWMssOS::skipping the bsp build ... 
TRACE::2025-03-29.02:25:30::SCWMssOS::Copying to export directory.
TRACE::2025-03-29.02:25:30::SCWMssOS:: Checking if to create the Supporting Applications
TRACE::2025-03-29.02:25:30::SCWMssOS:: No Linux domain exists, trying to generate FSBL 
TRACE::2025-03-29.02:25:30::SCWMssOS:: Completed Standalone Artifacts creation 
LOG::2025-03-29.02:25:30::SCWSystem::Completed Processing the domain standalone_ps7_cortexa9_0
LOG::2025-03-29.02:25:30::SCWSystem::Completed Processing the sysconfig Speed_sensor_Motor_control
LOG::2025-03-29.02:25:30::SCWPlatform::Completed generating the artifacts for system configuration Speed_sensor_Motor_control
TRACE::2025-03-29.02:25:30::SCWPlatform::Started preparing the platform 
TRACE::2025-03-29.02:25:30::SCWSystem::Writing the bif file for system config Speed_sensor_Motor_control
TRACE::2025-03-29.02:25:30::SCWSystem::dir created 
TRACE::2025-03-29.02:25:30::SCWSystem::Writing the bif 
TRACE::2025-03-29.02:25:30::SCWPlatform::Started writing the spfm file 
TRACE::2025-03-29.02:25:30::SCWPlatform::Started writing the xpfm file 
TRACE::2025-03-29.02:25:30::SCWPlatform::Completed generating the platform
TRACE::2025-03-29.02:25:30::SCWMssOS::Saving the mss changes C:/devWorks/SS_MC_SOC/Vitis/Speed_sensor_Motor_control/zynq_fsbl/zynq_fsbl_bsp/system.mss
TRACE::2025-03-29.02:25:30::SCWMssOS::Found a swdesign opened with the mssfile.
TRACE::2025-03-29.02:25:30::SCWMssOS::Completed writemss as part of save.
TRACE::2025-03-29.02:25:30::SCWMssOS::Commit changes completed.
TRACE::2025-03-29.02:25:30::SCWMssOS::Saving the mss changes C:/devWorks/SS_MC_SOC/Vitis/Speed_sensor_Motor_control/ps7_cortexa9_0/standalone_ps7_cortexa9_0/bsp/system.mss
TRACE::2025-03-29.02:25:30::SCWMssOS::Found a swdesign opened with the mssfile.
TRACE::2025-03-29.02:25:30::SCWMssOS::Completed writemss as part of save.
TRACE::2025-03-29.02:25:30::SCWMssOS::Commit changes completed.
TRACE::2025-03-29.02:25:30::SCWPlatform::Trying to open the hw design at C:/devWorks/SS_MC_SOC/Vitis/Speed_sensor_Motor_control/hw/Speed_sensor_Motor_control.xsa
TRACE::2025-03-29.02:25:30::SCWPlatform::DSA given C:/devWorks/SS_MC_SOC/Vitis/Speed_sensor_Motor_control/hw/Speed_sensor_Motor_control.xsa
TRACE::2025-03-29.02:25:30::SCWPlatform::DSA absoulate path C:/devWorks/SS_MC_SOC/Vitis/Speed_sensor_Motor_control/hw/Speed_sensor_Motor_control.xsa
TRACE::2025-03-29.02:25:30::SCWPlatform::DSA directory C:/devWorks/SS_MC_SOC/Vitis/Speed_sensor_Motor_control/hw
TRACE::2025-03-29.02:25:30::SCWPlatform:: Platform Path C:/devWorks/SS_MC_SOC/Vitis/Speed_sensor_Motor_control/hw/Speed_sensor_Motor_control.xsa
TRACE::2025-03-29.02:25:30::SCWPlatform:: Unique name xilinx:pynq-z2::0.0
TRACE::2025-03-29.02:25:30::SCWPlatform::Trying to set the existing hwdb with name design_1_wrapper_0
TRACE::2025-03-29.02:25:30::SCWPlatform::Opened existing hwdb design_1_wrapper_0
TRACE::2025-03-29.02:25:30::SCWPlatform::Found the Hw Db part of the input DSA
TRACE::2025-03-29.02:25:30::SCWMssOS::Checking the sw design at  C:/devWorks/SS_MC_SOC/Vitis/Speed_sensor_Motor_control/zynq_fsbl/zynq_fsbl_bsp/system.mss
TRACE::2025-03-29.02:25:30::SCWMssOS::DEBUG:  swdes dump  C:/devWorks/SS_MC_SOC/Vitis/Speed_sensor_Motor_control/ps7_cortexa9_0/standalone_ps7_cortexa9_0/bsp/system.mss|system_0||
C:/devWorks/SS_MC_SOC/Vitis/Speed_sensor_Motor_control/zynq_fsbl/zynq_fsbl_bsp/system.mss|system||

TRACE::2025-03-29.02:25:30::SCWMssOS::Sw design exists and opened at  C:/devWorks/SS_MC_SOC/Vitis/Speed_sensor_Motor_control/zynq_fsbl/zynq_fsbl_bsp/system.mss
TRACE::2025-03-29.02:25:30::SCWPlatform::Trying to open the hw design at C:/devWorks/SS_MC_SOC/Vitis/Speed_sensor_Motor_control/hw/Speed_sensor_Motor_control.xsa
TRACE::2025-03-29.02:25:30::SCWPlatform::DSA given C:/devWorks/SS_MC_SOC/Vitis/Speed_sensor_Motor_control/hw/Speed_sensor_Motor_control.xsa
TRACE::2025-03-29.02:25:30::SCWPlatform::DSA absoulate path C:/devWorks/SS_MC_SOC/Vitis/Speed_sensor_Motor_control/hw/Speed_sensor_Motor_control.xsa
TRACE::2025-03-29.02:25:30::SCWPlatform::DSA directory C:/devWorks/SS_MC_SOC/Vitis/Speed_sensor_Motor_control/hw
TRACE::2025-03-29.02:25:30::SCWPlatform:: Platform Path C:/devWorks/SS_MC_SOC/Vitis/Speed_sensor_Motor_control/hw/Speed_sensor_Motor_control.xsa
TRACE::2025-03-29.02:25:30::SCWPlatform:: Unique name xilinx:pynq-z2::0.0
TRACE::2025-03-29.02:25:30::SCWPlatform::Trying to set the existing hwdb with name design_1_wrapper_0
TRACE::2025-03-29.02:25:30::SCWPlatform::Opened existing hwdb design_1_wrapper_0
TRACE::2025-03-29.02:25:30::SCWPlatform::Found the Hw Db part of the input DSA
TRACE::2025-03-29.02:25:30::SCWMssOS::Checking the sw design at  C:/devWorks/SS_MC_SOC/Vitis/Speed_sensor_Motor_control/zynq_fsbl/zynq_fsbl_bsp/system.mss
TRACE::2025-03-29.02:25:30::SCWMssOS::DEBUG:  swdes dump  C:/devWorks/SS_MC_SOC/Vitis/Speed_sensor_Motor_control/ps7_cortexa9_0/standalone_ps7_cortexa9_0/bsp/system.mss|system_0||
C:/devWorks/SS_MC_SOC/Vitis/Speed_sensor_Motor_control/zynq_fsbl/zynq_fsbl_bsp/system.mss|system||

TRACE::2025-03-29.02:25:30::SCWMssOS::Sw design exists and opened at  C:/devWorks/SS_MC_SOC/Vitis/Speed_sensor_Motor_control/zynq_fsbl/zynq_fsbl_bsp/system.mss
TRACE::2025-03-29.02:25:30::SCWPlatform::Trying to open the hw design at C:/devWorks/SS_MC_SOC/Vitis/Speed_sensor_Motor_control/hw/Speed_sensor_Motor_control.xsa
TRACE::2025-03-29.02:25:30::SCWPlatform::DSA given C:/devWorks/SS_MC_SOC/Vitis/Speed_sensor_Motor_control/hw/Speed_sensor_Motor_control.xsa
TRACE::2025-03-29.02:25:30::SCWPlatform::DSA absoulate path C:/devWorks/SS_MC_SOC/Vitis/Speed_sensor_Motor_control/hw/Speed_sensor_Motor_control.xsa
TRACE::2025-03-29.02:25:30::SCWPlatform::DSA directory C:/devWorks/SS_MC_SOC/Vitis/Speed_sensor_Motor_control/hw
TRACE::2025-03-29.02:25:30::SCWPlatform:: Platform Path C:/devWorks/SS_MC_SOC/Vitis/Speed_sensor_Motor_control/hw/Speed_sensor_Motor_control.xsa
TRACE::2025-03-29.02:25:30::SCWPlatform:: Unique name xilinx:pynq-z2::0.0
TRACE::2025-03-29.02:25:30::SCWPlatform::Trying to set the existing hwdb with name design_1_wrapper_0
TRACE::2025-03-29.02:25:30::SCWPlatform::Opened existing hwdb design_1_wrapper_0
TRACE::2025-03-29.02:25:30::SCWPlatform::Found the Hw Db part of the input DSA
TRACE::2025-03-29.02:25:30::SCWMssOS::Checking the sw design at  C:/devWorks/SS_MC_SOC/Vitis/Speed_sensor_Motor_control/zynq_fsbl/zynq_fsbl_bsp/system.mss
TRACE::2025-03-29.02:25:30::SCWMssOS::DEBUG:  swdes dump  C:/devWorks/SS_MC_SOC/Vitis/Speed_sensor_Motor_control/ps7_cortexa9_0/standalone_ps7_cortexa9_0/bsp/system.mss|system_0||
C:/devWorks/SS_MC_SOC/Vitis/Speed_sensor_Motor_control/zynq_fsbl/zynq_fsbl_bsp/system.mss|system||

TRACE::2025-03-29.02:25:30::SCWMssOS::Sw design exists and opened at  C:/devWorks/SS_MC_SOC/Vitis/Speed_sensor_Motor_control/zynq_fsbl/zynq_fsbl_bsp/system.mss
TRACE::2025-03-29.02:25:30::SCWPlatform::Trying to open the hw design at C:/devWorks/SS_MC_SOC/Vitis/Speed_sensor_Motor_control/hw/Speed_sensor_Motor_control.xsa
TRACE::2025-03-29.02:25:30::SCWPlatform::DSA given C:/devWorks/SS_MC_SOC/Vitis/Speed_sensor_Motor_control/hw/Speed_sensor_Motor_control.xsa
TRACE::2025-03-29.02:25:30::SCWPlatform::DSA absoulate path C:/devWorks/SS_MC_SOC/Vitis/Speed_sensor_Motor_control/hw/Speed_sensor_Motor_control.xsa
TRACE::2025-03-29.02:25:30::SCWPlatform::DSA directory C:/devWorks/SS_MC_SOC/Vitis/Speed_sensor_Motor_control/hw
TRACE::2025-03-29.02:25:30::SCWPlatform:: Platform Path C:/devWorks/SS_MC_SOC/Vitis/Speed_sensor_Motor_control/hw/Speed_sensor_Motor_control.xsa
TRACE::2025-03-29.02:25:30::SCWPlatform:: Unique name xilinx:pynq-z2::0.0
TRACE::2025-03-29.02:25:30::SCWPlatform::Trying to set the existing hwdb with name design_1_wrapper_0
TRACE::2025-03-29.02:25:30::SCWPlatform::Opened existing hwdb design_1_wrapper_0
TRACE::2025-03-29.02:25:30::SCWPlatform::Found the Hw Db part of the input DSA
TRACE::2025-03-29.02:25:30::SCWMssOS::Checking the sw design at  C:/devWorks/SS_MC_SOC/Vitis/Speed_sensor_Motor_control/ps7_cortexa9_0/standalone_ps7_cortexa9_0/bsp/system.mss
TRACE::2025-03-29.02:25:30::SCWMssOS::DEBUG:  swdes dump  C:/devWorks/SS_MC_SOC/Vitis/Speed_sensor_Motor_control/ps7_cortexa9_0/standalone_ps7_cortexa9_0/bsp/system.mss|system_0||
C:/devWorks/SS_MC_SOC/Vitis/Speed_sensor_Motor_control/zynq_fsbl/zynq_fsbl_bsp/system.mss|system||

TRACE::2025-03-29.02:25:30::SCWMssOS::Sw design exists and opened at  C:/devWorks/SS_MC_SOC/Vitis/Speed_sensor_Motor_control/ps7_cortexa9_0/standalone_ps7_cortexa9_0/bsp/system.mss
TRACE::2025-03-29.02:25:30::SCWPlatform::Trying to open the hw design at C:/devWorks/SS_MC_SOC/Vitis/Speed_sensor_Motor_control/hw/Speed_sensor_Motor_control.xsa
TRACE::2025-03-29.02:25:30::SCWPlatform::DSA given C:/devWorks/SS_MC_SOC/Vitis/Speed_sensor_Motor_control/hw/Speed_sensor_Motor_control.xsa
TRACE::2025-03-29.02:25:30::SCWPlatform::DSA absoulate path C:/devWorks/SS_MC_SOC/Vitis/Speed_sensor_Motor_control/hw/Speed_sensor_Motor_control.xsa
TRACE::2025-03-29.02:25:30::SCWPlatform::DSA directory C:/devWorks/SS_MC_SOC/Vitis/Speed_sensor_Motor_control/hw
TRACE::2025-03-29.02:25:30::SCWPlatform:: Platform Path C:/devWorks/SS_MC_SOC/Vitis/Speed_sensor_Motor_control/hw/Speed_sensor_Motor_control.xsa
TRACE::2025-03-29.02:25:30::SCWPlatform:: Unique name xilinx:pynq-z2::0.0
TRACE::2025-03-29.02:25:30::SCWPlatform::Trying to set the existing hwdb with name design_1_wrapper_0
TRACE::2025-03-29.02:25:30::SCWPlatform::Opened existing hwdb design_1_wrapper_0
TRACE::2025-03-29.02:25:30::SCWPlatform::Found the Hw Db part of the input DSA
TRACE::2025-03-29.02:25:30::SCWMssOS::Checking the sw design at  C:/devWorks/SS_MC_SOC/Vitis/Speed_sensor_Motor_control/ps7_cortexa9_0/standalone_ps7_cortexa9_0/bsp/system.mss
TRACE::2025-03-29.02:25:30::SCWMssOS::DEBUG:  swdes dump  C:/devWorks/SS_MC_SOC/Vitis/Speed_sensor_Motor_control/ps7_cortexa9_0/standalone_ps7_cortexa9_0/bsp/system.mss|system_0||
C:/devWorks/SS_MC_SOC/Vitis/Speed_sensor_Motor_control/zynq_fsbl/zynq_fsbl_bsp/system.mss|system||

TRACE::2025-03-29.02:25:30::SCWMssOS::Sw design exists and opened at  C:/devWorks/SS_MC_SOC/Vitis/Speed_sensor_Motor_control/ps7_cortexa9_0/standalone_ps7_cortexa9_0/bsp/system.mss
TRACE::2025-03-29.02:25:30::SCWPlatform::Trying to open the hw design at C:/devWorks/SS_MC_SOC/Vitis/Speed_sensor_Motor_control/hw/Speed_sensor_Motor_control.xsa
TRACE::2025-03-29.02:25:30::SCWPlatform::DSA given C:/devWorks/SS_MC_SOC/Vitis/Speed_sensor_Motor_control/hw/Speed_sensor_Motor_control.xsa
TRACE::2025-03-29.02:25:30::SCWPlatform::DSA absoulate path C:/devWorks/SS_MC_SOC/Vitis/Speed_sensor_Motor_control/hw/Speed_sensor_Motor_control.xsa
TRACE::2025-03-29.02:25:30::SCWPlatform::DSA directory C:/devWorks/SS_MC_SOC/Vitis/Speed_sensor_Motor_control/hw
TRACE::2025-03-29.02:25:30::SCWPlatform:: Platform Path C:/devWorks/SS_MC_SOC/Vitis/Speed_sensor_Motor_control/hw/Speed_sensor_Motor_control.xsa
TRACE::2025-03-29.02:25:30::SCWPlatform:: Unique name xilinx:pynq-z2::0.0
TRACE::2025-03-29.02:25:30::SCWPlatform::Trying to set the existing hwdb with name design_1_wrapper_0
TRACE::2025-03-29.02:25:30::SCWPlatform::Opened existing hwdb design_1_wrapper_0
TRACE::2025-03-29.02:25:30::SCWPlatform::Found the Hw Db part of the input DSA
TRACE::2025-03-29.02:25:30::SCWMssOS::Checking the sw design at  C:/devWorks/SS_MC_SOC/Vitis/Speed_sensor_Motor_control/ps7_cortexa9_0/standalone_ps7_cortexa9_0/bsp/system.mss
TRACE::2025-03-29.02:25:30::SCWMssOS::DEBUG:  swdes dump  C:/devWorks/SS_MC_SOC/Vitis/Speed_sensor_Motor_control/ps7_cortexa9_0/standalone_ps7_cortexa9_0/bsp/system.mss|system_0||
C:/devWorks/SS_MC_SOC/Vitis/Speed_sensor_Motor_control/zynq_fsbl/zynq_fsbl_bsp/system.mss|system||

TRACE::2025-03-29.02:25:30::SCWMssOS::Sw design exists and opened at  C:/devWorks/SS_MC_SOC/Vitis/Speed_sensor_Motor_control/ps7_cortexa9_0/standalone_ps7_cortexa9_0/bsp/system.mss
TRACE::2025-03-29.02:25:30::SCWWriter::formatted JSON is {
	"platformName":	"Speed_sensor_Motor_control",
	"sprVersion":	"2.0",
	"mode":	"gui",
	"dsaType":	"Fixed",
	"platformDesc":	"Speed_sensor_Motor_control",
	"platHandOff":	"C:/devWorks/SS_MC_SOC/Speed_sensor_Motor_control.xsa",
	"platIntHandOff":	"<platformDir>/hw/Speed_sensor_Motor_control.xsa",
	"deviceType":	"zynq",
	"platIsPrebuiltAutogen":	"false",
	"platIsNoBootBsp":	"false",
	"platFsblTarget":	"ps7_cortexa9_0",
	"hasFsblMakeHasChanges":	"false",
	"hasPmufwMakeHasChanges":	"false",
	"fsblExtraCompilerFlags":	"-MMD -MP       -mcpu=cortex-a9 -mfpu=vfpv3 -mfloat-abi=hard ",
	"platPreBuiltFlag":	false,
	"platformSamplesDir":	"",
	"platActiveSys":	"Speed_sensor_Motor_control",
	"systems":	[{
			"systemName":	"Speed_sensor_Motor_control",
			"systemDesc":	"Speed_sensor_Motor_control",
			"sysIsBootAutoGen":	"true",
			"systemDispName":	"Speed_sensor_Motor_control",
			"sysActiveDom":	"standalone_ps7_cortexa9_0",
			"sysDefaultDom":	"standalone_ps7_cortexa9_0",
			"domains":	[{
					"domainName":	"zynq_fsbl",
					"domainDispName":	"zynq_fsbl",
					"domainDesc":	"FSBL Application BSP - Auto Generated.",
					"processors":	"ps7_cortexa9_0",
					"os":	"standalone",
					"sdxOs":	"standalone",
					"debugEnable":	"",
					"domRuntimes":	["cpp"],
					"swRepo":	"",
					"mssOsVer":	"9.1",
					"mssFile":	"",
					"md5Digest":	"b4df79a800a1f9c21646240e8d214367",
					"compatibleApp":	"zynq_fsbl",
					"domType":	"bootDomain",
					"arch":	"32-bit",
					"appSettings":	{
						"appCompilerFlags":	"",
						"appLinkerFlags":	""
					},
					"addedLibs":	["xilffs:5.2", "xilrsa:1.8"],
					"libOptions":	{
						"libsContainingOptions":	[]
					},
					"prebuiltLibs":	{
						"prebuiltIncPath":	[],
						"prebuiltLibPath":	[]
					},
					"isolation":	{
					}
				}, {
					"domainName":	"standalone_ps7_cortexa9_0",
					"domainDispName":	"standalone_ps7_cortexa9_0",
					"domainDesc":	"standalone_ps7_cortexa9_0",
					"processors":	"ps7_cortexa9_0",
					"os":	"standalone",
					"sdxOs":	"standalone",
					"qemuArgs":	"<platformDir>/resources/Speed_sensor_Motor_control/standalone_ps7_cortexa9_0/qemu_args.txt",
					"qemuData":	"<platformDir>/resources/Speed_sensor_Motor_control/standalone_ps7_cortexa9_0/qemu",
					"debugEnable":	"False",
					"domRuntimes":	["cpp"],
					"swRepo":	"",
					"mssOsVer":	"9.1",
					"mssFile":	"",
					"md5Digest":	"8a4afdbf38ea2078439cc1b4f5c3b212",
					"compatibleApp":	"hello_world",
					"domType":	"mssDomain",
					"arch":	"32-bit",
					"appSettings":	{
						"appCompilerFlags":	"",
						"appLinkerFlags":	""
					},
					"addedLibs":	[],
					"libOptions":	{
						"libsContainingOptions":	[]
					},
					"prebuiltLibs":	{
						"prebuiltIncPath":	[],
						"prebuiltLibPath":	[]
					},
					"isolation":	{
					}
				}]
		}]
}
KEYINFO::2025-03-29.02:25:30::SCWPlatform::updated the xpfm file.
LOG::2025-03-29.02:26:42::SCWPlatform::Started generating the artifacts platform Speed_sensor_Motor_control
TRACE::2025-03-29.02:26:42::SCWPlatform::Sanity checking of platform is completed
LOG::2025-03-29.02:26:42::SCWPlatform::Started generating the artifacts for system configuration Speed_sensor_Motor_control
LOG::2025-03-29.02:26:42::SCWSystem::Checking the domain zynq_fsbl
LOG::2025-03-29.02:26:42::SCWSystem::Doing application build for :  zynq_fsbl
TRACE::2025-03-29.02:26:42::SCWBDomain::Not a forced makefile updation, No changes are present. 
TRACE::2025-03-29.02:26:42::SCWDomain::Building the domain as part of full build :  zynq_fsbl
TRACE::2025-03-29.02:26:42::SCWPlatform::Trying to open the hw design at C:/devWorks/SS_MC_SOC/Vitis/Speed_sensor_Motor_control/hw/Speed_sensor_Motor_control.xsa
TRACE::2025-03-29.02:26:42::SCWPlatform::DSA given C:/devWorks/SS_MC_SOC/Vitis/Speed_sensor_Motor_control/hw/Speed_sensor_Motor_control.xsa
TRACE::2025-03-29.02:26:42::SCWPlatform::DSA absoulate path C:/devWorks/SS_MC_SOC/Vitis/Speed_sensor_Motor_control/hw/Speed_sensor_Motor_control.xsa
TRACE::2025-03-29.02:26:42::SCWPlatform::DSA directory C:/devWorks/SS_MC_SOC/Vitis/Speed_sensor_Motor_control/hw
TRACE::2025-03-29.02:26:42::SCWPlatform:: Platform Path C:/devWorks/SS_MC_SOC/Vitis/Speed_sensor_Motor_control/hw/Speed_sensor_Motor_control.xsa
TRACE::2025-03-29.02:26:42::SCWPlatform:: Unique name xilinx:pynq-z2::0.0
TRACE::2025-03-29.02:26:42::SCWPlatform::Trying to set the existing hwdb with name design_1_wrapper_0
TRACE::2025-03-29.02:26:42::SCWPlatform::Opened existing hwdb design_1_wrapper_0
TRACE::2025-03-29.02:26:42::SCWPlatform::Found the Hw Db part of the input DSA
TRACE::2025-03-29.02:26:42::SCWMssOS::Checking the sw design at  C:/devWorks/SS_MC_SOC/Vitis/Speed_sensor_Motor_control/zynq_fsbl/zynq_fsbl_bsp/system.mss
TRACE::2025-03-29.02:26:42::SCWMssOS::DEBUG:  swdes dump  C:/devWorks/SS_MC_SOC/Vitis/Speed_sensor_Motor_control/ps7_cortexa9_0/standalone_ps7_cortexa9_0/bsp/system.mss|system_0||
C:/devWorks/SS_MC_SOC/Vitis/Speed_sensor_Motor_control/zynq_fsbl/zynq_fsbl_bsp/system.mss|system||

TRACE::2025-03-29.02:26:42::SCWMssOS::Sw design exists and opened at  C:/devWorks/SS_MC_SOC/Vitis/Speed_sensor_Motor_control/zynq_fsbl/zynq_fsbl_bsp/system.mss
TRACE::2025-03-29.02:26:42::SCWBDomain::Completed writing the mss file at C:/devWorks/SS_MC_SOC/Vitis/Speed_sensor_Motor_control/zynq_fsbl/zynq_fsbl_bsp
TRACE::2025-03-29.02:26:42::SCWBDomain::bsp generated is upto date with the mss file. Skipping bsp generation.
TRACE::2025-03-29.02:26:42::SCWBDomain::Not a forced makefile updation, No changes are present. 
TRACE::2025-03-29.02:26:42::SCWBDomain::System Command Ran  C:&  cd  C:/devWorks/SS_MC_SOC/Vitis/Speed_sensor_Motor_control/zynq_fsbl& make -C  zynq_fsbl_bsp & make 
TRACE::2025-03-29.02:26:42::SCWBDomain::make: Entering directory 'C:/devWorks/SS_MC_SOC/Vitis/Speed_sensor_Motor_control/zynq_fsbl/zynq_fsbl_bsp'

TRACE::2025-03-29.02:26:42::SCWBDomain::make --no-print-directory seq_libs

TRACE::2025-03-29.02:26:42::SCWBDomain::"Running Make include in ps7_cortexa9_0/libsrc/coresightps_dcc_v1_10/src"

TRACE::2025-03-29.02:26:43::SCWBDomain::make -C ps7_cortexa9_0/libsrc/coresightps_dcc_v1_10/src -s include  "SHELL=CMD" "COMPILER=arm-none-eabi-gcc" "ASSEMBLER=arm-non
TRACE::2025-03-29.02:26:43::SCWBDomain::e-eabi-as" "ARCHIVER=arm-none-eabi-ar" "COMPILER_FLAGS=  -O2 -c" "EXTRA_COMPILER_FLAGS=-mcpu=cortex-a9 -mfpu=vfpv3 -mfloat-abi=
TRACE::2025-03-29.02:26:43::SCWBDomain::hard -nostartfiles -g -Wall -Wextra -fno-tree-loop-distribute-patterns"

TRACE::2025-03-29.02:26:43::SCWBDomain::"Running Make include in ps7_cortexa9_0/libsrc/cpu_cortexa9_v2_12/src"

TRACE::2025-03-29.02:26:43::SCWBDomain::make -C ps7_cortexa9_0/libsrc/cpu_cortexa9_v2_12/src -s include  "SHELL=CMD" "COMPILER=arm-none-eabi-gcc" "ASSEMBLER=arm-none-e
TRACE::2025-03-29.02:26:43::SCWBDomain::abi-as" "ARCHIVER=arm-none-eabi-ar" "COMPILER_FLAGS=  -O2 -c" "EXTRA_COMPILER_FLAGS=-mcpu=cortex-a9 -mfpu=vfpv3 -mfloat-abi=har
TRACE::2025-03-29.02:26:43::SCWBDomain::d -nostartfiles -g -Wall -Wextra -fno-tree-loop-distribute-patterns"

TRACE::2025-03-29.02:26:43::SCWBDomain::"Running Make include in ps7_cortexa9_0/libsrc/ddrps_v1_2/src"

TRACE::2025-03-29.02:26:43::SCWBDomain::make -C ps7_cortexa9_0/libsrc/ddrps_v1_2/src -s include  "SHELL=CMD" "COMPILER=arm-none-eabi-gcc" "ASSEMBLER=arm-none-eabi-as" 
TRACE::2025-03-29.02:26:43::SCWBDomain::"ARCHIVER=arm-none-eabi-ar" "COMPILER_FLAGS=  -O2 -c" "EXTRA_COMPILER_FLAGS=-mcpu=cortex-a9 -mfpu=vfpv3 -mfloat-abi=hard -nosta
TRACE::2025-03-29.02:26:43::SCWBDomain::rtfiles -g -Wall -Wextra -fno-tree-loop-distribute-patterns"

TRACE::2025-03-29.02:26:43::SCWBDomain::"Running Make include in ps7_cortexa9_0/libsrc/devcfg_v3_8/src"

TRACE::2025-03-29.02:26:43::SCWBDomain::make -C ps7_cortexa9_0/libsrc/devcfg_v3_8/src -s include  "SHELL=CMD" "COMPILER=arm-none-eabi-gcc" "ASSEMBLER=arm-none-eabi-as"
TRACE::2025-03-29.02:26:43::SCWBDomain:: "ARCHIVER=arm-none-eabi-ar" "COMPILER_FLAGS=  -O2 -c" "EXTRA_COMPILER_FLAGS=-mcpu=cortex-a9 -mfpu=vfpv3 -mfloat-abi=hard -nost
TRACE::2025-03-29.02:26:43::SCWBDomain::artfiles -g -Wall -Wextra -fno-tree-loop-distribute-patterns"

TRACE::2025-03-29.02:26:43::SCWBDomain::"Running Make include in ps7_cortexa9_0/libsrc/dmaps_v2_10/src"

TRACE::2025-03-29.02:26:43::SCWBDomain::make -C ps7_cortexa9_0/libsrc/dmaps_v2_10/src -s include  "SHELL=CMD" "COMPILER=arm-none-eabi-gcc" "ASSEMBLER=arm-none-eabi-as"
TRACE::2025-03-29.02:26:43::SCWBDomain:: "ARCHIVER=arm-none-eabi-ar" "COMPILER_FLAGS=  -O2 -c" "EXTRA_COMPILER_FLAGS=-mcpu=cortex-a9 -mfpu=vfpv3 -mfloat-abi=hard -nost
TRACE::2025-03-29.02:26:43::SCWBDomain::artfiles -g -Wall -Wextra -fno-tree-loop-distribute-patterns"

TRACE::2025-03-29.02:26:44::SCWBDomain::"Running Make include in ps7_cortexa9_0/libsrc/emacps_v3_20/src"

TRACE::2025-03-29.02:26:44::SCWBDomain::make -C ps7_cortexa9_0/libsrc/emacps_v3_20/src -s include  "SHELL=CMD" "COMPILER=arm-none-eabi-gcc" "ASSEMBLER=arm-none-eabi-as
TRACE::2025-03-29.02:26:44::SCWBDomain::" "ARCHIVER=arm-none-eabi-ar" "COMPILER_FLAGS=  -O2 -c" "EXTRA_COMPILER_FLAGS=-mcpu=cortex-a9 -mfpu=vfpv3 -mfloat-abi=hard -nos
TRACE::2025-03-29.02:26:44::SCWBDomain::tartfiles -g -Wall -Wextra -fno-tree-loop-distribute-patterns"

TRACE::2025-03-29.02:26:44::SCWBDomain::"Running Make include in ps7_cortexa9_0/libsrc/gpiops_v3_13/src"

TRACE::2025-03-29.02:26:44::SCWBDomain::make -C ps7_cortexa9_0/libsrc/gpiops_v3_13/src -s include  "SHELL=CMD" "COMPILER=arm-none-eabi-gcc" "ASSEMBLER=arm-none-eabi-as
TRACE::2025-03-29.02:26:44::SCWBDomain::" "ARCHIVER=arm-none-eabi-ar" "COMPILER_FLAGS=  -O2 -c" "EXTRA_COMPILER_FLAGS=-mcpu=cortex-a9 -mfpu=vfpv3 -mfloat-abi=hard -nos
TRACE::2025-03-29.02:26:44::SCWBDomain::tartfiles -g -Wall -Wextra -fno-tree-loop-distribute-patterns"

TRACE::2025-03-29.02:26:44::SCWBDomain::"Running Make include in ps7_cortexa9_0/libsrc/qspips_v3_12/src"

TRACE::2025-03-29.02:26:44::SCWBDomain::make -C ps7_cortexa9_0/libsrc/qspips_v3_12/src -s include  "SHELL=CMD" "COMPILER=arm-none-eabi-gcc" "ASSEMBLER=arm-none-eabi-as
TRACE::2025-03-29.02:26:44::SCWBDomain::" "ARCHIVER=arm-none-eabi-ar" "COMPILER_FLAGS=  -O2 -c" "EXTRA_COMPILER_FLAGS=-mcpu=cortex-a9 -mfpu=vfpv3 -mfloat-abi=hard -nos
TRACE::2025-03-29.02:26:44::SCWBDomain::tartfiles -g -Wall -Wextra -fno-tree-loop-distribute-patterns"

TRACE::2025-03-29.02:26:44::SCWBDomain::"Running Make include in ps7_cortexa9_0/libsrc/scugic_v5_3/src"

TRACE::2025-03-29.02:26:44::SCWBDomain::make -C ps7_cortexa9_0/libsrc/scugic_v5_3/src -s include  "SHELL=CMD" "COMPILER=arm-none-eabi-gcc" "ASSEMBLER=arm-none-eabi-as"
TRACE::2025-03-29.02:26:44::SCWBDomain:: "ARCHIVER=arm-none-eabi-ar" "COMPILER_FLAGS=  -O2 -c" "EXTRA_COMPILER_FLAGS=-mcpu=cortex-a9 -mfpu=vfpv3 -mfloat-abi=hard -nost
TRACE::2025-03-29.02:26:44::SCWBDomain::artfiles -g -Wall -Wextra -fno-tree-loop-distribute-patterns"

TRACE::2025-03-29.02:26:44::SCWBDomain::"Running Make include in ps7_cortexa9_0/libsrc/scutimer_v2_6/src"

TRACE::2025-03-29.02:26:44::SCWBDomain::make -C ps7_cortexa9_0/libsrc/scutimer_v2_6/src -s include  "SHELL=CMD" "COMPILER=arm-none-eabi-gcc" "ASSEMBLER=arm-none-eabi-a
TRACE::2025-03-29.02:26:44::SCWBDomain::s" "ARCHIVER=arm-none-eabi-ar" "COMPILER_FLAGS=  -O2 -c" "EXTRA_COMPILER_FLAGS=-mcpu=cortex-a9 -mfpu=vfpv3 -mfloat-abi=hard -no
TRACE::2025-03-29.02:26:44::SCWBDomain::startfiles -g -Wall -Wextra -fno-tree-loop-distribute-patterns"

TRACE::2025-03-29.02:26:45::SCWBDomain::"Running Make include in ps7_cortexa9_0/libsrc/scuwdt_v2_5/src"

TRACE::2025-03-29.02:26:45::SCWBDomain::make -C ps7_cortexa9_0/libsrc/scuwdt_v2_5/src -s include  "SHELL=CMD" "COMPILER=arm-none-eabi-gcc" "ASSEMBLER=arm-none-eabi-as"
TRACE::2025-03-29.02:26:45::SCWBDomain:: "ARCHIVER=arm-none-eabi-ar" "COMPILER_FLAGS=  -O2 -c" "EXTRA_COMPILER_FLAGS=-mcpu=cortex-a9 -mfpu=vfpv3 -mfloat-abi=hard -nost
TRACE::2025-03-29.02:26:45::SCWBDomain::artfiles -g -Wall -Wextra -fno-tree-loop-distribute-patterns"

TRACE::2025-03-29.02:26:45::SCWBDomain::"Running Make include in ps7_cortexa9_0/libsrc/sdps_v4_3/src"

TRACE::2025-03-29.02:26:45::SCWBDomain::make -C ps7_cortexa9_0/libsrc/sdps_v4_3/src -s include  "SHELL=CMD" "COMPILER=arm-none-eabi-gcc" "ASSEMBLER=arm-none-eabi-as" "
TRACE::2025-03-29.02:26:45::SCWBDomain::ARCHIVER=arm-none-eabi-ar" "COMPILER_FLAGS=  -O2 -c" "EXTRA_COMPILER_FLAGS=-mcpu=cortex-a9 -mfpu=vfpv3 -mfloat-abi=hard -nostar
TRACE::2025-03-29.02:26:45::SCWBDomain::tfiles -g -Wall -Wextra -fno-tree-loop-distribute-patterns"

TRACE::2025-03-29.02:26:45::SCWBDomain::"Running Make include in ps7_cortexa9_0/libsrc/SpeedSensor_v1_0/src"

TRACE::2025-03-29.02:26:45::SCWBDomain::make -C ps7_cortexa9_0/libsrc/SpeedSensor_v1_0/src -s include  "SHELL=CMD" "COMPILER=arm-none-eabi-gcc" "ASSEMBLER=arm-none-eab
TRACE::2025-03-29.02:26:45::SCWBDomain::i-as" "ARCHIVER=arm-none-eabi-ar" "COMPILER_FLAGS=  -O2 -c" "EXTRA_COMPILER_FLAGS=-mcpu=cortex-a9 -mfpu=vfpv3 -mfloat-abi=hard 
TRACE::2025-03-29.02:26:45::SCWBDomain::-nostartfiles -g -Wall -Wextra -fno-tree-loop-distribute-patterns"

TRACE::2025-03-29.02:26:45::SCWBDomain::"Running Make include in ps7_cortexa9_0/libsrc/standalone_v9_1/src"

TRACE::2025-03-29.02:26:45::SCWBDomain::make -C ps7_cortexa9_0/libsrc/standalone_v9_1/src -s include  "SHELL=CMD" "COMPILER=arm-none-eabi-gcc" "ASSEMBLER=arm-none-eabi
TRACE::2025-03-29.02:26:45::SCWBDomain::-as" "ARCHIVER=arm-none-eabi-ar" "COMPILER_FLAGS=  -O2 -c" "EXTRA_COMPILER_FLAGS=-mcpu=cortex-a9 -mfpu=vfpv3 -mfloat-abi=hard -
TRACE::2025-03-29.02:26:45::SCWBDomain::nostartfiles -g -Wall -Wextra -fno-tree-loop-distribute-patterns"

TRACE::2025-03-29.02:26:47::SCWBDomain::"Running Make include in ps7_cortexa9_0/libsrc/tmrctr_v4_12/src"

TRACE::2025-03-29.02:26:47::SCWBDomain::make -C ps7_cortexa9_0/libsrc/tmrctr_v4_12/src -s include  "SHELL=CMD" "COMPILER=arm-none-eabi-gcc" "ASSEMBLER=arm-none-eabi-as
TRACE::2025-03-29.02:26:47::SCWBDomain::" "ARCHIVER=arm-none-eabi-ar" "COMPILER_FLAGS=  -O2 -c" "EXTRA_COMPILER_FLAGS=-mcpu=cortex-a9 -mfpu=vfpv3 -mfloat-abi=hard -nos
TRACE::2025-03-29.02:26:47::SCWBDomain::tartfiles -g -Wall -Wextra -fno-tree-loop-distribute-patterns"

TRACE::2025-03-29.02:26:47::SCWBDomain::"Running Make include in ps7_cortexa9_0/libsrc/uartps_v3_14/src"

TRACE::2025-03-29.02:26:47::SCWBDomain::make -C ps7_cortexa9_0/libsrc/uartps_v3_14/src -s include  "SHELL=CMD" "COMPILER=arm-none-eabi-gcc" "ASSEMBLER=arm-none-eabi-as
TRACE::2025-03-29.02:26:47::SCWBDomain::" "ARCHIVER=arm-none-eabi-ar" "COMPILER_FLAGS=  -O2 -c" "EXTRA_COMPILER_FLAGS=-mcpu=cortex-a9 -mfpu=vfpv3 -mfloat-abi=hard -nos
TRACE::2025-03-29.02:26:47::SCWBDomain::tartfiles -g -Wall -Wextra -fno-tree-loop-distribute-patterns"

TRACE::2025-03-29.02:26:47::SCWBDomain::"Running Make include in ps7_cortexa9_0/libsrc/usbps_v2_9/src"

TRACE::2025-03-29.02:26:47::SCWBDomain::make -C ps7_cortexa9_0/libsrc/usbps_v2_9/src -s include  "SHELL=CMD" "COMPILER=arm-none-eabi-gcc" "ASSEMBLER=arm-none-eabi-as" 
TRACE::2025-03-29.02:26:47::SCWBDomain::"ARCHIVER=arm-none-eabi-ar" "COMPILER_FLAGS=  -O2 -c" "EXTRA_COMPILER_FLAGS=-mcpu=cortex-a9 -mfpu=vfpv3 -mfloat-abi=hard -nosta
TRACE::2025-03-29.02:26:47::SCWBDomain::rtfiles -g -Wall -Wextra -fno-tree-loop-distribute-patterns"

TRACE::2025-03-29.02:26:47::SCWBDomain::"Running Make include in ps7_cortexa9_0/libsrc/xadcps_v2_7/src"

TRACE::2025-03-29.02:26:47::SCWBDomain::make -C ps7_cortexa9_0/libsrc/xadcps_v2_7/src -s include  "SHELL=CMD" "COMPILER=arm-none-eabi-gcc" "ASSEMBLER=arm-none-eabi-as"
TRACE::2025-03-29.02:26:47::SCWBDomain:: "ARCHIVER=arm-none-eabi-ar" "COMPILER_FLAGS=  -O2 -c" "EXTRA_COMPILER_FLAGS=-mcpu=cortex-a9 -mfpu=vfpv3 -mfloat-abi=hard -nost
TRACE::2025-03-29.02:26:47::SCWBDomain::artfiles -g -Wall -Wextra -fno-tree-loop-distribute-patterns"

TRACE::2025-03-29.02:26:48::SCWBDomain::"Running Make include in ps7_cortexa9_0/libsrc/xilffs_v5_2/src"

TRACE::2025-03-29.02:26:48::SCWBDomain::make -C ps7_cortexa9_0/libsrc/xilffs_v5_2/src -s include  "SHELL=CMD" "COMPILER=arm-none-eabi-gcc" "ASSEMBLER=arm-none-eabi-as"
TRACE::2025-03-29.02:26:48::SCWBDomain:: "ARCHIVER=arm-none-eabi-ar" "COMPILER_FLAGS=  -O2 -c" "EXTRA_COMPILER_FLAGS=-mcpu=cortex-a9 -mfpu=vfpv3 -mfloat-abi=hard -nost
TRACE::2025-03-29.02:26:48::SCWBDomain::artfiles -g -Wall -Wextra -fno-tree-loop-distribute-patterns"

TRACE::2025-03-29.02:26:48::SCWBDomain::"Running Make include in ps7_cortexa9_0/libsrc/xilrsa_v1_8/src"

TRACE::2025-03-29.02:26:48::SCWBDomain::make -C ps7_cortexa9_0/libsrc/xilrsa_v1_8/src -s include  "SHELL=CMD" "COMPILER=arm-none-eabi-gcc" "ASSEMBLER=arm-none-eabi-as"
TRACE::2025-03-29.02:26:48::SCWBDomain:: "ARCHIVER=arm-none-eabi-ar" "COMPILER_FLAGS=  -O2 -c" "EXTRA_COMPILER_FLAGS=-mcpu=cortex-a9 -mfpu=vfpv3 -mfloat-abi=hard -nost
TRACE::2025-03-29.02:26:48::SCWBDomain::artfiles -g -Wall -Wextra -fno-tree-loop-distribute-patterns"

TRACE::2025-03-29.02:26:48::SCWBDomain::"Running Make libs in ps7_cortexa9_0/libsrc/SpeedSensor_v1_0/src"

TRACE::2025-03-29.02:26:48::SCWBDomain::make -C ps7_cortexa9_0/libsrc/SpeedSensor_v1_0/src -s libs  "SHELL=CMD" "COMPILER=arm-none-eabi-gcc" "ASSEMBLER=arm-none-eabi-a
TRACE::2025-03-29.02:26:48::SCWBDomain::s" "ARCHIVER=arm-none-eabi-ar" "COMPILER_FLAGS=  -O2 -c" "EXTRA_COMPILER_FLAGS=-mcpu=cortex-a9 -mfpu=vfpv3 -mfloat-abi=hard -no
TRACE::2025-03-29.02:26:48::SCWBDomain::startfiles -g -Wall -Wextra -fno-tree-loop-distribute-patterns"

TRACE::2025-03-29.02:26:48::SCWBDomain::"Compiling SpeedSensor..."

TRACE::2025-03-29.02:26:48::SCWBDomain::make: Leaving directory 'C:/devWorks/SS_MC_SOC/Vitis/Speed_sensor_Motor_control/zynq_fsbl/zynq_fsbl_bsp'

TRACE::2025-03-29.02:26:48::SCWBDomain::make -C zynq_fsbl_bsp

TRACE::2025-03-29.02:26:48::SCWBDomain::make[1]: Entering directory 'C:/devWorks/SS_MC_SOC/Vitis/Speed_sensor_Motor_control/zynq_fsbl/zynq_fsbl_bsp'

TRACE::2025-03-29.02:26:48::SCWBDomain::make --no-print-directory seq_libs

TRACE::2025-03-29.02:26:48::SCWBDomain::"Running Make include in ps7_cortexa9_0/libsrc/coresightps_dcc_v1_10/src"

TRACE::2025-03-29.02:26:48::SCWBDomain::make -C ps7_cortexa9_0/libsrc/coresightps_dcc_v1_10/src -s include  "SHELL=CMD" "COMPILER=arm-none-eabi-gcc" "ASSEMBLER=arm-non
TRACE::2025-03-29.02:26:48::SCWBDomain::e-eabi-as" "ARCHIVER=arm-none-eabi-ar" "COMPILER_FLAGS=  -O2 -c" "EXTRA_COMPILER_FLAGS=-mcpu=cortex-a9 -mfpu=vfpv3 -mfloat-abi=
TRACE::2025-03-29.02:26:48::SCWBDomain::hard -nostartfiles -g -Wall -Wextra -fno-tree-loop-distribute-patterns"

TRACE::2025-03-29.02:26:48::SCWBDomain::"Running Make include in ps7_cortexa9_0/libsrc/cpu_cortexa9_v2_12/src"

TRACE::2025-03-29.02:26:48::SCWBDomain::make -C ps7_cortexa9_0/libsrc/cpu_cortexa9_v2_12/src -s include  "SHELL=CMD" "COMPILER=arm-none-eabi-gcc" "ASSEMBLER=arm-none-e
TRACE::2025-03-29.02:26:48::SCWBDomain::abi-as" "ARCHIVER=arm-none-eabi-ar" "COMPILER_FLAGS=  -O2 -c" "EXTRA_COMPILER_FLAGS=-mcpu=cortex-a9 -mfpu=vfpv3 -mfloat-abi=har
TRACE::2025-03-29.02:26:48::SCWBDomain::d -nostartfiles -g -Wall -Wextra -fno-tree-loop-distribute-patterns"

TRACE::2025-03-29.02:26:49::SCWBDomain::"Running Make include in ps7_cortexa9_0/libsrc/ddrps_v1_2/src"

TRACE::2025-03-29.02:26:49::SCWBDomain::make -C ps7_cortexa9_0/libsrc/ddrps_v1_2/src -s include  "SHELL=CMD" "COMPILER=arm-none-eabi-gcc" "ASSEMBLER=arm-none-eabi-as" 
TRACE::2025-03-29.02:26:49::SCWBDomain::"ARCHIVER=arm-none-eabi-ar" "COMPILER_FLAGS=  -O2 -c" "EXTRA_COMPILER_FLAGS=-mcpu=cortex-a9 -mfpu=vfpv3 -mfloat-abi=hard -nosta
TRACE::2025-03-29.02:26:49::SCWBDomain::rtfiles -g -Wall -Wextra -fno-tree-loop-distribute-patterns"

TRACE::2025-03-29.02:26:49::SCWBDomain::"Running Make include in ps7_cortexa9_0/libsrc/devcfg_v3_8/src"

TRACE::2025-03-29.02:26:49::SCWBDomain::make -C ps7_cortexa9_0/libsrc/devcfg_v3_8/src -s include  "SHELL=CMD" "COMPILER=arm-none-eabi-gcc" "ASSEMBLER=arm-none-eabi-as"
TRACE::2025-03-29.02:26:49::SCWBDomain:: "ARCHIVER=arm-none-eabi-ar" "COMPILER_FLAGS=  -O2 -c" "EXTRA_COMPILER_FLAGS=-mcpu=cortex-a9 -mfpu=vfpv3 -mfloat-abi=hard -nost
TRACE::2025-03-29.02:26:49::SCWBDomain::artfiles -g -Wall -Wextra -fno-tree-loop-distribute-patterns"

TRACE::2025-03-29.02:26:49::SCWBDomain::"Running Make include in ps7_cortexa9_0/libsrc/dmaps_v2_10/src"

TRACE::2025-03-29.02:26:49::SCWBDomain::make -C ps7_cortexa9_0/libsrc/dmaps_v2_10/src -s include  "SHELL=CMD" "COMPILER=arm-none-eabi-gcc" "ASSEMBLER=arm-none-eabi-as"
TRACE::2025-03-29.02:26:49::SCWBDomain:: "ARCHIVER=arm-none-eabi-ar" "COMPILER_FLAGS=  -O2 -c" "EXTRA_COMPILER_FLAGS=-mcpu=cortex-a9 -mfpu=vfpv3 -mfloat-abi=hard -nost
TRACE::2025-03-29.02:26:49::SCWBDomain::artfiles -g -Wall -Wextra -fno-tree-loop-distribute-patterns"

TRACE::2025-03-29.02:26:49::SCWBDomain::"Running Make include in ps7_cortexa9_0/libsrc/emacps_v3_20/src"

TRACE::2025-03-29.02:26:49::SCWBDomain::make -C ps7_cortexa9_0/libsrc/emacps_v3_20/src -s include  "SHELL=CMD" "COMPILER=arm-none-eabi-gcc" "ASSEMBLER=arm-none-eabi-as
TRACE::2025-03-29.02:26:49::SCWBDomain::" "ARCHIVER=arm-none-eabi-ar" "COMPILER_FLAGS=  -O2 -c" "EXTRA_COMPILER_FLAGS=-mcpu=cortex-a9 -mfpu=vfpv3 -mfloat-abi=hard -nos
TRACE::2025-03-29.02:26:49::SCWBDomain::tartfiles -g -Wall -Wextra -fno-tree-loop-distribute-patterns"

TRACE::2025-03-29.02:26:49::SCWBDomain::"Running Make include in ps7_cortexa9_0/libsrc/gpiops_v3_13/src"

TRACE::2025-03-29.02:26:49::SCWBDomain::make -C ps7_cortexa9_0/libsrc/gpiops_v3_13/src -s include  "SHELL=CMD" "COMPILER=arm-none-eabi-gcc" "ASSEMBLER=arm-none-eabi-as
TRACE::2025-03-29.02:26:49::SCWBDomain::" "ARCHIVER=arm-none-eabi-ar" "COMPILER_FLAGS=  -O2 -c" "EXTRA_COMPILER_FLAGS=-mcpu=cortex-a9 -mfpu=vfpv3 -mfloat-abi=hard -nos
TRACE::2025-03-29.02:26:49::SCWBDomain::tartfiles -g -Wall -Wextra -fno-tree-loop-distribute-patterns"

TRACE::2025-03-29.02:26:49::SCWBDomain::"Running Make include in ps7_cortexa9_0/libsrc/qspips_v3_12/src"

TRACE::2025-03-29.02:26:49::SCWBDomain::make -C ps7_cortexa9_0/libsrc/qspips_v3_12/src -s include  "SHELL=CMD" "COMPILER=arm-none-eabi-gcc" "ASSEMBLER=arm-none-eabi-as
TRACE::2025-03-29.02:26:49::SCWBDomain::" "ARCHIVER=arm-none-eabi-ar" "COMPILER_FLAGS=  -O2 -c" "EXTRA_COMPILER_FLAGS=-mcpu=cortex-a9 -mfpu=vfpv3 -mfloat-abi=hard -nos
TRACE::2025-03-29.02:26:49::SCWBDomain::tartfiles -g -Wall -Wextra -fno-tree-loop-distribute-patterns"

TRACE::2025-03-29.02:26:49::SCWBDomain::"Running Make include in ps7_cortexa9_0/libsrc/scugic_v5_3/src"

TRACE::2025-03-29.02:26:49::SCWBDomain::make -C ps7_cortexa9_0/libsrc/scugic_v5_3/src -s include  "SHELL=CMD" "COMPILER=arm-none-eabi-gcc" "ASSEMBLER=arm-none-eabi-as"
TRACE::2025-03-29.02:26:49::SCWBDomain:: "ARCHIVER=arm-none-eabi-ar" "COMPILER_FLAGS=  -O2 -c" "EXTRA_COMPILER_FLAGS=-mcpu=cortex-a9 -mfpu=vfpv3 -mfloat-abi=hard -nost
TRACE::2025-03-29.02:26:49::SCWBDomain::artfiles -g -Wall -Wextra -fno-tree-loop-distribute-patterns"

TRACE::2025-03-29.02:26:49::SCWBDomain::"Running Make include in ps7_cortexa9_0/libsrc/scutimer_v2_6/src"

TRACE::2025-03-29.02:26:49::SCWBDomain::make -C ps7_cortexa9_0/libsrc/scutimer_v2_6/src -s include  "SHELL=CMD" "COMPILER=arm-none-eabi-gcc" "ASSEMBLER=arm-none-eabi-a
TRACE::2025-03-29.02:26:49::SCWBDomain::s" "ARCHIVER=arm-none-eabi-ar" "COMPILER_FLAGS=  -O2 -c" "EXTRA_COMPILER_FLAGS=-mcpu=cortex-a9 -mfpu=vfpv3 -mfloat-abi=hard -no
TRACE::2025-03-29.02:26:49::SCWBDomain::startfiles -g -Wall -Wextra -fno-tree-loop-distribute-patterns"

TRACE::2025-03-29.02:26:49::SCWBDomain::"Running Make include in ps7_cortexa9_0/libsrc/scuwdt_v2_5/src"

TRACE::2025-03-29.02:26:49::SCWBDomain::make -C ps7_cortexa9_0/libsrc/scuwdt_v2_5/src -s include  "SHELL=CMD" "COMPILER=arm-none-eabi-gcc" "ASSEMBLER=arm-none-eabi-as"
TRACE::2025-03-29.02:26:49::SCWBDomain:: "ARCHIVER=arm-none-eabi-ar" "COMPILER_FLAGS=  -O2 -c" "EXTRA_COMPILER_FLAGS=-mcpu=cortex-a9 -mfpu=vfpv3 -mfloat-abi=hard -nost
TRACE::2025-03-29.02:26:49::SCWBDomain::artfiles -g -Wall -Wextra -fno-tree-loop-distribute-patterns"

TRACE::2025-03-29.02:26:49::SCWBDomain::"Running Make include in ps7_cortexa9_0/libsrc/sdps_v4_3/src"

TRACE::2025-03-29.02:26:49::SCWBDomain::make -C ps7_cortexa9_0/libsrc/sdps_v4_3/src -s include  "SHELL=CMD" "COMPILER=arm-none-eabi-gcc" "ASSEMBLER=arm-none-eabi-as" "
TRACE::2025-03-29.02:26:49::SCWBDomain::ARCHIVER=arm-none-eabi-ar" "COMPILER_FLAGS=  -O2 -c" "EXTRA_COMPILER_FLAGS=-mcpu=cortex-a9 -mfpu=vfpv3 -mfloat-abi=hard -nostar
TRACE::2025-03-29.02:26:49::SCWBDomain::tfiles -g -Wall -Wextra -fno-tree-loop-distribute-patterns"

TRACE::2025-03-29.02:26:50::SCWBDomain::"Running Make include in ps7_cortexa9_0/libsrc/SpeedSensor_v1_0/src"

TRACE::2025-03-29.02:26:50::SCWBDomain::make -C ps7_cortexa9_0/libsrc/SpeedSensor_v1_0/src -s include  "SHELL=CMD" "COMPILER=arm-none-eabi-gcc" "ASSEMBLER=arm-none-eab
TRACE::2025-03-29.02:26:50::SCWBDomain::i-as" "ARCHIVER=arm-none-eabi-ar" "COMPILER_FLAGS=  -O2 -c" "EXTRA_COMPILER_FLAGS=-mcpu=cortex-a9 -mfpu=vfpv3 -mfloat-abi=hard 
TRACE::2025-03-29.02:26:50::SCWBDomain::-nostartfiles -g -Wall -Wextra -fno-tree-loop-distribute-patterns"

TRACE::2025-03-29.02:26:50::SCWBDomain::"Running Make include in ps7_cortexa9_0/libsrc/standalone_v9_1/src"

TRACE::2025-03-29.02:26:50::SCWBDomain::make -C ps7_cortexa9_0/libsrc/standalone_v9_1/src -s include  "SHELL=CMD" "COMPILER=arm-none-eabi-gcc" "ASSEMBLER=arm-none-eabi
TRACE::2025-03-29.02:26:50::SCWBDomain::-as" "ARCHIVER=arm-none-eabi-ar" "COMPILER_FLAGS=  -O2 -c" "EXTRA_COMPILER_FLAGS=-mcpu=cortex-a9 -mfpu=vfpv3 -mfloat-abi=hard -
TRACE::2025-03-29.02:26:50::SCWBDomain::nostartfiles -g -Wall -Wextra -fno-tree-loop-distribute-patterns"

TRACE::2025-03-29.02:26:50::SCWBDomain::"Running Make include in ps7_cortexa9_0/libsrc/tmrctr_v4_12/src"

TRACE::2025-03-29.02:26:50::SCWBDomain::make -C ps7_cortexa9_0/libsrc/tmrctr_v4_12/src -s include  "SHELL=CMD" "COMPILER=arm-none-eabi-gcc" "ASSEMBLER=arm-none-eabi-as
TRACE::2025-03-29.02:26:50::SCWBDomain::" "ARCHIVER=arm-none-eabi-ar" "COMPILER_FLAGS=  -O2 -c" "EXTRA_COMPILER_FLAGS=-mcpu=cortex-a9 -mfpu=vfpv3 -mfloat-abi=hard -nos
TRACE::2025-03-29.02:26:50::SCWBDomain::tartfiles -g -Wall -Wextra -fno-tree-loop-distribute-patterns"

TRACE::2025-03-29.02:26:50::SCWBDomain::"Running Make include in ps7_cortexa9_0/libsrc/uartps_v3_14/src"

TRACE::2025-03-29.02:26:50::SCWBDomain::make -C ps7_cortexa9_0/libsrc/uartps_v3_14/src -s include  "SHELL=CMD" "COMPILER=arm-none-eabi-gcc" "ASSEMBLER=arm-none-eabi-as
TRACE::2025-03-29.02:26:50::SCWBDomain::" "ARCHIVER=arm-none-eabi-ar" "COMPILER_FLAGS=  -O2 -c" "EXTRA_COMPILER_FLAGS=-mcpu=cortex-a9 -mfpu=vfpv3 -mfloat-abi=hard -nos
TRACE::2025-03-29.02:26:50::SCWBDomain::tartfiles -g -Wall -Wextra -fno-tree-loop-distribute-patterns"

TRACE::2025-03-29.02:26:50::SCWBDomain::"Running Make include in ps7_cortexa9_0/libsrc/usbps_v2_9/src"

TRACE::2025-03-29.02:26:50::SCWBDomain::make -C ps7_cortexa9_0/libsrc/usbps_v2_9/src -s include  "SHELL=CMD" "COMPILER=arm-none-eabi-gcc" "ASSEMBLER=arm-none-eabi-as" 
TRACE::2025-03-29.02:26:50::SCWBDomain::"ARCHIVER=arm-none-eabi-ar" "COMPILER_FLAGS=  -O2 -c" "EXTRA_COMPILER_FLAGS=-mcpu=cortex-a9 -mfpu=vfpv3 -mfloat-abi=hard -nosta
TRACE::2025-03-29.02:26:50::SCWBDomain::rtfiles -g -Wall -Wextra -fno-tree-loop-distribute-patterns"

TRACE::2025-03-29.02:26:50::SCWBDomain::"Running Make include in ps7_cortexa9_0/libsrc/xadcps_v2_7/src"

TRACE::2025-03-29.02:26:50::SCWBDomain::make -C ps7_cortexa9_0/libsrc/xadcps_v2_7/src -s include  "SHELL=CMD" "COMPILER=arm-none-eabi-gcc" "ASSEMBLER=arm-none-eabi-as"
TRACE::2025-03-29.02:26:50::SCWBDomain:: "ARCHIVER=arm-none-eabi-ar" "COMPILER_FLAGS=  -O2 -c" "EXTRA_COMPILER_FLAGS=-mcpu=cortex-a9 -mfpu=vfpv3 -mfloat-abi=hard -nost
TRACE::2025-03-29.02:26:50::SCWBDomain::artfiles -g -Wall -Wextra -fno-tree-loop-distribute-patterns"

TRACE::2025-03-29.02:26:50::SCWBDomain::"Running Make include in ps7_cortexa9_0/libsrc/xilffs_v5_2/src"

TRACE::2025-03-29.02:26:50::SCWBDomain::make -C ps7_cortexa9_0/libsrc/xilffs_v5_2/src -s include  "SHELL=CMD" "COMPILER=arm-none-eabi-gcc" "ASSEMBLER=arm-none-eabi-as"
TRACE::2025-03-29.02:26:50::SCWBDomain:: "ARCHIVER=arm-none-eabi-ar" "COMPILER_FLAGS=  -O2 -c" "EXTRA_COMPILER_FLAGS=-mcpu=cortex-a9 -mfpu=vfpv3 -mfloat-abi=hard -nost
TRACE::2025-03-29.02:26:50::SCWBDomain::artfiles -g -Wall -Wextra -fno-tree-loop-distribute-patterns"

TRACE::2025-03-29.02:26:50::SCWBDomain::"Running Make include in ps7_cortexa9_0/libsrc/xilrsa_v1_8/src"

TRACE::2025-03-29.02:26:50::SCWBDomain::make -C ps7_cortexa9_0/libsrc/xilrsa_v1_8/src -s include  "SHELL=CMD" "COMPILER=arm-none-eabi-gcc" "ASSEMBLER=arm-none-eabi-as"
TRACE::2025-03-29.02:26:50::SCWBDomain:: "ARCHIVER=arm-none-eabi-ar" "COMPILER_FLAGS=  -O2 -c" "EXTRA_COMPILER_FLAGS=-mcpu=cortex-a9 -mfpu=vfpv3 -mfloat-abi=hard -nost
TRACE::2025-03-29.02:26:50::SCWBDomain::artfiles -g -Wall -Wextra -fno-tree-loop-distribute-patterns"

TRACE::2025-03-29.02:26:51::SCWBDomain::"Running Make libs in ps7_cortexa9_0/libsrc/SpeedSensor_v1_0/src"

TRACE::2025-03-29.02:26:51::SCWBDomain::make -C ps7_cortexa9_0/libsrc/SpeedSensor_v1_0/src -s libs  "SHELL=CMD" "COMPILER=arm-none-eabi-gcc" "ASSEMBLER=arm-none-eabi-a
TRACE::2025-03-29.02:26:51::SCWBDomain::s" "ARCHIVER=arm-none-eabi-ar" "COMPILER_FLAGS=  -O2 -c" "EXTRA_COMPILER_FLAGS=-mcpu=cortex-a9 -mfpu=vfpv3 -mfloat-abi=hard -no
TRACE::2025-03-29.02:26:51::SCWBDomain::startfiles -g -Wall -Wextra -fno-tree-loop-distribute-patterns"

TRACE::2025-03-29.02:26:51::SCWBDomain::"Compiling SpeedSensor..."

TRACE::2025-03-29.02:26:51::SCWBDomain::make[1]: Leaving directory 'C:/devWorks/SS_MC_SOC/Vitis/Speed_sensor_Motor_control/zynq_fsbl/zynq_fsbl_bsp'

ERROR::2025-03-29.02:26:51::SCWBDomain::Failed to build the  zynq_fsbl application.
LOG::2025-03-29.02:26:51::SCWSystem::Checking the domain standalone_ps7_cortexa9_0
LOG::2025-03-29.02:26:51::SCWSystem::Not a boot domain 
LOG::2025-03-29.02:26:51::SCWSystem::Started Processing the domain standalone_ps7_cortexa9_0
TRACE::2025-03-29.02:26:51::SCWDomain::Generating domain artifcats
TRACE::2025-03-29.02:26:51::SCWMssOS::Generating standalone artifcats
TRACE::2025-03-29.02:26:51::SCWMssOS::Copying the qemu file from  C:/devWorks/SS_MC_SOC/Vitis/Speed_sensor_Motor_control/resources/Speed_sensor_Motor_control/standalone_ps7_cortexa9_0/qemu_args.txt To C:/devWorks/SS_MC_SOC/Vitis/Speed_sensor_Motor_control/export/Speed_sensor_Motor_control/sw/Speed_sensor_Motor_control/qemu/
TRACE::2025-03-29.02:26:51::SCWMssOS::Copying the qemu file from  C:/devWorks/SS_MC_SOC/Vitis/Speed_sensor_Motor_control/resources/Speed_sensor_Motor_control/standalone_ps7_cortexa9_0/qemu_args.txt To C:/devWorks/SS_MC_SOC/Vitis/Speed_sensor_Motor_control/export/Speed_sensor_Motor_control/sw/Speed_sensor_Motor_control/standalone_ps7_cortexa9_0/qemu/
TRACE::2025-03-29.02:26:51::SCWMssOS:: Copying the user libraries. 
TRACE::2025-03-29.02:26:51::SCWPlatform::Trying to open the hw design at C:/devWorks/SS_MC_SOC/Vitis/Speed_sensor_Motor_control/hw/Speed_sensor_Motor_control.xsa
TRACE::2025-03-29.02:26:51::SCWPlatform::DSA given C:/devWorks/SS_MC_SOC/Vitis/Speed_sensor_Motor_control/hw/Speed_sensor_Motor_control.xsa
TRACE::2025-03-29.02:26:51::SCWPlatform::DSA absoulate path C:/devWorks/SS_MC_SOC/Vitis/Speed_sensor_Motor_control/hw/Speed_sensor_Motor_control.xsa
TRACE::2025-03-29.02:26:51::SCWPlatform::DSA directory C:/devWorks/SS_MC_SOC/Vitis/Speed_sensor_Motor_control/hw
TRACE::2025-03-29.02:26:51::SCWPlatform:: Platform Path C:/devWorks/SS_MC_SOC/Vitis/Speed_sensor_Motor_control/hw/Speed_sensor_Motor_control.xsa
TRACE::2025-03-29.02:26:51::SCWPlatform:: Unique name xilinx:pynq-z2::0.0
TRACE::2025-03-29.02:26:51::SCWPlatform::Trying to set the existing hwdb with name design_1_wrapper_0
TRACE::2025-03-29.02:26:51::SCWPlatform::Opened existing hwdb design_1_wrapper_0
TRACE::2025-03-29.02:26:51::SCWPlatform::Found the Hw Db part of the input DSA
TRACE::2025-03-29.02:26:51::SCWMssOS::Checking the sw design at  C:/devWorks/SS_MC_SOC/Vitis/Speed_sensor_Motor_control/ps7_cortexa9_0/standalone_ps7_cortexa9_0/bsp/system.mss
TRACE::2025-03-29.02:26:51::SCWMssOS::DEBUG:  swdes dump  C:/devWorks/SS_MC_SOC/Vitis/Speed_sensor_Motor_control/ps7_cortexa9_0/standalone_ps7_cortexa9_0/bsp/system.mss|system_0||
C:/devWorks/SS_MC_SOC/Vitis/Speed_sensor_Motor_control/zynq_fsbl/zynq_fsbl_bsp/system.mss|system||

TRACE::2025-03-29.02:26:51::SCWMssOS::Sw design exists and opened at  C:/devWorks/SS_MC_SOC/Vitis/Speed_sensor_Motor_control/ps7_cortexa9_0/standalone_ps7_cortexa9_0/bsp/system.mss
TRACE::2025-03-29.02:26:51::SCWMssOS::Completed writing the mss file at C:/devWorks/SS_MC_SOC/Vitis/Speed_sensor_Motor_control/ps7_cortexa9_0/standalone_ps7_cortexa9_0/bsp
TRACE::2025-03-29.02:26:51::SCWMssOS::Mss edits present, copying mssfile into export location C:/devWorks/SS_MC_SOC/Vitis/Speed_sensor_Motor_control/ps7_cortexa9_0/standalone_ps7_cortexa9_0/bsp/system.mss
TRACE::2025-03-29.02:26:51::SCWMssOS::bsp generated is upto date with the mss file. Skipping bsp generation.
TRACE::2025-03-29.02:26:51::SCWMssOS::BSP is already built. skipping the bsp build ... 
TRACE::2025-03-29.02:26:51::SCWDomain::Building the domain as part of full build :  standalone_ps7_cortexa9_0
TRACE::2025-03-29.02:26:51::SCWMssOS::doing bsp build ... 
TRACE::2025-03-29.02:26:51::SCWMssOS::System Command Ran  C: & cd  C:/devWorks/SS_MC_SOC/Vitis/Speed_sensor_Motor_control/ps7_cortexa9_0/standalone_ps7_cortexa9_0/bsp & make 
TRACE::2025-03-29.02:26:51::SCWMssOS::make --no-print-directory seq_libs

TRACE::2025-03-29.02:26:51::SCWMssOS::"Running Make include in ps7_cortexa9_0/libsrc/coresightps_dcc_v1_10/src"

TRACE::2025-03-29.02:26:51::SCWMssOS::make -C ps7_cortexa9_0/libsrc/coresightps_dcc_v1_10/src -s include  "SHELL=CMD" "COMPILER=arm-none-eabi-gcc" "ASSEMBLER=arm-non
TRACE::2025-03-29.02:26:51::SCWMssOS::e-eabi-as" "ARCHIVER=arm-none-eabi-ar" "COMPILER_FLAGS=  -O2 -c" "EXTRA_COMPILER_FLAGS=-mcpu=cortex-a9 -mfpu=vfpv3 -mfloat-abi=
TRACE::2025-03-29.02:26:51::SCWMssOS::hard -nostartfiles -g -Wall -Wextra -fno-tree-loop-distribute-patterns"

TRACE::2025-03-29.02:26:51::SCWMssOS::"Running Make include in ps7_cortexa9_0/libsrc/cpu_cortexa9_v2_12/src"

TRACE::2025-03-29.02:26:51::SCWMssOS::make -C ps7_cortexa9_0/libsrc/cpu_cortexa9_v2_12/src -s include  "SHELL=CMD" "COMPILER=arm-none-eabi-gcc" "ASSEMBLER=arm-none-e
TRACE::2025-03-29.02:26:51::SCWMssOS::abi-as" "ARCHIVER=arm-none-eabi-ar" "COMPILER_FLAGS=  -O2 -c" "EXTRA_COMPILER_FLAGS=-mcpu=cortex-a9 -mfpu=vfpv3 -mfloat-abi=har
TRACE::2025-03-29.02:26:51::SCWMssOS::d -nostartfiles -g -Wall -Wextra -fno-tree-loop-distribute-patterns"

TRACE::2025-03-29.02:26:51::SCWMssOS::"Running Make include in ps7_cortexa9_0/libsrc/ddrps_v1_2/src"

TRACE::2025-03-29.02:26:51::SCWMssOS::make -C ps7_cortexa9_0/libsrc/ddrps_v1_2/src -s include  "SHELL=CMD" "COMPILER=arm-none-eabi-gcc" "ASSEMBLER=arm-none-eabi-as" 
TRACE::2025-03-29.02:26:51::SCWMssOS::"ARCHIVER=arm-none-eabi-ar" "COMPILER_FLAGS=  -O2 -c" "EXTRA_COMPILER_FLAGS=-mcpu=cortex-a9 -mfpu=vfpv3 -mfloat-abi=hard -nosta
TRACE::2025-03-29.02:26:51::SCWMssOS::rtfiles -g -Wall -Wextra -fno-tree-loop-distribute-patterns"

TRACE::2025-03-29.02:26:51::SCWMssOS::"Running Make include in ps7_cortexa9_0/libsrc/devcfg_v3_8/src"

TRACE::2025-03-29.02:26:51::SCWMssOS::make -C ps7_cortexa9_0/libsrc/devcfg_v3_8/src -s include  "SHELL=CMD" "COMPILER=arm-none-eabi-gcc" "ASSEMBLER=arm-none-eabi-as"
TRACE::2025-03-29.02:26:51::SCWMssOS:: "ARCHIVER=arm-none-eabi-ar" "COMPILER_FLAGS=  -O2 -c" "EXTRA_COMPILER_FLAGS=-mcpu=cortex-a9 -mfpu=vfpv3 -mfloat-abi=hard -nost
TRACE::2025-03-29.02:26:51::SCWMssOS::artfiles -g -Wall -Wextra -fno-tree-loop-distribute-patterns"

TRACE::2025-03-29.02:26:51::SCWMssOS::"Running Make include in ps7_cortexa9_0/libsrc/dmaps_v2_10/src"

TRACE::2025-03-29.02:26:51::SCWMssOS::make -C ps7_cortexa9_0/libsrc/dmaps_v2_10/src -s include  "SHELL=CMD" "COMPILER=arm-none-eabi-gcc" "ASSEMBLER=arm-none-eabi-as"
TRACE::2025-03-29.02:26:51::SCWMssOS:: "ARCHIVER=arm-none-eabi-ar" "COMPILER_FLAGS=  -O2 -c" "EXTRA_COMPILER_FLAGS=-mcpu=cortex-a9 -mfpu=vfpv3 -mfloat-abi=hard -nost
TRACE::2025-03-29.02:26:51::SCWMssOS::artfiles -g -Wall -Wextra -fno-tree-loop-distribute-patterns"

TRACE::2025-03-29.02:26:52::SCWMssOS::"Running Make include in ps7_cortexa9_0/libsrc/emacps_v3_20/src"

TRACE::2025-03-29.02:26:52::SCWMssOS::make -C ps7_cortexa9_0/libsrc/emacps_v3_20/src -s include  "SHELL=CMD" "COMPILER=arm-none-eabi-gcc" "ASSEMBLER=arm-none-eabi-as
TRACE::2025-03-29.02:26:52::SCWMssOS::" "ARCHIVER=arm-none-eabi-ar" "COMPILER_FLAGS=  -O2 -c" "EXTRA_COMPILER_FLAGS=-mcpu=cortex-a9 -mfpu=vfpv3 -mfloat-abi=hard -nos
TRACE::2025-03-29.02:26:52::SCWMssOS::tartfiles -g -Wall -Wextra -fno-tree-loop-distribute-patterns"

TRACE::2025-03-29.02:26:52::SCWMssOS::"Running Make include in ps7_cortexa9_0/libsrc/gpiops_v3_13/src"

TRACE::2025-03-29.02:26:52::SCWMssOS::make -C ps7_cortexa9_0/libsrc/gpiops_v3_13/src -s include  "SHELL=CMD" "COMPILER=arm-none-eabi-gcc" "ASSEMBLER=arm-none-eabi-as
TRACE::2025-03-29.02:26:52::SCWMssOS::" "ARCHIVER=arm-none-eabi-ar" "COMPILER_FLAGS=  -O2 -c" "EXTRA_COMPILER_FLAGS=-mcpu=cortex-a9 -mfpu=vfpv3 -mfloat-abi=hard -nos
TRACE::2025-03-29.02:26:52::SCWMssOS::tartfiles -g -Wall -Wextra -fno-tree-loop-distribute-patterns"

TRACE::2025-03-29.02:26:52::SCWMssOS::"Running Make include in ps7_cortexa9_0/libsrc/qspips_v3_12/src"

TRACE::2025-03-29.02:26:52::SCWMssOS::make -C ps7_cortexa9_0/libsrc/qspips_v3_12/src -s include  "SHELL=CMD" "COMPILER=arm-none-eabi-gcc" "ASSEMBLER=arm-none-eabi-as
TRACE::2025-03-29.02:26:52::SCWMssOS::" "ARCHIVER=arm-none-eabi-ar" "COMPILER_FLAGS=  -O2 -c" "EXTRA_COMPILER_FLAGS=-mcpu=cortex-a9 -mfpu=vfpv3 -mfloat-abi=hard -nos
TRACE::2025-03-29.02:26:52::SCWMssOS::tartfiles -g -Wall -Wextra -fno-tree-loop-distribute-patterns"

TRACE::2025-03-29.02:26:52::SCWMssOS::"Running Make include in ps7_cortexa9_0/libsrc/scugic_v5_3/src"

TRACE::2025-03-29.02:26:52::SCWMssOS::make -C ps7_cortexa9_0/libsrc/scugic_v5_3/src -s include  "SHELL=CMD" "COMPILER=arm-none-eabi-gcc" "ASSEMBLER=arm-none-eabi-as"
TRACE::2025-03-29.02:26:52::SCWMssOS:: "ARCHIVER=arm-none-eabi-ar" "COMPILER_FLAGS=  -O2 -c" "EXTRA_COMPILER_FLAGS=-mcpu=cortex-a9 -mfpu=vfpv3 -mfloat-abi=hard -nost
TRACE::2025-03-29.02:26:52::SCWMssOS::artfiles -g -Wall -Wextra -fno-tree-loop-distribute-patterns"

TRACE::2025-03-29.02:26:52::SCWMssOS::"Running Make include in ps7_cortexa9_0/libsrc/scutimer_v2_6/src"

TRACE::2025-03-29.02:26:52::SCWMssOS::make -C ps7_cortexa9_0/libsrc/scutimer_v2_6/src -s include  "SHELL=CMD" "COMPILER=arm-none-eabi-gcc" "ASSEMBLER=arm-none-eabi-a
TRACE::2025-03-29.02:26:52::SCWMssOS::s" "ARCHIVER=arm-none-eabi-ar" "COMPILER_FLAGS=  -O2 -c" "EXTRA_COMPILER_FLAGS=-mcpu=cortex-a9 -mfpu=vfpv3 -mfloat-abi=hard -no
TRACE::2025-03-29.02:26:52::SCWMssOS::startfiles -g -Wall -Wextra -fno-tree-loop-distribute-patterns"

TRACE::2025-03-29.02:26:53::SCWMssOS::"Running Make include in ps7_cortexa9_0/libsrc/scuwdt_v2_5/src"

TRACE::2025-03-29.02:26:53::SCWMssOS::make -C ps7_cortexa9_0/libsrc/scuwdt_v2_5/src -s include  "SHELL=CMD" "COMPILER=arm-none-eabi-gcc" "ASSEMBLER=arm-none-eabi-as"
TRACE::2025-03-29.02:26:53::SCWMssOS:: "ARCHIVER=arm-none-eabi-ar" "COMPILER_FLAGS=  -O2 -c" "EXTRA_COMPILER_FLAGS=-mcpu=cortex-a9 -mfpu=vfpv3 -mfloat-abi=hard -nost
TRACE::2025-03-29.02:26:53::SCWMssOS::artfiles -g -Wall -Wextra -fno-tree-loop-distribute-patterns"

TRACE::2025-03-29.02:26:53::SCWMssOS::"Running Make include in ps7_cortexa9_0/libsrc/sdps_v4_3/src"

TRACE::2025-03-29.02:26:53::SCWMssOS::make -C ps7_cortexa9_0/libsrc/sdps_v4_3/src -s include  "SHELL=CMD" "COMPILER=arm-none-eabi-gcc" "ASSEMBLER=arm-none-eabi-as" "
TRACE::2025-03-29.02:26:53::SCWMssOS::ARCHIVER=arm-none-eabi-ar" "COMPILER_FLAGS=  -O2 -c" "EXTRA_COMPILER_FLAGS=-mcpu=cortex-a9 -mfpu=vfpv3 -mfloat-abi=hard -nostar
TRACE::2025-03-29.02:26:53::SCWMssOS::tfiles -g -Wall -Wextra -fno-tree-loop-distribute-patterns"

TRACE::2025-03-29.02:26:53::SCWMssOS::"Running Make include in ps7_cortexa9_0/libsrc/SpeedSensor_v1_0/src"

TRACE::2025-03-29.02:26:53::SCWMssOS::make -C ps7_cortexa9_0/libsrc/SpeedSensor_v1_0/src -s include  "SHELL=CMD" "COMPILER=arm-none-eabi-gcc" "ASSEMBLER=arm-none-eab
TRACE::2025-03-29.02:26:53::SCWMssOS::i-as" "ARCHIVER=arm-none-eabi-ar" "COMPILER_FLAGS=  -O2 -c" "EXTRA_COMPILER_FLAGS=-mcpu=cortex-a9 -mfpu=vfpv3 -mfloat-abi=hard 
TRACE::2025-03-29.02:26:53::SCWMssOS::-nostartfiles -g -Wall -Wextra -fno-tree-loop-distribute-patterns"

TRACE::2025-03-29.02:26:53::SCWMssOS::"Running Make include in ps7_cortexa9_0/libsrc/standalone_v9_1/src"

TRACE::2025-03-29.02:26:53::SCWMssOS::make -C ps7_cortexa9_0/libsrc/standalone_v9_1/src -s include  "SHELL=CMD" "COMPILER=arm-none-eabi-gcc" "ASSEMBLER=arm-none-eabi
TRACE::2025-03-29.02:26:53::SCWMssOS::-as" "ARCHIVER=arm-none-eabi-ar" "COMPILER_FLAGS=  -O2 -c" "EXTRA_COMPILER_FLAGS=-mcpu=cortex-a9 -mfpu=vfpv3 -mfloat-abi=hard -
TRACE::2025-03-29.02:26:53::SCWMssOS::nostartfiles -g -Wall -Wextra -fno-tree-loop-distribute-patterns"

TRACE::2025-03-29.02:26:55::SCWMssOS::"Running Make include in ps7_cortexa9_0/libsrc/tmrctr_v4_12/src"

TRACE::2025-03-29.02:26:55::SCWMssOS::make -C ps7_cortexa9_0/libsrc/tmrctr_v4_12/src -s include  "SHELL=CMD" "COMPILER=arm-none-eabi-gcc" "ASSEMBLER=arm-none-eabi-as
TRACE::2025-03-29.02:26:55::SCWMssOS::" "ARCHIVER=arm-none-eabi-ar" "COMPILER_FLAGS=  -O2 -c" "EXTRA_COMPILER_FLAGS=-mcpu=cortex-a9 -mfpu=vfpv3 -mfloat-abi=hard -nos
TRACE::2025-03-29.02:26:55::SCWMssOS::tartfiles -g -Wall -Wextra -fno-tree-loop-distribute-patterns"

TRACE::2025-03-29.02:26:55::SCWMssOS::"Running Make include in ps7_cortexa9_0/libsrc/uartps_v3_14/src"

TRACE::2025-03-29.02:26:55::SCWMssOS::make -C ps7_cortexa9_0/libsrc/uartps_v3_14/src -s include  "SHELL=CMD" "COMPILER=arm-none-eabi-gcc" "ASSEMBLER=arm-none-eabi-as
TRACE::2025-03-29.02:26:55::SCWMssOS::" "ARCHIVER=arm-none-eabi-ar" "COMPILER_FLAGS=  -O2 -c" "EXTRA_COMPILER_FLAGS=-mcpu=cortex-a9 -mfpu=vfpv3 -mfloat-abi=hard -nos
TRACE::2025-03-29.02:26:55::SCWMssOS::tartfiles -g -Wall -Wextra -fno-tree-loop-distribute-patterns"

TRACE::2025-03-29.02:26:55::SCWMssOS::"Running Make include in ps7_cortexa9_0/libsrc/usbps_v2_9/src"

TRACE::2025-03-29.02:26:55::SCWMssOS::make -C ps7_cortexa9_0/libsrc/usbps_v2_9/src -s include  "SHELL=CMD" "COMPILER=arm-none-eabi-gcc" "ASSEMBLER=arm-none-eabi-as" 
TRACE::2025-03-29.02:26:55::SCWMssOS::"ARCHIVER=arm-none-eabi-ar" "COMPILER_FLAGS=  -O2 -c" "EXTRA_COMPILER_FLAGS=-mcpu=cortex-a9 -mfpu=vfpv3 -mfloat-abi=hard -nosta
TRACE::2025-03-29.02:26:55::SCWMssOS::rtfiles -g -Wall -Wextra -fno-tree-loop-distribute-patterns"

TRACE::2025-03-29.02:26:55::SCWMssOS::"Running Make include in ps7_cortexa9_0/libsrc/xadcps_v2_7/src"

TRACE::2025-03-29.02:26:55::SCWMssOS::make -C ps7_cortexa9_0/libsrc/xadcps_v2_7/src -s include  "SHELL=CMD" "COMPILER=arm-none-eabi-gcc" "ASSEMBLER=arm-none-eabi-as"
TRACE::2025-03-29.02:26:55::SCWMssOS:: "ARCHIVER=arm-none-eabi-ar" "COMPILER_FLAGS=  -O2 -c" "EXTRA_COMPILER_FLAGS=-mcpu=cortex-a9 -mfpu=vfpv3 -mfloat-abi=hard -nost
TRACE::2025-03-29.02:26:55::SCWMssOS::artfiles -g -Wall -Wextra -fno-tree-loop-distribute-patterns"

TRACE::2025-03-29.02:26:55::SCWMssOS::"Running Make libs in ps7_cortexa9_0/libsrc/SpeedSensor_v1_0/src"

TRACE::2025-03-29.02:26:55::SCWMssOS::make -C ps7_cortexa9_0/libsrc/SpeedSensor_v1_0/src -s libs  "SHELL=CMD" "COMPILER=arm-none-eabi-gcc" "ASSEMBLER=arm-none-eabi-a
TRACE::2025-03-29.02:26:55::SCWMssOS::s" "ARCHIVER=arm-none-eabi-ar" "COMPILER_FLAGS=  -O2 -c" "EXTRA_COMPILER_FLAGS=-mcpu=cortex-a9 -mfpu=vfpv3 -mfloat-abi=hard -no
TRACE::2025-03-29.02:26:55::SCWMssOS::startfiles -g -Wall -Wextra -fno-tree-loop-distribute-patterns"

TRACE::2025-03-29.02:26:55::SCWMssOS::"Compiling SpeedSensor..."

ERROR::2025-03-29.02:26:55::SCWMssOS::Failed to build  the bsp sources for domain - standalone_ps7_cortexa9_0
ERROR::2025-03-29.02:26:55::SCWSystem::Error in Processing the domain standalone_ps7_cortexa9_0
LOG::2025-03-29.02:27:06::SCWPlatform::Started generating the artifacts platform Speed_sensor_Motor_control
TRACE::2025-03-29.02:27:06::SCWPlatform::Sanity checking of platform is completed
LOG::2025-03-29.02:27:06::SCWPlatform::Started generating the artifacts for system configuration Speed_sensor_Motor_control
LOG::2025-03-29.02:27:06::SCWSystem::Checking the domain zynq_fsbl
LOG::2025-03-29.02:27:06::SCWSystem::Doing application build for :  zynq_fsbl
TRACE::2025-03-29.02:27:06::SCWBDomain::Not a forced makefile updation, No changes are present. 
TRACE::2025-03-29.02:27:06::SCWDomain::Building the domain as part of full build :  zynq_fsbl
TRACE::2025-03-29.02:27:06::SCWPlatform::Trying to open the hw design at C:/devWorks/SS_MC_SOC/Vitis/Speed_sensor_Motor_control/hw/Speed_sensor_Motor_control.xsa
TRACE::2025-03-29.02:27:06::SCWPlatform::DSA given C:/devWorks/SS_MC_SOC/Vitis/Speed_sensor_Motor_control/hw/Speed_sensor_Motor_control.xsa
TRACE::2025-03-29.02:27:06::SCWPlatform::DSA absoulate path C:/devWorks/SS_MC_SOC/Vitis/Speed_sensor_Motor_control/hw/Speed_sensor_Motor_control.xsa
TRACE::2025-03-29.02:27:06::SCWPlatform::DSA directory C:/devWorks/SS_MC_SOC/Vitis/Speed_sensor_Motor_control/hw
TRACE::2025-03-29.02:27:06::SCWPlatform:: Platform Path C:/devWorks/SS_MC_SOC/Vitis/Speed_sensor_Motor_control/hw/Speed_sensor_Motor_control.xsa
TRACE::2025-03-29.02:27:06::SCWPlatform:: Unique name xilinx:pynq-z2::0.0
TRACE::2025-03-29.02:27:06::SCWPlatform::Trying to set the existing hwdb with name design_1_wrapper_0
TRACE::2025-03-29.02:27:06::SCWPlatform::Opened existing hwdb design_1_wrapper_0
TRACE::2025-03-29.02:27:06::SCWPlatform::Found the Hw Db part of the input DSA
TRACE::2025-03-29.02:27:06::SCWMssOS::Checking the sw design at  C:/devWorks/SS_MC_SOC/Vitis/Speed_sensor_Motor_control/zynq_fsbl/zynq_fsbl_bsp/system.mss
TRACE::2025-03-29.02:27:06::SCWMssOS::DEBUG:  swdes dump  C:/devWorks/SS_MC_SOC/Vitis/Speed_sensor_Motor_control/ps7_cortexa9_0/standalone_ps7_cortexa9_0/bsp/system.mss|system_0||
C:/devWorks/SS_MC_SOC/Vitis/Speed_sensor_Motor_control/zynq_fsbl/zynq_fsbl_bsp/system.mss|system||

TRACE::2025-03-29.02:27:06::SCWMssOS::Sw design exists and opened at  C:/devWorks/SS_MC_SOC/Vitis/Speed_sensor_Motor_control/zynq_fsbl/zynq_fsbl_bsp/system.mss
TRACE::2025-03-29.02:27:06::SCWBDomain::Completed writing the mss file at C:/devWorks/SS_MC_SOC/Vitis/Speed_sensor_Motor_control/zynq_fsbl/zynq_fsbl_bsp
TRACE::2025-03-29.02:27:06::SCWBDomain::bsp generated is upto date with the mss file. Skipping bsp generation.
TRACE::2025-03-29.02:27:06::SCWBDomain::Not a forced makefile updation, No changes are present. 
TRACE::2025-03-29.02:27:06::SCWBDomain::System Command Ran  C:&  cd  C:/devWorks/SS_MC_SOC/Vitis/Speed_sensor_Motor_control/zynq_fsbl& make -C  zynq_fsbl_bsp & make 
TRACE::2025-03-29.02:27:06::SCWBDomain::make: Entering directory 'C:/devWorks/SS_MC_SOC/Vitis/Speed_sensor_Motor_control/zynq_fsbl/zynq_fsbl_bsp'

TRACE::2025-03-29.02:27:06::SCWBDomain::make --no-print-directory seq_libs

TRACE::2025-03-29.02:27:06::SCWBDomain::"Running Make include in ps7_cortexa9_0/libsrc/coresightps_dcc_v1_10/src"

TRACE::2025-03-29.02:27:06::SCWBDomain::make -C ps7_cortexa9_0/libsrc/coresightps_dcc_v1_10/src -s include  "SHELL=CMD" "COMPILER=arm-none-eabi-gcc" "ASSEMBLER=arm-non
TRACE::2025-03-29.02:27:06::SCWBDomain::e-eabi-as" "ARCHIVER=arm-none-eabi-ar" "COMPILER_FLAGS=  -O2 -c" "EXTRA_COMPILER_FLAGS=-mcpu=cortex-a9 -mfpu=vfpv3 -mfloat-abi=
TRACE::2025-03-29.02:27:06::SCWBDomain::hard -nostartfiles -g -Wall -Wextra -fno-tree-loop-distribute-patterns"

TRACE::2025-03-29.02:27:07::SCWBDomain::"Running Make include in ps7_cortexa9_0/libsrc/cpu_cortexa9_v2_12/src"

TRACE::2025-03-29.02:27:07::SCWBDomain::make -C ps7_cortexa9_0/libsrc/cpu_cortexa9_v2_12/src -s include  "SHELL=CMD" "COMPILER=arm-none-eabi-gcc" "ASSEMBLER=arm-none-e
TRACE::2025-03-29.02:27:07::SCWBDomain::abi-as" "ARCHIVER=arm-none-eabi-ar" "COMPILER_FLAGS=  -O2 -c" "EXTRA_COMPILER_FLAGS=-mcpu=cortex-a9 -mfpu=vfpv3 -mfloat-abi=har
TRACE::2025-03-29.02:27:07::SCWBDomain::d -nostartfiles -g -Wall -Wextra -fno-tree-loop-distribute-patterns"

TRACE::2025-03-29.02:27:07::SCWBDomain::"Running Make include in ps7_cortexa9_0/libsrc/ddrps_v1_2/src"

TRACE::2025-03-29.02:27:07::SCWBDomain::make -C ps7_cortexa9_0/libsrc/ddrps_v1_2/src -s include  "SHELL=CMD" "COMPILER=arm-none-eabi-gcc" "ASSEMBLER=arm-none-eabi-as" 
TRACE::2025-03-29.02:27:07::SCWBDomain::"ARCHIVER=arm-none-eabi-ar" "COMPILER_FLAGS=  -O2 -c" "EXTRA_COMPILER_FLAGS=-mcpu=cortex-a9 -mfpu=vfpv3 -mfloat-abi=hard -nosta
TRACE::2025-03-29.02:27:07::SCWBDomain::rtfiles -g -Wall -Wextra -fno-tree-loop-distribute-patterns"

TRACE::2025-03-29.02:27:07::SCWBDomain::"Running Make include in ps7_cortexa9_0/libsrc/devcfg_v3_8/src"

TRACE::2025-03-29.02:27:07::SCWBDomain::make -C ps7_cortexa9_0/libsrc/devcfg_v3_8/src -s include  "SHELL=CMD" "COMPILER=arm-none-eabi-gcc" "ASSEMBLER=arm-none-eabi-as"
TRACE::2025-03-29.02:27:07::SCWBDomain:: "ARCHIVER=arm-none-eabi-ar" "COMPILER_FLAGS=  -O2 -c" "EXTRA_COMPILER_FLAGS=-mcpu=cortex-a9 -mfpu=vfpv3 -mfloat-abi=hard -nost
TRACE::2025-03-29.02:27:07::SCWBDomain::artfiles -g -Wall -Wextra -fno-tree-loop-distribute-patterns"

TRACE::2025-03-29.02:27:07::SCWBDomain::"Running Make include in ps7_cortexa9_0/libsrc/dmaps_v2_10/src"

TRACE::2025-03-29.02:27:07::SCWBDomain::make -C ps7_cortexa9_0/libsrc/dmaps_v2_10/src -s include  "SHELL=CMD" "COMPILER=arm-none-eabi-gcc" "ASSEMBLER=arm-none-eabi-as"
TRACE::2025-03-29.02:27:07::SCWBDomain:: "ARCHIVER=arm-none-eabi-ar" "COMPILER_FLAGS=  -O2 -c" "EXTRA_COMPILER_FLAGS=-mcpu=cortex-a9 -mfpu=vfpv3 -mfloat-abi=hard -nost
TRACE::2025-03-29.02:27:07::SCWBDomain::artfiles -g -Wall -Wextra -fno-tree-loop-distribute-patterns"

TRACE::2025-03-29.02:27:07::SCWBDomain::"Running Make include in ps7_cortexa9_0/libsrc/emacps_v3_20/src"

TRACE::2025-03-29.02:27:07::SCWBDomain::make -C ps7_cortexa9_0/libsrc/emacps_v3_20/src -s include  "SHELL=CMD" "COMPILER=arm-none-eabi-gcc" "ASSEMBLER=arm-none-eabi-as
TRACE::2025-03-29.02:27:07::SCWBDomain::" "ARCHIVER=arm-none-eabi-ar" "COMPILER_FLAGS=  -O2 -c" "EXTRA_COMPILER_FLAGS=-mcpu=cortex-a9 -mfpu=vfpv3 -mfloat-abi=hard -nos
TRACE::2025-03-29.02:27:07::SCWBDomain::tartfiles -g -Wall -Wextra -fno-tree-loop-distribute-patterns"

TRACE::2025-03-29.02:27:07::SCWBDomain::"Running Make include in ps7_cortexa9_0/libsrc/gpiops_v3_13/src"

TRACE::2025-03-29.02:27:07::SCWBDomain::make -C ps7_cortexa9_0/libsrc/gpiops_v3_13/src -s include  "SHELL=CMD" "COMPILER=arm-none-eabi-gcc" "ASSEMBLER=arm-none-eabi-as
TRACE::2025-03-29.02:27:07::SCWBDomain::" "ARCHIVER=arm-none-eabi-ar" "COMPILER_FLAGS=  -O2 -c" "EXTRA_COMPILER_FLAGS=-mcpu=cortex-a9 -mfpu=vfpv3 -mfloat-abi=hard -nos
TRACE::2025-03-29.02:27:07::SCWBDomain::tartfiles -g -Wall -Wextra -fno-tree-loop-distribute-patterns"

TRACE::2025-03-29.02:27:07::SCWBDomain::"Running Make include in ps7_cortexa9_0/libsrc/qspips_v3_12/src"

TRACE::2025-03-29.02:27:07::SCWBDomain::make -C ps7_cortexa9_0/libsrc/qspips_v3_12/src -s include  "SHELL=CMD" "COMPILER=arm-none-eabi-gcc" "ASSEMBLER=arm-none-eabi-as
TRACE::2025-03-29.02:27:07::SCWBDomain::" "ARCHIVER=arm-none-eabi-ar" "COMPILER_FLAGS=  -O2 -c" "EXTRA_COMPILER_FLAGS=-mcpu=cortex-a9 -mfpu=vfpv3 -mfloat-abi=hard -nos
TRACE::2025-03-29.02:27:07::SCWBDomain::tartfiles -g -Wall -Wextra -fno-tree-loop-distribute-patterns"

TRACE::2025-03-29.02:27:07::SCWBDomain::"Running Make include in ps7_cortexa9_0/libsrc/scugic_v5_3/src"

TRACE::2025-03-29.02:27:07::SCWBDomain::make -C ps7_cortexa9_0/libsrc/scugic_v5_3/src -s include  "SHELL=CMD" "COMPILER=arm-none-eabi-gcc" "ASSEMBLER=arm-none-eabi-as"
TRACE::2025-03-29.02:27:07::SCWBDomain:: "ARCHIVER=arm-none-eabi-ar" "COMPILER_FLAGS=  -O2 -c" "EXTRA_COMPILER_FLAGS=-mcpu=cortex-a9 -mfpu=vfpv3 -mfloat-abi=hard -nost
TRACE::2025-03-29.02:27:07::SCWBDomain::artfiles -g -Wall -Wextra -fno-tree-loop-distribute-patterns"

TRACE::2025-03-29.02:27:07::SCWBDomain::"Running Make include in ps7_cortexa9_0/libsrc/scutimer_v2_6/src"

TRACE::2025-03-29.02:27:07::SCWBDomain::make -C ps7_cortexa9_0/libsrc/scutimer_v2_6/src -s include  "SHELL=CMD" "COMPILER=arm-none-eabi-gcc" "ASSEMBLER=arm-none-eabi-a
TRACE::2025-03-29.02:27:07::SCWBDomain::s" "ARCHIVER=arm-none-eabi-ar" "COMPILER_FLAGS=  -O2 -c" "EXTRA_COMPILER_FLAGS=-mcpu=cortex-a9 -mfpu=vfpv3 -mfloat-abi=hard -no
TRACE::2025-03-29.02:27:07::SCWBDomain::startfiles -g -Wall -Wextra -fno-tree-loop-distribute-patterns"

TRACE::2025-03-29.02:27:07::SCWBDomain::"Running Make include in ps7_cortexa9_0/libsrc/scuwdt_v2_5/src"

TRACE::2025-03-29.02:27:07::SCWBDomain::make -C ps7_cortexa9_0/libsrc/scuwdt_v2_5/src -s include  "SHELL=CMD" "COMPILER=arm-none-eabi-gcc" "ASSEMBLER=arm-none-eabi-as"
TRACE::2025-03-29.02:27:07::SCWBDomain:: "ARCHIVER=arm-none-eabi-ar" "COMPILER_FLAGS=  -O2 -c" "EXTRA_COMPILER_FLAGS=-mcpu=cortex-a9 -mfpu=vfpv3 -mfloat-abi=hard -nost
TRACE::2025-03-29.02:27:07::SCWBDomain::artfiles -g -Wall -Wextra -fno-tree-loop-distribute-patterns"

TRACE::2025-03-29.02:27:08::SCWBDomain::"Running Make include in ps7_cortexa9_0/libsrc/sdps_v4_3/src"

TRACE::2025-03-29.02:27:08::SCWBDomain::make -C ps7_cortexa9_0/libsrc/sdps_v4_3/src -s include  "SHELL=CMD" "COMPILER=arm-none-eabi-gcc" "ASSEMBLER=arm-none-eabi-as" "
TRACE::2025-03-29.02:27:08::SCWBDomain::ARCHIVER=arm-none-eabi-ar" "COMPILER_FLAGS=  -O2 -c" "EXTRA_COMPILER_FLAGS=-mcpu=cortex-a9 -mfpu=vfpv3 -mfloat-abi=hard -nostar
TRACE::2025-03-29.02:27:08::SCWBDomain::tfiles -g -Wall -Wextra -fno-tree-loop-distribute-patterns"

TRACE::2025-03-29.02:27:08::SCWBDomain::"Running Make include in ps7_cortexa9_0/libsrc/SpeedSensor_v1_0/src"

TRACE::2025-03-29.02:27:08::SCWBDomain::make -C ps7_cortexa9_0/libsrc/SpeedSensor_v1_0/src -s include  "SHELL=CMD" "COMPILER=arm-none-eabi-gcc" "ASSEMBLER=arm-none-eab
TRACE::2025-03-29.02:27:08::SCWBDomain::i-as" "ARCHIVER=arm-none-eabi-ar" "COMPILER_FLAGS=  -O2 -c" "EXTRA_COMPILER_FLAGS=-mcpu=cortex-a9 -mfpu=vfpv3 -mfloat-abi=hard 
TRACE::2025-03-29.02:27:08::SCWBDomain::-nostartfiles -g -Wall -Wextra -fno-tree-loop-distribute-patterns"

TRACE::2025-03-29.02:27:08::SCWBDomain::"Running Make include in ps7_cortexa9_0/libsrc/standalone_v9_1/src"

TRACE::2025-03-29.02:27:08::SCWBDomain::make -C ps7_cortexa9_0/libsrc/standalone_v9_1/src -s include  "SHELL=CMD" "COMPILER=arm-none-eabi-gcc" "ASSEMBLER=arm-none-eabi
TRACE::2025-03-29.02:27:08::SCWBDomain::-as" "ARCHIVER=arm-none-eabi-ar" "COMPILER_FLAGS=  -O2 -c" "EXTRA_COMPILER_FLAGS=-mcpu=cortex-a9 -mfpu=vfpv3 -mfloat-abi=hard -
TRACE::2025-03-29.02:27:08::SCWBDomain::nostartfiles -g -Wall -Wextra -fno-tree-loop-distribute-patterns"

TRACE::2025-03-29.02:27:08::SCWBDomain::"Running Make include in ps7_cortexa9_0/libsrc/tmrctr_v4_12/src"

TRACE::2025-03-29.02:27:08::SCWBDomain::make -C ps7_cortexa9_0/libsrc/tmrctr_v4_12/src -s include  "SHELL=CMD" "COMPILER=arm-none-eabi-gcc" "ASSEMBLER=arm-none-eabi-as
TRACE::2025-03-29.02:27:08::SCWBDomain::" "ARCHIVER=arm-none-eabi-ar" "COMPILER_FLAGS=  -O2 -c" "EXTRA_COMPILER_FLAGS=-mcpu=cortex-a9 -mfpu=vfpv3 -mfloat-abi=hard -nos
TRACE::2025-03-29.02:27:08::SCWBDomain::tartfiles -g -Wall -Wextra -fno-tree-loop-distribute-patterns"

TRACE::2025-03-29.02:27:08::SCWBDomain::"Running Make include in ps7_cortexa9_0/libsrc/uartps_v3_14/src"

TRACE::2025-03-29.02:27:08::SCWBDomain::make -C ps7_cortexa9_0/libsrc/uartps_v3_14/src -s include  "SHELL=CMD" "COMPILER=arm-none-eabi-gcc" "ASSEMBLER=arm-none-eabi-as
TRACE::2025-03-29.02:27:08::SCWBDomain::" "ARCHIVER=arm-none-eabi-ar" "COMPILER_FLAGS=  -O2 -c" "EXTRA_COMPILER_FLAGS=-mcpu=cortex-a9 -mfpu=vfpv3 -mfloat-abi=hard -nos
TRACE::2025-03-29.02:27:08::SCWBDomain::tartfiles -g -Wall -Wextra -fno-tree-loop-distribute-patterns"

TRACE::2025-03-29.02:27:08::SCWBDomain::"Running Make include in ps7_cortexa9_0/libsrc/usbps_v2_9/src"

TRACE::2025-03-29.02:27:08::SCWBDomain::make -C ps7_cortexa9_0/libsrc/usbps_v2_9/src -s include  "SHELL=CMD" "COMPILER=arm-none-eabi-gcc" "ASSEMBLER=arm-none-eabi-as" 
TRACE::2025-03-29.02:27:08::SCWBDomain::"ARCHIVER=arm-none-eabi-ar" "COMPILER_FLAGS=  -O2 -c" "EXTRA_COMPILER_FLAGS=-mcpu=cortex-a9 -mfpu=vfpv3 -mfloat-abi=hard -nosta
TRACE::2025-03-29.02:27:08::SCWBDomain::rtfiles -g -Wall -Wextra -fno-tree-loop-distribute-patterns"

TRACE::2025-03-29.02:27:08::SCWBDomain::"Running Make include in ps7_cortexa9_0/libsrc/xadcps_v2_7/src"

TRACE::2025-03-29.02:27:08::SCWBDomain::make -C ps7_cortexa9_0/libsrc/xadcps_v2_7/src -s include  "SHELL=CMD" "COMPILER=arm-none-eabi-gcc" "ASSEMBLER=arm-none-eabi-as"
TRACE::2025-03-29.02:27:08::SCWBDomain:: "ARCHIVER=arm-none-eabi-ar" "COMPILER_FLAGS=  -O2 -c" "EXTRA_COMPILER_FLAGS=-mcpu=cortex-a9 -mfpu=vfpv3 -mfloat-abi=hard -nost
TRACE::2025-03-29.02:27:08::SCWBDomain::artfiles -g -Wall -Wextra -fno-tree-loop-distribute-patterns"

TRACE::2025-03-29.02:27:08::SCWBDomain::"Running Make include in ps7_cortexa9_0/libsrc/xilffs_v5_2/src"

TRACE::2025-03-29.02:27:08::SCWBDomain::make -C ps7_cortexa9_0/libsrc/xilffs_v5_2/src -s include  "SHELL=CMD" "COMPILER=arm-none-eabi-gcc" "ASSEMBLER=arm-none-eabi-as"
TRACE::2025-03-29.02:27:08::SCWBDomain:: "ARCHIVER=arm-none-eabi-ar" "COMPILER_FLAGS=  -O2 -c" "EXTRA_COMPILER_FLAGS=-mcpu=cortex-a9 -mfpu=vfpv3 -mfloat-abi=hard -nost
TRACE::2025-03-29.02:27:08::SCWBDomain::artfiles -g -Wall -Wextra -fno-tree-loop-distribute-patterns"

TRACE::2025-03-29.02:27:09::SCWBDomain::"Running Make include in ps7_cortexa9_0/libsrc/xilrsa_v1_8/src"

TRACE::2025-03-29.02:27:09::SCWBDomain::make -C ps7_cortexa9_0/libsrc/xilrsa_v1_8/src -s include  "SHELL=CMD" "COMPILER=arm-none-eabi-gcc" "ASSEMBLER=arm-none-eabi-as"
TRACE::2025-03-29.02:27:09::SCWBDomain:: "ARCHIVER=arm-none-eabi-ar" "COMPILER_FLAGS=  -O2 -c" "EXTRA_COMPILER_FLAGS=-mcpu=cortex-a9 -mfpu=vfpv3 -mfloat-abi=hard -nost
TRACE::2025-03-29.02:27:09::SCWBDomain::artfiles -g -Wall -Wextra -fno-tree-loop-distribute-patterns"

TRACE::2025-03-29.02:27:09::SCWBDomain::"Running Make libs in ps7_cortexa9_0/libsrc/SpeedSensor_v1_0/src"

TRACE::2025-03-29.02:27:09::SCWBDomain::make -C ps7_cortexa9_0/libsrc/SpeedSensor_v1_0/src -s libs  "SHELL=CMD" "COMPILER=arm-none-eabi-gcc" "ASSEMBLER=arm-none-eabi-a
TRACE::2025-03-29.02:27:09::SCWBDomain::s" "ARCHIVER=arm-none-eabi-ar" "COMPILER_FLAGS=  -O2 -c" "EXTRA_COMPILER_FLAGS=-mcpu=cortex-a9 -mfpu=vfpv3 -mfloat-abi=hard -no
TRACE::2025-03-29.02:27:09::SCWBDomain::startfiles -g -Wall -Wextra -fno-tree-loop-distribute-patterns"

TRACE::2025-03-29.02:27:09::SCWBDomain::"Compiling SpeedSensor..."

TRACE::2025-03-29.02:27:09::SCWBDomain::make: Leaving directory 'C:/devWorks/SS_MC_SOC/Vitis/Speed_sensor_Motor_control/zynq_fsbl/zynq_fsbl_bsp'

TRACE::2025-03-29.02:27:09::SCWBDomain::make -C zynq_fsbl_bsp

TRACE::2025-03-29.02:27:09::SCWBDomain::make[1]: Entering directory 'C:/devWorks/SS_MC_SOC/Vitis/Speed_sensor_Motor_control/zynq_fsbl/zynq_fsbl_bsp'

TRACE::2025-03-29.02:27:09::SCWBDomain::make --no-print-directory seq_libs

TRACE::2025-03-29.02:27:09::SCWBDomain::"Running Make include in ps7_cortexa9_0/libsrc/coresightps_dcc_v1_10/src"

TRACE::2025-03-29.02:27:09::SCWBDomain::make -C ps7_cortexa9_0/libsrc/coresightps_dcc_v1_10/src -s include  "SHELL=CMD" "COMPILER=arm-none-eabi-gcc" "ASSEMBLER=arm-non
TRACE::2025-03-29.02:27:09::SCWBDomain::e-eabi-as" "ARCHIVER=arm-none-eabi-ar" "COMPILER_FLAGS=  -O2 -c" "EXTRA_COMPILER_FLAGS=-mcpu=cortex-a9 -mfpu=vfpv3 -mfloat-abi=
TRACE::2025-03-29.02:27:09::SCWBDomain::hard -nostartfiles -g -Wall -Wextra -fno-tree-loop-distribute-patterns"

TRACE::2025-03-29.02:27:09::SCWBDomain::"Running Make include in ps7_cortexa9_0/libsrc/cpu_cortexa9_v2_12/src"

TRACE::2025-03-29.02:27:09::SCWBDomain::make -C ps7_cortexa9_0/libsrc/cpu_cortexa9_v2_12/src -s include  "SHELL=CMD" "COMPILER=arm-none-eabi-gcc" "ASSEMBLER=arm-none-e
TRACE::2025-03-29.02:27:09::SCWBDomain::abi-as" "ARCHIVER=arm-none-eabi-ar" "COMPILER_FLAGS=  -O2 -c" "EXTRA_COMPILER_FLAGS=-mcpu=cortex-a9 -mfpu=vfpv3 -mfloat-abi=har
TRACE::2025-03-29.02:27:09::SCWBDomain::d -nostartfiles -g -Wall -Wextra -fno-tree-loop-distribute-patterns"

TRACE::2025-03-29.02:27:09::SCWBDomain::"Running Make include in ps7_cortexa9_0/libsrc/ddrps_v1_2/src"

TRACE::2025-03-29.02:27:09::SCWBDomain::make -C ps7_cortexa9_0/libsrc/ddrps_v1_2/src -s include  "SHELL=CMD" "COMPILER=arm-none-eabi-gcc" "ASSEMBLER=arm-none-eabi-as" 
TRACE::2025-03-29.02:27:09::SCWBDomain::"ARCHIVER=arm-none-eabi-ar" "COMPILER_FLAGS=  -O2 -c" "EXTRA_COMPILER_FLAGS=-mcpu=cortex-a9 -mfpu=vfpv3 -mfloat-abi=hard -nosta
TRACE::2025-03-29.02:27:09::SCWBDomain::rtfiles -g -Wall -Wextra -fno-tree-loop-distribute-patterns"

TRACE::2025-03-29.02:27:09::SCWBDomain::"Running Make include in ps7_cortexa9_0/libsrc/devcfg_v3_8/src"

TRACE::2025-03-29.02:27:09::SCWBDomain::make -C ps7_cortexa9_0/libsrc/devcfg_v3_8/src -s include  "SHELL=CMD" "COMPILER=arm-none-eabi-gcc" "ASSEMBLER=arm-none-eabi-as"
TRACE::2025-03-29.02:27:09::SCWBDomain:: "ARCHIVER=arm-none-eabi-ar" "COMPILER_FLAGS=  -O2 -c" "EXTRA_COMPILER_FLAGS=-mcpu=cortex-a9 -mfpu=vfpv3 -mfloat-abi=hard -nost
TRACE::2025-03-29.02:27:09::SCWBDomain::artfiles -g -Wall -Wextra -fno-tree-loop-distribute-patterns"

TRACE::2025-03-29.02:27:09::SCWBDomain::"Running Make include in ps7_cortexa9_0/libsrc/dmaps_v2_10/src"

TRACE::2025-03-29.02:27:09::SCWBDomain::make -C ps7_cortexa9_0/libsrc/dmaps_v2_10/src -s include  "SHELL=CMD" "COMPILER=arm-none-eabi-gcc" "ASSEMBLER=arm-none-eabi-as"
TRACE::2025-03-29.02:27:09::SCWBDomain:: "ARCHIVER=arm-none-eabi-ar" "COMPILER_FLAGS=  -O2 -c" "EXTRA_COMPILER_FLAGS=-mcpu=cortex-a9 -mfpu=vfpv3 -mfloat-abi=hard -nost
TRACE::2025-03-29.02:27:09::SCWBDomain::artfiles -g -Wall -Wextra -fno-tree-loop-distribute-patterns"

TRACE::2025-03-29.02:27:10::SCWBDomain::"Running Make include in ps7_cortexa9_0/libsrc/emacps_v3_20/src"

TRACE::2025-03-29.02:27:10::SCWBDomain::make -C ps7_cortexa9_0/libsrc/emacps_v3_20/src -s include  "SHELL=CMD" "COMPILER=arm-none-eabi-gcc" "ASSEMBLER=arm-none-eabi-as
TRACE::2025-03-29.02:27:10::SCWBDomain::" "ARCHIVER=arm-none-eabi-ar" "COMPILER_FLAGS=  -O2 -c" "EXTRA_COMPILER_FLAGS=-mcpu=cortex-a9 -mfpu=vfpv3 -mfloat-abi=hard -nos
TRACE::2025-03-29.02:27:10::SCWBDomain::tartfiles -g -Wall -Wextra -fno-tree-loop-distribute-patterns"

TRACE::2025-03-29.02:27:10::SCWBDomain::"Running Make include in ps7_cortexa9_0/libsrc/gpiops_v3_13/src"

TRACE::2025-03-29.02:27:10::SCWBDomain::make -C ps7_cortexa9_0/libsrc/gpiops_v3_13/src -s include  "SHELL=CMD" "COMPILER=arm-none-eabi-gcc" "ASSEMBLER=arm-none-eabi-as
TRACE::2025-03-29.02:27:10::SCWBDomain::" "ARCHIVER=arm-none-eabi-ar" "COMPILER_FLAGS=  -O2 -c" "EXTRA_COMPILER_FLAGS=-mcpu=cortex-a9 -mfpu=vfpv3 -mfloat-abi=hard -nos
TRACE::2025-03-29.02:27:10::SCWBDomain::tartfiles -g -Wall -Wextra -fno-tree-loop-distribute-patterns"

TRACE::2025-03-29.02:27:10::SCWBDomain::"Running Make include in ps7_cortexa9_0/libsrc/qspips_v3_12/src"

TRACE::2025-03-29.02:27:10::SCWBDomain::make -C ps7_cortexa9_0/libsrc/qspips_v3_12/src -s include  "SHELL=CMD" "COMPILER=arm-none-eabi-gcc" "ASSEMBLER=arm-none-eabi-as
TRACE::2025-03-29.02:27:10::SCWBDomain::" "ARCHIVER=arm-none-eabi-ar" "COMPILER_FLAGS=  -O2 -c" "EXTRA_COMPILER_FLAGS=-mcpu=cortex-a9 -mfpu=vfpv3 -mfloat-abi=hard -nos
TRACE::2025-03-29.02:27:10::SCWBDomain::tartfiles -g -Wall -Wextra -fno-tree-loop-distribute-patterns"

TRACE::2025-03-29.02:27:10::SCWBDomain::"Running Make include in ps7_cortexa9_0/libsrc/scugic_v5_3/src"

TRACE::2025-03-29.02:27:10::SCWBDomain::make -C ps7_cortexa9_0/libsrc/scugic_v5_3/src -s include  "SHELL=CMD" "COMPILER=arm-none-eabi-gcc" "ASSEMBLER=arm-none-eabi-as"
TRACE::2025-03-29.02:27:10::SCWBDomain:: "ARCHIVER=arm-none-eabi-ar" "COMPILER_FLAGS=  -O2 -c" "EXTRA_COMPILER_FLAGS=-mcpu=cortex-a9 -mfpu=vfpv3 -mfloat-abi=hard -nost
TRACE::2025-03-29.02:27:10::SCWBDomain::artfiles -g -Wall -Wextra -fno-tree-loop-distribute-patterns"

TRACE::2025-03-29.02:27:10::SCWBDomain::"Running Make include in ps7_cortexa9_0/libsrc/scutimer_v2_6/src"

TRACE::2025-03-29.02:27:10::SCWBDomain::make -C ps7_cortexa9_0/libsrc/scutimer_v2_6/src -s include  "SHELL=CMD" "COMPILER=arm-none-eabi-gcc" "ASSEMBLER=arm-none-eabi-a
TRACE::2025-03-29.02:27:10::SCWBDomain::s" "ARCHIVER=arm-none-eabi-ar" "COMPILER_FLAGS=  -O2 -c" "EXTRA_COMPILER_FLAGS=-mcpu=cortex-a9 -mfpu=vfpv3 -mfloat-abi=hard -no
TRACE::2025-03-29.02:27:10::SCWBDomain::startfiles -g -Wall -Wextra -fno-tree-loop-distribute-patterns"

TRACE::2025-03-29.02:27:10::SCWBDomain::"Running Make include in ps7_cortexa9_0/libsrc/scuwdt_v2_5/src"

TRACE::2025-03-29.02:27:10::SCWBDomain::make -C ps7_cortexa9_0/libsrc/scuwdt_v2_5/src -s include  "SHELL=CMD" "COMPILER=arm-none-eabi-gcc" "ASSEMBLER=arm-none-eabi-as"
TRACE::2025-03-29.02:27:10::SCWBDomain:: "ARCHIVER=arm-none-eabi-ar" "COMPILER_FLAGS=  -O2 -c" "EXTRA_COMPILER_FLAGS=-mcpu=cortex-a9 -mfpu=vfpv3 -mfloat-abi=hard -nost
TRACE::2025-03-29.02:27:10::SCWBDomain::artfiles -g -Wall -Wextra -fno-tree-loop-distribute-patterns"

TRACE::2025-03-29.02:27:10::SCWBDomain::"Running Make include in ps7_cortexa9_0/libsrc/sdps_v4_3/src"

TRACE::2025-03-29.02:27:10::SCWBDomain::make -C ps7_cortexa9_0/libsrc/sdps_v4_3/src -s include  "SHELL=CMD" "COMPILER=arm-none-eabi-gcc" "ASSEMBLER=arm-none-eabi-as" "
TRACE::2025-03-29.02:27:10::SCWBDomain::ARCHIVER=arm-none-eabi-ar" "COMPILER_FLAGS=  -O2 -c" "EXTRA_COMPILER_FLAGS=-mcpu=cortex-a9 -mfpu=vfpv3 -mfloat-abi=hard -nostar
TRACE::2025-03-29.02:27:10::SCWBDomain::tfiles -g -Wall -Wextra -fno-tree-loop-distribute-patterns"

TRACE::2025-03-29.02:27:10::SCWBDomain::"Running Make include in ps7_cortexa9_0/libsrc/SpeedSensor_v1_0/src"

TRACE::2025-03-29.02:27:10::SCWBDomain::make -C ps7_cortexa9_0/libsrc/SpeedSensor_v1_0/src -s include  "SHELL=CMD" "COMPILER=arm-none-eabi-gcc" "ASSEMBLER=arm-none-eab
TRACE::2025-03-29.02:27:10::SCWBDomain::i-as" "ARCHIVER=arm-none-eabi-ar" "COMPILER_FLAGS=  -O2 -c" "EXTRA_COMPILER_FLAGS=-mcpu=cortex-a9 -mfpu=vfpv3 -mfloat-abi=hard 
TRACE::2025-03-29.02:27:10::SCWBDomain::-nostartfiles -g -Wall -Wextra -fno-tree-loop-distribute-patterns"

TRACE::2025-03-29.02:27:10::SCWBDomain::"Running Make include in ps7_cortexa9_0/libsrc/standalone_v9_1/src"

TRACE::2025-03-29.02:27:10::SCWBDomain::make -C ps7_cortexa9_0/libsrc/standalone_v9_1/src -s include  "SHELL=CMD" "COMPILER=arm-none-eabi-gcc" "ASSEMBLER=arm-none-eabi
TRACE::2025-03-29.02:27:10::SCWBDomain::-as" "ARCHIVER=arm-none-eabi-ar" "COMPILER_FLAGS=  -O2 -c" "EXTRA_COMPILER_FLAGS=-mcpu=cortex-a9 -mfpu=vfpv3 -mfloat-abi=hard -
TRACE::2025-03-29.02:27:10::SCWBDomain::nostartfiles -g -Wall -Wextra -fno-tree-loop-distribute-patterns"

TRACE::2025-03-29.02:27:11::SCWBDomain::"Running Make include in ps7_cortexa9_0/libsrc/tmrctr_v4_12/src"

TRACE::2025-03-29.02:27:11::SCWBDomain::make -C ps7_cortexa9_0/libsrc/tmrctr_v4_12/src -s include  "SHELL=CMD" "COMPILER=arm-none-eabi-gcc" "ASSEMBLER=arm-none-eabi-as
TRACE::2025-03-29.02:27:11::SCWBDomain::" "ARCHIVER=arm-none-eabi-ar" "COMPILER_FLAGS=  -O2 -c" "EXTRA_COMPILER_FLAGS=-mcpu=cortex-a9 -mfpu=vfpv3 -mfloat-abi=hard -nos
TRACE::2025-03-29.02:27:11::SCWBDomain::tartfiles -g -Wall -Wextra -fno-tree-loop-distribute-patterns"

TRACE::2025-03-29.02:27:11::SCWBDomain::"Running Make include in ps7_cortexa9_0/libsrc/uartps_v3_14/src"

TRACE::2025-03-29.02:27:11::SCWBDomain::make -C ps7_cortexa9_0/libsrc/uartps_v3_14/src -s include  "SHELL=CMD" "COMPILER=arm-none-eabi-gcc" "ASSEMBLER=arm-none-eabi-as
TRACE::2025-03-29.02:27:11::SCWBDomain::" "ARCHIVER=arm-none-eabi-ar" "COMPILER_FLAGS=  -O2 -c" "EXTRA_COMPILER_FLAGS=-mcpu=cortex-a9 -mfpu=vfpv3 -mfloat-abi=hard -nos
TRACE::2025-03-29.02:27:11::SCWBDomain::tartfiles -g -Wall -Wextra -fno-tree-loop-distribute-patterns"

TRACE::2025-03-29.02:27:11::SCWBDomain::"Running Make include in ps7_cortexa9_0/libsrc/usbps_v2_9/src"

TRACE::2025-03-29.02:27:11::SCWBDomain::make -C ps7_cortexa9_0/libsrc/usbps_v2_9/src -s include  "SHELL=CMD" "COMPILER=arm-none-eabi-gcc" "ASSEMBLER=arm-none-eabi-as" 
TRACE::2025-03-29.02:27:11::SCWBDomain::"ARCHIVER=arm-none-eabi-ar" "COMPILER_FLAGS=  -O2 -c" "EXTRA_COMPILER_FLAGS=-mcpu=cortex-a9 -mfpu=vfpv3 -mfloat-abi=hard -nosta
TRACE::2025-03-29.02:27:11::SCWBDomain::rtfiles -g -Wall -Wextra -fno-tree-loop-distribute-patterns"

TRACE::2025-03-29.02:27:11::SCWBDomain::"Running Make include in ps7_cortexa9_0/libsrc/xadcps_v2_7/src"

TRACE::2025-03-29.02:27:11::SCWBDomain::make -C ps7_cortexa9_0/libsrc/xadcps_v2_7/src -s include  "SHELL=CMD" "COMPILER=arm-none-eabi-gcc" "ASSEMBLER=arm-none-eabi-as"
TRACE::2025-03-29.02:27:11::SCWBDomain:: "ARCHIVER=arm-none-eabi-ar" "COMPILER_FLAGS=  -O2 -c" "EXTRA_COMPILER_FLAGS=-mcpu=cortex-a9 -mfpu=vfpv3 -mfloat-abi=hard -nost
TRACE::2025-03-29.02:27:11::SCWBDomain::artfiles -g -Wall -Wextra -fno-tree-loop-distribute-patterns"

TRACE::2025-03-29.02:27:11::SCWBDomain::"Running Make include in ps7_cortexa9_0/libsrc/xilffs_v5_2/src"

TRACE::2025-03-29.02:27:11::SCWBDomain::make -C ps7_cortexa9_0/libsrc/xilffs_v5_2/src -s include  "SHELL=CMD" "COMPILER=arm-none-eabi-gcc" "ASSEMBLER=arm-none-eabi-as"
TRACE::2025-03-29.02:27:11::SCWBDomain:: "ARCHIVER=arm-none-eabi-ar" "COMPILER_FLAGS=  -O2 -c" "EXTRA_COMPILER_FLAGS=-mcpu=cortex-a9 -mfpu=vfpv3 -mfloat-abi=hard -nost
TRACE::2025-03-29.02:27:11::SCWBDomain::artfiles -g -Wall -Wextra -fno-tree-loop-distribute-patterns"

TRACE::2025-03-29.02:27:11::SCWBDomain::"Running Make include in ps7_cortexa9_0/libsrc/xilrsa_v1_8/src"

TRACE::2025-03-29.02:27:11::SCWBDomain::make -C ps7_cortexa9_0/libsrc/xilrsa_v1_8/src -s include  "SHELL=CMD" "COMPILER=arm-none-eabi-gcc" "ASSEMBLER=arm-none-eabi-as"
TRACE::2025-03-29.02:27:11::SCWBDomain:: "ARCHIVER=arm-none-eabi-ar" "COMPILER_FLAGS=  -O2 -c" "EXTRA_COMPILER_FLAGS=-mcpu=cortex-a9 -mfpu=vfpv3 -mfloat-abi=hard -nost
TRACE::2025-03-29.02:27:11::SCWBDomain::artfiles -g -Wall -Wextra -fno-tree-loop-distribute-patterns"

TRACE::2025-03-29.02:27:11::SCWBDomain::"Running Make libs in ps7_cortexa9_0/libsrc/SpeedSensor_v1_0/src"

TRACE::2025-03-29.02:27:11::SCWBDomain::make -C ps7_cortexa9_0/libsrc/SpeedSensor_v1_0/src -s libs  "SHELL=CMD" "COMPILER=arm-none-eabi-gcc" "ASSEMBLER=arm-none-eabi-a
TRACE::2025-03-29.02:27:11::SCWBDomain::s" "ARCHIVER=arm-none-eabi-ar" "COMPILER_FLAGS=  -O2 -c" "EXTRA_COMPILER_FLAGS=-mcpu=cortex-a9 -mfpu=vfpv3 -mfloat-abi=hard -no
TRACE::2025-03-29.02:27:11::SCWBDomain::startfiles -g -Wall -Wextra -fno-tree-loop-distribute-patterns"

TRACE::2025-03-29.02:27:11::SCWBDomain::"Compiling SpeedSensor..."

TRACE::2025-03-29.02:27:11::SCWBDomain::make[1]: Leaving directory 'C:/devWorks/SS_MC_SOC/Vitis/Speed_sensor_Motor_control/zynq_fsbl/zynq_fsbl_bsp'

ERROR::2025-03-29.02:27:11::SCWBDomain::Failed to build the  zynq_fsbl application.
LOG::2025-03-29.02:27:11::SCWSystem::Checking the domain standalone_ps7_cortexa9_0
LOG::2025-03-29.02:27:11::SCWSystem::Not a boot domain 
LOG::2025-03-29.02:27:11::SCWSystem::Started Processing the domain standalone_ps7_cortexa9_0
TRACE::2025-03-29.02:27:11::SCWDomain::Generating domain artifcats
TRACE::2025-03-29.02:27:11::SCWMssOS::Generating standalone artifcats
TRACE::2025-03-29.02:27:11::SCWMssOS::Copying the qemu file from  C:/devWorks/SS_MC_SOC/Vitis/Speed_sensor_Motor_control/resources/Speed_sensor_Motor_control/standalone_ps7_cortexa9_0/qemu_args.txt To C:/devWorks/SS_MC_SOC/Vitis/Speed_sensor_Motor_control/export/Speed_sensor_Motor_control/sw/Speed_sensor_Motor_control/standalone_ps7_cortexa9_0/qemu/
TRACE::2025-03-29.02:27:11::SCWMssOS:: Copying the user libraries. 
TRACE::2025-03-29.02:27:11::SCWPlatform::Trying to open the hw design at C:/devWorks/SS_MC_SOC/Vitis/Speed_sensor_Motor_control/hw/Speed_sensor_Motor_control.xsa
TRACE::2025-03-29.02:27:11::SCWPlatform::DSA given C:/devWorks/SS_MC_SOC/Vitis/Speed_sensor_Motor_control/hw/Speed_sensor_Motor_control.xsa
TRACE::2025-03-29.02:27:11::SCWPlatform::DSA absoulate path C:/devWorks/SS_MC_SOC/Vitis/Speed_sensor_Motor_control/hw/Speed_sensor_Motor_control.xsa
TRACE::2025-03-29.02:27:11::SCWPlatform::DSA directory C:/devWorks/SS_MC_SOC/Vitis/Speed_sensor_Motor_control/hw
TRACE::2025-03-29.02:27:11::SCWPlatform:: Platform Path C:/devWorks/SS_MC_SOC/Vitis/Speed_sensor_Motor_control/hw/Speed_sensor_Motor_control.xsa
TRACE::2025-03-29.02:27:11::SCWPlatform:: Unique name xilinx:pynq-z2::0.0
TRACE::2025-03-29.02:27:11::SCWPlatform::Trying to set the existing hwdb with name design_1_wrapper_0
TRACE::2025-03-29.02:27:11::SCWPlatform::Opened existing hwdb design_1_wrapper_0
TRACE::2025-03-29.02:27:11::SCWPlatform::Found the Hw Db part of the input DSA
TRACE::2025-03-29.02:27:11::SCWMssOS::Checking the sw design at  C:/devWorks/SS_MC_SOC/Vitis/Speed_sensor_Motor_control/ps7_cortexa9_0/standalone_ps7_cortexa9_0/bsp/system.mss
TRACE::2025-03-29.02:27:11::SCWMssOS::DEBUG:  swdes dump  C:/devWorks/SS_MC_SOC/Vitis/Speed_sensor_Motor_control/ps7_cortexa9_0/standalone_ps7_cortexa9_0/bsp/system.mss|system_0||
C:/devWorks/SS_MC_SOC/Vitis/Speed_sensor_Motor_control/zynq_fsbl/zynq_fsbl_bsp/system.mss|system||

TRACE::2025-03-29.02:27:11::SCWMssOS::Sw design exists and opened at  C:/devWorks/SS_MC_SOC/Vitis/Speed_sensor_Motor_control/ps7_cortexa9_0/standalone_ps7_cortexa9_0/bsp/system.mss
TRACE::2025-03-29.02:27:11::SCWMssOS::Completed writing the mss file at C:/devWorks/SS_MC_SOC/Vitis/Speed_sensor_Motor_control/ps7_cortexa9_0/standalone_ps7_cortexa9_0/bsp
TRACE::2025-03-29.02:27:11::SCWMssOS::Mss edits present, copying mssfile into export location C:/devWorks/SS_MC_SOC/Vitis/Speed_sensor_Motor_control/ps7_cortexa9_0/standalone_ps7_cortexa9_0/bsp/system.mss
TRACE::2025-03-29.02:27:11::SCWMssOS::bsp generated is upto date with the mss file. Skipping bsp generation.
TRACE::2025-03-29.02:27:11::SCWMssOS::BSP is already built. skipping the bsp build ... 
TRACE::2025-03-29.02:27:11::SCWDomain::Building the domain as part of full build :  standalone_ps7_cortexa9_0
TRACE::2025-03-29.02:27:11::SCWMssOS::doing bsp build ... 
TRACE::2025-03-29.02:27:11::SCWMssOS::System Command Ran  C: & cd  C:/devWorks/SS_MC_SOC/Vitis/Speed_sensor_Motor_control/ps7_cortexa9_0/standalone_ps7_cortexa9_0/bsp & make 
TRACE::2025-03-29.02:27:11::SCWMssOS::make --no-print-directory seq_libs

TRACE::2025-03-29.02:27:12::SCWMssOS::"Running Make include in ps7_cortexa9_0/libsrc/coresightps_dcc_v1_10/src"

TRACE::2025-03-29.02:27:12::SCWMssOS::make -C ps7_cortexa9_0/libsrc/coresightps_dcc_v1_10/src -s include  "SHELL=CMD" "COMPILER=arm-none-eabi-gcc" "ASSEMBLER=arm-non
TRACE::2025-03-29.02:27:12::SCWMssOS::e-eabi-as" "ARCHIVER=arm-none-eabi-ar" "COMPILER_FLAGS=  -O2 -c" "EXTRA_COMPILER_FLAGS=-mcpu=cortex-a9 -mfpu=vfpv3 -mfloat-abi=
TRACE::2025-03-29.02:27:12::SCWMssOS::hard -nostartfiles -g -Wall -Wextra -fno-tree-loop-distribute-patterns"

TRACE::2025-03-29.02:27:12::SCWMssOS::"Running Make include in ps7_cortexa9_0/libsrc/cpu_cortexa9_v2_12/src"

TRACE::2025-03-29.02:27:12::SCWMssOS::make -C ps7_cortexa9_0/libsrc/cpu_cortexa9_v2_12/src -s include  "SHELL=CMD" "COMPILER=arm-none-eabi-gcc" "ASSEMBLER=arm-none-e
TRACE::2025-03-29.02:27:12::SCWMssOS::abi-as" "ARCHIVER=arm-none-eabi-ar" "COMPILER_FLAGS=  -O2 -c" "EXTRA_COMPILER_FLAGS=-mcpu=cortex-a9 -mfpu=vfpv3 -mfloat-abi=har
TRACE::2025-03-29.02:27:12::SCWMssOS::d -nostartfiles -g -Wall -Wextra -fno-tree-loop-distribute-patterns"

TRACE::2025-03-29.02:27:12::SCWMssOS::"Running Make include in ps7_cortexa9_0/libsrc/ddrps_v1_2/src"

TRACE::2025-03-29.02:27:12::SCWMssOS::make -C ps7_cortexa9_0/libsrc/ddrps_v1_2/src -s include  "SHELL=CMD" "COMPILER=arm-none-eabi-gcc" "ASSEMBLER=arm-none-eabi-as" 
TRACE::2025-03-29.02:27:12::SCWMssOS::"ARCHIVER=arm-none-eabi-ar" "COMPILER_FLAGS=  -O2 -c" "EXTRA_COMPILER_FLAGS=-mcpu=cortex-a9 -mfpu=vfpv3 -mfloat-abi=hard -nosta
TRACE::2025-03-29.02:27:12::SCWMssOS::rtfiles -g -Wall -Wextra -fno-tree-loop-distribute-patterns"

TRACE::2025-03-29.02:27:12::SCWMssOS::"Running Make include in ps7_cortexa9_0/libsrc/devcfg_v3_8/src"

TRACE::2025-03-29.02:27:12::SCWMssOS::make -C ps7_cortexa9_0/libsrc/devcfg_v3_8/src -s include  "SHELL=CMD" "COMPILER=arm-none-eabi-gcc" "ASSEMBLER=arm-none-eabi-as"
TRACE::2025-03-29.02:27:12::SCWMssOS:: "ARCHIVER=arm-none-eabi-ar" "COMPILER_FLAGS=  -O2 -c" "EXTRA_COMPILER_FLAGS=-mcpu=cortex-a9 -mfpu=vfpv3 -mfloat-abi=hard -nost
TRACE::2025-03-29.02:27:12::SCWMssOS::artfiles -g -Wall -Wextra -fno-tree-loop-distribute-patterns"

TRACE::2025-03-29.02:27:12::SCWMssOS::"Running Make include in ps7_cortexa9_0/libsrc/dmaps_v2_10/src"

TRACE::2025-03-29.02:27:12::SCWMssOS::make -C ps7_cortexa9_0/libsrc/dmaps_v2_10/src -s include  "SHELL=CMD" "COMPILER=arm-none-eabi-gcc" "ASSEMBLER=arm-none-eabi-as"
TRACE::2025-03-29.02:27:12::SCWMssOS:: "ARCHIVER=arm-none-eabi-ar" "COMPILER_FLAGS=  -O2 -c" "EXTRA_COMPILER_FLAGS=-mcpu=cortex-a9 -mfpu=vfpv3 -mfloat-abi=hard -nost
TRACE::2025-03-29.02:27:12::SCWMssOS::artfiles -g -Wall -Wextra -fno-tree-loop-distribute-patterns"

TRACE::2025-03-29.02:27:12::SCWMssOS::"Running Make include in ps7_cortexa9_0/libsrc/emacps_v3_20/src"

TRACE::2025-03-29.02:27:12::SCWMssOS::make -C ps7_cortexa9_0/libsrc/emacps_v3_20/src -s include  "SHELL=CMD" "COMPILER=arm-none-eabi-gcc" "ASSEMBLER=arm-none-eabi-as
TRACE::2025-03-29.02:27:12::SCWMssOS::" "ARCHIVER=arm-none-eabi-ar" "COMPILER_FLAGS=  -O2 -c" "EXTRA_COMPILER_FLAGS=-mcpu=cortex-a9 -mfpu=vfpv3 -mfloat-abi=hard -nos
TRACE::2025-03-29.02:27:12::SCWMssOS::tartfiles -g -Wall -Wextra -fno-tree-loop-distribute-patterns"

TRACE::2025-03-29.02:27:12::SCWMssOS::"Running Make include in ps7_cortexa9_0/libsrc/gpiops_v3_13/src"

TRACE::2025-03-29.02:27:12::SCWMssOS::make -C ps7_cortexa9_0/libsrc/gpiops_v3_13/src -s include  "SHELL=CMD" "COMPILER=arm-none-eabi-gcc" "ASSEMBLER=arm-none-eabi-as
TRACE::2025-03-29.02:27:12::SCWMssOS::" "ARCHIVER=arm-none-eabi-ar" "COMPILER_FLAGS=  -O2 -c" "EXTRA_COMPILER_FLAGS=-mcpu=cortex-a9 -mfpu=vfpv3 -mfloat-abi=hard -nos
TRACE::2025-03-29.02:27:12::SCWMssOS::tartfiles -g -Wall -Wextra -fno-tree-loop-distribute-patterns"

TRACE::2025-03-29.02:27:12::SCWMssOS::"Running Make include in ps7_cortexa9_0/libsrc/qspips_v3_12/src"

TRACE::2025-03-29.02:27:12::SCWMssOS::make -C ps7_cortexa9_0/libsrc/qspips_v3_12/src -s include  "SHELL=CMD" "COMPILER=arm-none-eabi-gcc" "ASSEMBLER=arm-none-eabi-as
TRACE::2025-03-29.02:27:12::SCWMssOS::" "ARCHIVER=arm-none-eabi-ar" "COMPILER_FLAGS=  -O2 -c" "EXTRA_COMPILER_FLAGS=-mcpu=cortex-a9 -mfpu=vfpv3 -mfloat-abi=hard -nos
TRACE::2025-03-29.02:27:12::SCWMssOS::tartfiles -g -Wall -Wextra -fno-tree-loop-distribute-patterns"

TRACE::2025-03-29.02:27:12::SCWMssOS::"Running Make include in ps7_cortexa9_0/libsrc/scugic_v5_3/src"

TRACE::2025-03-29.02:27:12::SCWMssOS::make -C ps7_cortexa9_0/libsrc/scugic_v5_3/src -s include  "SHELL=CMD" "COMPILER=arm-none-eabi-gcc" "ASSEMBLER=arm-none-eabi-as"
TRACE::2025-03-29.02:27:12::SCWMssOS:: "ARCHIVER=arm-none-eabi-ar" "COMPILER_FLAGS=  -O2 -c" "EXTRA_COMPILER_FLAGS=-mcpu=cortex-a9 -mfpu=vfpv3 -mfloat-abi=hard -nost
TRACE::2025-03-29.02:27:12::SCWMssOS::artfiles -g -Wall -Wextra -fno-tree-loop-distribute-patterns"

TRACE::2025-03-29.02:27:12::SCWMssOS::"Running Make include in ps7_cortexa9_0/libsrc/scutimer_v2_6/src"

TRACE::2025-03-29.02:27:12::SCWMssOS::make -C ps7_cortexa9_0/libsrc/scutimer_v2_6/src -s include  "SHELL=CMD" "COMPILER=arm-none-eabi-gcc" "ASSEMBLER=arm-none-eabi-a
TRACE::2025-03-29.02:27:12::SCWMssOS::s" "ARCHIVER=arm-none-eabi-ar" "COMPILER_FLAGS=  -O2 -c" "EXTRA_COMPILER_FLAGS=-mcpu=cortex-a9 -mfpu=vfpv3 -mfloat-abi=hard -no
TRACE::2025-03-29.02:27:12::SCWMssOS::startfiles -g -Wall -Wextra -fno-tree-loop-distribute-patterns"

TRACE::2025-03-29.02:27:13::SCWMssOS::"Running Make include in ps7_cortexa9_0/libsrc/scuwdt_v2_5/src"

TRACE::2025-03-29.02:27:13::SCWMssOS::make -C ps7_cortexa9_0/libsrc/scuwdt_v2_5/src -s include  "SHELL=CMD" "COMPILER=arm-none-eabi-gcc" "ASSEMBLER=arm-none-eabi-as"
TRACE::2025-03-29.02:27:13::SCWMssOS:: "ARCHIVER=arm-none-eabi-ar" "COMPILER_FLAGS=  -O2 -c" "EXTRA_COMPILER_FLAGS=-mcpu=cortex-a9 -mfpu=vfpv3 -mfloat-abi=hard -nost
TRACE::2025-03-29.02:27:13::SCWMssOS::artfiles -g -Wall -Wextra -fno-tree-loop-distribute-patterns"

TRACE::2025-03-29.02:27:13::SCWMssOS::"Running Make include in ps7_cortexa9_0/libsrc/sdps_v4_3/src"

TRACE::2025-03-29.02:27:13::SCWMssOS::make -C ps7_cortexa9_0/libsrc/sdps_v4_3/src -s include  "SHELL=CMD" "COMPILER=arm-none-eabi-gcc" "ASSEMBLER=arm-none-eabi-as" "
TRACE::2025-03-29.02:27:13::SCWMssOS::ARCHIVER=arm-none-eabi-ar" "COMPILER_FLAGS=  -O2 -c" "EXTRA_COMPILER_FLAGS=-mcpu=cortex-a9 -mfpu=vfpv3 -mfloat-abi=hard -nostar
TRACE::2025-03-29.02:27:13::SCWMssOS::tfiles -g -Wall -Wextra -fno-tree-loop-distribute-patterns"

TRACE::2025-03-29.02:27:13::SCWMssOS::"Running Make include in ps7_cortexa9_0/libsrc/SpeedSensor_v1_0/src"

TRACE::2025-03-29.02:27:13::SCWMssOS::make -C ps7_cortexa9_0/libsrc/SpeedSensor_v1_0/src -s include  "SHELL=CMD" "COMPILER=arm-none-eabi-gcc" "ASSEMBLER=arm-none-eab
TRACE::2025-03-29.02:27:13::SCWMssOS::i-as" "ARCHIVER=arm-none-eabi-ar" "COMPILER_FLAGS=  -O2 -c" "EXTRA_COMPILER_FLAGS=-mcpu=cortex-a9 -mfpu=vfpv3 -mfloat-abi=hard 
TRACE::2025-03-29.02:27:13::SCWMssOS::-nostartfiles -g -Wall -Wextra -fno-tree-loop-distribute-patterns"

TRACE::2025-03-29.02:27:13::SCWMssOS::"Running Make include in ps7_cortexa9_0/libsrc/standalone_v9_1/src"

TRACE::2025-03-29.02:27:13::SCWMssOS::make -C ps7_cortexa9_0/libsrc/standalone_v9_1/src -s include  "SHELL=CMD" "COMPILER=arm-none-eabi-gcc" "ASSEMBLER=arm-none-eabi
TRACE::2025-03-29.02:27:13::SCWMssOS::-as" "ARCHIVER=arm-none-eabi-ar" "COMPILER_FLAGS=  -O2 -c" "EXTRA_COMPILER_FLAGS=-mcpu=cortex-a9 -mfpu=vfpv3 -mfloat-abi=hard -
TRACE::2025-03-29.02:27:13::SCWMssOS::nostartfiles -g -Wall -Wextra -fno-tree-loop-distribute-patterns"

TRACE::2025-03-29.02:27:13::SCWMssOS::"Running Make include in ps7_cortexa9_0/libsrc/tmrctr_v4_12/src"

TRACE::2025-03-29.02:27:13::SCWMssOS::make -C ps7_cortexa9_0/libsrc/tmrctr_v4_12/src -s include  "SHELL=CMD" "COMPILER=arm-none-eabi-gcc" "ASSEMBLER=arm-none-eabi-as
TRACE::2025-03-29.02:27:13::SCWMssOS::" "ARCHIVER=arm-none-eabi-ar" "COMPILER_FLAGS=  -O2 -c" "EXTRA_COMPILER_FLAGS=-mcpu=cortex-a9 -mfpu=vfpv3 -mfloat-abi=hard -nos
TRACE::2025-03-29.02:27:13::SCWMssOS::tartfiles -g -Wall -Wextra -fno-tree-loop-distribute-patterns"

TRACE::2025-03-29.02:27:13::SCWMssOS::"Running Make include in ps7_cortexa9_0/libsrc/uartps_v3_14/src"

TRACE::2025-03-29.02:27:13::SCWMssOS::make -C ps7_cortexa9_0/libsrc/uartps_v3_14/src -s include  "SHELL=CMD" "COMPILER=arm-none-eabi-gcc" "ASSEMBLER=arm-none-eabi-as
TRACE::2025-03-29.02:27:13::SCWMssOS::" "ARCHIVER=arm-none-eabi-ar" "COMPILER_FLAGS=  -O2 -c" "EXTRA_COMPILER_FLAGS=-mcpu=cortex-a9 -mfpu=vfpv3 -mfloat-abi=hard -nos
TRACE::2025-03-29.02:27:13::SCWMssOS::tartfiles -g -Wall -Wextra -fno-tree-loop-distribute-patterns"

TRACE::2025-03-29.02:27:13::SCWMssOS::"Running Make include in ps7_cortexa9_0/libsrc/usbps_v2_9/src"

TRACE::2025-03-29.02:27:13::SCWMssOS::make -C ps7_cortexa9_0/libsrc/usbps_v2_9/src -s include  "SHELL=CMD" "COMPILER=arm-none-eabi-gcc" "ASSEMBLER=arm-none-eabi-as" 
TRACE::2025-03-29.02:27:13::SCWMssOS::"ARCHIVER=arm-none-eabi-ar" "COMPILER_FLAGS=  -O2 -c" "EXTRA_COMPILER_FLAGS=-mcpu=cortex-a9 -mfpu=vfpv3 -mfloat-abi=hard -nosta
TRACE::2025-03-29.02:27:13::SCWMssOS::rtfiles -g -Wall -Wextra -fno-tree-loop-distribute-patterns"

TRACE::2025-03-29.02:27:13::SCWMssOS::"Running Make include in ps7_cortexa9_0/libsrc/xadcps_v2_7/src"

TRACE::2025-03-29.02:27:13::SCWMssOS::make -C ps7_cortexa9_0/libsrc/xadcps_v2_7/src -s include  "SHELL=CMD" "COMPILER=arm-none-eabi-gcc" "ASSEMBLER=arm-none-eabi-as"
TRACE::2025-03-29.02:27:13::SCWMssOS:: "ARCHIVER=arm-none-eabi-ar" "COMPILER_FLAGS=  -O2 -c" "EXTRA_COMPILER_FLAGS=-mcpu=cortex-a9 -mfpu=vfpv3 -mfloat-abi=hard -nost
TRACE::2025-03-29.02:27:13::SCWMssOS::artfiles -g -Wall -Wextra -fno-tree-loop-distribute-patterns"

TRACE::2025-03-29.02:27:14::SCWMssOS::"Running Make libs in ps7_cortexa9_0/libsrc/SpeedSensor_v1_0/src"

TRACE::2025-03-29.02:27:14::SCWMssOS::make -C ps7_cortexa9_0/libsrc/SpeedSensor_v1_0/src -s libs  "SHELL=CMD" "COMPILER=arm-none-eabi-gcc" "ASSEMBLER=arm-none-eabi-a
TRACE::2025-03-29.02:27:14::SCWMssOS::s" "ARCHIVER=arm-none-eabi-ar" "COMPILER_FLAGS=  -O2 -c" "EXTRA_COMPILER_FLAGS=-mcpu=cortex-a9 -mfpu=vfpv3 -mfloat-abi=hard -no
TRACE::2025-03-29.02:27:14::SCWMssOS::startfiles -g -Wall -Wextra -fno-tree-loop-distribute-patterns"

TRACE::2025-03-29.02:27:14::SCWMssOS::"Compiling SpeedSensor..."

ERROR::2025-03-29.02:27:14::SCWMssOS::Failed to build  the bsp sources for domain - standalone_ps7_cortexa9_0
ERROR::2025-03-29.02:27:14::SCWSystem::Error in Processing the domain standalone_ps7_cortexa9_0
LOG::2025-03-29.02:27:52::SCWPlatform::Started generating the artifacts platform Speed_sensor_Motor_control
TRACE::2025-03-29.02:27:52::SCWPlatform::Sanity checking of platform is completed
LOG::2025-03-29.02:27:52::SCWPlatform::Started generating the artifacts for system configuration Speed_sensor_Motor_control
LOG::2025-03-29.02:27:52::SCWSystem::Checking the domain zynq_fsbl
LOG::2025-03-29.02:27:52::SCWSystem::Doing application build for :  zynq_fsbl
TRACE::2025-03-29.02:27:52::SCWBDomain::Not a forced makefile updation, No changes are present. 
TRACE::2025-03-29.02:27:52::SCWDomain::Building the domain as part of full build :  zynq_fsbl
TRACE::2025-03-29.02:27:52::SCWPlatform::Trying to open the hw design at C:/devWorks/SS_MC_SOC/Vitis/Speed_sensor_Motor_control/hw/Speed_sensor_Motor_control.xsa
TRACE::2025-03-29.02:27:52::SCWPlatform::DSA given C:/devWorks/SS_MC_SOC/Vitis/Speed_sensor_Motor_control/hw/Speed_sensor_Motor_control.xsa
TRACE::2025-03-29.02:27:52::SCWPlatform::DSA absoulate path C:/devWorks/SS_MC_SOC/Vitis/Speed_sensor_Motor_control/hw/Speed_sensor_Motor_control.xsa
TRACE::2025-03-29.02:27:52::SCWPlatform::DSA directory C:/devWorks/SS_MC_SOC/Vitis/Speed_sensor_Motor_control/hw
TRACE::2025-03-29.02:27:52::SCWPlatform:: Platform Path C:/devWorks/SS_MC_SOC/Vitis/Speed_sensor_Motor_control/hw/Speed_sensor_Motor_control.xsa
TRACE::2025-03-29.02:27:52::SCWPlatform:: Unique name xilinx:pynq-z2::0.0
TRACE::2025-03-29.02:27:52::SCWPlatform::Trying to set the existing hwdb with name design_1_wrapper_0
TRACE::2025-03-29.02:27:52::SCWPlatform::Opened existing hwdb design_1_wrapper_0
TRACE::2025-03-29.02:27:52::SCWPlatform::Found the Hw Db part of the input DSA
TRACE::2025-03-29.02:27:52::SCWMssOS::Checking the sw design at  C:/devWorks/SS_MC_SOC/Vitis/Speed_sensor_Motor_control/zynq_fsbl/zynq_fsbl_bsp/system.mss
TRACE::2025-03-29.02:27:52::SCWMssOS::DEBUG:  swdes dump  C:/devWorks/SS_MC_SOC/Vitis/Speed_sensor_Motor_control/ps7_cortexa9_0/standalone_ps7_cortexa9_0/bsp/system.mss|system_0||
C:/devWorks/SS_MC_SOC/Vitis/Speed_sensor_Motor_control/zynq_fsbl/zynq_fsbl_bsp/system.mss|system||

TRACE::2025-03-29.02:27:52::SCWMssOS::Sw design exists and opened at  C:/devWorks/SS_MC_SOC/Vitis/Speed_sensor_Motor_control/zynq_fsbl/zynq_fsbl_bsp/system.mss
TRACE::2025-03-29.02:27:52::SCWBDomain::Completed writing the mss file at C:/devWorks/SS_MC_SOC/Vitis/Speed_sensor_Motor_control/zynq_fsbl/zynq_fsbl_bsp
TRACE::2025-03-29.02:27:52::SCWBDomain::bsp generated is upto date with the mss file. Skipping bsp generation.
TRACE::2025-03-29.02:27:52::SCWBDomain::Not a forced makefile updation, No changes are present. 
TRACE::2025-03-29.02:27:52::SCWBDomain::System Command Ran  C:&  cd  C:/devWorks/SS_MC_SOC/Vitis/Speed_sensor_Motor_control/zynq_fsbl& make -C  zynq_fsbl_bsp & make 
TRACE::2025-03-29.02:27:52::SCWBDomain::make: Entering directory 'C:/devWorks/SS_MC_SOC/Vitis/Speed_sensor_Motor_control/zynq_fsbl/zynq_fsbl_bsp'

TRACE::2025-03-29.02:27:52::SCWBDomain::make --no-print-directory seq_libs

TRACE::2025-03-29.02:27:52::SCWBDomain::"Running Make include in ps7_cortexa9_0/libsrc/coresightps_dcc_v1_10/src"

TRACE::2025-03-29.02:27:52::SCWBDomain::make -C ps7_cortexa9_0/libsrc/coresightps_dcc_v1_10/src -s include  "SHELL=CMD" "COMPILER=arm-none-eabi-gcc" "ASSEMBLER=arm-non
TRACE::2025-03-29.02:27:52::SCWBDomain::e-eabi-as" "ARCHIVER=arm-none-eabi-ar" "COMPILER_FLAGS=  -O2 -c" "EXTRA_COMPILER_FLAGS=-mcpu=cortex-a9 -mfpu=vfpv3 -mfloat-abi=
TRACE::2025-03-29.02:27:52::SCWBDomain::hard -nostartfiles -g -Wall -Wextra -fno-tree-loop-distribute-patterns"

TRACE::2025-03-29.02:27:52::SCWBDomain::"Running Make include in ps7_cortexa9_0/libsrc/cpu_cortexa9_v2_12/src"

TRACE::2025-03-29.02:27:52::SCWBDomain::make -C ps7_cortexa9_0/libsrc/cpu_cortexa9_v2_12/src -s include  "SHELL=CMD" "COMPILER=arm-none-eabi-gcc" "ASSEMBLER=arm-none-e
TRACE::2025-03-29.02:27:52::SCWBDomain::abi-as" "ARCHIVER=arm-none-eabi-ar" "COMPILER_FLAGS=  -O2 -c" "EXTRA_COMPILER_FLAGS=-mcpu=cortex-a9 -mfpu=vfpv3 -mfloat-abi=har
TRACE::2025-03-29.02:27:52::SCWBDomain::d -nostartfiles -g -Wall -Wextra -fno-tree-loop-distribute-patterns"

TRACE::2025-03-29.02:27:52::SCWBDomain::"Running Make include in ps7_cortexa9_0/libsrc/ddrps_v1_2/src"

TRACE::2025-03-29.02:27:52::SCWBDomain::make -C ps7_cortexa9_0/libsrc/ddrps_v1_2/src -s include  "SHELL=CMD" "COMPILER=arm-none-eabi-gcc" "ASSEMBLER=arm-none-eabi-as" 
TRACE::2025-03-29.02:27:52::SCWBDomain::"ARCHIVER=arm-none-eabi-ar" "COMPILER_FLAGS=  -O2 -c" "EXTRA_COMPILER_FLAGS=-mcpu=cortex-a9 -mfpu=vfpv3 -mfloat-abi=hard -nosta
TRACE::2025-03-29.02:27:52::SCWBDomain::rtfiles -g -Wall -Wextra -fno-tree-loop-distribute-patterns"

TRACE::2025-03-29.02:27:52::SCWBDomain::"Running Make include in ps7_cortexa9_0/libsrc/devcfg_v3_8/src"

TRACE::2025-03-29.02:27:52::SCWBDomain::make -C ps7_cortexa9_0/libsrc/devcfg_v3_8/src -s include  "SHELL=CMD" "COMPILER=arm-none-eabi-gcc" "ASSEMBLER=arm-none-eabi-as"
TRACE::2025-03-29.02:27:52::SCWBDomain:: "ARCHIVER=arm-none-eabi-ar" "COMPILER_FLAGS=  -O2 -c" "EXTRA_COMPILER_FLAGS=-mcpu=cortex-a9 -mfpu=vfpv3 -mfloat-abi=hard -nost
TRACE::2025-03-29.02:27:52::SCWBDomain::artfiles -g -Wall -Wextra -fno-tree-loop-distribute-patterns"

TRACE::2025-03-29.02:27:52::SCWBDomain::"Running Make include in ps7_cortexa9_0/libsrc/dmaps_v2_10/src"

TRACE::2025-03-29.02:27:52::SCWBDomain::make -C ps7_cortexa9_0/libsrc/dmaps_v2_10/src -s include  "SHELL=CMD" "COMPILER=arm-none-eabi-gcc" "ASSEMBLER=arm-none-eabi-as"
TRACE::2025-03-29.02:27:52::SCWBDomain:: "ARCHIVER=arm-none-eabi-ar" "COMPILER_FLAGS=  -O2 -c" "EXTRA_COMPILER_FLAGS=-mcpu=cortex-a9 -mfpu=vfpv3 -mfloat-abi=hard -nost
TRACE::2025-03-29.02:27:52::SCWBDomain::artfiles -g -Wall -Wextra -fno-tree-loop-distribute-patterns"

TRACE::2025-03-29.02:27:52::SCWBDomain::"Running Make include in ps7_cortexa9_0/libsrc/emacps_v3_20/src"

TRACE::2025-03-29.02:27:52::SCWBDomain::make -C ps7_cortexa9_0/libsrc/emacps_v3_20/src -s include  "SHELL=CMD" "COMPILER=arm-none-eabi-gcc" "ASSEMBLER=arm-none-eabi-as
TRACE::2025-03-29.02:27:52::SCWBDomain::" "ARCHIVER=arm-none-eabi-ar" "COMPILER_FLAGS=  -O2 -c" "EXTRA_COMPILER_FLAGS=-mcpu=cortex-a9 -mfpu=vfpv3 -mfloat-abi=hard -nos
TRACE::2025-03-29.02:27:52::SCWBDomain::tartfiles -g -Wall -Wextra -fno-tree-loop-distribute-patterns"

TRACE::2025-03-29.02:27:52::SCWBDomain::"Running Make include in ps7_cortexa9_0/libsrc/gpiops_v3_13/src"

TRACE::2025-03-29.02:27:52::SCWBDomain::make -C ps7_cortexa9_0/libsrc/gpiops_v3_13/src -s include  "SHELL=CMD" "COMPILER=arm-none-eabi-gcc" "ASSEMBLER=arm-none-eabi-as
TRACE::2025-03-29.02:27:52::SCWBDomain::" "ARCHIVER=arm-none-eabi-ar" "COMPILER_FLAGS=  -O2 -c" "EXTRA_COMPILER_FLAGS=-mcpu=cortex-a9 -mfpu=vfpv3 -mfloat-abi=hard -nos
TRACE::2025-03-29.02:27:52::SCWBDomain::tartfiles -g -Wall -Wextra -fno-tree-loop-distribute-patterns"

TRACE::2025-03-29.02:27:53::SCWBDomain::"Running Make include in ps7_cortexa9_0/libsrc/qspips_v3_12/src"

TRACE::2025-03-29.02:27:53::SCWBDomain::make -C ps7_cortexa9_0/libsrc/qspips_v3_12/src -s include  "SHELL=CMD" "COMPILER=arm-none-eabi-gcc" "ASSEMBLER=arm-none-eabi-as
TRACE::2025-03-29.02:27:53::SCWBDomain::" "ARCHIVER=arm-none-eabi-ar" "COMPILER_FLAGS=  -O2 -c" "EXTRA_COMPILER_FLAGS=-mcpu=cortex-a9 -mfpu=vfpv3 -mfloat-abi=hard -nos
TRACE::2025-03-29.02:27:53::SCWBDomain::tartfiles -g -Wall -Wextra -fno-tree-loop-distribute-patterns"

TRACE::2025-03-29.02:27:53::SCWBDomain::"Running Make include in ps7_cortexa9_0/libsrc/scugic_v5_3/src"

TRACE::2025-03-29.02:27:53::SCWBDomain::make -C ps7_cortexa9_0/libsrc/scugic_v5_3/src -s include  "SHELL=CMD" "COMPILER=arm-none-eabi-gcc" "ASSEMBLER=arm-none-eabi-as"
TRACE::2025-03-29.02:27:53::SCWBDomain:: "ARCHIVER=arm-none-eabi-ar" "COMPILER_FLAGS=  -O2 -c" "EXTRA_COMPILER_FLAGS=-mcpu=cortex-a9 -mfpu=vfpv3 -mfloat-abi=hard -nost
TRACE::2025-03-29.02:27:53::SCWBDomain::artfiles -g -Wall -Wextra -fno-tree-loop-distribute-patterns"

TRACE::2025-03-29.02:27:53::SCWBDomain::"Running Make include in ps7_cortexa9_0/libsrc/scutimer_v2_6/src"

TRACE::2025-03-29.02:27:53::SCWBDomain::make -C ps7_cortexa9_0/libsrc/scutimer_v2_6/src -s include  "SHELL=CMD" "COMPILER=arm-none-eabi-gcc" "ASSEMBLER=arm-none-eabi-a
TRACE::2025-03-29.02:27:53::SCWBDomain::s" "ARCHIVER=arm-none-eabi-ar" "COMPILER_FLAGS=  -O2 -c" "EXTRA_COMPILER_FLAGS=-mcpu=cortex-a9 -mfpu=vfpv3 -mfloat-abi=hard -no
TRACE::2025-03-29.02:27:53::SCWBDomain::startfiles -g -Wall -Wextra -fno-tree-loop-distribute-patterns"

TRACE::2025-03-29.02:27:53::SCWBDomain::"Running Make include in ps7_cortexa9_0/libsrc/scuwdt_v2_5/src"

TRACE::2025-03-29.02:27:53::SCWBDomain::make -C ps7_cortexa9_0/libsrc/scuwdt_v2_5/src -s include  "SHELL=CMD" "COMPILER=arm-none-eabi-gcc" "ASSEMBLER=arm-none-eabi-as"
TRACE::2025-03-29.02:27:53::SCWBDomain:: "ARCHIVER=arm-none-eabi-ar" "COMPILER_FLAGS=  -O2 -c" "EXTRA_COMPILER_FLAGS=-mcpu=cortex-a9 -mfpu=vfpv3 -mfloat-abi=hard -nost
TRACE::2025-03-29.02:27:53::SCWBDomain::artfiles -g -Wall -Wextra -fno-tree-loop-distribute-patterns"

TRACE::2025-03-29.02:27:53::SCWBDomain::"Running Make include in ps7_cortexa9_0/libsrc/sdps_v4_3/src"

TRACE::2025-03-29.02:27:53::SCWBDomain::make -C ps7_cortexa9_0/libsrc/sdps_v4_3/src -s include  "SHELL=CMD" "COMPILER=arm-none-eabi-gcc" "ASSEMBLER=arm-none-eabi-as" "
TRACE::2025-03-29.02:27:53::SCWBDomain::ARCHIVER=arm-none-eabi-ar" "COMPILER_FLAGS=  -O2 -c" "EXTRA_COMPILER_FLAGS=-mcpu=cortex-a9 -mfpu=vfpv3 -mfloat-abi=hard -nostar
TRACE::2025-03-29.02:27:53::SCWBDomain::tfiles -g -Wall -Wextra -fno-tree-loop-distribute-patterns"

TRACE::2025-03-29.02:27:53::SCWBDomain::"Running Make include in ps7_cortexa9_0/libsrc/SpeedSensor_v1_0/src"

TRACE::2025-03-29.02:27:53::SCWBDomain::make -C ps7_cortexa9_0/libsrc/SpeedSensor_v1_0/src -s include  "SHELL=CMD" "COMPILER=arm-none-eabi-gcc" "ASSEMBLER=arm-none-eab
TRACE::2025-03-29.02:27:53::SCWBDomain::i-as" "ARCHIVER=arm-none-eabi-ar" "COMPILER_FLAGS=  -O2 -c" "EXTRA_COMPILER_FLAGS=-mcpu=cortex-a9 -mfpu=vfpv3 -mfloat-abi=hard 
TRACE::2025-03-29.02:27:53::SCWBDomain::-nostartfiles -g -Wall -Wextra -fno-tree-loop-distribute-patterns"

TRACE::2025-03-29.02:27:53::SCWBDomain::"Running Make include in ps7_cortexa9_0/libsrc/standalone_v9_1/src"

TRACE::2025-03-29.02:27:53::SCWBDomain::make -C ps7_cortexa9_0/libsrc/standalone_v9_1/src -s include  "SHELL=CMD" "COMPILER=arm-none-eabi-gcc" "ASSEMBLER=arm-none-eabi
TRACE::2025-03-29.02:27:53::SCWBDomain::-as" "ARCHIVER=arm-none-eabi-ar" "COMPILER_FLAGS=  -O2 -c" "EXTRA_COMPILER_FLAGS=-mcpu=cortex-a9 -mfpu=vfpv3 -mfloat-abi=hard -
TRACE::2025-03-29.02:27:53::SCWBDomain::nostartfiles -g -Wall -Wextra -fno-tree-loop-distribute-patterns"

TRACE::2025-03-29.02:27:53::SCWBDomain::"Running Make include in ps7_cortexa9_0/libsrc/tmrctr_v4_12/src"

TRACE::2025-03-29.02:27:53::SCWBDomain::make -C ps7_cortexa9_0/libsrc/tmrctr_v4_12/src -s include  "SHELL=CMD" "COMPILER=arm-none-eabi-gcc" "ASSEMBLER=arm-none-eabi-as
TRACE::2025-03-29.02:27:53::SCWBDomain::" "ARCHIVER=arm-none-eabi-ar" "COMPILER_FLAGS=  -O2 -c" "EXTRA_COMPILER_FLAGS=-mcpu=cortex-a9 -mfpu=vfpv3 -mfloat-abi=hard -nos
TRACE::2025-03-29.02:27:53::SCWBDomain::tartfiles -g -Wall -Wextra -fno-tree-loop-distribute-patterns"

TRACE::2025-03-29.02:27:54::SCWBDomain::"Running Make include in ps7_cortexa9_0/libsrc/uartps_v3_14/src"

TRACE::2025-03-29.02:27:54::SCWBDomain::make -C ps7_cortexa9_0/libsrc/uartps_v3_14/src -s include  "SHELL=CMD" "COMPILER=arm-none-eabi-gcc" "ASSEMBLER=arm-none-eabi-as
TRACE::2025-03-29.02:27:54::SCWBDomain::" "ARCHIVER=arm-none-eabi-ar" "COMPILER_FLAGS=  -O2 -c" "EXTRA_COMPILER_FLAGS=-mcpu=cortex-a9 -mfpu=vfpv3 -mfloat-abi=hard -nos
TRACE::2025-03-29.02:27:54::SCWBDomain::tartfiles -g -Wall -Wextra -fno-tree-loop-distribute-patterns"

TRACE::2025-03-29.02:27:54::SCWBDomain::"Running Make include in ps7_cortexa9_0/libsrc/usbps_v2_9/src"

TRACE::2025-03-29.02:27:54::SCWBDomain::make -C ps7_cortexa9_0/libsrc/usbps_v2_9/src -s include  "SHELL=CMD" "COMPILER=arm-none-eabi-gcc" "ASSEMBLER=arm-none-eabi-as" 
TRACE::2025-03-29.02:27:54::SCWBDomain::"ARCHIVER=arm-none-eabi-ar" "COMPILER_FLAGS=  -O2 -c" "EXTRA_COMPILER_FLAGS=-mcpu=cortex-a9 -mfpu=vfpv3 -mfloat-abi=hard -nosta
TRACE::2025-03-29.02:27:54::SCWBDomain::rtfiles -g -Wall -Wextra -fno-tree-loop-distribute-patterns"

TRACE::2025-03-29.02:27:54::SCWBDomain::"Running Make include in ps7_cortexa9_0/libsrc/xadcps_v2_7/src"

TRACE::2025-03-29.02:27:54::SCWBDomain::make -C ps7_cortexa9_0/libsrc/xadcps_v2_7/src -s include  "SHELL=CMD" "COMPILER=arm-none-eabi-gcc" "ASSEMBLER=arm-none-eabi-as"
TRACE::2025-03-29.02:27:54::SCWBDomain:: "ARCHIVER=arm-none-eabi-ar" "COMPILER_FLAGS=  -O2 -c" "EXTRA_COMPILER_FLAGS=-mcpu=cortex-a9 -mfpu=vfpv3 -mfloat-abi=hard -nost
TRACE::2025-03-29.02:27:54::SCWBDomain::artfiles -g -Wall -Wextra -fno-tree-loop-distribute-patterns"

TRACE::2025-03-29.02:27:54::SCWBDomain::"Running Make include in ps7_cortexa9_0/libsrc/xilffs_v5_2/src"

TRACE::2025-03-29.02:27:54::SCWBDomain::make -C ps7_cortexa9_0/libsrc/xilffs_v5_2/src -s include  "SHELL=CMD" "COMPILER=arm-none-eabi-gcc" "ASSEMBLER=arm-none-eabi-as"
TRACE::2025-03-29.02:27:54::SCWBDomain:: "ARCHIVER=arm-none-eabi-ar" "COMPILER_FLAGS=  -O2 -c" "EXTRA_COMPILER_FLAGS=-mcpu=cortex-a9 -mfpu=vfpv3 -mfloat-abi=hard -nost
TRACE::2025-03-29.02:27:54::SCWBDomain::artfiles -g -Wall -Wextra -fno-tree-loop-distribute-patterns"

TRACE::2025-03-29.02:27:54::SCWBDomain::"Running Make include in ps7_cortexa9_0/libsrc/xilrsa_v1_8/src"

TRACE::2025-03-29.02:27:54::SCWBDomain::make -C ps7_cortexa9_0/libsrc/xilrsa_v1_8/src -s include  "SHELL=CMD" "COMPILER=arm-none-eabi-gcc" "ASSEMBLER=arm-none-eabi-as"
TRACE::2025-03-29.02:27:54::SCWBDomain:: "ARCHIVER=arm-none-eabi-ar" "COMPILER_FLAGS=  -O2 -c" "EXTRA_COMPILER_FLAGS=-mcpu=cortex-a9 -mfpu=vfpv3 -mfloat-abi=hard -nost
TRACE::2025-03-29.02:27:54::SCWBDomain::artfiles -g -Wall -Wextra -fno-tree-loop-distribute-patterns"

TRACE::2025-03-29.02:27:54::SCWBDomain::"Running Make libs in ps7_cortexa9_0/libsrc/SpeedSensor_v1_0/src"

TRACE::2025-03-29.02:27:54::SCWBDomain::make -C ps7_cortexa9_0/libsrc/SpeedSensor_v1_0/src -s libs  "SHELL=CMD" "COMPILER=arm-none-eabi-gcc" "ASSEMBLER=arm-none-eabi-a
TRACE::2025-03-29.02:27:54::SCWBDomain::s" "ARCHIVER=arm-none-eabi-ar" "COMPILER_FLAGS=  -O2 -c" "EXTRA_COMPILER_FLAGS=-mcpu=cortex-a9 -mfpu=vfpv3 -mfloat-abi=hard -no
TRACE::2025-03-29.02:27:54::SCWBDomain::startfiles -g -Wall -Wextra -fno-tree-loop-distribute-patterns"

TRACE::2025-03-29.02:27:54::SCWBDomain::"Compiling SpeedSensor..."

TRACE::2025-03-29.02:27:54::SCWBDomain::make: Leaving directory 'C:/devWorks/SS_MC_SOC/Vitis/Speed_sensor_Motor_control/zynq_fsbl/zynq_fsbl_bsp'

TRACE::2025-03-29.02:27:54::SCWBDomain::make -C zynq_fsbl_bsp

TRACE::2025-03-29.02:27:54::SCWBDomain::make[1]: Entering directory 'C:/devWorks/SS_MC_SOC/Vitis/Speed_sensor_Motor_control/zynq_fsbl/zynq_fsbl_bsp'

TRACE::2025-03-29.02:27:54::SCWBDomain::make --no-print-directory seq_libs

TRACE::2025-03-29.02:27:54::SCWBDomain::"Running Make include in ps7_cortexa9_0/libsrc/coresightps_dcc_v1_10/src"

TRACE::2025-03-29.02:27:54::SCWBDomain::make -C ps7_cortexa9_0/libsrc/coresightps_dcc_v1_10/src -s include  "SHELL=CMD" "COMPILER=arm-none-eabi-gcc" "ASSEMBLER=arm-non
TRACE::2025-03-29.02:27:54::SCWBDomain::e-eabi-as" "ARCHIVER=arm-none-eabi-ar" "COMPILER_FLAGS=  -O2 -c" "EXTRA_COMPILER_FLAGS=-mcpu=cortex-a9 -mfpu=vfpv3 -mfloat-abi=
TRACE::2025-03-29.02:27:54::SCWBDomain::hard -nostartfiles -g -Wall -Wextra -fno-tree-loop-distribute-patterns"

TRACE::2025-03-29.02:27:55::SCWBDomain::"Running Make include in ps7_cortexa9_0/libsrc/cpu_cortexa9_v2_12/src"

TRACE::2025-03-29.02:27:55::SCWBDomain::make -C ps7_cortexa9_0/libsrc/cpu_cortexa9_v2_12/src -s include  "SHELL=CMD" "COMPILER=arm-none-eabi-gcc" "ASSEMBLER=arm-none-e
TRACE::2025-03-29.02:27:55::SCWBDomain::abi-as" "ARCHIVER=arm-none-eabi-ar" "COMPILER_FLAGS=  -O2 -c" "EXTRA_COMPILER_FLAGS=-mcpu=cortex-a9 -mfpu=vfpv3 -mfloat-abi=har
TRACE::2025-03-29.02:27:55::SCWBDomain::d -nostartfiles -g -Wall -Wextra -fno-tree-loop-distribute-patterns"

TRACE::2025-03-29.02:27:55::SCWBDomain::"Running Make include in ps7_cortexa9_0/libsrc/ddrps_v1_2/src"

TRACE::2025-03-29.02:27:55::SCWBDomain::make -C ps7_cortexa9_0/libsrc/ddrps_v1_2/src -s include  "SHELL=CMD" "COMPILER=arm-none-eabi-gcc" "ASSEMBLER=arm-none-eabi-as" 
TRACE::2025-03-29.02:27:55::SCWBDomain::"ARCHIVER=arm-none-eabi-ar" "COMPILER_FLAGS=  -O2 -c" "EXTRA_COMPILER_FLAGS=-mcpu=cortex-a9 -mfpu=vfpv3 -mfloat-abi=hard -nosta
TRACE::2025-03-29.02:27:55::SCWBDomain::rtfiles -g -Wall -Wextra -fno-tree-loop-distribute-patterns"

TRACE::2025-03-29.02:27:55::SCWBDomain::"Running Make include in ps7_cortexa9_0/libsrc/devcfg_v3_8/src"

TRACE::2025-03-29.02:27:55::SCWBDomain::make -C ps7_cortexa9_0/libsrc/devcfg_v3_8/src -s include  "SHELL=CMD" "COMPILER=arm-none-eabi-gcc" "ASSEMBLER=arm-none-eabi-as"
TRACE::2025-03-29.02:27:55::SCWBDomain:: "ARCHIVER=arm-none-eabi-ar" "COMPILER_FLAGS=  -O2 -c" "EXTRA_COMPILER_FLAGS=-mcpu=cortex-a9 -mfpu=vfpv3 -mfloat-abi=hard -nost
TRACE::2025-03-29.02:27:55::SCWBDomain::artfiles -g -Wall -Wextra -fno-tree-loop-distribute-patterns"

TRACE::2025-03-29.02:27:55::SCWBDomain::"Running Make include in ps7_cortexa9_0/libsrc/dmaps_v2_10/src"

TRACE::2025-03-29.02:27:55::SCWBDomain::make -C ps7_cortexa9_0/libsrc/dmaps_v2_10/src -s include  "SHELL=CMD" "COMPILER=arm-none-eabi-gcc" "ASSEMBLER=arm-none-eabi-as"
TRACE::2025-03-29.02:27:55::SCWBDomain:: "ARCHIVER=arm-none-eabi-ar" "COMPILER_FLAGS=  -O2 -c" "EXTRA_COMPILER_FLAGS=-mcpu=cortex-a9 -mfpu=vfpv3 -mfloat-abi=hard -nost
TRACE::2025-03-29.02:27:55::SCWBDomain::artfiles -g -Wall -Wextra -fno-tree-loop-distribute-patterns"

TRACE::2025-03-29.02:27:55::SCWBDomain::"Running Make include in ps7_cortexa9_0/libsrc/emacps_v3_20/src"

TRACE::2025-03-29.02:27:55::SCWBDomain::make -C ps7_cortexa9_0/libsrc/emacps_v3_20/src -s include  "SHELL=CMD" "COMPILER=arm-none-eabi-gcc" "ASSEMBLER=arm-none-eabi-as
TRACE::2025-03-29.02:27:55::SCWBDomain::" "ARCHIVER=arm-none-eabi-ar" "COMPILER_FLAGS=  -O2 -c" "EXTRA_COMPILER_FLAGS=-mcpu=cortex-a9 -mfpu=vfpv3 -mfloat-abi=hard -nos
TRACE::2025-03-29.02:27:55::SCWBDomain::tartfiles -g -Wall -Wextra -fno-tree-loop-distribute-patterns"

TRACE::2025-03-29.02:27:55::SCWBDomain::"Running Make include in ps7_cortexa9_0/libsrc/gpiops_v3_13/src"

TRACE::2025-03-29.02:27:55::SCWBDomain::make -C ps7_cortexa9_0/libsrc/gpiops_v3_13/src -s include  "SHELL=CMD" "COMPILER=arm-none-eabi-gcc" "ASSEMBLER=arm-none-eabi-as
TRACE::2025-03-29.02:27:55::SCWBDomain::" "ARCHIVER=arm-none-eabi-ar" "COMPILER_FLAGS=  -O2 -c" "EXTRA_COMPILER_FLAGS=-mcpu=cortex-a9 -mfpu=vfpv3 -mfloat-abi=hard -nos
TRACE::2025-03-29.02:27:55::SCWBDomain::tartfiles -g -Wall -Wextra -fno-tree-loop-distribute-patterns"

TRACE::2025-03-29.02:27:55::SCWBDomain::"Running Make include in ps7_cortexa9_0/libsrc/qspips_v3_12/src"

TRACE::2025-03-29.02:27:55::SCWBDomain::make -C ps7_cortexa9_0/libsrc/qspips_v3_12/src -s include  "SHELL=CMD" "COMPILER=arm-none-eabi-gcc" "ASSEMBLER=arm-none-eabi-as
TRACE::2025-03-29.02:27:55::SCWBDomain::" "ARCHIVER=arm-none-eabi-ar" "COMPILER_FLAGS=  -O2 -c" "EXTRA_COMPILER_FLAGS=-mcpu=cortex-a9 -mfpu=vfpv3 -mfloat-abi=hard -nos
TRACE::2025-03-29.02:27:55::SCWBDomain::tartfiles -g -Wall -Wextra -fno-tree-loop-distribute-patterns"

TRACE::2025-03-29.02:27:55::SCWBDomain::"Running Make include in ps7_cortexa9_0/libsrc/scugic_v5_3/src"

TRACE::2025-03-29.02:27:55::SCWBDomain::make -C ps7_cortexa9_0/libsrc/scugic_v5_3/src -s include  "SHELL=CMD" "COMPILER=arm-none-eabi-gcc" "ASSEMBLER=arm-none-eabi-as"
TRACE::2025-03-29.02:27:55::SCWBDomain:: "ARCHIVER=arm-none-eabi-ar" "COMPILER_FLAGS=  -O2 -c" "EXTRA_COMPILER_FLAGS=-mcpu=cortex-a9 -mfpu=vfpv3 -mfloat-abi=hard -nost
TRACE::2025-03-29.02:27:55::SCWBDomain::artfiles -g -Wall -Wextra -fno-tree-loop-distribute-patterns"

TRACE::2025-03-29.02:27:55::SCWBDomain::"Running Make include in ps7_cortexa9_0/libsrc/scutimer_v2_6/src"

TRACE::2025-03-29.02:27:55::SCWBDomain::make -C ps7_cortexa9_0/libsrc/scutimer_v2_6/src -s include  "SHELL=CMD" "COMPILER=arm-none-eabi-gcc" "ASSEMBLER=arm-none-eabi-a
TRACE::2025-03-29.02:27:55::SCWBDomain::s" "ARCHIVER=arm-none-eabi-ar" "COMPILER_FLAGS=  -O2 -c" "EXTRA_COMPILER_FLAGS=-mcpu=cortex-a9 -mfpu=vfpv3 -mfloat-abi=hard -no
TRACE::2025-03-29.02:27:55::SCWBDomain::startfiles -g -Wall -Wextra -fno-tree-loop-distribute-patterns"

TRACE::2025-03-29.02:27:55::SCWBDomain::"Running Make include in ps7_cortexa9_0/libsrc/scuwdt_v2_5/src"

TRACE::2025-03-29.02:27:55::SCWBDomain::make -C ps7_cortexa9_0/libsrc/scuwdt_v2_5/src -s include  "SHELL=CMD" "COMPILER=arm-none-eabi-gcc" "ASSEMBLER=arm-none-eabi-as"
TRACE::2025-03-29.02:27:55::SCWBDomain:: "ARCHIVER=arm-none-eabi-ar" "COMPILER_FLAGS=  -O2 -c" "EXTRA_COMPILER_FLAGS=-mcpu=cortex-a9 -mfpu=vfpv3 -mfloat-abi=hard -nost
TRACE::2025-03-29.02:27:55::SCWBDomain::artfiles -g -Wall -Wextra -fno-tree-loop-distribute-patterns"

TRACE::2025-03-29.02:27:55::SCWBDomain::"Running Make include in ps7_cortexa9_0/libsrc/sdps_v4_3/src"

TRACE::2025-03-29.02:27:55::SCWBDomain::make -C ps7_cortexa9_0/libsrc/sdps_v4_3/src -s include  "SHELL=CMD" "COMPILER=arm-none-eabi-gcc" "ASSEMBLER=arm-none-eabi-as" "
TRACE::2025-03-29.02:27:55::SCWBDomain::ARCHIVER=arm-none-eabi-ar" "COMPILER_FLAGS=  -O2 -c" "EXTRA_COMPILER_FLAGS=-mcpu=cortex-a9 -mfpu=vfpv3 -mfloat-abi=hard -nostar
TRACE::2025-03-29.02:27:55::SCWBDomain::tfiles -g -Wall -Wextra -fno-tree-loop-distribute-patterns"

TRACE::2025-03-29.02:27:56::SCWBDomain::"Running Make include in ps7_cortexa9_0/libsrc/SpeedSensor_v1_0/src"

TRACE::2025-03-29.02:27:56::SCWBDomain::make -C ps7_cortexa9_0/libsrc/SpeedSensor_v1_0/src -s include  "SHELL=CMD" "COMPILER=arm-none-eabi-gcc" "ASSEMBLER=arm-none-eab
TRACE::2025-03-29.02:27:56::SCWBDomain::i-as" "ARCHIVER=arm-none-eabi-ar" "COMPILER_FLAGS=  -O2 -c" "EXTRA_COMPILER_FLAGS=-mcpu=cortex-a9 -mfpu=vfpv3 -mfloat-abi=hard 
TRACE::2025-03-29.02:27:56::SCWBDomain::-nostartfiles -g -Wall -Wextra -fno-tree-loop-distribute-patterns"

TRACE::2025-03-29.02:27:56::SCWBDomain::"Running Make include in ps7_cortexa9_0/libsrc/standalone_v9_1/src"

TRACE::2025-03-29.02:27:56::SCWBDomain::make -C ps7_cortexa9_0/libsrc/standalone_v9_1/src -s include  "SHELL=CMD" "COMPILER=arm-none-eabi-gcc" "ASSEMBLER=arm-none-eabi
TRACE::2025-03-29.02:27:56::SCWBDomain::-as" "ARCHIVER=arm-none-eabi-ar" "COMPILER_FLAGS=  -O2 -c" "EXTRA_COMPILER_FLAGS=-mcpu=cortex-a9 -mfpu=vfpv3 -mfloat-abi=hard -
TRACE::2025-03-29.02:27:56::SCWBDomain::nostartfiles -g -Wall -Wextra -fno-tree-loop-distribute-patterns"

TRACE::2025-03-29.02:27:56::SCWBDomain::"Running Make include in ps7_cortexa9_0/libsrc/tmrctr_v4_12/src"

TRACE::2025-03-29.02:27:56::SCWBDomain::make -C ps7_cortexa9_0/libsrc/tmrctr_v4_12/src -s include  "SHELL=CMD" "COMPILER=arm-none-eabi-gcc" "ASSEMBLER=arm-none-eabi-as
TRACE::2025-03-29.02:27:56::SCWBDomain::" "ARCHIVER=arm-none-eabi-ar" "COMPILER_FLAGS=  -O2 -c" "EXTRA_COMPILER_FLAGS=-mcpu=cortex-a9 -mfpu=vfpv3 -mfloat-abi=hard -nos
TRACE::2025-03-29.02:27:56::SCWBDomain::tartfiles -g -Wall -Wextra -fno-tree-loop-distribute-patterns"

TRACE::2025-03-29.02:27:56::SCWBDomain::"Running Make include in ps7_cortexa9_0/libsrc/uartps_v3_14/src"

TRACE::2025-03-29.02:27:56::SCWBDomain::make -C ps7_cortexa9_0/libsrc/uartps_v3_14/src -s include  "SHELL=CMD" "COMPILER=arm-none-eabi-gcc" "ASSEMBLER=arm-none-eabi-as
TRACE::2025-03-29.02:27:56::SCWBDomain::" "ARCHIVER=arm-none-eabi-ar" "COMPILER_FLAGS=  -O2 -c" "EXTRA_COMPILER_FLAGS=-mcpu=cortex-a9 -mfpu=vfpv3 -mfloat-abi=hard -nos
TRACE::2025-03-29.02:27:56::SCWBDomain::tartfiles -g -Wall -Wextra -fno-tree-loop-distribute-patterns"

TRACE::2025-03-29.02:27:56::SCWBDomain::"Running Make include in ps7_cortexa9_0/libsrc/usbps_v2_9/src"

TRACE::2025-03-29.02:27:56::SCWBDomain::make -C ps7_cortexa9_0/libsrc/usbps_v2_9/src -s include  "SHELL=CMD" "COMPILER=arm-none-eabi-gcc" "ASSEMBLER=arm-none-eabi-as" 
TRACE::2025-03-29.02:27:56::SCWBDomain::"ARCHIVER=arm-none-eabi-ar" "COMPILER_FLAGS=  -O2 -c" "EXTRA_COMPILER_FLAGS=-mcpu=cortex-a9 -mfpu=vfpv3 -mfloat-abi=hard -nosta
TRACE::2025-03-29.02:27:56::SCWBDomain::rtfiles -g -Wall -Wextra -fno-tree-loop-distribute-patterns"

TRACE::2025-03-29.02:27:56::SCWBDomain::"Running Make include in ps7_cortexa9_0/libsrc/xadcps_v2_7/src"

TRACE::2025-03-29.02:27:56::SCWBDomain::make -C ps7_cortexa9_0/libsrc/xadcps_v2_7/src -s include  "SHELL=CMD" "COMPILER=arm-none-eabi-gcc" "ASSEMBLER=arm-none-eabi-as"
TRACE::2025-03-29.02:27:56::SCWBDomain:: "ARCHIVER=arm-none-eabi-ar" "COMPILER_FLAGS=  -O2 -c" "EXTRA_COMPILER_FLAGS=-mcpu=cortex-a9 -mfpu=vfpv3 -mfloat-abi=hard -nost
TRACE::2025-03-29.02:27:56::SCWBDomain::artfiles -g -Wall -Wextra -fno-tree-loop-distribute-patterns"

TRACE::2025-03-29.02:27:56::SCWBDomain::"Running Make include in ps7_cortexa9_0/libsrc/xilffs_v5_2/src"

TRACE::2025-03-29.02:27:56::SCWBDomain::make -C ps7_cortexa9_0/libsrc/xilffs_v5_2/src -s include  "SHELL=CMD" "COMPILER=arm-none-eabi-gcc" "ASSEMBLER=arm-none-eabi-as"
TRACE::2025-03-29.02:27:56::SCWBDomain:: "ARCHIVER=arm-none-eabi-ar" "COMPILER_FLAGS=  -O2 -c" "EXTRA_COMPILER_FLAGS=-mcpu=cortex-a9 -mfpu=vfpv3 -mfloat-abi=hard -nost
TRACE::2025-03-29.02:27:56::SCWBDomain::artfiles -g -Wall -Wextra -fno-tree-loop-distribute-patterns"

TRACE::2025-03-29.02:27:56::SCWBDomain::"Running Make include in ps7_cortexa9_0/libsrc/xilrsa_v1_8/src"

TRACE::2025-03-29.02:27:56::SCWBDomain::make -C ps7_cortexa9_0/libsrc/xilrsa_v1_8/src -s include  "SHELL=CMD" "COMPILER=arm-none-eabi-gcc" "ASSEMBLER=arm-none-eabi-as"
TRACE::2025-03-29.02:27:56::SCWBDomain:: "ARCHIVER=arm-none-eabi-ar" "COMPILER_FLAGS=  -O2 -c" "EXTRA_COMPILER_FLAGS=-mcpu=cortex-a9 -mfpu=vfpv3 -mfloat-abi=hard -nost
TRACE::2025-03-29.02:27:56::SCWBDomain::artfiles -g -Wall -Wextra -fno-tree-loop-distribute-patterns"

TRACE::2025-03-29.02:27:57::SCWBDomain::"Running Make libs in ps7_cortexa9_0/libsrc/SpeedSensor_v1_0/src"

TRACE::2025-03-29.02:27:57::SCWBDomain::make -C ps7_cortexa9_0/libsrc/SpeedSensor_v1_0/src -s libs  "SHELL=CMD" "COMPILER=arm-none-eabi-gcc" "ASSEMBLER=arm-none-eabi-a
TRACE::2025-03-29.02:27:57::SCWBDomain::s" "ARCHIVER=arm-none-eabi-ar" "COMPILER_FLAGS=  -O2 -c" "EXTRA_COMPILER_FLAGS=-mcpu=cortex-a9 -mfpu=vfpv3 -mfloat-abi=hard -no
TRACE::2025-03-29.02:27:57::SCWBDomain::startfiles -g -Wall -Wextra -fno-tree-loop-distribute-patterns"

TRACE::2025-03-29.02:27:57::SCWBDomain::"Compiling SpeedSensor..."

TRACE::2025-03-29.02:27:57::SCWBDomain::make[1]: Leaving directory 'C:/devWorks/SS_MC_SOC/Vitis/Speed_sensor_Motor_control/zynq_fsbl/zynq_fsbl_bsp'

ERROR::2025-03-29.02:27:57::SCWBDomain::Failed to build the  zynq_fsbl application.
LOG::2025-03-29.02:27:57::SCWSystem::Checking the domain standalone_ps7_cortexa9_0
LOG::2025-03-29.02:27:57::SCWSystem::Not a boot domain 
LOG::2025-03-29.02:27:57::SCWSystem::Started Processing the domain standalone_ps7_cortexa9_0
TRACE::2025-03-29.02:27:57::SCWDomain::Generating domain artifcats
TRACE::2025-03-29.02:27:57::SCWMssOS::Generating standalone artifcats
TRACE::2025-03-29.02:27:57::SCWMssOS::Copying the qemu file from  C:/devWorks/SS_MC_SOC/Vitis/Speed_sensor_Motor_control/resources/Speed_sensor_Motor_control/standalone_ps7_cortexa9_0/qemu_args.txt To C:/devWorks/SS_MC_SOC/Vitis/Speed_sensor_Motor_control/export/Speed_sensor_Motor_control/sw/Speed_sensor_Motor_control/standalone_ps7_cortexa9_0/qemu/
TRACE::2025-03-29.02:27:57::SCWMssOS:: Copying the user libraries. 
TRACE::2025-03-29.02:27:57::SCWPlatform::Trying to open the hw design at C:/devWorks/SS_MC_SOC/Vitis/Speed_sensor_Motor_control/hw/Speed_sensor_Motor_control.xsa
TRACE::2025-03-29.02:27:57::SCWPlatform::DSA given C:/devWorks/SS_MC_SOC/Vitis/Speed_sensor_Motor_control/hw/Speed_sensor_Motor_control.xsa
TRACE::2025-03-29.02:27:57::SCWPlatform::DSA absoulate path C:/devWorks/SS_MC_SOC/Vitis/Speed_sensor_Motor_control/hw/Speed_sensor_Motor_control.xsa
TRACE::2025-03-29.02:27:57::SCWPlatform::DSA directory C:/devWorks/SS_MC_SOC/Vitis/Speed_sensor_Motor_control/hw
TRACE::2025-03-29.02:27:57::SCWPlatform:: Platform Path C:/devWorks/SS_MC_SOC/Vitis/Speed_sensor_Motor_control/hw/Speed_sensor_Motor_control.xsa
TRACE::2025-03-29.02:27:57::SCWPlatform:: Unique name xilinx:pynq-z2::0.0
TRACE::2025-03-29.02:27:57::SCWPlatform::Trying to set the existing hwdb with name design_1_wrapper_0
TRACE::2025-03-29.02:27:57::SCWPlatform::Opened existing hwdb design_1_wrapper_0
TRACE::2025-03-29.02:27:57::SCWPlatform::Found the Hw Db part of the input DSA
TRACE::2025-03-29.02:27:57::SCWMssOS::Checking the sw design at  C:/devWorks/SS_MC_SOC/Vitis/Speed_sensor_Motor_control/ps7_cortexa9_0/standalone_ps7_cortexa9_0/bsp/system.mss
TRACE::2025-03-29.02:27:57::SCWMssOS::DEBUG:  swdes dump  C:/devWorks/SS_MC_SOC/Vitis/Speed_sensor_Motor_control/ps7_cortexa9_0/standalone_ps7_cortexa9_0/bsp/system.mss|system_0||
C:/devWorks/SS_MC_SOC/Vitis/Speed_sensor_Motor_control/zynq_fsbl/zynq_fsbl_bsp/system.mss|system||

TRACE::2025-03-29.02:27:57::SCWMssOS::Sw design exists and opened at  C:/devWorks/SS_MC_SOC/Vitis/Speed_sensor_Motor_control/ps7_cortexa9_0/standalone_ps7_cortexa9_0/bsp/system.mss
TRACE::2025-03-29.02:27:57::SCWMssOS::Completed writing the mss file at C:/devWorks/SS_MC_SOC/Vitis/Speed_sensor_Motor_control/ps7_cortexa9_0/standalone_ps7_cortexa9_0/bsp
TRACE::2025-03-29.02:27:57::SCWMssOS::Mss edits present, copying mssfile into export location C:/devWorks/SS_MC_SOC/Vitis/Speed_sensor_Motor_control/ps7_cortexa9_0/standalone_ps7_cortexa9_0/bsp/system.mss
TRACE::2025-03-29.02:27:57::SCWMssOS::bsp generated is upto date with the mss file. Skipping bsp generation.
TRACE::2025-03-29.02:27:57::SCWMssOS::BSP is already built. skipping the bsp build ... 
TRACE::2025-03-29.02:27:57::SCWDomain::Building the domain as part of full build :  standalone_ps7_cortexa9_0
TRACE::2025-03-29.02:27:57::SCWMssOS::doing bsp build ... 
TRACE::2025-03-29.02:27:57::SCWMssOS::System Command Ran  C: & cd  C:/devWorks/SS_MC_SOC/Vitis/Speed_sensor_Motor_control/ps7_cortexa9_0/standalone_ps7_cortexa9_0/bsp & make 
TRACE::2025-03-29.02:27:57::SCWMssOS::make --no-print-directory seq_libs

TRACE::2025-03-29.02:27:57::SCWMssOS::"Running Make include in ps7_cortexa9_0/libsrc/coresightps_dcc_v1_10/src"

TRACE::2025-03-29.02:27:57::SCWMssOS::make -C ps7_cortexa9_0/libsrc/coresightps_dcc_v1_10/src -s include  "SHELL=CMD" "COMPILER=arm-none-eabi-gcc" "ASSEMBLER=arm-non
TRACE::2025-03-29.02:27:57::SCWMssOS::e-eabi-as" "ARCHIVER=arm-none-eabi-ar" "COMPILER_FLAGS=  -O2 -c" "EXTRA_COMPILER_FLAGS=-mcpu=cortex-a9 -mfpu=vfpv3 -mfloat-abi=
TRACE::2025-03-29.02:27:57::SCWMssOS::hard -nostartfiles -g -Wall -Wextra -fno-tree-loop-distribute-patterns"

TRACE::2025-03-29.02:27:57::SCWMssOS::"Running Make include in ps7_cortexa9_0/libsrc/cpu_cortexa9_v2_12/src"

TRACE::2025-03-29.02:27:57::SCWMssOS::make -C ps7_cortexa9_0/libsrc/cpu_cortexa9_v2_12/src -s include  "SHELL=CMD" "COMPILER=arm-none-eabi-gcc" "ASSEMBLER=arm-none-e
TRACE::2025-03-29.02:27:57::SCWMssOS::abi-as" "ARCHIVER=arm-none-eabi-ar" "COMPILER_FLAGS=  -O2 -c" "EXTRA_COMPILER_FLAGS=-mcpu=cortex-a9 -mfpu=vfpv3 -mfloat-abi=har
TRACE::2025-03-29.02:27:57::SCWMssOS::d -nostartfiles -g -Wall -Wextra -fno-tree-loop-distribute-patterns"

TRACE::2025-03-29.02:27:57::SCWMssOS::"Running Make include in ps7_cortexa9_0/libsrc/ddrps_v1_2/src"

TRACE::2025-03-29.02:27:57::SCWMssOS::make -C ps7_cortexa9_0/libsrc/ddrps_v1_2/src -s include  "SHELL=CMD" "COMPILER=arm-none-eabi-gcc" "ASSEMBLER=arm-none-eabi-as" 
TRACE::2025-03-29.02:27:57::SCWMssOS::"ARCHIVER=arm-none-eabi-ar" "COMPILER_FLAGS=  -O2 -c" "EXTRA_COMPILER_FLAGS=-mcpu=cortex-a9 -mfpu=vfpv3 -mfloat-abi=hard -nosta
TRACE::2025-03-29.02:27:57::SCWMssOS::rtfiles -g -Wall -Wextra -fno-tree-loop-distribute-patterns"

TRACE::2025-03-29.02:27:57::SCWMssOS::"Running Make include in ps7_cortexa9_0/libsrc/devcfg_v3_8/src"

TRACE::2025-03-29.02:27:57::SCWMssOS::make -C ps7_cortexa9_0/libsrc/devcfg_v3_8/src -s include  "SHELL=CMD" "COMPILER=arm-none-eabi-gcc" "ASSEMBLER=arm-none-eabi-as"
TRACE::2025-03-29.02:27:57::SCWMssOS:: "ARCHIVER=arm-none-eabi-ar" "COMPILER_FLAGS=  -O2 -c" "EXTRA_COMPILER_FLAGS=-mcpu=cortex-a9 -mfpu=vfpv3 -mfloat-abi=hard -nost
TRACE::2025-03-29.02:27:57::SCWMssOS::artfiles -g -Wall -Wextra -fno-tree-loop-distribute-patterns"

TRACE::2025-03-29.02:27:57::SCWMssOS::"Running Make include in ps7_cortexa9_0/libsrc/dmaps_v2_10/src"

TRACE::2025-03-29.02:27:57::SCWMssOS::make -C ps7_cortexa9_0/libsrc/dmaps_v2_10/src -s include  "SHELL=CMD" "COMPILER=arm-none-eabi-gcc" "ASSEMBLER=arm-none-eabi-as"
TRACE::2025-03-29.02:27:57::SCWMssOS:: "ARCHIVER=arm-none-eabi-ar" "COMPILER_FLAGS=  -O2 -c" "EXTRA_COMPILER_FLAGS=-mcpu=cortex-a9 -mfpu=vfpv3 -mfloat-abi=hard -nost
TRACE::2025-03-29.02:27:57::SCWMssOS::artfiles -g -Wall -Wextra -fno-tree-loop-distribute-patterns"

TRACE::2025-03-29.02:27:57::SCWMssOS::"Running Make include in ps7_cortexa9_0/libsrc/emacps_v3_20/src"

TRACE::2025-03-29.02:27:57::SCWMssOS::make -C ps7_cortexa9_0/libsrc/emacps_v3_20/src -s include  "SHELL=CMD" "COMPILER=arm-none-eabi-gcc" "ASSEMBLER=arm-none-eabi-as
TRACE::2025-03-29.02:27:57::SCWMssOS::" "ARCHIVER=arm-none-eabi-ar" "COMPILER_FLAGS=  -O2 -c" "EXTRA_COMPILER_FLAGS=-mcpu=cortex-a9 -mfpu=vfpv3 -mfloat-abi=hard -nos
TRACE::2025-03-29.02:27:57::SCWMssOS::tartfiles -g -Wall -Wextra -fno-tree-loop-distribute-patterns"

TRACE::2025-03-29.02:27:57::SCWMssOS::"Running Make include in ps7_cortexa9_0/libsrc/gpiops_v3_13/src"

TRACE::2025-03-29.02:27:57::SCWMssOS::make -C ps7_cortexa9_0/libsrc/gpiops_v3_13/src -s include  "SHELL=CMD" "COMPILER=arm-none-eabi-gcc" "ASSEMBLER=arm-none-eabi-as
TRACE::2025-03-29.02:27:57::SCWMssOS::" "ARCHIVER=arm-none-eabi-ar" "COMPILER_FLAGS=  -O2 -c" "EXTRA_COMPILER_FLAGS=-mcpu=cortex-a9 -mfpu=vfpv3 -mfloat-abi=hard -nos
TRACE::2025-03-29.02:27:57::SCWMssOS::tartfiles -g -Wall -Wextra -fno-tree-loop-distribute-patterns"

TRACE::2025-03-29.02:27:58::SCWMssOS::"Running Make include in ps7_cortexa9_0/libsrc/qspips_v3_12/src"

TRACE::2025-03-29.02:27:58::SCWMssOS::make -C ps7_cortexa9_0/libsrc/qspips_v3_12/src -s include  "SHELL=CMD" "COMPILER=arm-none-eabi-gcc" "ASSEMBLER=arm-none-eabi-as
TRACE::2025-03-29.02:27:58::SCWMssOS::" "ARCHIVER=arm-none-eabi-ar" "COMPILER_FLAGS=  -O2 -c" "EXTRA_COMPILER_FLAGS=-mcpu=cortex-a9 -mfpu=vfpv3 -mfloat-abi=hard -nos
TRACE::2025-03-29.02:27:58::SCWMssOS::tartfiles -g -Wall -Wextra -fno-tree-loop-distribute-patterns"

TRACE::2025-03-29.02:27:58::SCWMssOS::"Running Make include in ps7_cortexa9_0/libsrc/scugic_v5_3/src"

TRACE::2025-03-29.02:27:58::SCWMssOS::make -C ps7_cortexa9_0/libsrc/scugic_v5_3/src -s include  "SHELL=CMD" "COMPILER=arm-none-eabi-gcc" "ASSEMBLER=arm-none-eabi-as"
TRACE::2025-03-29.02:27:58::SCWMssOS:: "ARCHIVER=arm-none-eabi-ar" "COMPILER_FLAGS=  -O2 -c" "EXTRA_COMPILER_FLAGS=-mcpu=cortex-a9 -mfpu=vfpv3 -mfloat-abi=hard -nost
TRACE::2025-03-29.02:27:58::SCWMssOS::artfiles -g -Wall -Wextra -fno-tree-loop-distribute-patterns"

TRACE::2025-03-29.02:27:58::SCWMssOS::"Running Make include in ps7_cortexa9_0/libsrc/scutimer_v2_6/src"

TRACE::2025-03-29.02:27:58::SCWMssOS::make -C ps7_cortexa9_0/libsrc/scutimer_v2_6/src -s include  "SHELL=CMD" "COMPILER=arm-none-eabi-gcc" "ASSEMBLER=arm-none-eabi-a
TRACE::2025-03-29.02:27:58::SCWMssOS::s" "ARCHIVER=arm-none-eabi-ar" "COMPILER_FLAGS=  -O2 -c" "EXTRA_COMPILER_FLAGS=-mcpu=cortex-a9 -mfpu=vfpv3 -mfloat-abi=hard -no
TRACE::2025-03-29.02:27:58::SCWMssOS::startfiles -g -Wall -Wextra -fno-tree-loop-distribute-patterns"

TRACE::2025-03-29.02:27:58::SCWMssOS::"Running Make include in ps7_cortexa9_0/libsrc/scuwdt_v2_5/src"

TRACE::2025-03-29.02:27:58::SCWMssOS::make -C ps7_cortexa9_0/libsrc/scuwdt_v2_5/src -s include  "SHELL=CMD" "COMPILER=arm-none-eabi-gcc" "ASSEMBLER=arm-none-eabi-as"
TRACE::2025-03-29.02:27:58::SCWMssOS:: "ARCHIVER=arm-none-eabi-ar" "COMPILER_FLAGS=  -O2 -c" "EXTRA_COMPILER_FLAGS=-mcpu=cortex-a9 -mfpu=vfpv3 -mfloat-abi=hard -nost
TRACE::2025-03-29.02:27:58::SCWMssOS::artfiles -g -Wall -Wextra -fno-tree-loop-distribute-patterns"

TRACE::2025-03-29.02:27:58::SCWMssOS::"Running Make include in ps7_cortexa9_0/libsrc/sdps_v4_3/src"

TRACE::2025-03-29.02:27:58::SCWMssOS::make -C ps7_cortexa9_0/libsrc/sdps_v4_3/src -s include  "SHELL=CMD" "COMPILER=arm-none-eabi-gcc" "ASSEMBLER=arm-none-eabi-as" "
TRACE::2025-03-29.02:27:58::SCWMssOS::ARCHIVER=arm-none-eabi-ar" "COMPILER_FLAGS=  -O2 -c" "EXTRA_COMPILER_FLAGS=-mcpu=cortex-a9 -mfpu=vfpv3 -mfloat-abi=hard -nostar
TRACE::2025-03-29.02:27:58::SCWMssOS::tfiles -g -Wall -Wextra -fno-tree-loop-distribute-patterns"

TRACE::2025-03-29.02:27:58::SCWMssOS::"Running Make include in ps7_cortexa9_0/libsrc/SpeedSensor_v1_0/src"

TRACE::2025-03-29.02:27:58::SCWMssOS::make -C ps7_cortexa9_0/libsrc/SpeedSensor_v1_0/src -s include  "SHELL=CMD" "COMPILER=arm-none-eabi-gcc" "ASSEMBLER=arm-none-eab
TRACE::2025-03-29.02:27:58::SCWMssOS::i-as" "ARCHIVER=arm-none-eabi-ar" "COMPILER_FLAGS=  -O2 -c" "EXTRA_COMPILER_FLAGS=-mcpu=cortex-a9 -mfpu=vfpv3 -mfloat-abi=hard 
TRACE::2025-03-29.02:27:58::SCWMssOS::-nostartfiles -g -Wall -Wextra -fno-tree-loop-distribute-patterns"

TRACE::2025-03-29.02:27:58::SCWMssOS::"Running Make include in ps7_cortexa9_0/libsrc/standalone_v9_1/src"

TRACE::2025-03-29.02:27:58::SCWMssOS::make -C ps7_cortexa9_0/libsrc/standalone_v9_1/src -s include  "SHELL=CMD" "COMPILER=arm-none-eabi-gcc" "ASSEMBLER=arm-none-eabi
TRACE::2025-03-29.02:27:58::SCWMssOS::-as" "ARCHIVER=arm-none-eabi-ar" "COMPILER_FLAGS=  -O2 -c" "EXTRA_COMPILER_FLAGS=-mcpu=cortex-a9 -mfpu=vfpv3 -mfloat-abi=hard -
TRACE::2025-03-29.02:27:58::SCWMssOS::nostartfiles -g -Wall -Wextra -fno-tree-loop-distribute-patterns"

TRACE::2025-03-29.02:27:58::SCWMssOS::"Running Make include in ps7_cortexa9_0/libsrc/tmrctr_v4_12/src"

TRACE::2025-03-29.02:27:58::SCWMssOS::make -C ps7_cortexa9_0/libsrc/tmrctr_v4_12/src -s include  "SHELL=CMD" "COMPILER=arm-none-eabi-gcc" "ASSEMBLER=arm-none-eabi-as
TRACE::2025-03-29.02:27:58::SCWMssOS::" "ARCHIVER=arm-none-eabi-ar" "COMPILER_FLAGS=  -O2 -c" "EXTRA_COMPILER_FLAGS=-mcpu=cortex-a9 -mfpu=vfpv3 -mfloat-abi=hard -nos
TRACE::2025-03-29.02:27:58::SCWMssOS::tartfiles -g -Wall -Wextra -fno-tree-loop-distribute-patterns"

TRACE::2025-03-29.02:27:59::SCWMssOS::"Running Make include in ps7_cortexa9_0/libsrc/uartps_v3_14/src"

TRACE::2025-03-29.02:27:59::SCWMssOS::make -C ps7_cortexa9_0/libsrc/uartps_v3_14/src -s include  "SHELL=CMD" "COMPILER=arm-none-eabi-gcc" "ASSEMBLER=arm-none-eabi-as
TRACE::2025-03-29.02:27:59::SCWMssOS::" "ARCHIVER=arm-none-eabi-ar" "COMPILER_FLAGS=  -O2 -c" "EXTRA_COMPILER_FLAGS=-mcpu=cortex-a9 -mfpu=vfpv3 -mfloat-abi=hard -nos
TRACE::2025-03-29.02:27:59::SCWMssOS::tartfiles -g -Wall -Wextra -fno-tree-loop-distribute-patterns"

TRACE::2025-03-29.02:27:59::SCWMssOS::"Running Make include in ps7_cortexa9_0/libsrc/usbps_v2_9/src"

TRACE::2025-03-29.02:27:59::SCWMssOS::make -C ps7_cortexa9_0/libsrc/usbps_v2_9/src -s include  "SHELL=CMD" "COMPILER=arm-none-eabi-gcc" "ASSEMBLER=arm-none-eabi-as" 
TRACE::2025-03-29.02:27:59::SCWMssOS::"ARCHIVER=arm-none-eabi-ar" "COMPILER_FLAGS=  -O2 -c" "EXTRA_COMPILER_FLAGS=-mcpu=cortex-a9 -mfpu=vfpv3 -mfloat-abi=hard -nosta
TRACE::2025-03-29.02:27:59::SCWMssOS::rtfiles -g -Wall -Wextra -fno-tree-loop-distribute-patterns"

TRACE::2025-03-29.02:27:59::SCWMssOS::"Running Make include in ps7_cortexa9_0/libsrc/xadcps_v2_7/src"

TRACE::2025-03-29.02:27:59::SCWMssOS::make -C ps7_cortexa9_0/libsrc/xadcps_v2_7/src -s include  "SHELL=CMD" "COMPILER=arm-none-eabi-gcc" "ASSEMBLER=arm-none-eabi-as"
TRACE::2025-03-29.02:27:59::SCWMssOS:: "ARCHIVER=arm-none-eabi-ar" "COMPILER_FLAGS=  -O2 -c" "EXTRA_COMPILER_FLAGS=-mcpu=cortex-a9 -mfpu=vfpv3 -mfloat-abi=hard -nost
TRACE::2025-03-29.02:27:59::SCWMssOS::artfiles -g -Wall -Wextra -fno-tree-loop-distribute-patterns"

TRACE::2025-03-29.02:27:59::SCWMssOS::"Running Make libs in ps7_cortexa9_0/libsrc/SpeedSensor_v1_0/src"

TRACE::2025-03-29.02:27:59::SCWMssOS::make -C ps7_cortexa9_0/libsrc/SpeedSensor_v1_0/src -s libs  "SHELL=CMD" "COMPILER=arm-none-eabi-gcc" "ASSEMBLER=arm-none-eabi-a
TRACE::2025-03-29.02:27:59::SCWMssOS::s" "ARCHIVER=arm-none-eabi-ar" "COMPILER_FLAGS=  -O2 -c" "EXTRA_COMPILER_FLAGS=-mcpu=cortex-a9 -mfpu=vfpv3 -mfloat-abi=hard -no
TRACE::2025-03-29.02:27:59::SCWMssOS::startfiles -g -Wall -Wextra -fno-tree-loop-distribute-patterns"

TRACE::2025-03-29.02:27:59::SCWMssOS::"Compiling SpeedSensor..."

ERROR::2025-03-29.02:27:59::SCWMssOS::Failed to build  the bsp sources for domain - standalone_ps7_cortexa9_0
ERROR::2025-03-29.02:27:59::SCWSystem::Error in Processing the domain standalone_ps7_cortexa9_0
LOG::2025-03-29.02:30:55::SCWPlatform::Started generating the artifacts platform Speed_sensor_Motor_control
TRACE::2025-03-29.02:30:55::SCWPlatform::Sanity checking of platform is completed
LOG::2025-03-29.02:30:55::SCWPlatform::Started generating the artifacts for system configuration Speed_sensor_Motor_control
LOG::2025-03-29.02:30:55::SCWSystem::Checking the domain zynq_fsbl
LOG::2025-03-29.02:30:55::SCWSystem::Doing application build for :  zynq_fsbl
TRACE::2025-03-29.02:30:55::SCWBDomain::Not a forced makefile updation, No changes are present. 
TRACE::2025-03-29.02:30:55::SCWDomain::Building the domain as part of full build :  zynq_fsbl
TRACE::2025-03-29.02:30:55::SCWPlatform::Trying to open the hw design at C:/devWorks/SS_MC_SOC/Vitis/Speed_sensor_Motor_control/hw/Speed_sensor_Motor_control.xsa
TRACE::2025-03-29.02:30:55::SCWPlatform::DSA given C:/devWorks/SS_MC_SOC/Vitis/Speed_sensor_Motor_control/hw/Speed_sensor_Motor_control.xsa
TRACE::2025-03-29.02:30:55::SCWPlatform::DSA absoulate path C:/devWorks/SS_MC_SOC/Vitis/Speed_sensor_Motor_control/hw/Speed_sensor_Motor_control.xsa
TRACE::2025-03-29.02:30:55::SCWPlatform::DSA directory C:/devWorks/SS_MC_SOC/Vitis/Speed_sensor_Motor_control/hw
TRACE::2025-03-29.02:30:55::SCWPlatform:: Platform Path C:/devWorks/SS_MC_SOC/Vitis/Speed_sensor_Motor_control/hw/Speed_sensor_Motor_control.xsa
TRACE::2025-03-29.02:30:55::SCWPlatform:: Unique name xilinx:pynq-z2::0.0
TRACE::2025-03-29.02:30:55::SCWPlatform::Trying to set the existing hwdb with name design_1_wrapper_0
TRACE::2025-03-29.02:30:55::SCWPlatform::Opened existing hwdb design_1_wrapper_0
TRACE::2025-03-29.02:30:55::SCWPlatform::Found the Hw Db part of the input DSA
TRACE::2025-03-29.02:30:55::SCWMssOS::Checking the sw design at  C:/devWorks/SS_MC_SOC/Vitis/Speed_sensor_Motor_control/zynq_fsbl/zynq_fsbl_bsp/system.mss
TRACE::2025-03-29.02:30:55::SCWMssOS::DEBUG:  swdes dump  C:/devWorks/SS_MC_SOC/Vitis/Speed_sensor_Motor_control/ps7_cortexa9_0/standalone_ps7_cortexa9_0/bsp/system.mss|system_0||
C:/devWorks/SS_MC_SOC/Vitis/Speed_sensor_Motor_control/zynq_fsbl/zynq_fsbl_bsp/system.mss|system||

TRACE::2025-03-29.02:30:55::SCWMssOS::Sw design exists and opened at  C:/devWorks/SS_MC_SOC/Vitis/Speed_sensor_Motor_control/zynq_fsbl/zynq_fsbl_bsp/system.mss
TRACE::2025-03-29.02:30:55::SCWBDomain::Completed writing the mss file at C:/devWorks/SS_MC_SOC/Vitis/Speed_sensor_Motor_control/zynq_fsbl/zynq_fsbl_bsp
TRACE::2025-03-29.02:30:55::SCWBDomain::bsp generated is upto date with the mss file. Skipping bsp generation.
TRACE::2025-03-29.02:30:55::SCWBDomain::Not a forced makefile updation, No changes are present. 
TRACE::2025-03-29.02:30:55::SCWBDomain::System Command Ran  C:&  cd  C:/devWorks/SS_MC_SOC/Vitis/Speed_sensor_Motor_control/zynq_fsbl& make -C  zynq_fsbl_bsp & make 
TRACE::2025-03-29.02:30:55::SCWBDomain::make: Entering directory 'C:/devWorks/SS_MC_SOC/Vitis/Speed_sensor_Motor_control/zynq_fsbl/zynq_fsbl_bsp'

TRACE::2025-03-29.02:30:55::SCWBDomain::make --no-print-directory seq_libs

TRACE::2025-03-29.02:30:55::SCWBDomain::"Running Make include in ps7_cortexa9_0/libsrc/coresightps_dcc_v1_10/src"

TRACE::2025-03-29.02:30:55::SCWBDomain::make -C ps7_cortexa9_0/libsrc/coresightps_dcc_v1_10/src -s include  "SHELL=CMD" "COMPILER=arm-none-eabi-gcc" "ASSEMBLER=arm-non
TRACE::2025-03-29.02:30:55::SCWBDomain::e-eabi-as" "ARCHIVER=arm-none-eabi-ar" "COMPILER_FLAGS=  -O2 -c" "EXTRA_COMPILER_FLAGS=-mcpu=cortex-a9 -mfpu=vfpv3 -mfloat-abi=
TRACE::2025-03-29.02:30:55::SCWBDomain::hard -nostartfiles -g -Wall -Wextra -fno-tree-loop-distribute-patterns"

TRACE::2025-03-29.02:30:55::SCWBDomain::"Running Make include in ps7_cortexa9_0/libsrc/cpu_cortexa9_v2_12/src"

TRACE::2025-03-29.02:30:55::SCWBDomain::make -C ps7_cortexa9_0/libsrc/cpu_cortexa9_v2_12/src -s include  "SHELL=CMD" "COMPILER=arm-none-eabi-gcc" "ASSEMBLER=arm-none-e
TRACE::2025-03-29.02:30:55::SCWBDomain::abi-as" "ARCHIVER=arm-none-eabi-ar" "COMPILER_FLAGS=  -O2 -c" "EXTRA_COMPILER_FLAGS=-mcpu=cortex-a9 -mfpu=vfpv3 -mfloat-abi=har
TRACE::2025-03-29.02:30:55::SCWBDomain::d -nostartfiles -g -Wall -Wextra -fno-tree-loop-distribute-patterns"

TRACE::2025-03-29.02:30:55::SCWBDomain::"Running Make include in ps7_cortexa9_0/libsrc/ddrps_v1_2/src"

TRACE::2025-03-29.02:30:55::SCWBDomain::make -C ps7_cortexa9_0/libsrc/ddrps_v1_2/src -s include  "SHELL=CMD" "COMPILER=arm-none-eabi-gcc" "ASSEMBLER=arm-none-eabi-as" 
TRACE::2025-03-29.02:30:55::SCWBDomain::"ARCHIVER=arm-none-eabi-ar" "COMPILER_FLAGS=  -O2 -c" "EXTRA_COMPILER_FLAGS=-mcpu=cortex-a9 -mfpu=vfpv3 -mfloat-abi=hard -nosta
TRACE::2025-03-29.02:30:55::SCWBDomain::rtfiles -g -Wall -Wextra -fno-tree-loop-distribute-patterns"

TRACE::2025-03-29.02:30:55::SCWBDomain::"Running Make include in ps7_cortexa9_0/libsrc/devcfg_v3_8/src"

TRACE::2025-03-29.02:30:55::SCWBDomain::make -C ps7_cortexa9_0/libsrc/devcfg_v3_8/src -s include  "SHELL=CMD" "COMPILER=arm-none-eabi-gcc" "ASSEMBLER=arm-none-eabi-as"
TRACE::2025-03-29.02:30:55::SCWBDomain:: "ARCHIVER=arm-none-eabi-ar" "COMPILER_FLAGS=  -O2 -c" "EXTRA_COMPILER_FLAGS=-mcpu=cortex-a9 -mfpu=vfpv3 -mfloat-abi=hard -nost
TRACE::2025-03-29.02:30:55::SCWBDomain::artfiles -g -Wall -Wextra -fno-tree-loop-distribute-patterns"

TRACE::2025-03-29.02:30:55::SCWBDomain::"Running Make include in ps7_cortexa9_0/libsrc/dmaps_v2_10/src"

TRACE::2025-03-29.02:30:55::SCWBDomain::make -C ps7_cortexa9_0/libsrc/dmaps_v2_10/src -s include  "SHELL=CMD" "COMPILER=arm-none-eabi-gcc" "ASSEMBLER=arm-none-eabi-as"
TRACE::2025-03-29.02:30:55::SCWBDomain:: "ARCHIVER=arm-none-eabi-ar" "COMPILER_FLAGS=  -O2 -c" "EXTRA_COMPILER_FLAGS=-mcpu=cortex-a9 -mfpu=vfpv3 -mfloat-abi=hard -nost
TRACE::2025-03-29.02:30:55::SCWBDomain::artfiles -g -Wall -Wextra -fno-tree-loop-distribute-patterns"

TRACE::2025-03-29.02:30:55::SCWBDomain::"Running Make include in ps7_cortexa9_0/libsrc/emacps_v3_20/src"

TRACE::2025-03-29.02:30:55::SCWBDomain::make -C ps7_cortexa9_0/libsrc/emacps_v3_20/src -s include  "SHELL=CMD" "COMPILER=arm-none-eabi-gcc" "ASSEMBLER=arm-none-eabi-as
TRACE::2025-03-29.02:30:55::SCWBDomain::" "ARCHIVER=arm-none-eabi-ar" "COMPILER_FLAGS=  -O2 -c" "EXTRA_COMPILER_FLAGS=-mcpu=cortex-a9 -mfpu=vfpv3 -mfloat-abi=hard -nos
TRACE::2025-03-29.02:30:55::SCWBDomain::tartfiles -g -Wall -Wextra -fno-tree-loop-distribute-patterns"

TRACE::2025-03-29.02:30:55::SCWBDomain::"Running Make include in ps7_cortexa9_0/libsrc/gpiops_v3_13/src"

TRACE::2025-03-29.02:30:55::SCWBDomain::make -C ps7_cortexa9_0/libsrc/gpiops_v3_13/src -s include  "SHELL=CMD" "COMPILER=arm-none-eabi-gcc" "ASSEMBLER=arm-none-eabi-as
TRACE::2025-03-29.02:30:55::SCWBDomain::" "ARCHIVER=arm-none-eabi-ar" "COMPILER_FLAGS=  -O2 -c" "EXTRA_COMPILER_FLAGS=-mcpu=cortex-a9 -mfpu=vfpv3 -mfloat-abi=hard -nos
TRACE::2025-03-29.02:30:55::SCWBDomain::tartfiles -g -Wall -Wextra -fno-tree-loop-distribute-patterns"

TRACE::2025-03-29.02:30:56::SCWBDomain::"Running Make include in ps7_cortexa9_0/libsrc/qspips_v3_12/src"

TRACE::2025-03-29.02:30:56::SCWBDomain::make -C ps7_cortexa9_0/libsrc/qspips_v3_12/src -s include  "SHELL=CMD" "COMPILER=arm-none-eabi-gcc" "ASSEMBLER=arm-none-eabi-as
TRACE::2025-03-29.02:30:56::SCWBDomain::" "ARCHIVER=arm-none-eabi-ar" "COMPILER_FLAGS=  -O2 -c" "EXTRA_COMPILER_FLAGS=-mcpu=cortex-a9 -mfpu=vfpv3 -mfloat-abi=hard -nos
TRACE::2025-03-29.02:30:56::SCWBDomain::tartfiles -g -Wall -Wextra -fno-tree-loop-distribute-patterns"

TRACE::2025-03-29.02:30:56::SCWBDomain::"Running Make include in ps7_cortexa9_0/libsrc/scugic_v5_3/src"

TRACE::2025-03-29.02:30:56::SCWBDomain::make -C ps7_cortexa9_0/libsrc/scugic_v5_3/src -s include  "SHELL=CMD" "COMPILER=arm-none-eabi-gcc" "ASSEMBLER=arm-none-eabi-as"
TRACE::2025-03-29.02:30:56::SCWBDomain:: "ARCHIVER=arm-none-eabi-ar" "COMPILER_FLAGS=  -O2 -c" "EXTRA_COMPILER_FLAGS=-mcpu=cortex-a9 -mfpu=vfpv3 -mfloat-abi=hard -nost
TRACE::2025-03-29.02:30:56::SCWBDomain::artfiles -g -Wall -Wextra -fno-tree-loop-distribute-patterns"

TRACE::2025-03-29.02:30:56::SCWBDomain::"Running Make include in ps7_cortexa9_0/libsrc/scutimer_v2_6/src"

TRACE::2025-03-29.02:30:56::SCWBDomain::make -C ps7_cortexa9_0/libsrc/scutimer_v2_6/src -s include  "SHELL=CMD" "COMPILER=arm-none-eabi-gcc" "ASSEMBLER=arm-none-eabi-a
TRACE::2025-03-29.02:30:56::SCWBDomain::s" "ARCHIVER=arm-none-eabi-ar" "COMPILER_FLAGS=  -O2 -c" "EXTRA_COMPILER_FLAGS=-mcpu=cortex-a9 -mfpu=vfpv3 -mfloat-abi=hard -no
TRACE::2025-03-29.02:30:56::SCWBDomain::startfiles -g -Wall -Wextra -fno-tree-loop-distribute-patterns"

TRACE::2025-03-29.02:30:56::SCWBDomain::"Running Make include in ps7_cortexa9_0/libsrc/scuwdt_v2_5/src"

TRACE::2025-03-29.02:30:56::SCWBDomain::make -C ps7_cortexa9_0/libsrc/scuwdt_v2_5/src -s include  "SHELL=CMD" "COMPILER=arm-none-eabi-gcc" "ASSEMBLER=arm-none-eabi-as"
TRACE::2025-03-29.02:30:56::SCWBDomain:: "ARCHIVER=arm-none-eabi-ar" "COMPILER_FLAGS=  -O2 -c" "EXTRA_COMPILER_FLAGS=-mcpu=cortex-a9 -mfpu=vfpv3 -mfloat-abi=hard -nost
TRACE::2025-03-29.02:30:56::SCWBDomain::artfiles -g -Wall -Wextra -fno-tree-loop-distribute-patterns"

TRACE::2025-03-29.02:30:56::SCWBDomain::"Running Make include in ps7_cortexa9_0/libsrc/sdps_v4_3/src"

TRACE::2025-03-29.02:30:56::SCWBDomain::make -C ps7_cortexa9_0/libsrc/sdps_v4_3/src -s include  "SHELL=CMD" "COMPILER=arm-none-eabi-gcc" "ASSEMBLER=arm-none-eabi-as" "
TRACE::2025-03-29.02:30:56::SCWBDomain::ARCHIVER=arm-none-eabi-ar" "COMPILER_FLAGS=  -O2 -c" "EXTRA_COMPILER_FLAGS=-mcpu=cortex-a9 -mfpu=vfpv3 -mfloat-abi=hard -nostar
TRACE::2025-03-29.02:30:56::SCWBDomain::tfiles -g -Wall -Wextra -fno-tree-loop-distribute-patterns"

TRACE::2025-03-29.02:30:56::SCWBDomain::"Running Make include in ps7_cortexa9_0/libsrc/SpeedSensor_v1_0/src"

TRACE::2025-03-29.02:30:56::SCWBDomain::make -C ps7_cortexa9_0/libsrc/SpeedSensor_v1_0/src -s include  "SHELL=CMD" "COMPILER=arm-none-eabi-gcc" "ASSEMBLER=arm-none-eab
TRACE::2025-03-29.02:30:56::SCWBDomain::i-as" "ARCHIVER=arm-none-eabi-ar" "COMPILER_FLAGS=  -O2 -c" "EXTRA_COMPILER_FLAGS=-mcpu=cortex-a9 -mfpu=vfpv3 -mfloat-abi=hard 
TRACE::2025-03-29.02:30:56::SCWBDomain::-nostartfiles -g -Wall -Wextra -fno-tree-loop-distribute-patterns"

TRACE::2025-03-29.02:30:56::SCWBDomain::"Running Make include in ps7_cortexa9_0/libsrc/standalone_v9_1/src"

TRACE::2025-03-29.02:30:56::SCWBDomain::make -C ps7_cortexa9_0/libsrc/standalone_v9_1/src -s include  "SHELL=CMD" "COMPILER=arm-none-eabi-gcc" "ASSEMBLER=arm-none-eabi
TRACE::2025-03-29.02:30:56::SCWBDomain::-as" "ARCHIVER=arm-none-eabi-ar" "COMPILER_FLAGS=  -O2 -c" "EXTRA_COMPILER_FLAGS=-mcpu=cortex-a9 -mfpu=vfpv3 -mfloat-abi=hard -
TRACE::2025-03-29.02:30:56::SCWBDomain::nostartfiles -g -Wall -Wextra -fno-tree-loop-distribute-patterns"

TRACE::2025-03-29.02:30:56::SCWBDomain::"Running Make include in ps7_cortexa9_0/libsrc/tmrctr_v4_12/src"

TRACE::2025-03-29.02:30:56::SCWBDomain::make -C ps7_cortexa9_0/libsrc/tmrctr_v4_12/src -s include  "SHELL=CMD" "COMPILER=arm-none-eabi-gcc" "ASSEMBLER=arm-none-eabi-as
TRACE::2025-03-29.02:30:56::SCWBDomain::" "ARCHIVER=arm-none-eabi-ar" "COMPILER_FLAGS=  -O2 -c" "EXTRA_COMPILER_FLAGS=-mcpu=cortex-a9 -mfpu=vfpv3 -mfloat-abi=hard -nos
TRACE::2025-03-29.02:30:56::SCWBDomain::tartfiles -g -Wall -Wextra -fno-tree-loop-distribute-patterns"

TRACE::2025-03-29.02:30:56::SCWBDomain::"Running Make include in ps7_cortexa9_0/libsrc/uartps_v3_14/src"

TRACE::2025-03-29.02:30:56::SCWBDomain::make -C ps7_cortexa9_0/libsrc/uartps_v3_14/src -s include  "SHELL=CMD" "COMPILER=arm-none-eabi-gcc" "ASSEMBLER=arm-none-eabi-as
TRACE::2025-03-29.02:30:56::SCWBDomain::" "ARCHIVER=arm-none-eabi-ar" "COMPILER_FLAGS=  -O2 -c" "EXTRA_COMPILER_FLAGS=-mcpu=cortex-a9 -mfpu=vfpv3 -mfloat-abi=hard -nos
TRACE::2025-03-29.02:30:56::SCWBDomain::tartfiles -g -Wall -Wextra -fno-tree-loop-distribute-patterns"

TRACE::2025-03-29.02:30:57::SCWBDomain::"Running Make include in ps7_cortexa9_0/libsrc/usbps_v2_9/src"

TRACE::2025-03-29.02:30:57::SCWBDomain::make -C ps7_cortexa9_0/libsrc/usbps_v2_9/src -s include  "SHELL=CMD" "COMPILER=arm-none-eabi-gcc" "ASSEMBLER=arm-none-eabi-as" 
TRACE::2025-03-29.02:30:57::SCWBDomain::"ARCHIVER=arm-none-eabi-ar" "COMPILER_FLAGS=  -O2 -c" "EXTRA_COMPILER_FLAGS=-mcpu=cortex-a9 -mfpu=vfpv3 -mfloat-abi=hard -nosta
TRACE::2025-03-29.02:30:57::SCWBDomain::rtfiles -g -Wall -Wextra -fno-tree-loop-distribute-patterns"

TRACE::2025-03-29.02:30:57::SCWBDomain::"Running Make include in ps7_cortexa9_0/libsrc/xadcps_v2_7/src"

TRACE::2025-03-29.02:30:57::SCWBDomain::make -C ps7_cortexa9_0/libsrc/xadcps_v2_7/src -s include  "SHELL=CMD" "COMPILER=arm-none-eabi-gcc" "ASSEMBLER=arm-none-eabi-as"
TRACE::2025-03-29.02:30:57::SCWBDomain:: "ARCHIVER=arm-none-eabi-ar" "COMPILER_FLAGS=  -O2 -c" "EXTRA_COMPILER_FLAGS=-mcpu=cortex-a9 -mfpu=vfpv3 -mfloat-abi=hard -nost
TRACE::2025-03-29.02:30:57::SCWBDomain::artfiles -g -Wall -Wextra -fno-tree-loop-distribute-patterns"

TRACE::2025-03-29.02:30:57::SCWBDomain::"Running Make include in ps7_cortexa9_0/libsrc/xilffs_v5_2/src"

TRACE::2025-03-29.02:30:57::SCWBDomain::make -C ps7_cortexa9_0/libsrc/xilffs_v5_2/src -s include  "SHELL=CMD" "COMPILER=arm-none-eabi-gcc" "ASSEMBLER=arm-none-eabi-as"
TRACE::2025-03-29.02:30:57::SCWBDomain:: "ARCHIVER=arm-none-eabi-ar" "COMPILER_FLAGS=  -O2 -c" "EXTRA_COMPILER_FLAGS=-mcpu=cortex-a9 -mfpu=vfpv3 -mfloat-abi=hard -nost
TRACE::2025-03-29.02:30:57::SCWBDomain::artfiles -g -Wall -Wextra -fno-tree-loop-distribute-patterns"

TRACE::2025-03-29.02:30:57::SCWBDomain::"Running Make include in ps7_cortexa9_0/libsrc/xilrsa_v1_8/src"

TRACE::2025-03-29.02:30:57::SCWBDomain::make -C ps7_cortexa9_0/libsrc/xilrsa_v1_8/src -s include  "SHELL=CMD" "COMPILER=arm-none-eabi-gcc" "ASSEMBLER=arm-none-eabi-as"
TRACE::2025-03-29.02:30:57::SCWBDomain:: "ARCHIVER=arm-none-eabi-ar" "COMPILER_FLAGS=  -O2 -c" "EXTRA_COMPILER_FLAGS=-mcpu=cortex-a9 -mfpu=vfpv3 -mfloat-abi=hard -nost
TRACE::2025-03-29.02:30:57::SCWBDomain::artfiles -g -Wall -Wextra -fno-tree-loop-distribute-patterns"

TRACE::2025-03-29.02:30:57::SCWBDomain::"Running Make libs in ps7_cortexa9_0/libsrc/SpeedSensor_v1_0/src"

TRACE::2025-03-29.02:30:57::SCWBDomain::make -C ps7_cortexa9_0/libsrc/SpeedSensor_v1_0/src -s libs  "SHELL=CMD" "COMPILER=arm-none-eabi-gcc" "ASSEMBLER=arm-none-eabi-a
TRACE::2025-03-29.02:30:57::SCWBDomain::s" "ARCHIVER=arm-none-eabi-ar" "COMPILER_FLAGS=  -O2 -c" "EXTRA_COMPILER_FLAGS=-mcpu=cortex-a9 -mfpu=vfpv3 -mfloat-abi=hard -no
TRACE::2025-03-29.02:30:57::SCWBDomain::startfiles -g -Wall -Wextra -fno-tree-loop-distribute-patterns"

TRACE::2025-03-29.02:30:58::SCWBDomain::"Running Make libs in ps7_cortexa9_0/libsrc/xilrsa_v1_8/src"

TRACE::2025-03-29.02:30:58::SCWBDomain::make -C ps7_cortexa9_0/libsrc/xilrsa_v1_8/src -s libs  "SHELL=CMD" "COMPILER=arm-none-eabi-gcc" "ASSEMBLER=arm-none-eabi-as" "A
TRACE::2025-03-29.02:30:58::SCWBDomain::RCHIVER=arm-none-eabi-ar" "COMPILER_FLAGS=  -O2 -c" "EXTRA_COMPILER_FLAGS=-mcpu=cortex-a9 -mfpu=vfpv3 -mfloat-abi=hard -nostart
TRACE::2025-03-29.02:30:58::SCWBDomain::files -g -Wall -Wextra -fno-tree-loop-distribute-patterns"

TRACE::2025-03-29.02:30:58::SCWBDomain::'Finished building libraries sequentially.'

TRACE::2025-03-29.02:30:58::SCWBDomain::make -j 10 --no-print-directory par_libs

TRACE::2025-03-29.02:30:58::SCWBDomain::"Running Make include in ps7_cortexa9_0/libsrc/coresightps_dcc_v1_10/src"

TRACE::2025-03-29.02:30:58::SCWBDomain::make -C ps7_cortexa9_0/libsrc/coresightps_dcc_v1_10/src -s include  "SHELL=CMD" "COMPILER=arm-none-eabi-gcc" "ASSEMBLER=arm-non
TRACE::2025-03-29.02:30:58::SCWBDomain::e-eabi-as" "ARCHIVER=arm-none-eabi-ar" "COMPILER_FLAGS=  -O2 -c" "EXTRA_COMPILER_FLAGS=-mcpu=cortex-a9 -mfpu=vfpv3 -mfloat-abi=
TRACE::2025-03-29.02:30:58::SCWBDomain::hard -nostartfiles -g -Wall -Wextra -fno-tree-loop-distribute-patterns"

TRACE::2025-03-29.02:30:58::SCWBDomain::"Running Make include in ps7_cortexa9_0/libsrc/cpu_cortexa9_v2_12/src"

TRACE::2025-03-29.02:30:58::SCWBDomain::make -C ps7_cortexa9_0/libsrc/cpu_cortexa9_v2_12/src -s include  "SHELL=CMD" "COMPILER=arm-none-eabi-gcc" "ASSEMBLER=arm-none-e
TRACE::2025-03-29.02:30:58::SCWBDomain::abi-as" "ARCHIVER=arm-none-eabi-ar" "COMPILER_FLAGS=  -O2 -c" "EXTRA_COMPILER_FLAGS=-mcpu=cortex-a9 -mfpu=vfpv3 -mfloat-abi=har
TRACE::2025-03-29.02:30:58::SCWBDomain::d -nostartfiles -g -Wall -Wextra -fno-tree-loop-distribute-patterns"

TRACE::2025-03-29.02:30:58::SCWBDomain::"Running Make include in ps7_cortexa9_0/libsrc/ddrps_v1_2/src"

TRACE::2025-03-29.02:30:58::SCWBDomain::make -C ps7_cortexa9_0/libsrc/ddrps_v1_2/src -s include  "SHELL=CMD" "COMPILER=arm-none-eabi-gcc" "ASSEMBLER=arm-none-eabi-as" 
TRACE::2025-03-29.02:30:58::SCWBDomain::"ARCHIVER=arm-none-eabi-ar" "COMPILER_FLAGS=  -O2 -c" "EXTRA_COMPILER_FLAGS=-mcpu=cortex-a9 -mfpu=vfpv3 -mfloat-abi=hard -nosta
TRACE::2025-03-29.02:30:58::SCWBDomain::rtfiles -g -Wall -Wextra -fno-tree-loop-distribute-patterns"

TRACE::2025-03-29.02:30:58::SCWBDomain::"Running Make include in ps7_cortexa9_0/libsrc/devcfg_v3_8/src"

TRACE::2025-03-29.02:30:58::SCWBDomain::make -C ps7_cortexa9_0/libsrc/devcfg_v3_8/src -s include  "SHELL=CMD" "COMPILER=arm-none-eabi-gcc" "ASSEMBLER=arm-none-eabi-as"
TRACE::2025-03-29.02:30:58::SCWBDomain:: "ARCHIVER=arm-none-eabi-ar" "COMPILER_FLAGS=  -O2 -c" "EXTRA_COMPILER_FLAGS=-mcpu=cortex-a9 -mfpu=vfpv3 -mfloat-abi=hard -nost
TRACE::2025-03-29.02:30:58::SCWBDomain::artfiles -g -Wall -Wextra -fno-tree-loop-distribute-patterns"

TRACE::2025-03-29.02:30:58::SCWBDomain::"Running Make include in ps7_cortexa9_0/libsrc/dmaps_v2_10/src"

TRACE::2025-03-29.02:30:58::SCWBDomain::make -C ps7_cortexa9_0/libsrc/dmaps_v2_10/src -s include  "SHELL=CMD" "COMPILER=arm-none-eabi-gcc" "ASSEMBLER=arm-none-eabi-as"
TRACE::2025-03-29.02:30:58::SCWBDomain:: "ARCHIVER=arm-none-eabi-ar" "COMPILER_FLAGS=  -O2 -c" "EXTRA_COMPILER_FLAGS=-mcpu=cortex-a9 -mfpu=vfpv3 -mfloat-abi=hard -nost
TRACE::2025-03-29.02:30:58::SCWBDomain::artfiles -g -Wall -Wextra -fno-tree-loop-distribute-patterns"

TRACE::2025-03-29.02:30:58::SCWBDomain::"Running Make include in ps7_cortexa9_0/libsrc/emacps_v3_20/src"

TRACE::2025-03-29.02:30:58::SCWBDomain::make -C ps7_cortexa9_0/libsrc/emacps_v3_20/src -s include  "SHELL=CMD" "COMPILER=arm-none-eabi-gcc" "ASSEMBLER=arm-none-eabi-as
TRACE::2025-03-29.02:30:58::SCWBDomain::" "ARCHIVER=arm-none-eabi-ar" "COMPILER_FLAGS=  -O2 -c" "EXTRA_COMPILER_FLAGS=-mcpu=cortex-a9 -mfpu=vfpv3 -mfloat-abi=hard -nos
TRACE::2025-03-29.02:30:58::SCWBDomain::tartfiles -g -Wall -Wextra -fno-tree-loop-distribute-patterns"

TRACE::2025-03-29.02:30:58::SCWBDomain::"Running Make include in ps7_cortexa9_0/libsrc/gpiops_v3_13/src"

TRACE::2025-03-29.02:30:58::SCWBDomain::make -C ps7_cortexa9_0/libsrc/gpiops_v3_13/src -s include  "SHELL=CMD" "COMPILER=arm-none-eabi-gcc" "ASSEMBLER=arm-none-eabi-as
TRACE::2025-03-29.02:30:58::SCWBDomain::" "ARCHIVER=arm-none-eabi-ar" "COMPILER_FLAGS=  -O2 -c" "EXTRA_COMPILER_FLAGS=-mcpu=cortex-a9 -mfpu=vfpv3 -mfloat-abi=hard -nos
TRACE::2025-03-29.02:30:58::SCWBDomain::tartfiles -g -Wall -Wextra -fno-tree-loop-distribute-patterns"

TRACE::2025-03-29.02:30:58::SCWBDomain::"Running Make include in ps7_cortexa9_0/libsrc/qspips_v3_12/src"

TRACE::2025-03-29.02:30:58::SCWBDomain::make -C ps7_cortexa9_0/libsrc/qspips_v3_12/src -s include  "SHELL=CMD" "COMPILER=arm-none-eabi-gcc" "ASSEMBLER=arm-none-eabi-as
TRACE::2025-03-29.02:30:58::SCWBDomain::" "ARCHIVER=arm-none-eabi-ar" "COMPILER_FLAGS=  -O2 -c" "EXTRA_COMPILER_FLAGS=-mcpu=cortex-a9 -mfpu=vfpv3 -mfloat-abi=hard -nos
TRACE::2025-03-29.02:30:58::SCWBDomain::tartfiles -g -Wall -Wextra -fno-tree-loop-distribute-patterns"

TRACE::2025-03-29.02:30:58::SCWBDomain::"Running Make include in ps7_cortexa9_0/libsrc/scugic_v5_3/src"

TRACE::2025-03-29.02:30:58::SCWBDomain::make -C ps7_cortexa9_0/libsrc/scugic_v5_3/src -s include  "SHELL=CMD" "COMPILER=arm-none-eabi-gcc" "ASSEMBLER=arm-none-eabi-as"
TRACE::2025-03-29.02:30:58::SCWBDomain:: "ARCHIVER=arm-none-eabi-ar" "COMPILER_FLAGS=  -O2 -c" "EXTRA_COMPILER_FLAGS=-mcpu=cortex-a9 -mfpu=vfpv3 -mfloat-abi=hard -nost
TRACE::2025-03-29.02:30:58::SCWBDomain::artfiles -g -Wall -Wextra -fno-tree-loop-distribute-patterns"

TRACE::2025-03-29.02:30:58::SCWBDomain::"Running Make include in ps7_cortexa9_0/libsrc/scutimer_v2_6/src"

TRACE::2025-03-29.02:30:58::SCWBDomain::make -C ps7_cortexa9_0/libsrc/scutimer_v2_6/src -s include  "SHELL=CMD" "COMPILER=arm-none-eabi-gcc" "ASSEMBLER=arm-none-eabi-a
TRACE::2025-03-29.02:30:58::SCWBDomain::s" "ARCHIVER=arm-none-eabi-ar" "COMPILER_FLAGS=  -O2 -c" "EXTRA_COMPILER_FLAGS=-mcpu=cortex-a9 -mfpu=vfpv3 -mfloat-abi=hard -no
TRACE::2025-03-29.02:30:58::SCWBDomain::startfiles -g -Wall -Wextra -fno-tree-loop-distribute-patterns"

TRACE::2025-03-29.02:30:58::SCWBDomain::"Running Make include in ps7_cortexa9_0/libsrc/scuwdt_v2_5/src"

TRACE::2025-03-29.02:30:58::SCWBDomain::make -C ps7_cortexa9_0/libsrc/scuwdt_v2_5/src -s include  "SHELL=CMD" "COMPILER=arm-none-eabi-gcc" "ASSEMBLER=arm-none-eabi-as"
TRACE::2025-03-29.02:30:58::SCWBDomain:: "ARCHIVER=arm-none-eabi-ar" "COMPILER_FLAGS=  -O2 -c" "EXTRA_COMPILER_FLAGS=-mcpu=cortex-a9 -mfpu=vfpv3 -mfloat-abi=hard -nost
TRACE::2025-03-29.02:30:58::SCWBDomain::artfiles -g -Wall -Wextra -fno-tree-loop-distribute-patterns"

TRACE::2025-03-29.02:30:58::SCWBDomain::"Running Make include in ps7_cortexa9_0/libsrc/sdps_v4_3/src"

TRACE::2025-03-29.02:30:59::SCWBDomain::make -C ps7_cortexa9_0/libsrc/sdps_v4_3/src -s include  "SHELL=CMD" "COMPILER=arm-none-eabi-gcc" "ASSEMBLER=arm-none-eabi-as" "
TRACE::2025-03-29.02:30:59::SCWBDomain::ARCHIVER=arm-none-eabi-ar" "COMPILER_FLAGS=  -O2 -c" "EXTRA_COMPILER_FLAGS=-mcpu=cortex-a9 -mfpu=vfpv3 -mfloat-abi=hard -nostar
TRACE::2025-03-29.02:30:59::SCWBDomain::tfiles -g -Wall -Wextra -fno-tree-loop-distribute-patterns"

TRACE::2025-03-29.02:30:59::SCWBDomain::"Running Make include in ps7_cortexa9_0/libsrc/SpeedSensor_v1_0/src"

TRACE::2025-03-29.02:30:59::SCWBDomain::make -C ps7_cortexa9_0/libsrc/SpeedSensor_v1_0/src -s include  "SHELL=CMD" "COMPILER=arm-none-eabi-gcc" "ASSEMBLER=arm-none-eab
TRACE::2025-03-29.02:30:59::SCWBDomain::i-as" "ARCHIVER=arm-none-eabi-ar" "COMPILER_FLAGS=  -O2 -c" "EXTRA_COMPILER_FLAGS=-mcpu=cortex-a9 -mfpu=vfpv3 -mfloat-abi=hard 
TRACE::2025-03-29.02:30:59::SCWBDomain::-nostartfiles -g -Wall -Wextra -fno-tree-loop-distribute-patterns"

TRACE::2025-03-29.02:30:59::SCWBDomain::"Running Make include in ps7_cortexa9_0/libsrc/standalone_v9_1/src"

TRACE::2025-03-29.02:30:59::SCWBDomain::make -C ps7_cortexa9_0/libsrc/standalone_v9_1/src -s include  "SHELL=CMD" "COMPILER=arm-none-eabi-gcc" "ASSEMBLER=arm-none-eabi
TRACE::2025-03-29.02:30:59::SCWBDomain::-as" "ARCHIVER=arm-none-eabi-ar" "COMPILER_FLAGS=  -O2 -c" "EXTRA_COMPILER_FLAGS=-mcpu=cortex-a9 -mfpu=vfpv3 -mfloat-abi=hard -
TRACE::2025-03-29.02:30:59::SCWBDomain::nostartfiles -g -Wall -Wextra -fno-tree-loop-distribute-patterns"

TRACE::2025-03-29.02:30:59::SCWBDomain::"Running Make include in ps7_cortexa9_0/libsrc/tmrctr_v4_12/src"

TRACE::2025-03-29.02:30:59::SCWBDomain::make -C ps7_cortexa9_0/libsrc/tmrctr_v4_12/src -s include  "SHELL=CMD" "COMPILER=arm-none-eabi-gcc" "ASSEMBLER=arm-none-eabi-as
TRACE::2025-03-29.02:30:59::SCWBDomain::" "ARCHIVER=arm-none-eabi-ar" "COMPILER_FLAGS=  -O2 -c" "EXTRA_COMPILER_FLAGS=-mcpu=cortex-a9 -mfpu=vfpv3 -mfloat-abi=hard -nos
TRACE::2025-03-29.02:30:59::SCWBDomain::tartfiles -g -Wall -Wextra -fno-tree-loop-distribute-patterns"

TRACE::2025-03-29.02:30:59::SCWBDomain::"Running Make include in ps7_cortexa9_0/libsrc/uartps_v3_14/src"

TRACE::2025-03-29.02:30:59::SCWBDomain::make -C ps7_cortexa9_0/libsrc/uartps_v3_14/src -s include  "SHELL=CMD" "COMPILER=arm-none-eabi-gcc" "ASSEMBLER=arm-none-eabi-as
TRACE::2025-03-29.02:30:59::SCWBDomain::" "ARCHIVER=arm-none-eabi-ar" "COMPILER_FLAGS=  -O2 -c" "EXTRA_COMPILER_FLAGS=-mcpu=cortex-a9 -mfpu=vfpv3 -mfloat-abi=hard -nos
TRACE::2025-03-29.02:30:59::SCWBDomain::tartfiles -g -Wall -Wextra -fno-tree-loop-distribute-patterns"

TRACE::2025-03-29.02:30:59::SCWBDomain::"Running Make include in ps7_cortexa9_0/libsrc/usbps_v2_9/src"

TRACE::2025-03-29.02:30:59::SCWBDomain::make -C ps7_cortexa9_0/libsrc/usbps_v2_9/src -s include  "SHELL=CMD" "COMPILER=arm-none-eabi-gcc" "ASSEMBLER=arm-none-eabi-as" 
TRACE::2025-03-29.02:30:59::SCWBDomain::"ARCHIVER=arm-none-eabi-ar" "COMPILER_FLAGS=  -O2 -c" "EXTRA_COMPILER_FLAGS=-mcpu=cortex-a9 -mfpu=vfpv3 -mfloat-abi=hard -nosta
TRACE::2025-03-29.02:30:59::SCWBDomain::rtfiles -g -Wall -Wextra -fno-tree-loop-distribute-patterns"

TRACE::2025-03-29.02:30:59::SCWBDomain::"Running Make include in ps7_cortexa9_0/libsrc/xadcps_v2_7/src"

TRACE::2025-03-29.02:30:59::SCWBDomain::make -C ps7_cortexa9_0/libsrc/xadcps_v2_7/src -s include  "SHELL=CMD" "COMPILER=arm-none-eabi-gcc" "ASSEMBLER=arm-none-eabi-as"
TRACE::2025-03-29.02:30:59::SCWBDomain:: "ARCHIVER=arm-none-eabi-ar" "COMPILER_FLAGS=  -O2 -c" "EXTRA_COMPILER_FLAGS=-mcpu=cortex-a9 -mfpu=vfpv3 -mfloat-abi=hard -nost
TRACE::2025-03-29.02:30:59::SCWBDomain::artfiles -g -Wall -Wextra -fno-tree-loop-distribute-patterns"

TRACE::2025-03-29.02:30:59::SCWBDomain::"Running Make include in ps7_cortexa9_0/libsrc/xilffs_v5_2/src"

TRACE::2025-03-29.02:30:59::SCWBDomain::make -C ps7_cortexa9_0/libsrc/xilffs_v5_2/src -s include  "SHELL=CMD" "COMPILER=arm-none-eabi-gcc" "ASSEMBLER=arm-none-eabi-as"
TRACE::2025-03-29.02:30:59::SCWBDomain:: "ARCHIVER=arm-none-eabi-ar" "COMPILER_FLAGS=  -O2 -c" "EXTRA_COMPILER_FLAGS=-mcpu=cortex-a9 -mfpu=vfpv3 -mfloat-abi=hard -nost
TRACE::2025-03-29.02:30:59::SCWBDomain::artfiles -g -Wall -Wextra -fno-tree-loop-distribute-patterns"

TRACE::2025-03-29.02:30:59::SCWBDomain::"Running Make include in ps7_cortexa9_0/libsrc/xilrsa_v1_8/src"

TRACE::2025-03-29.02:30:59::SCWBDomain::make -C ps7_cortexa9_0/libsrc/xilrsa_v1_8/src -s include  "SHELL=CMD" "COMPILER=arm-none-eabi-gcc" "ASSEMBLER=arm-none-eabi-as"
TRACE::2025-03-29.02:30:59::SCWBDomain:: "ARCHIVER=arm-none-eabi-ar" "COMPILER_FLAGS=  -O2 -c" "EXTRA_COMPILER_FLAGS=-mcpu=cortex-a9 -mfpu=vfpv3 -mfloat-abi=hard -nost
TRACE::2025-03-29.02:30:59::SCWBDomain::artfiles -g -Wall -Wextra -fno-tree-loop-distribute-patterns"

TRACE::2025-03-29.02:30:59::SCWBDomain::"Running Make libs in ps7_cortexa9_0/libsrc/coresightps_dcc_v1_10/src"

TRACE::2025-03-29.02:30:59::SCWBDomain::make -C ps7_cortexa9_0/libsrc/coresightps_dcc_v1_10/src -s libs  "SHELL=CMD" "COMPILER=arm-none-eabi-gcc" "ASSEMBLER=arm-none-e
TRACE::2025-03-29.02:30:59::SCWBDomain::abi-as" "ARCHIVER=arm-none-eabi-ar" "COMPILER_FLAGS=  -O2 -c" "EXTRA_COMPILER_FLAGS=-mcpu=cortex-a9 -mfpu=vfpv3 -mfloat-abi=har
TRACE::2025-03-29.02:30:59::SCWBDomain::d -nostartfiles -g -Wall -Wextra -fno-tree-loop-distribute-patterns"

TRACE::2025-03-29.02:30:59::SCWBDomain::"Running Make libs in ps7_cortexa9_0/libsrc/cpu_cortexa9_v2_12/src"

TRACE::2025-03-29.02:30:59::SCWBDomain::make -C ps7_cortexa9_0/libsrc/cpu_cortexa9_v2_12/src -s libs  "SHELL=CMD" "COMPILER=arm-none-eabi-gcc" "ASSEMBLER=arm-none-eabi
TRACE::2025-03-29.02:30:59::SCWBDomain::-as" "ARCHIVER=arm-none-eabi-ar" "COMPILER_FLAGS=  -O2 -c" "EXTRA_COMPILER_FLAGS=-mcpu=cortex-a9 -mfpu=vfpv3 -mfloat-abi=hard -
TRACE::2025-03-29.02:30:59::SCWBDomain::nostartfiles -g -Wall -Wextra -fno-tree-loop-distribute-patterns"

TRACE::2025-03-29.02:30:59::SCWBDomain::"Running Make libs in ps7_cortexa9_0/libsrc/ddrps_v1_2/src"

TRACE::2025-03-29.02:30:59::SCWBDomain::make -C ps7_cortexa9_0/libsrc/ddrps_v1_2/src -s libs  "SHELL=CMD" "COMPILER=arm-none-eabi-gcc" "ASSEMBLER=arm-none-eabi-as" "AR
TRACE::2025-03-29.02:30:59::SCWBDomain::CHIVER=arm-none-eabi-ar" "COMPILER_FLAGS=  -O2 -c" "EXTRA_COMPILER_FLAGS=-mcpu=cortex-a9 -mfpu=vfpv3 -mfloat-abi=hard -nostartf
TRACE::2025-03-29.02:30:59::SCWBDomain::iles -g -Wall -Wextra -fno-tree-loop-distribute-patterns"

TRACE::2025-03-29.02:30:59::SCWBDomain::"Running Make libs in ps7_cortexa9_0/libsrc/devcfg_v3_8/src"

TRACE::2025-03-29.02:30:59::SCWBDomain::make -C ps7_cortexa9_0/libsrc/devcfg_v3_8/src -s libs  "SHELL=CMD" "COMPILER=arm-none-eabi-gcc" "ASSEMBLER=arm-none-eabi-as" "A
TRACE::2025-03-29.02:30:59::SCWBDomain::RCHIVER=arm-none-eabi-ar" "COMPILER_FLAGS=  -O2 -c" "EXTRA_COMPILER_FLAGS=-mcpu=cortex-a9 -mfpu=vfpv3 -mfloat-abi=hard -nostart
TRACE::2025-03-29.02:30:59::SCWBDomain::files -g -Wall -Wextra -fno-tree-loop-distribute-patterns"

TRACE::2025-03-29.02:30:59::SCWBDomain::"Running Make libs in ps7_cortexa9_0/libsrc/dmaps_v2_10/src"

TRACE::2025-03-29.02:30:59::SCWBDomain::make -C ps7_cortexa9_0/libsrc/dmaps_v2_10/src -s libs  "SHELL=CMD" "COMPILER=arm-none-eabi-gcc" "ASSEMBLER=arm-none-eabi-as" "A
TRACE::2025-03-29.02:30:59::SCWBDomain::RCHIVER=arm-none-eabi-ar" "COMPILER_FLAGS=  -O2 -c" "EXTRA_COMPILER_FLAGS=-mcpu=cortex-a9 -mfpu=vfpv3 -mfloat-abi=hard -nostart
TRACE::2025-03-29.02:30:59::SCWBDomain::files -g -Wall -Wextra -fno-tree-loop-distribute-patterns"

TRACE::2025-03-29.02:30:59::SCWBDomain::"Running Make libs in ps7_cortexa9_0/libsrc/emacps_v3_20/src"

TRACE::2025-03-29.02:30:59::SCWBDomain::make -C ps7_cortexa9_0/libsrc/emacps_v3_20/src -s libs  "SHELL=CMD" "COMPILER=arm-none-eabi-gcc" "ASSEMBLER=arm-none-eabi-as" "
TRACE::2025-03-29.02:30:59::SCWBDomain::ARCHIVER=arm-none-eabi-ar" "COMPILER_FLAGS=  -O2 -c" "EXTRA_COMPILER_FLAGS=-mcpu=cortex-a9 -mfpu=vfpv3 -mfloat-abi=hard -nostar
TRACE::2025-03-29.02:30:59::SCWBDomain::tfiles -g -Wall -Wextra -fno-tree-loop-distribute-patterns"

TRACE::2025-03-29.02:30:59::SCWBDomain::"Running Make libs in ps7_cortexa9_0/libsrc/gpiops_v3_13/src"

TRACE::2025-03-29.02:30:59::SCWBDomain::make -C ps7_cortexa9_0/libsrc/gpiops_v3_13/src -s libs  "SHELL=CMD" "COMPILER=arm-none-eabi-gcc" "ASSEMBLER=arm-none-eabi-as" "
TRACE::2025-03-29.02:30:59::SCWBDomain::ARCHIVER=arm-none-eabi-ar" "COMPILER_FLAGS=  -O2 -c" "EXTRA_COMPILER_FLAGS=-mcpu=cortex-a9 -mfpu=vfpv3 -mfloat-abi=hard -nostar
TRACE::2025-03-29.02:30:59::SCWBDomain::tfiles -g -Wall -Wextra -fno-tree-loop-distribute-patterns"

TRACE::2025-03-29.02:30:59::SCWBDomain::"Running Make libs in ps7_cortexa9_0/libsrc/qspips_v3_12/src"

TRACE::2025-03-29.02:31:00::SCWBDomain::make -C ps7_cortexa9_0/libsrc/qspips_v3_12/src -s libs  "SHELL=CMD" "COMPILER=arm-none-eabi-gcc" "ASSEMBLER=arm-none-eabi-as" "
TRACE::2025-03-29.02:31:00::SCWBDomain::ARCHIVER=arm-none-eabi-ar" "COMPILER_FLAGS=  -O2 -c" "EXTRA_COMPILER_FLAGS=-mcpu=cortex-a9 -mfpu=vfpv3 -mfloat-abi=hard -nostar
TRACE::2025-03-29.02:31:00::SCWBDomain::tfiles -g -Wall -Wextra -fno-tree-loop-distribute-patterns"

TRACE::2025-03-29.02:31:00::SCWBDomain::"Running Make libs in ps7_cortexa9_0/libsrc/scugic_v5_3/src"

TRACE::2025-03-29.02:31:00::SCWBDomain::make -C ps7_cortexa9_0/libsrc/scugic_v5_3/src -s libs  "SHELL=CMD" "COMPILER=arm-none-eabi-gcc" "ASSEMBLER=arm-none-eabi-as" "A
TRACE::2025-03-29.02:31:00::SCWBDomain::RCHIVER=arm-none-eabi-ar" "COMPILER_FLAGS=  -O2 -c" "EXTRA_COMPILER_FLAGS=-mcpu=cortex-a9 -mfpu=vfpv3 -mfloat-abi=hard -nostart
TRACE::2025-03-29.02:31:00::SCWBDomain::files -g -Wall -Wextra -fno-tree-loop-distribute-patterns"

TRACE::2025-03-29.02:31:00::SCWBDomain::"Running Make libs in ps7_cortexa9_0/libsrc/scutimer_v2_6/src"

TRACE::2025-03-29.02:31:00::SCWBDomain::make -C ps7_cortexa9_0/libsrc/scutimer_v2_6/src -s libs  "SHELL=CMD" "COMPILER=arm-none-eabi-gcc" "ASSEMBLER=arm-none-eabi-as" 
TRACE::2025-03-29.02:31:00::SCWBDomain::"ARCHIVER=arm-none-eabi-ar" "COMPILER_FLAGS=  -O2 -c" "EXTRA_COMPILER_FLAGS=-mcpu=cortex-a9 -mfpu=vfpv3 -mfloat-abi=hard -nosta
TRACE::2025-03-29.02:31:00::SCWBDomain::rtfiles -g -Wall -Wextra -fno-tree-loop-distribute-patterns"

TRACE::2025-03-29.02:31:01::SCWBDomain::"Running Make libs in ps7_cortexa9_0/libsrc/scuwdt_v2_5/src"

TRACE::2025-03-29.02:31:01::SCWBDomain::make -C ps7_cortexa9_0/libsrc/scuwdt_v2_5/src -s libs  "SHELL=CMD" "COMPILER=arm-none-eabi-gcc" "ASSEMBLER=arm-none-eabi-as" "A
TRACE::2025-03-29.02:31:01::SCWBDomain::RCHIVER=arm-none-eabi-ar" "COMPILER_FLAGS=  -O2 -c" "EXTRA_COMPILER_FLAGS=-mcpu=cortex-a9 -mfpu=vfpv3 -mfloat-abi=hard -nostart
TRACE::2025-03-29.02:31:01::SCWBDomain::files -g -Wall -Wextra -fno-tree-loop-distribute-patterns"

TRACE::2025-03-29.02:31:01::SCWBDomain::"Running Make libs in ps7_cortexa9_0/libsrc/sdps_v4_3/src"

TRACE::2025-03-29.02:31:01::SCWBDomain::make -C ps7_cortexa9_0/libsrc/sdps_v4_3/src -s libs  "SHELL=CMD" "COMPILER=arm-none-eabi-gcc" "ASSEMBLER=arm-none-eabi-as" "ARC
TRACE::2025-03-29.02:31:01::SCWBDomain::HIVER=arm-none-eabi-ar" "COMPILER_FLAGS=  -O2 -c" "EXTRA_COMPILER_FLAGS=-mcpu=cortex-a9 -mfpu=vfpv3 -mfloat-abi=hard -nostartfi
TRACE::2025-03-29.02:31:01::SCWBDomain::les -g -Wall -Wextra -fno-tree-loop-distribute-patterns"

TRACE::2025-03-29.02:31:01::SCWBDomain::"Running Make libs in ps7_cortexa9_0/libsrc/standalone_v9_1/src"

TRACE::2025-03-29.02:31:01::SCWBDomain::make -C ps7_cortexa9_0/libsrc/standalone_v9_1/src -s libs  "SHELL=CMD" "COMPILER=arm-none-eabi-gcc" "ASSEMBLER=arm-none-eabi-as
TRACE::2025-03-29.02:31:01::SCWBDomain::" "ARCHIVER=arm-none-eabi-ar" "COMPILER_FLAGS=  -O2 -c" "EXTRA_COMPILER_FLAGS=-mcpu=cortex-a9 -mfpu=vfpv3 -mfloat-abi=hard -nos
TRACE::2025-03-29.02:31:01::SCWBDomain::tartfiles -g -Wall -Wextra -fno-tree-loop-distribute-patterns"

TRACE::2025-03-29.02:31:01::SCWBDomain::"Running Make libs in ps7_cortexa9_0/libsrc/tmrctr_v4_12/src"

TRACE::2025-03-29.02:31:02::SCWBDomain::make -C ps7_cortexa9_0/libsrc/tmrctr_v4_12/src -s libs  "SHELL=CMD" "COMPILER=arm-none-eabi-gcc" "ASSEMBLER=arm-none-eabi-as" "
TRACE::2025-03-29.02:31:02::SCWBDomain::ARCHIVER=arm-none-eabi-ar" "COMPILER_FLAGS=  -O2 -c" "EXTRA_COMPILER_FLAGS=-mcpu=cortex-a9 -mfpu=vfpv3 -mfloat-abi=hard -nostar
TRACE::2025-03-29.02:31:02::SCWBDomain::tfiles -g -Wall -Wextra -fno-tree-loop-distribute-patterns"

TRACE::2025-03-29.02:31:02::SCWBDomain::"Running Make libs in ps7_cortexa9_0/libsrc/uartps_v3_14/src"

TRACE::2025-03-29.02:31:02::SCWBDomain::make -C ps7_cortexa9_0/libsrc/uartps_v3_14/src -s libs  "SHELL=CMD" "COMPILER=arm-none-eabi-gcc" "ASSEMBLER=arm-none-eabi-as" "
TRACE::2025-03-29.02:31:02::SCWBDomain::ARCHIVER=arm-none-eabi-ar" "COMPILER_FLAGS=  -O2 -c" "EXTRA_COMPILER_FLAGS=-mcpu=cortex-a9 -mfpu=vfpv3 -mfloat-abi=hard -nostar
TRACE::2025-03-29.02:31:02::SCWBDomain::tfiles -g -Wall -Wextra -fno-tree-loop-distribute-patterns"

TRACE::2025-03-29.02:31:02::SCWBDomain::"Running Make libs in ps7_cortexa9_0/libsrc/usbps_v2_9/src"

TRACE::2025-03-29.02:31:02::SCWBDomain::make -C ps7_cortexa9_0/libsrc/usbps_v2_9/src -s libs  "SHELL=CMD" "COMPILER=arm-none-eabi-gcc" "ASSEMBLER=arm-none-eabi-as" "AR
TRACE::2025-03-29.02:31:02::SCWBDomain::CHIVER=arm-none-eabi-ar" "COMPILER_FLAGS=  -O2 -c" "EXTRA_COMPILER_FLAGS=-mcpu=cortex-a9 -mfpu=vfpv3 -mfloat-abi=hard -nostartf
TRACE::2025-03-29.02:31:02::SCWBDomain::iles -g -Wall -Wextra -fno-tree-loop-distribute-patterns"

TRACE::2025-03-29.02:31:02::SCWBDomain::"Running Make libs in ps7_cortexa9_0/libsrc/xadcps_v2_7/src"

TRACE::2025-03-29.02:31:02::SCWBDomain::make -C ps7_cortexa9_0/libsrc/xadcps_v2_7/src -s libs  "SHELL=CMD" "COMPILER=arm-none-eabi-gcc" "ASSEMBLER=arm-none-eabi-as" "A
TRACE::2025-03-29.02:31:02::SCWBDomain::RCHIVER=arm-none-eabi-ar" "COMPILER_FLAGS=  -O2 -c" "EXTRA_COMPILER_FLAGS=-mcpu=cortex-a9 -mfpu=vfpv3 -mfloat-abi=hard -nostart
TRACE::2025-03-29.02:31:02::SCWBDomain::files -g -Wall -Wextra -fno-tree-loop-distribute-patterns"

TRACE::2025-03-29.02:31:02::SCWBDomain::"Running Make libs in ps7_cortexa9_0/libsrc/xilffs_v5_2/src"

TRACE::2025-03-29.02:31:02::SCWBDomain::make -C ps7_cortexa9_0/libsrc/xilffs_v5_2/src -s libs  "SHELL=CMD" "COMPILER=arm-none-eabi-gcc" "ASSEMBLER=arm-none-eabi-as" "A
TRACE::2025-03-29.02:31:02::SCWBDomain::RCHIVER=arm-none-eabi-ar" "COMPILER_FLAGS=  -O2 -c" "EXTRA_COMPILER_FLAGS=-mcpu=cortex-a9 -mfpu=vfpv3 -mfloat-abi=hard -nostart
TRACE::2025-03-29.02:31:02::SCWBDomain::files -g -Wall -Wextra -fno-tree-loop-distribute-patterns"

TRACE::2025-03-29.02:31:06::SCWBDomain::'Finished building libraries parallelly.'

TRACE::2025-03-29.02:31:06::SCWBDomain::make --no-print-directory archive

TRACE::2025-03-29.02:31:06::SCWBDomain::arm-none-eabi-ar -r  ps7_cortexa9_0/lib/libxil.a ps7_cortexa9_0/lib/SpeedSensor.o ps7_cortexa9_0/lib/SpeedSensor_selftest.o ps7
TRACE::2025-03-29.02:31:06::SCWBDomain::_cortexa9_0/lib/_exit.o ps7_cortexa9_0/lib/_open.o ps7_cortexa9_0/lib/_sbrk.o ps7_cortexa9_0/lib/abort.o ps7_cortexa9_0/lib/asm
TRACE::2025-03-29.02:31:06::SCWBDomain::_vectors.o ps7_cortexa9_0/lib/boot.o ps7_cortexa9_0/lib/close.o ps7_cortexa9_0/lib/cpputest_time.o ps7_cortexa9_0/lib/cpu_init.
TRACE::2025-03-29.02:31:06::SCWBDomain::o ps7_cortexa9_0/lib/errno.o ps7_cortexa9_0/lib/fcntl.o ps7_cortexa9_0/lib/fstat.o ps7_cortexa9_0/lib/getentropy.o ps7_cortexa9
TRACE::2025-03-29.02:31:06::SCWBDomain::_0/lib/getpid.o ps7_cortexa9_0/lib/inbyte.o ps7_cortexa9_0/lib/isatty.o ps7_cortexa9_0/lib/kill.o ps7_cortexa9_0/lib/lseek.o ps
TRACE::2025-03-29.02:31:06::SCWBDomain::7_cortexa9_0/lib/open.o ps7_cortexa9_0/lib/outbyte.o ps7_cortexa9_0/lib/print.o ps7_cortexa9_0/lib/putnum.o ps7_cortexa9_0/lib/
TRACE::2025-03-29.02:31:06::SCWBDomain::read.o ps7_cortexa9_0/lib/sbrk.o ps7_cortexa9_0/lib/sleep.o ps7_cortexa9_0/lib/time.o ps7_cortexa9_0/lib/translation_table.o ps
TRACE::2025-03-29.02:31:06::SCWBDomain::7_cortexa9_0/lib/unlink.o ps7_cortexa9_0/lib/usleep.o ps7_cortexa9_0/lib/vectors.o ps7_cortexa9_0/lib/write.o ps7_cortexa9_0/li
TRACE::2025-03-29.02:31:06::SCWBDomain::b/xadcps.o ps7_cortexa9_0/lib/xadcps_g.o ps7_cortexa9_0/lib/xadcps_intr.o ps7_cortexa9_0/lib/xadcps_selftest.o ps7_cortexa9_0/l
TRACE::2025-03-29.02:31:06::SCWBDomain::ib/xadcps_sinit.o ps7_cortexa9_0/lib/xcoresightpsdcc.o ps7_cortexa9_0/lib/xdevcfg.o ps7_cortexa9_0/lib/xdevcfg_g.o ps7_cortexa9
TRACE::2025-03-29.02:31:06::SCWBDomain::_0/lib/xdevcfg_hw.o ps7_cortexa9_0/lib/xdevcfg_intr.o ps7_cortexa9_0/lib/xdevcfg_selftest.o ps7_cortexa9_0/lib/xdevcfg_sinit.o 
TRACE::2025-03-29.02:31:06::SCWBDomain::ps7_cortexa9_0/lib/xdmaps.o ps7_cortexa9_0/lib/xdmaps_g.o ps7_cortexa9_0/lib/xdmaps_hw.o ps7_cortexa9_0/lib/xdmaps_selftest.o p
TRACE::2025-03-29.02:31:06::SCWBDomain::s7_cortexa9_0/lib/xdmaps_sinit.o ps7_cortexa9_0/lib/xemacps.o ps7_cortexa9_0/lib/xemacps_bdring.o ps7_cortexa9_0/lib/xemacps_co
TRACE::2025-03-29.02:31:06::SCWBDomain::ntrol.o ps7_cortexa9_0/lib/xemacps_g.o ps7_cortexa9_0/lib/xemacps_hw.o ps7_cortexa9_0/lib/xemacps_intr.o ps7_cortexa9_0/lib/xem
TRACE::2025-03-29.02:31:06::SCWBDomain::acps_sinit.o ps7_cortexa9_0/lib/xgpiops.o ps7_cortexa9_0/lib/xgpiops_g.o ps7_cortexa9_0/lib/xgpiops_hw.o ps7_cortexa9_0/lib/xgp
TRACE::2025-03-29.02:31:06::SCWBDomain::iops_intr.o ps7_cortexa9_0/lib/xgpiops_selftest.o ps7_cortexa9_0/lib/xgpiops_sinit.o ps7_cortexa9_0/lib/xil-crt0.o ps7_cortexa9
TRACE::2025-03-29.02:31:06::SCWBDomain::_0/lib/xil_assert.o ps7_cortexa9_0/lib/xil_cache.o ps7_cortexa9_0/lib/xil_clocking.o ps7_cortexa9_0/lib/xil_exception.o ps7_cor
TRACE::2025-03-29.02:31:06::SCWBDomain::texa9_0/lib/xil_mem.o ps7_cortexa9_0/lib/xil_misc_psreset_api.o ps7_cortexa9_0/lib/xil_mmu.o ps7_cortexa9_0/lib/xil_printf.o ps
TRACE::2025-03-29.02:31:06::SCWBDomain::7_cortexa9_0/lib/xil_sleepcommon.o ps7_cortexa9_0/lib/xil_sleeptimer.o ps7_cortexa9_0/lib/xil_spinlock.o ps7_cortexa9_0/lib/xil
TRACE::2025-03-29.02:31:06::SCWBDomain::_testcache.o ps7_cortexa9_0/lib/xil_testio.o ps7_cortexa9_0/lib/xil_testmem.o ps7_cortexa9_0/lib/xil_util.o ps7_cortexa9_0/lib/
TRACE::2025-03-29.02:31:06::SCWBDomain::xinterrupt_wrap.o ps7_cortexa9_0/lib/xl2cc_counter.o ps7_cortexa9_0/lib/xplatform_info.o ps7_cortexa9_0/lib/xpm_counter.o ps7_c
TRACE::2025-03-29.02:31:06::SCWBDomain::ortexa9_0/lib/xpm_init.o ps7_cortexa9_0/lib/xqspips.o ps7_cortexa9_0/lib/xqspips_g.o ps7_cortexa9_0/lib/xqspips_hw.o ps7_cortex
TRACE::2025-03-29.02:31:06::SCWBDomain::a9_0/lib/xqspips_options.o ps7_cortexa9_0/lib/xqspips_selftest.o ps7_cortexa9_0/lib/xqspips_sinit.o ps7_cortexa9_0/lib/xscugic.
TRACE::2025-03-29.02:31:06::SCWBDomain::o ps7_cortexa9_0/lib/xscugic_g.o ps7_cortexa9_0/lib/xscugic_hw.o ps7_cortexa9_0/lib/xscugic_intr.o ps7_cortexa9_0/lib/xscugic_s
TRACE::2025-03-29.02:31:06::SCWBDomain::elftest.o ps7_cortexa9_0/lib/xscugic_sinit.o ps7_cortexa9_0/lib/xscutimer.o ps7_cortexa9_0/lib/xscutimer_g.o ps7_cortexa9_0/lib
TRACE::2025-03-29.02:31:06::SCWBDomain::/xscutimer_selftest.o ps7_cortexa9_0/lib/xscutimer_sinit.o ps7_cortexa9_0/lib/xscuwdt.o ps7_cortexa9_0/lib/xscuwdt_g.o ps7_cort
TRACE::2025-03-29.02:31:06::SCWBDomain::exa9_0/lib/xscuwdt_selftest.o ps7_cortexa9_0/lib/xscuwdt_sinit.o ps7_cortexa9_0/lib/xsdps.o ps7_cortexa9_0/lib/xsdps_card.o ps7
TRACE::2025-03-29.02:31:06::SCWBDomain::_cortexa9_0/lib/xsdps_g.o ps7_cortexa9_0/lib/xsdps_host.o ps7_cortexa9_0/lib/xsdps_options.o ps7_cortexa9_0/lib/xsdps_sinit.o p
TRACE::2025-03-29.02:31:06::SCWBDomain::s7_cortexa9_0/lib/xtime_l.o ps7_cortexa9_0/lib/xtmrctr.o ps7_cortexa9_0/lib/xtmrctr_g.o ps7_cortexa9_0/lib/xtmrctr_intr.o ps7_c
TRACE::2025-03-29.02:31:06::SCWBDomain::ortexa9_0/lib/xtmrctr_l.o ps7_cortexa9_0/lib/xtmrctr_options.o ps7_cortexa9_0/lib/xtmrctr_selftest.o ps7_cortexa9_0/lib/xtmrctr
TRACE::2025-03-29.02:31:06::SCWBDomain::_sinit.o ps7_cortexa9_0/lib/xtmrctr_stats.o ps7_cortexa9_0/lib/xuartps.o ps7_cortexa9_0/lib/xuartps_g.o ps7_cortexa9_0/lib/xuar
TRACE::2025-03-29.02:31:06::SCWBDomain::tps_hw.o ps7_cortexa9_0/lib/xuartps_intr.o ps7_cortexa9_0/lib/xuartps_options.o ps7_cortexa9_0/lib/xuartps_selftest.o ps7_corte
TRACE::2025-03-29.02:31:06::SCWBDomain::xa9_0/lib/xuartps_sinit.o ps7_cortexa9_0/lib/xusbps.o ps7_cortexa9_0/lib/xusbps_endpoint.o ps7_cortexa9_0/lib/xusbps_g.o ps7_co
TRACE::2025-03-29.02:31:06::SCWBDomain::rtexa9_0/lib/xusbps_hw.o ps7_cortexa9_0/lib/xusbps_intr.o ps7_cortexa9_0/lib/xusbps_sinit.o

TRACE::2025-03-29.02:31:06::SCWBDomain::'Finished building libraries'

TRACE::2025-03-29.02:31:06::SCWBDomain::make: Leaving directory 'C:/devWorks/SS_MC_SOC/Vitis/Speed_sensor_Motor_control/zynq_fsbl/zynq_fsbl_bsp'

TRACE::2025-03-29.02:31:06::SCWBDomain::arm-none-eabi-gcc  -O2 -c -MMD -MP       -mcpu=cortex-a9 -mfpu=vfpv3 -mfloat-abi=hard  -c sd.c -o sd.o -Izynq_fsbl_bsp/ps7_cort
TRACE::2025-03-29.02:31:06::SCWBDomain::exa9_0/include -I.

TRACE::2025-03-29.02:31:06::SCWBDomain::arm-none-eabi-gcc  -O2 -c -MMD -MP       -mcpu=cortex-a9 -mfpu=vfpv3 -mfloat-abi=hard  -c nand.c -o nand.o -Izynq_fsbl_bsp/ps7_
TRACE::2025-03-29.02:31:06::SCWBDomain::cortexa9_0/include -I.

TRACE::2025-03-29.02:31:07::SCWBDomain::arm-none-eabi-gcc  -O2 -c -MMD -MP       -mcpu=cortex-a9 -mfpu=vfpv3 -mfloat-abi=hard  -c nor.c -o nor.o -Izynq_fsbl_bsp/ps7_co
TRACE::2025-03-29.02:31:07::SCWBDomain::rtexa9_0/include -I.

TRACE::2025-03-29.02:31:07::SCWBDomain::arm-none-eabi-gcc  -O2 -c -MMD -MP       -mcpu=cortex-a9 -mfpu=vfpv3 -mfloat-abi=hard  -c image_mover.c -o image_mover.o -Izynq
TRACE::2025-03-29.02:31:07::SCWBDomain::_fsbl_bsp/ps7_cortexa9_0/include -I.

TRACE::2025-03-29.02:31:07::SCWBDomain::arm-none-eabi-gcc  -O2 -c -MMD -MP       -mcpu=cortex-a9 -mfpu=vfpv3 -mfloat-abi=hard  -c md5.c -o md5.o -Izynq_fsbl_bsp/ps7_co
TRACE::2025-03-29.02:31:07::SCWBDomain::rtexa9_0/include -I.

TRACE::2025-03-29.02:31:07::SCWBDomain::arm-none-eabi-gcc  -O2 -c -MMD -MP       -mcpu=cortex-a9 -mfpu=vfpv3 -mfloat-abi=hard  -c fsbl_hooks.c -o fsbl_hooks.o -Izynq_f
TRACE::2025-03-29.02:31:07::SCWBDomain::sbl_bsp/ps7_cortexa9_0/include -I.

TRACE::2025-03-29.02:31:08::SCWBDomain::arm-none-eabi-gcc  -O2 -c -MMD -MP       -mcpu=cortex-a9 -mfpu=vfpv3 -mfloat-abi=hard  -c main.c -o main.o -Izynq_fsbl_bsp/ps7_
TRACE::2025-03-29.02:31:08::SCWBDomain::cortexa9_0/include -I.

TRACE::2025-03-29.02:31:08::SCWBDomain::arm-none-eabi-gcc  -O2 -c -MMD -MP       -mcpu=cortex-a9 -mfpu=vfpv3 -mfloat-abi=hard  -c rsa.c -o rsa.o -Izynq_fsbl_bsp/ps7_co
TRACE::2025-03-29.02:31:08::SCWBDomain::rtexa9_0/include -I.

TRACE::2025-03-29.02:31:08::SCWBDomain::arm-none-eabi-gcc  -O2 -c -MMD -MP       -mcpu=cortex-a9 -mfpu=vfpv3 -mfloat-abi=hard  -c qspi.c -o qspi.o -Izynq_fsbl_bsp/ps7_
TRACE::2025-03-29.02:31:08::SCWBDomain::cortexa9_0/include -I.

TRACE::2025-03-29.02:31:08::SCWBDomain::arm-none-eabi-gcc  -O2 -c -MMD -MP       -mcpu=cortex-a9 -mfpu=vfpv3 -mfloat-abi=hard  -c ps7_init.c -o ps7_init.o -Izynq_fsbl_
TRACE::2025-03-29.02:31:08::SCWBDomain::bsp/ps7_cortexa9_0/include -I.

TRACE::2025-03-29.02:31:08::SCWBDomain::arm-none-eabi-gcc  -O2 -c -MMD -MP       -mcpu=cortex-a9 -mfpu=vfpv3 -mfloat-abi=hard  -c pcap.c -o pcap.o -Izynq_fsbl_bsp/ps7_
TRACE::2025-03-29.02:31:08::SCWBDomain::cortexa9_0/include -I.

TRACE::2025-03-29.02:31:09::SCWBDomain::arm-none-eabi-gcc  -O2 -c -MMD -MP       -mcpu=cortex-a9 -mfpu=vfpv3 -mfloat-abi=hard  -c fsbl_handoff.S -o fsbl_handoff.o -Izy
TRACE::2025-03-29.02:31:09::SCWBDomain::nq_fsbl_bsp/ps7_cortexa9_0/include -I.

TRACE::2025-03-29.02:31:09::SCWBDomain::arm-none-eabi-gcc -o fsbl.elf fsbl_handoff.o fsbl_hooks.o image_mover.o main.o md5.o nand.o nor.o pcap.o ps7_init.o qspi.o rsa.
TRACE::2025-03-29.02:31:09::SCWBDomain::o sd.o -MMD -MP       -mcpu=cortex-a9 -mfpu=vfpv3 -mfloat-abi=hard   -mcpu=cortex-a9 -mfpu=vfpv3 -mfloat-abi=hard -Wl,-build-id
TRACE::2025-03-29.02:31:09::SCWBDomain::=none -specs=Xilinx.spec  -lrsa -Wl,--start-group,-lxil,-lgcc,-lc,--end-group -Wl,--start-group,-lxilffs,-lxil,-lgcc,-lc,--end-
TRACE::2025-03-29.02:31:09::SCWBDomain::group -Wl,--start-group,-lrsa,-lxil,-lgcc,-lc,--end-group                                       -Wl,--gc-sections -Lzynq_fsbl_b
TRACE::2025-03-29.02:31:09::SCWBDomain::sp/ps7_cortexa9_0/lib -L./ -Tlscript.ld

LOG::2025-03-29.02:31:10::SCWSystem::Checking the domain standalone_ps7_cortexa9_0
LOG::2025-03-29.02:31:10::SCWSystem::Not a boot domain 
LOG::2025-03-29.02:31:10::SCWSystem::Started Processing the domain standalone_ps7_cortexa9_0
TRACE::2025-03-29.02:31:10::SCWDomain::Generating domain artifcats
TRACE::2025-03-29.02:31:10::SCWMssOS::Generating standalone artifcats
TRACE::2025-03-29.02:31:10::SCWMssOS::Copying the qemu file from  C:/devWorks/SS_MC_SOC/Vitis/Speed_sensor_Motor_control/resources/Speed_sensor_Motor_control/standalone_ps7_cortexa9_0/qemu_args.txt To C:/devWorks/SS_MC_SOC/Vitis/Speed_sensor_Motor_control/export/Speed_sensor_Motor_control/sw/Speed_sensor_Motor_control/standalone_ps7_cortexa9_0/qemu/
TRACE::2025-03-29.02:31:10::SCWMssOS:: Copying the user libraries. 
TRACE::2025-03-29.02:31:10::SCWPlatform::Trying to open the hw design at C:/devWorks/SS_MC_SOC/Vitis/Speed_sensor_Motor_control/hw/Speed_sensor_Motor_control.xsa
TRACE::2025-03-29.02:31:10::SCWPlatform::DSA given C:/devWorks/SS_MC_SOC/Vitis/Speed_sensor_Motor_control/hw/Speed_sensor_Motor_control.xsa
TRACE::2025-03-29.02:31:10::SCWPlatform::DSA absoulate path C:/devWorks/SS_MC_SOC/Vitis/Speed_sensor_Motor_control/hw/Speed_sensor_Motor_control.xsa
TRACE::2025-03-29.02:31:10::SCWPlatform::DSA directory C:/devWorks/SS_MC_SOC/Vitis/Speed_sensor_Motor_control/hw
TRACE::2025-03-29.02:31:10::SCWPlatform:: Platform Path C:/devWorks/SS_MC_SOC/Vitis/Speed_sensor_Motor_control/hw/Speed_sensor_Motor_control.xsa
TRACE::2025-03-29.02:31:10::SCWPlatform:: Unique name xilinx:pynq-z2::0.0
TRACE::2025-03-29.02:31:10::SCWPlatform::Trying to set the existing hwdb with name design_1_wrapper_0
TRACE::2025-03-29.02:31:10::SCWPlatform::Opened existing hwdb design_1_wrapper_0
TRACE::2025-03-29.02:31:10::SCWPlatform::Found the Hw Db part of the input DSA
TRACE::2025-03-29.02:31:10::SCWMssOS::Checking the sw design at  C:/devWorks/SS_MC_SOC/Vitis/Speed_sensor_Motor_control/ps7_cortexa9_0/standalone_ps7_cortexa9_0/bsp/system.mss
TRACE::2025-03-29.02:31:10::SCWMssOS::DEBUG:  swdes dump  C:/devWorks/SS_MC_SOC/Vitis/Speed_sensor_Motor_control/ps7_cortexa9_0/standalone_ps7_cortexa9_0/bsp/system.mss|system_0||
C:/devWorks/SS_MC_SOC/Vitis/Speed_sensor_Motor_control/zynq_fsbl/zynq_fsbl_bsp/system.mss|system||

TRACE::2025-03-29.02:31:10::SCWMssOS::Sw design exists and opened at  C:/devWorks/SS_MC_SOC/Vitis/Speed_sensor_Motor_control/ps7_cortexa9_0/standalone_ps7_cortexa9_0/bsp/system.mss
TRACE::2025-03-29.02:31:10::SCWMssOS::Completed writing the mss file at C:/devWorks/SS_MC_SOC/Vitis/Speed_sensor_Motor_control/ps7_cortexa9_0/standalone_ps7_cortexa9_0/bsp
TRACE::2025-03-29.02:31:10::SCWMssOS::Mss edits present, copying mssfile into export location C:/devWorks/SS_MC_SOC/Vitis/Speed_sensor_Motor_control/ps7_cortexa9_0/standalone_ps7_cortexa9_0/bsp/system.mss
TRACE::2025-03-29.02:31:10::SCWMssOS::bsp generated is upto date with the mss file. Skipping bsp generation.
TRACE::2025-03-29.02:31:10::SCWMssOS::BSP is already built. skipping the bsp build ... 
TRACE::2025-03-29.02:31:10::SCWDomain::Building the domain as part of full build :  standalone_ps7_cortexa9_0
TRACE::2025-03-29.02:31:10::SCWMssOS::doing bsp build ... 
TRACE::2025-03-29.02:31:10::SCWMssOS::System Command Ran  C: & cd  C:/devWorks/SS_MC_SOC/Vitis/Speed_sensor_Motor_control/ps7_cortexa9_0/standalone_ps7_cortexa9_0/bsp & make 
TRACE::2025-03-29.02:31:10::SCWMssOS::make --no-print-directory seq_libs

TRACE::2025-03-29.02:31:10::SCWMssOS::"Running Make include in ps7_cortexa9_0/libsrc/coresightps_dcc_v1_10/src"

TRACE::2025-03-29.02:31:10::SCWMssOS::make -C ps7_cortexa9_0/libsrc/coresightps_dcc_v1_10/src -s include  "SHELL=CMD" "COMPILER=arm-none-eabi-gcc" "ASSEMBLER=arm-non
TRACE::2025-03-29.02:31:10::SCWMssOS::e-eabi-as" "ARCHIVER=arm-none-eabi-ar" "COMPILER_FLAGS=  -O2 -c" "EXTRA_COMPILER_FLAGS=-mcpu=cortex-a9 -mfpu=vfpv3 -mfloat-abi=
TRACE::2025-03-29.02:31:10::SCWMssOS::hard -nostartfiles -g -Wall -Wextra -fno-tree-loop-distribute-patterns"

TRACE::2025-03-29.02:31:10::SCWMssOS::"Running Make include in ps7_cortexa9_0/libsrc/cpu_cortexa9_v2_12/src"

TRACE::2025-03-29.02:31:10::SCWMssOS::make -C ps7_cortexa9_0/libsrc/cpu_cortexa9_v2_12/src -s include  "SHELL=CMD" "COMPILER=arm-none-eabi-gcc" "ASSEMBLER=arm-none-e
TRACE::2025-03-29.02:31:10::SCWMssOS::abi-as" "ARCHIVER=arm-none-eabi-ar" "COMPILER_FLAGS=  -O2 -c" "EXTRA_COMPILER_FLAGS=-mcpu=cortex-a9 -mfpu=vfpv3 -mfloat-abi=har
TRACE::2025-03-29.02:31:10::SCWMssOS::d -nostartfiles -g -Wall -Wextra -fno-tree-loop-distribute-patterns"

TRACE::2025-03-29.02:31:10::SCWMssOS::"Running Make include in ps7_cortexa9_0/libsrc/ddrps_v1_2/src"

TRACE::2025-03-29.02:31:10::SCWMssOS::make -C ps7_cortexa9_0/libsrc/ddrps_v1_2/src -s include  "SHELL=CMD" "COMPILER=arm-none-eabi-gcc" "ASSEMBLER=arm-none-eabi-as" 
TRACE::2025-03-29.02:31:10::SCWMssOS::"ARCHIVER=arm-none-eabi-ar" "COMPILER_FLAGS=  -O2 -c" "EXTRA_COMPILER_FLAGS=-mcpu=cortex-a9 -mfpu=vfpv3 -mfloat-abi=hard -nosta
TRACE::2025-03-29.02:31:10::SCWMssOS::rtfiles -g -Wall -Wextra -fno-tree-loop-distribute-patterns"

TRACE::2025-03-29.02:31:10::SCWMssOS::"Running Make include in ps7_cortexa9_0/libsrc/devcfg_v3_8/src"

TRACE::2025-03-29.02:31:10::SCWMssOS::make -C ps7_cortexa9_0/libsrc/devcfg_v3_8/src -s include  "SHELL=CMD" "COMPILER=arm-none-eabi-gcc" "ASSEMBLER=arm-none-eabi-as"
TRACE::2025-03-29.02:31:10::SCWMssOS:: "ARCHIVER=arm-none-eabi-ar" "COMPILER_FLAGS=  -O2 -c" "EXTRA_COMPILER_FLAGS=-mcpu=cortex-a9 -mfpu=vfpv3 -mfloat-abi=hard -nost
TRACE::2025-03-29.02:31:10::SCWMssOS::artfiles -g -Wall -Wextra -fno-tree-loop-distribute-patterns"

TRACE::2025-03-29.02:31:10::SCWMssOS::"Running Make include in ps7_cortexa9_0/libsrc/dmaps_v2_10/src"

TRACE::2025-03-29.02:31:10::SCWMssOS::make -C ps7_cortexa9_0/libsrc/dmaps_v2_10/src -s include  "SHELL=CMD" "COMPILER=arm-none-eabi-gcc" "ASSEMBLER=arm-none-eabi-as"
TRACE::2025-03-29.02:31:10::SCWMssOS:: "ARCHIVER=arm-none-eabi-ar" "COMPILER_FLAGS=  -O2 -c" "EXTRA_COMPILER_FLAGS=-mcpu=cortex-a9 -mfpu=vfpv3 -mfloat-abi=hard -nost
TRACE::2025-03-29.02:31:10::SCWMssOS::artfiles -g -Wall -Wextra -fno-tree-loop-distribute-patterns"

TRACE::2025-03-29.02:31:10::SCWMssOS::"Running Make include in ps7_cortexa9_0/libsrc/emacps_v3_20/src"

TRACE::2025-03-29.02:31:10::SCWMssOS::make -C ps7_cortexa9_0/libsrc/emacps_v3_20/src -s include  "SHELL=CMD" "COMPILER=arm-none-eabi-gcc" "ASSEMBLER=arm-none-eabi-as
TRACE::2025-03-29.02:31:10::SCWMssOS::" "ARCHIVER=arm-none-eabi-ar" "COMPILER_FLAGS=  -O2 -c" "EXTRA_COMPILER_FLAGS=-mcpu=cortex-a9 -mfpu=vfpv3 -mfloat-abi=hard -nos
TRACE::2025-03-29.02:31:10::SCWMssOS::tartfiles -g -Wall -Wextra -fno-tree-loop-distribute-patterns"

TRACE::2025-03-29.02:31:10::SCWMssOS::"Running Make include in ps7_cortexa9_0/libsrc/gpiops_v3_13/src"

TRACE::2025-03-29.02:31:10::SCWMssOS::make -C ps7_cortexa9_0/libsrc/gpiops_v3_13/src -s include  "SHELL=CMD" "COMPILER=arm-none-eabi-gcc" "ASSEMBLER=arm-none-eabi-as
TRACE::2025-03-29.02:31:10::SCWMssOS::" "ARCHIVER=arm-none-eabi-ar" "COMPILER_FLAGS=  -O2 -c" "EXTRA_COMPILER_FLAGS=-mcpu=cortex-a9 -mfpu=vfpv3 -mfloat-abi=hard -nos
TRACE::2025-03-29.02:31:10::SCWMssOS::tartfiles -g -Wall -Wextra -fno-tree-loop-distribute-patterns"

TRACE::2025-03-29.02:31:10::SCWMssOS::"Running Make include in ps7_cortexa9_0/libsrc/qspips_v3_12/src"

TRACE::2025-03-29.02:31:10::SCWMssOS::make -C ps7_cortexa9_0/libsrc/qspips_v3_12/src -s include  "SHELL=CMD" "COMPILER=arm-none-eabi-gcc" "ASSEMBLER=arm-none-eabi-as
TRACE::2025-03-29.02:31:10::SCWMssOS::" "ARCHIVER=arm-none-eabi-ar" "COMPILER_FLAGS=  -O2 -c" "EXTRA_COMPILER_FLAGS=-mcpu=cortex-a9 -mfpu=vfpv3 -mfloat-abi=hard -nos
TRACE::2025-03-29.02:31:10::SCWMssOS::tartfiles -g -Wall -Wextra -fno-tree-loop-distribute-patterns"

TRACE::2025-03-29.02:31:11::SCWMssOS::"Running Make include in ps7_cortexa9_0/libsrc/scugic_v5_3/src"

TRACE::2025-03-29.02:31:11::SCWMssOS::make -C ps7_cortexa9_0/libsrc/scugic_v5_3/src -s include  "SHELL=CMD" "COMPILER=arm-none-eabi-gcc" "ASSEMBLER=arm-none-eabi-as"
TRACE::2025-03-29.02:31:11::SCWMssOS:: "ARCHIVER=arm-none-eabi-ar" "COMPILER_FLAGS=  -O2 -c" "EXTRA_COMPILER_FLAGS=-mcpu=cortex-a9 -mfpu=vfpv3 -mfloat-abi=hard -nost
TRACE::2025-03-29.02:31:11::SCWMssOS::artfiles -g -Wall -Wextra -fno-tree-loop-distribute-patterns"

TRACE::2025-03-29.02:31:11::SCWMssOS::"Running Make include in ps7_cortexa9_0/libsrc/scutimer_v2_6/src"

TRACE::2025-03-29.02:31:11::SCWMssOS::make -C ps7_cortexa9_0/libsrc/scutimer_v2_6/src -s include  "SHELL=CMD" "COMPILER=arm-none-eabi-gcc" "ASSEMBLER=arm-none-eabi-a
TRACE::2025-03-29.02:31:11::SCWMssOS::s" "ARCHIVER=arm-none-eabi-ar" "COMPILER_FLAGS=  -O2 -c" "EXTRA_COMPILER_FLAGS=-mcpu=cortex-a9 -mfpu=vfpv3 -mfloat-abi=hard -no
TRACE::2025-03-29.02:31:11::SCWMssOS::startfiles -g -Wall -Wextra -fno-tree-loop-distribute-patterns"

TRACE::2025-03-29.02:31:11::SCWMssOS::"Running Make include in ps7_cortexa9_0/libsrc/scuwdt_v2_5/src"

TRACE::2025-03-29.02:31:11::SCWMssOS::make -C ps7_cortexa9_0/libsrc/scuwdt_v2_5/src -s include  "SHELL=CMD" "COMPILER=arm-none-eabi-gcc" "ASSEMBLER=arm-none-eabi-as"
TRACE::2025-03-29.02:31:11::SCWMssOS:: "ARCHIVER=arm-none-eabi-ar" "COMPILER_FLAGS=  -O2 -c" "EXTRA_COMPILER_FLAGS=-mcpu=cortex-a9 -mfpu=vfpv3 -mfloat-abi=hard -nost
TRACE::2025-03-29.02:31:11::SCWMssOS::artfiles -g -Wall -Wextra -fno-tree-loop-distribute-patterns"

TRACE::2025-03-29.02:31:11::SCWMssOS::"Running Make include in ps7_cortexa9_0/libsrc/sdps_v4_3/src"

TRACE::2025-03-29.02:31:11::SCWMssOS::make -C ps7_cortexa9_0/libsrc/sdps_v4_3/src -s include  "SHELL=CMD" "COMPILER=arm-none-eabi-gcc" "ASSEMBLER=arm-none-eabi-as" "
TRACE::2025-03-29.02:31:11::SCWMssOS::ARCHIVER=arm-none-eabi-ar" "COMPILER_FLAGS=  -O2 -c" "EXTRA_COMPILER_FLAGS=-mcpu=cortex-a9 -mfpu=vfpv3 -mfloat-abi=hard -nostar
TRACE::2025-03-29.02:31:11::SCWMssOS::tfiles -g -Wall -Wextra -fno-tree-loop-distribute-patterns"

TRACE::2025-03-29.02:31:11::SCWMssOS::"Running Make include in ps7_cortexa9_0/libsrc/SpeedSensor_v1_0/src"

TRACE::2025-03-29.02:31:11::SCWMssOS::make -C ps7_cortexa9_0/libsrc/SpeedSensor_v1_0/src -s include  "SHELL=CMD" "COMPILER=arm-none-eabi-gcc" "ASSEMBLER=arm-none-eab
TRACE::2025-03-29.02:31:11::SCWMssOS::i-as" "ARCHIVER=arm-none-eabi-ar" "COMPILER_FLAGS=  -O2 -c" "EXTRA_COMPILER_FLAGS=-mcpu=cortex-a9 -mfpu=vfpv3 -mfloat-abi=hard 
TRACE::2025-03-29.02:31:11::SCWMssOS::-nostartfiles -g -Wall -Wextra -fno-tree-loop-distribute-patterns"

TRACE::2025-03-29.02:31:11::SCWMssOS::"Running Make include in ps7_cortexa9_0/libsrc/standalone_v9_1/src"

TRACE::2025-03-29.02:31:11::SCWMssOS::make -C ps7_cortexa9_0/libsrc/standalone_v9_1/src -s include  "SHELL=CMD" "COMPILER=arm-none-eabi-gcc" "ASSEMBLER=arm-none-eabi
TRACE::2025-03-29.02:31:11::SCWMssOS::-as" "ARCHIVER=arm-none-eabi-ar" "COMPILER_FLAGS=  -O2 -c" "EXTRA_COMPILER_FLAGS=-mcpu=cortex-a9 -mfpu=vfpv3 -mfloat-abi=hard -
TRACE::2025-03-29.02:31:11::SCWMssOS::nostartfiles -g -Wall -Wextra -fno-tree-loop-distribute-patterns"

TRACE::2025-03-29.02:31:11::SCWMssOS::"Running Make include in ps7_cortexa9_0/libsrc/tmrctr_v4_12/src"

TRACE::2025-03-29.02:31:11::SCWMssOS::make -C ps7_cortexa9_0/libsrc/tmrctr_v4_12/src -s include  "SHELL=CMD" "COMPILER=arm-none-eabi-gcc" "ASSEMBLER=arm-none-eabi-as
TRACE::2025-03-29.02:31:11::SCWMssOS::" "ARCHIVER=arm-none-eabi-ar" "COMPILER_FLAGS=  -O2 -c" "EXTRA_COMPILER_FLAGS=-mcpu=cortex-a9 -mfpu=vfpv3 -mfloat-abi=hard -nos
TRACE::2025-03-29.02:31:11::SCWMssOS::tartfiles -g -Wall -Wextra -fno-tree-loop-distribute-patterns"

TRACE::2025-03-29.02:31:11::SCWMssOS::"Running Make include in ps7_cortexa9_0/libsrc/uartps_v3_14/src"

TRACE::2025-03-29.02:31:11::SCWMssOS::make -C ps7_cortexa9_0/libsrc/uartps_v3_14/src -s include  "SHELL=CMD" "COMPILER=arm-none-eabi-gcc" "ASSEMBLER=arm-none-eabi-as
TRACE::2025-03-29.02:31:11::SCWMssOS::" "ARCHIVER=arm-none-eabi-ar" "COMPILER_FLAGS=  -O2 -c" "EXTRA_COMPILER_FLAGS=-mcpu=cortex-a9 -mfpu=vfpv3 -mfloat-abi=hard -nos
TRACE::2025-03-29.02:31:11::SCWMssOS::tartfiles -g -Wall -Wextra -fno-tree-loop-distribute-patterns"

TRACE::2025-03-29.02:31:12::SCWMssOS::"Running Make include in ps7_cortexa9_0/libsrc/usbps_v2_9/src"

TRACE::2025-03-29.02:31:12::SCWMssOS::make -C ps7_cortexa9_0/libsrc/usbps_v2_9/src -s include  "SHELL=CMD" "COMPILER=arm-none-eabi-gcc" "ASSEMBLER=arm-none-eabi-as" 
TRACE::2025-03-29.02:31:12::SCWMssOS::"ARCHIVER=arm-none-eabi-ar" "COMPILER_FLAGS=  -O2 -c" "EXTRA_COMPILER_FLAGS=-mcpu=cortex-a9 -mfpu=vfpv3 -mfloat-abi=hard -nosta
TRACE::2025-03-29.02:31:12::SCWMssOS::rtfiles -g -Wall -Wextra -fno-tree-loop-distribute-patterns"

TRACE::2025-03-29.02:31:12::SCWMssOS::"Running Make include in ps7_cortexa9_0/libsrc/xadcps_v2_7/src"

TRACE::2025-03-29.02:31:12::SCWMssOS::make -C ps7_cortexa9_0/libsrc/xadcps_v2_7/src -s include  "SHELL=CMD" "COMPILER=arm-none-eabi-gcc" "ASSEMBLER=arm-none-eabi-as"
TRACE::2025-03-29.02:31:12::SCWMssOS:: "ARCHIVER=arm-none-eabi-ar" "COMPILER_FLAGS=  -O2 -c" "EXTRA_COMPILER_FLAGS=-mcpu=cortex-a9 -mfpu=vfpv3 -mfloat-abi=hard -nost
TRACE::2025-03-29.02:31:12::SCWMssOS::artfiles -g -Wall -Wextra -fno-tree-loop-distribute-patterns"

TRACE::2025-03-29.02:31:12::SCWMssOS::"Running Make libs in ps7_cortexa9_0/libsrc/SpeedSensor_v1_0/src"

TRACE::2025-03-29.02:31:12::SCWMssOS::make -C ps7_cortexa9_0/libsrc/SpeedSensor_v1_0/src -s libs  "SHELL=CMD" "COMPILER=arm-none-eabi-gcc" "ASSEMBLER=arm-none-eabi-a
TRACE::2025-03-29.02:31:12::SCWMssOS::s" "ARCHIVER=arm-none-eabi-ar" "COMPILER_FLAGS=  -O2 -c" "EXTRA_COMPILER_FLAGS=-mcpu=cortex-a9 -mfpu=vfpv3 -mfloat-abi=hard -no
TRACE::2025-03-29.02:31:12::SCWMssOS::startfiles -g -Wall -Wextra -fno-tree-loop-distribute-patterns"

TRACE::2025-03-29.02:31:12::SCWMssOS::'Finished building libraries sequentially.'

TRACE::2025-03-29.02:31:12::SCWMssOS::make -j 10 --no-print-directory par_libs

TRACE::2025-03-29.02:31:12::SCWMssOS::"Running Make include in ps7_cortexa9_0/libsrc/coresightps_dcc_v1_10/src"

TRACE::2025-03-29.02:31:12::SCWMssOS::make -C ps7_cortexa9_0/libsrc/coresightps_dcc_v1_10/src -s include  "SHELL=CMD" "COMPILER=arm-none-eabi-gcc" "ASSEMBLER=arm-non
TRACE::2025-03-29.02:31:12::SCWMssOS::e-eabi-as" "ARCHIVER=arm-none-eabi-ar" "COMPILER_FLAGS=  -O2 -c" "EXTRA_COMPILER_FLAGS=-mcpu=cortex-a9 -mfpu=vfpv3 -mfloat-abi=
TRACE::2025-03-29.02:31:12::SCWMssOS::hard -nostartfiles -g -Wall -Wextra -fno-tree-loop-distribute-patterns"

TRACE::2025-03-29.02:31:12::SCWMssOS::"Running Make include in ps7_cortexa9_0/libsrc/cpu_cortexa9_v2_12/src"

TRACE::2025-03-29.02:31:12::SCWMssOS::make -C ps7_cortexa9_0/libsrc/cpu_cortexa9_v2_12/src -s include  "SHELL=CMD" "COMPILER=arm-none-eabi-gcc" "ASSEMBLER=arm-none-e
TRACE::2025-03-29.02:31:12::SCWMssOS::abi-as" "ARCHIVER=arm-none-eabi-ar" "COMPILER_FLAGS=  -O2 -c" "EXTRA_COMPILER_FLAGS=-mcpu=cortex-a9 -mfpu=vfpv3 -mfloat-abi=har
TRACE::2025-03-29.02:31:12::SCWMssOS::d -nostartfiles -g -Wall -Wextra -fno-tree-loop-distribute-patterns"

TRACE::2025-03-29.02:31:12::SCWMssOS::"Running Make include in ps7_cortexa9_0/libsrc/ddrps_v1_2/src"

TRACE::2025-03-29.02:31:12::SCWMssOS::make -C ps7_cortexa9_0/libsrc/ddrps_v1_2/src -s include  "SHELL=CMD" "COMPILER=arm-none-eabi-gcc" "ASSEMBLER=arm-none-eabi-as" 
TRACE::2025-03-29.02:31:12::SCWMssOS::"ARCHIVER=arm-none-eabi-ar" "COMPILER_FLAGS=  -O2 -c" "EXTRA_COMPILER_FLAGS=-mcpu=cortex-a9 -mfpu=vfpv3 -mfloat-abi=hard -nosta
TRACE::2025-03-29.02:31:12::SCWMssOS::rtfiles -g -Wall -Wextra -fno-tree-loop-distribute-patterns"

TRACE::2025-03-29.02:31:12::SCWMssOS::"Running Make include in ps7_cortexa9_0/libsrc/devcfg_v3_8/src"

TRACE::2025-03-29.02:31:12::SCWMssOS::make -C ps7_cortexa9_0/libsrc/devcfg_v3_8/src -s include  "SHELL=CMD" "COMPILER=arm-none-eabi-gcc" "ASSEMBLER=arm-none-eabi-as"
TRACE::2025-03-29.02:31:12::SCWMssOS:: "ARCHIVER=arm-none-eabi-ar" "COMPILER_FLAGS=  -O2 -c" "EXTRA_COMPILER_FLAGS=-mcpu=cortex-a9 -mfpu=vfpv3 -mfloat-abi=hard -nost
TRACE::2025-03-29.02:31:12::SCWMssOS::artfiles -g -Wall -Wextra -fno-tree-loop-distribute-patterns"

TRACE::2025-03-29.02:31:12::SCWMssOS::"Running Make include in ps7_cortexa9_0/libsrc/dmaps_v2_10/src"

TRACE::2025-03-29.02:31:12::SCWMssOS::make -C ps7_cortexa9_0/libsrc/dmaps_v2_10/src -s include  "SHELL=CMD" "COMPILER=arm-none-eabi-gcc" "ASSEMBLER=arm-none-eabi-as"
TRACE::2025-03-29.02:31:12::SCWMssOS:: "ARCHIVER=arm-none-eabi-ar" "COMPILER_FLAGS=  -O2 -c" "EXTRA_COMPILER_FLAGS=-mcpu=cortex-a9 -mfpu=vfpv3 -mfloat-abi=hard -nost
TRACE::2025-03-29.02:31:12::SCWMssOS::artfiles -g -Wall -Wextra -fno-tree-loop-distribute-patterns"

TRACE::2025-03-29.02:31:12::SCWMssOS::"Running Make include in ps7_cortexa9_0/libsrc/emacps_v3_20/src"

TRACE::2025-03-29.02:31:13::SCWMssOS::make -C ps7_cortexa9_0/libsrc/emacps_v3_20/src -s include  "SHELL=CMD" "COMPILER=arm-none-eabi-gcc" "ASSEMBLER=arm-none-eabi-as
TRACE::2025-03-29.02:31:13::SCWMssOS::" "ARCHIVER=arm-none-eabi-ar" "COMPILER_FLAGS=  -O2 -c" "EXTRA_COMPILER_FLAGS=-mcpu=cortex-a9 -mfpu=vfpv3 -mfloat-abi=hard -nos
TRACE::2025-03-29.02:31:13::SCWMssOS::tartfiles -g -Wall -Wextra -fno-tree-loop-distribute-patterns"

TRACE::2025-03-29.02:31:13::SCWMssOS::"Running Make include in ps7_cortexa9_0/libsrc/gpiops_v3_13/src"

TRACE::2025-03-29.02:31:13::SCWMssOS::make -C ps7_cortexa9_0/libsrc/gpiops_v3_13/src -s include  "SHELL=CMD" "COMPILER=arm-none-eabi-gcc" "ASSEMBLER=arm-none-eabi-as
TRACE::2025-03-29.02:31:13::SCWMssOS::" "ARCHIVER=arm-none-eabi-ar" "COMPILER_FLAGS=  -O2 -c" "EXTRA_COMPILER_FLAGS=-mcpu=cortex-a9 -mfpu=vfpv3 -mfloat-abi=hard -nos
TRACE::2025-03-29.02:31:13::SCWMssOS::tartfiles -g -Wall -Wextra -fno-tree-loop-distribute-patterns"

TRACE::2025-03-29.02:31:13::SCWMssOS::"Running Make include in ps7_cortexa9_0/libsrc/qspips_v3_12/src"

TRACE::2025-03-29.02:31:13::SCWMssOS::make -C ps7_cortexa9_0/libsrc/qspips_v3_12/src -s include  "SHELL=CMD" "COMPILER=arm-none-eabi-gcc" "ASSEMBLER=arm-none-eabi-as
TRACE::2025-03-29.02:31:13::SCWMssOS::" "ARCHIVER=arm-none-eabi-ar" "COMPILER_FLAGS=  -O2 -c" "EXTRA_COMPILER_FLAGS=-mcpu=cortex-a9 -mfpu=vfpv3 -mfloat-abi=hard -nos
TRACE::2025-03-29.02:31:13::SCWMssOS::tartfiles -g -Wall -Wextra -fno-tree-loop-distribute-patterns"

TRACE::2025-03-29.02:31:13::SCWMssOS::"Running Make include in ps7_cortexa9_0/libsrc/scugic_v5_3/src"

TRACE::2025-03-29.02:31:13::SCWMssOS::make -C ps7_cortexa9_0/libsrc/scugic_v5_3/src -s include  "SHELL=CMD" "COMPILER=arm-none-eabi-gcc" "ASSEMBLER=arm-none-eabi-as"
TRACE::2025-03-29.02:31:13::SCWMssOS:: "ARCHIVER=arm-none-eabi-ar" "COMPILER_FLAGS=  -O2 -c" "EXTRA_COMPILER_FLAGS=-mcpu=cortex-a9 -mfpu=vfpv3 -mfloat-abi=hard -nost
TRACE::2025-03-29.02:31:13::SCWMssOS::artfiles -g -Wall -Wextra -fno-tree-loop-distribute-patterns"

TRACE::2025-03-29.02:31:13::SCWMssOS::"Running Make include in ps7_cortexa9_0/libsrc/scutimer_v2_6/src"

TRACE::2025-03-29.02:31:13::SCWMssOS::make -C ps7_cortexa9_0/libsrc/scutimer_v2_6/src -s include  "SHELL=CMD" "COMPILER=arm-none-eabi-gcc" "ASSEMBLER=arm-none-eabi-a
TRACE::2025-03-29.02:31:13::SCWMssOS::s" "ARCHIVER=arm-none-eabi-ar" "COMPILER_FLAGS=  -O2 -c" "EXTRA_COMPILER_FLAGS=-mcpu=cortex-a9 -mfpu=vfpv3 -mfloat-abi=hard -no
TRACE::2025-03-29.02:31:13::SCWMssOS::startfiles -g -Wall -Wextra -fno-tree-loop-distribute-patterns"

TRACE::2025-03-29.02:31:13::SCWMssOS::"Running Make include in ps7_cortexa9_0/libsrc/scuwdt_v2_5/src"

TRACE::2025-03-29.02:31:13::SCWMssOS::make -C ps7_cortexa9_0/libsrc/scuwdt_v2_5/src -s include  "SHELL=CMD" "COMPILER=arm-none-eabi-gcc" "ASSEMBLER=arm-none-eabi-as"
TRACE::2025-03-29.02:31:13::SCWMssOS:: "ARCHIVER=arm-none-eabi-ar" "COMPILER_FLAGS=  -O2 -c" "EXTRA_COMPILER_FLAGS=-mcpu=cortex-a9 -mfpu=vfpv3 -mfloat-abi=hard -nost
TRACE::2025-03-29.02:31:13::SCWMssOS::artfiles -g -Wall -Wextra -fno-tree-loop-distribute-patterns"

TRACE::2025-03-29.02:31:13::SCWMssOS::"Running Make include in ps7_cortexa9_0/libsrc/sdps_v4_3/src"

TRACE::2025-03-29.02:31:13::SCWMssOS::make -C ps7_cortexa9_0/libsrc/sdps_v4_3/src -s include  "SHELL=CMD" "COMPILER=arm-none-eabi-gcc" "ASSEMBLER=arm-none-eabi-as" "
TRACE::2025-03-29.02:31:13::SCWMssOS::ARCHIVER=arm-none-eabi-ar" "COMPILER_FLAGS=  -O2 -c" "EXTRA_COMPILER_FLAGS=-mcpu=cortex-a9 -mfpu=vfpv3 -mfloat-abi=hard -nostar
TRACE::2025-03-29.02:31:13::SCWMssOS::tfiles -g -Wall -Wextra -fno-tree-loop-distribute-patterns"

TRACE::2025-03-29.02:31:13::SCWMssOS::"Running Make include in ps7_cortexa9_0/libsrc/SpeedSensor_v1_0/src"

TRACE::2025-03-29.02:31:13::SCWMssOS::make -C ps7_cortexa9_0/libsrc/SpeedSensor_v1_0/src -s include  "SHELL=CMD" "COMPILER=arm-none-eabi-gcc" "ASSEMBLER=arm-none-eab
TRACE::2025-03-29.02:31:13::SCWMssOS::i-as" "ARCHIVER=arm-none-eabi-ar" "COMPILER_FLAGS=  -O2 -c" "EXTRA_COMPILER_FLAGS=-mcpu=cortex-a9 -mfpu=vfpv3 -mfloat-abi=hard 
TRACE::2025-03-29.02:31:13::SCWMssOS::-nostartfiles -g -Wall -Wextra -fno-tree-loop-distribute-patterns"

TRACE::2025-03-29.02:31:13::SCWMssOS::"Running Make include in ps7_cortexa9_0/libsrc/standalone_v9_1/src"

TRACE::2025-03-29.02:31:13::SCWMssOS::make -C ps7_cortexa9_0/libsrc/standalone_v9_1/src -s include  "SHELL=CMD" "COMPILER=arm-none-eabi-gcc" "ASSEMBLER=arm-none-eabi
TRACE::2025-03-29.02:31:13::SCWMssOS::-as" "ARCHIVER=arm-none-eabi-ar" "COMPILER_FLAGS=  -O2 -c" "EXTRA_COMPILER_FLAGS=-mcpu=cortex-a9 -mfpu=vfpv3 -mfloat-abi=hard -
TRACE::2025-03-29.02:31:13::SCWMssOS::nostartfiles -g -Wall -Wextra -fno-tree-loop-distribute-patterns"

TRACE::2025-03-29.02:31:13::SCWMssOS::"Running Make include in ps7_cortexa9_0/libsrc/tmrctr_v4_12/src"

TRACE::2025-03-29.02:31:13::SCWMssOS::make -C ps7_cortexa9_0/libsrc/tmrctr_v4_12/src -s include  "SHELL=CMD" "COMPILER=arm-none-eabi-gcc" "ASSEMBLER=arm-none-eabi-as
TRACE::2025-03-29.02:31:13::SCWMssOS::" "ARCHIVER=arm-none-eabi-ar" "COMPILER_FLAGS=  -O2 -c" "EXTRA_COMPILER_FLAGS=-mcpu=cortex-a9 -mfpu=vfpv3 -mfloat-abi=hard -nos
TRACE::2025-03-29.02:31:13::SCWMssOS::tartfiles -g -Wall -Wextra -fno-tree-loop-distribute-patterns"

TRACE::2025-03-29.02:31:13::SCWMssOS::"Running Make include in ps7_cortexa9_0/libsrc/uartps_v3_14/src"

TRACE::2025-03-29.02:31:13::SCWMssOS::make -C ps7_cortexa9_0/libsrc/uartps_v3_14/src -s include  "SHELL=CMD" "COMPILER=arm-none-eabi-gcc" "ASSEMBLER=arm-none-eabi-as
TRACE::2025-03-29.02:31:13::SCWMssOS::" "ARCHIVER=arm-none-eabi-ar" "COMPILER_FLAGS=  -O2 -c" "EXTRA_COMPILER_FLAGS=-mcpu=cortex-a9 -mfpu=vfpv3 -mfloat-abi=hard -nos
TRACE::2025-03-29.02:31:13::SCWMssOS::tartfiles -g -Wall -Wextra -fno-tree-loop-distribute-patterns"

TRACE::2025-03-29.02:31:13::SCWMssOS::"Running Make include in ps7_cortexa9_0/libsrc/usbps_v2_9/src"

TRACE::2025-03-29.02:31:13::SCWMssOS::make -C ps7_cortexa9_0/libsrc/usbps_v2_9/src -s include  "SHELL=CMD" "COMPILER=arm-none-eabi-gcc" "ASSEMBLER=arm-none-eabi-as" 
TRACE::2025-03-29.02:31:13::SCWMssOS::"ARCHIVER=arm-none-eabi-ar" "COMPILER_FLAGS=  -O2 -c" "EXTRA_COMPILER_FLAGS=-mcpu=cortex-a9 -mfpu=vfpv3 -mfloat-abi=hard -nosta
TRACE::2025-03-29.02:31:13::SCWMssOS::rtfiles -g -Wall -Wextra -fno-tree-loop-distribute-patterns"

TRACE::2025-03-29.02:31:13::SCWMssOS::"Running Make include in ps7_cortexa9_0/libsrc/xadcps_v2_7/src"

TRACE::2025-03-29.02:31:13::SCWMssOS::make -C ps7_cortexa9_0/libsrc/xadcps_v2_7/src -s include  "SHELL=CMD" "COMPILER=arm-none-eabi-gcc" "ASSEMBLER=arm-none-eabi-as"
TRACE::2025-03-29.02:31:13::SCWMssOS:: "ARCHIVER=arm-none-eabi-ar" "COMPILER_FLAGS=  -O2 -c" "EXTRA_COMPILER_FLAGS=-mcpu=cortex-a9 -mfpu=vfpv3 -mfloat-abi=hard -nost
TRACE::2025-03-29.02:31:13::SCWMssOS::artfiles -g -Wall -Wextra -fno-tree-loop-distribute-patterns"

TRACE::2025-03-29.02:31:13::SCWMssOS::"Running Make libs in ps7_cortexa9_0/libsrc/coresightps_dcc_v1_10/src"

TRACE::2025-03-29.02:31:13::SCWMssOS::make -C ps7_cortexa9_0/libsrc/coresightps_dcc_v1_10/src -s libs  "SHELL=CMD" "COMPILER=arm-none-eabi-gcc" "ASSEMBLER=arm-none-e
TRACE::2025-03-29.02:31:13::SCWMssOS::abi-as" "ARCHIVER=arm-none-eabi-ar" "COMPILER_FLAGS=  -O2 -c" "EXTRA_COMPILER_FLAGS=-mcpu=cortex-a9 -mfpu=vfpv3 -mfloat-abi=har
TRACE::2025-03-29.02:31:13::SCWMssOS::d -nostartfiles -g -Wall -Wextra -fno-tree-loop-distribute-patterns"

TRACE::2025-03-29.02:31:13::SCWMssOS::"Running Make libs in ps7_cortexa9_0/libsrc/cpu_cortexa9_v2_12/src"

TRACE::2025-03-29.02:31:13::SCWMssOS::make -C ps7_cortexa9_0/libsrc/cpu_cortexa9_v2_12/src -s libs  "SHELL=CMD" "COMPILER=arm-none-eabi-gcc" "ASSEMBLER=arm-none-eabi
TRACE::2025-03-29.02:31:13::SCWMssOS::-as" "ARCHIVER=arm-none-eabi-ar" "COMPILER_FLAGS=  -O2 -c" "EXTRA_COMPILER_FLAGS=-mcpu=cortex-a9 -mfpu=vfpv3 -mfloat-abi=hard -
TRACE::2025-03-29.02:31:13::SCWMssOS::nostartfiles -g -Wall -Wextra -fno-tree-loop-distribute-patterns"

TRACE::2025-03-29.02:31:13::SCWMssOS::"Running Make libs in ps7_cortexa9_0/libsrc/ddrps_v1_2/src"

TRACE::2025-03-29.02:31:13::SCWMssOS::make -C ps7_cortexa9_0/libsrc/ddrps_v1_2/src -s libs  "SHELL=CMD" "COMPILER=arm-none-eabi-gcc" "ASSEMBLER=arm-none-eabi-as" "AR
TRACE::2025-03-29.02:31:13::SCWMssOS::CHIVER=arm-none-eabi-ar" "COMPILER_FLAGS=  -O2 -c" "EXTRA_COMPILER_FLAGS=-mcpu=cortex-a9 -mfpu=vfpv3 -mfloat-abi=hard -nostartf
TRACE::2025-03-29.02:31:13::SCWMssOS::iles -g -Wall -Wextra -fno-tree-loop-distribute-patterns"

TRACE::2025-03-29.02:31:13::SCWMssOS::"Running Make libs in ps7_cortexa9_0/libsrc/devcfg_v3_8/src"

TRACE::2025-03-29.02:31:13::SCWMssOS::make -C ps7_cortexa9_0/libsrc/devcfg_v3_8/src -s libs  "SHELL=CMD" "COMPILER=arm-none-eabi-gcc" "ASSEMBLER=arm-none-eabi-as" "A
TRACE::2025-03-29.02:31:13::SCWMssOS::RCHIVER=arm-none-eabi-ar" "COMPILER_FLAGS=  -O2 -c" "EXTRA_COMPILER_FLAGS=-mcpu=cortex-a9 -mfpu=vfpv3 -mfloat-abi=hard -nostart
TRACE::2025-03-29.02:31:13::SCWMssOS::files -g -Wall -Wextra -fno-tree-loop-distribute-patterns"

TRACE::2025-03-29.02:31:13::SCWMssOS::"Running Make libs in ps7_cortexa9_0/libsrc/dmaps_v2_10/src"

TRACE::2025-03-29.02:31:13::SCWMssOS::make -C ps7_cortexa9_0/libsrc/dmaps_v2_10/src -s libs  "SHELL=CMD" "COMPILER=arm-none-eabi-gcc" "ASSEMBLER=arm-none-eabi-as" "A
TRACE::2025-03-29.02:31:13::SCWMssOS::RCHIVER=arm-none-eabi-ar" "COMPILER_FLAGS=  -O2 -c" "EXTRA_COMPILER_FLAGS=-mcpu=cortex-a9 -mfpu=vfpv3 -mfloat-abi=hard -nostart
TRACE::2025-03-29.02:31:13::SCWMssOS::files -g -Wall -Wextra -fno-tree-loop-distribute-patterns"

TRACE::2025-03-29.02:31:13::SCWMssOS::"Running Make libs in ps7_cortexa9_0/libsrc/emacps_v3_20/src"

TRACE::2025-03-29.02:31:13::SCWMssOS::make -C ps7_cortexa9_0/libsrc/emacps_v3_20/src -s libs  "SHELL=CMD" "COMPILER=arm-none-eabi-gcc" "ASSEMBLER=arm-none-eabi-as" "
TRACE::2025-03-29.02:31:13::SCWMssOS::ARCHIVER=arm-none-eabi-ar" "COMPILER_FLAGS=  -O2 -c" "EXTRA_COMPILER_FLAGS=-mcpu=cortex-a9 -mfpu=vfpv3 -mfloat-abi=hard -nostar
TRACE::2025-03-29.02:31:13::SCWMssOS::tfiles -g -Wall -Wextra -fno-tree-loop-distribute-patterns"

TRACE::2025-03-29.02:31:13::SCWMssOS::"Running Make libs in ps7_cortexa9_0/libsrc/gpiops_v3_13/src"

TRACE::2025-03-29.02:31:13::SCWMssOS::make -C ps7_cortexa9_0/libsrc/gpiops_v3_13/src -s libs  "SHELL=CMD" "COMPILER=arm-none-eabi-gcc" "ASSEMBLER=arm-none-eabi-as" "
TRACE::2025-03-29.02:31:13::SCWMssOS::ARCHIVER=arm-none-eabi-ar" "COMPILER_FLAGS=  -O2 -c" "EXTRA_COMPILER_FLAGS=-mcpu=cortex-a9 -mfpu=vfpv3 -mfloat-abi=hard -nostar
TRACE::2025-03-29.02:31:13::SCWMssOS::tfiles -g -Wall -Wextra -fno-tree-loop-distribute-patterns"

TRACE::2025-03-29.02:31:14::SCWMssOS::"Running Make libs in ps7_cortexa9_0/libsrc/qspips_v3_12/src"

TRACE::2025-03-29.02:31:14::SCWMssOS::make -C ps7_cortexa9_0/libsrc/qspips_v3_12/src -s libs  "SHELL=CMD" "COMPILER=arm-none-eabi-gcc" "ASSEMBLER=arm-none-eabi-as" "
TRACE::2025-03-29.02:31:14::SCWMssOS::ARCHIVER=arm-none-eabi-ar" "COMPILER_FLAGS=  -O2 -c" "EXTRA_COMPILER_FLAGS=-mcpu=cortex-a9 -mfpu=vfpv3 -mfloat-abi=hard -nostar
TRACE::2025-03-29.02:31:14::SCWMssOS::tfiles -g -Wall -Wextra -fno-tree-loop-distribute-patterns"

TRACE::2025-03-29.02:31:14::SCWMssOS::"Running Make libs in ps7_cortexa9_0/libsrc/scugic_v5_3/src"

TRACE::2025-03-29.02:31:14::SCWMssOS::make -C ps7_cortexa9_0/libsrc/scugic_v5_3/src -s libs  "SHELL=CMD" "COMPILER=arm-none-eabi-gcc" "ASSEMBLER=arm-none-eabi-as" "A
TRACE::2025-03-29.02:31:14::SCWMssOS::RCHIVER=arm-none-eabi-ar" "COMPILER_FLAGS=  -O2 -c" "EXTRA_COMPILER_FLAGS=-mcpu=cortex-a9 -mfpu=vfpv3 -mfloat-abi=hard -nostart
TRACE::2025-03-29.02:31:14::SCWMssOS::files -g -Wall -Wextra -fno-tree-loop-distribute-patterns"

TRACE::2025-03-29.02:31:14::SCWMssOS::"Running Make libs in ps7_cortexa9_0/libsrc/scutimer_v2_6/src"

TRACE::2025-03-29.02:31:14::SCWMssOS::make -C ps7_cortexa9_0/libsrc/scutimer_v2_6/src -s libs  "SHELL=CMD" "COMPILER=arm-none-eabi-gcc" "ASSEMBLER=arm-none-eabi-as" 
TRACE::2025-03-29.02:31:14::SCWMssOS::"ARCHIVER=arm-none-eabi-ar" "COMPILER_FLAGS=  -O2 -c" "EXTRA_COMPILER_FLAGS=-mcpu=cortex-a9 -mfpu=vfpv3 -mfloat-abi=hard -nosta
TRACE::2025-03-29.02:31:14::SCWMssOS::rtfiles -g -Wall -Wextra -fno-tree-loop-distribute-patterns"

TRACE::2025-03-29.02:31:15::SCWMssOS::"Running Make libs in ps7_cortexa9_0/libsrc/scuwdt_v2_5/src"

TRACE::2025-03-29.02:31:15::SCWMssOS::make -C ps7_cortexa9_0/libsrc/scuwdt_v2_5/src -s libs  "SHELL=CMD" "COMPILER=arm-none-eabi-gcc" "ASSEMBLER=arm-none-eabi-as" "A
TRACE::2025-03-29.02:31:15::SCWMssOS::RCHIVER=arm-none-eabi-ar" "COMPILER_FLAGS=  -O2 -c" "EXTRA_COMPILER_FLAGS=-mcpu=cortex-a9 -mfpu=vfpv3 -mfloat-abi=hard -nostart
TRACE::2025-03-29.02:31:15::SCWMssOS::files -g -Wall -Wextra -fno-tree-loop-distribute-patterns"

TRACE::2025-03-29.02:31:15::SCWMssOS::"Running Make libs in ps7_cortexa9_0/libsrc/sdps_v4_3/src"

TRACE::2025-03-29.02:31:15::SCWMssOS::make -C ps7_cortexa9_0/libsrc/sdps_v4_3/src -s libs  "SHELL=CMD" "COMPILER=arm-none-eabi-gcc" "ASSEMBLER=arm-none-eabi-as" "ARC
TRACE::2025-03-29.02:31:15::SCWMssOS::HIVER=arm-none-eabi-ar" "COMPILER_FLAGS=  -O2 -c" "EXTRA_COMPILER_FLAGS=-mcpu=cortex-a9 -mfpu=vfpv3 -mfloat-abi=hard -nostartfi
TRACE::2025-03-29.02:31:15::SCWMssOS::les -g -Wall -Wextra -fno-tree-loop-distribute-patterns"

TRACE::2025-03-29.02:31:15::SCWMssOS::"Running Make libs in ps7_cortexa9_0/libsrc/standalone_v9_1/src"

TRACE::2025-03-29.02:31:15::SCWMssOS::make -C ps7_cortexa9_0/libsrc/standalone_v9_1/src -s libs  "SHELL=CMD" "COMPILER=arm-none-eabi-gcc" "ASSEMBLER=arm-none-eabi-as
TRACE::2025-03-29.02:31:15::SCWMssOS::" "ARCHIVER=arm-none-eabi-ar" "COMPILER_FLAGS=  -O2 -c" "EXTRA_COMPILER_FLAGS=-mcpu=cortex-a9 -mfpu=vfpv3 -mfloat-abi=hard -nos
TRACE::2025-03-29.02:31:15::SCWMssOS::tartfiles -g -Wall -Wextra -fno-tree-loop-distribute-patterns"

TRACE::2025-03-29.02:31:16::SCWMssOS::"Running Make libs in ps7_cortexa9_0/libsrc/tmrctr_v4_12/src"

TRACE::2025-03-29.02:31:16::SCWMssOS::make -C ps7_cortexa9_0/libsrc/tmrctr_v4_12/src -s libs  "SHELL=CMD" "COMPILER=arm-none-eabi-gcc" "ASSEMBLER=arm-none-eabi-as" "
TRACE::2025-03-29.02:31:16::SCWMssOS::ARCHIVER=arm-none-eabi-ar" "COMPILER_FLAGS=  -O2 -c" "EXTRA_COMPILER_FLAGS=-mcpu=cortex-a9 -mfpu=vfpv3 -mfloat-abi=hard -nostar
TRACE::2025-03-29.02:31:16::SCWMssOS::tfiles -g -Wall -Wextra -fno-tree-loop-distribute-patterns"

TRACE::2025-03-29.02:31:16::SCWMssOS::"Running Make libs in ps7_cortexa9_0/libsrc/uartps_v3_14/src"

TRACE::2025-03-29.02:31:16::SCWMssOS::make -C ps7_cortexa9_0/libsrc/uartps_v3_14/src -s libs  "SHELL=CMD" "COMPILER=arm-none-eabi-gcc" "ASSEMBLER=arm-none-eabi-as" "
TRACE::2025-03-29.02:31:16::SCWMssOS::ARCHIVER=arm-none-eabi-ar" "COMPILER_FLAGS=  -O2 -c" "EXTRA_COMPILER_FLAGS=-mcpu=cortex-a9 -mfpu=vfpv3 -mfloat-abi=hard -nostar
TRACE::2025-03-29.02:31:16::SCWMssOS::tfiles -g -Wall -Wextra -fno-tree-loop-distribute-patterns"

TRACE::2025-03-29.02:31:16::SCWMssOS::"Running Make libs in ps7_cortexa9_0/libsrc/usbps_v2_9/src"

TRACE::2025-03-29.02:31:16::SCWMssOS::make -C ps7_cortexa9_0/libsrc/usbps_v2_9/src -s libs  "SHELL=CMD" "COMPILER=arm-none-eabi-gcc" "ASSEMBLER=arm-none-eabi-as" "AR
TRACE::2025-03-29.02:31:16::SCWMssOS::CHIVER=arm-none-eabi-ar" "COMPILER_FLAGS=  -O2 -c" "EXTRA_COMPILER_FLAGS=-mcpu=cortex-a9 -mfpu=vfpv3 -mfloat-abi=hard -nostartf
TRACE::2025-03-29.02:31:16::SCWMssOS::iles -g -Wall -Wextra -fno-tree-loop-distribute-patterns"

TRACE::2025-03-29.02:31:16::SCWMssOS::"Running Make libs in ps7_cortexa9_0/libsrc/xadcps_v2_7/src"

TRACE::2025-03-29.02:31:16::SCWMssOS::make -C ps7_cortexa9_0/libsrc/xadcps_v2_7/src -s libs  "SHELL=CMD" "COMPILER=arm-none-eabi-gcc" "ASSEMBLER=arm-none-eabi-as" "A
TRACE::2025-03-29.02:31:16::SCWMssOS::RCHIVER=arm-none-eabi-ar" "COMPILER_FLAGS=  -O2 -c" "EXTRA_COMPILER_FLAGS=-mcpu=cortex-a9 -mfpu=vfpv3 -mfloat-abi=hard -nostart
TRACE::2025-03-29.02:31:16::SCWMssOS::files -g -Wall -Wextra -fno-tree-loop-distribute-patterns"

TRACE::2025-03-29.02:31:19::SCWMssOS::'Finished building libraries parallelly.'

TRACE::2025-03-29.02:31:19::SCWMssOS::make --no-print-directory archive

TRACE::2025-03-29.02:31:19::SCWMssOS::arm-none-eabi-ar -r  ps7_cortexa9_0/lib/libxil.a ps7_cortexa9_0/lib/SpeedSensor.o ps7_cortexa9_0/lib/SpeedSensor_selftest.o ps7
TRACE::2025-03-29.02:31:19::SCWMssOS::_cortexa9_0/lib/_exit.o ps7_cortexa9_0/lib/_open.o ps7_cortexa9_0/lib/_sbrk.o ps7_cortexa9_0/lib/abort.o ps7_cortexa9_0/lib/asm
TRACE::2025-03-29.02:31:19::SCWMssOS::_vectors.o ps7_cortexa9_0/lib/boot.o ps7_cortexa9_0/lib/close.o ps7_cortexa9_0/lib/cpputest_time.o ps7_cortexa9_0/lib/cpu_init.
TRACE::2025-03-29.02:31:19::SCWMssOS::o ps7_cortexa9_0/lib/errno.o ps7_cortexa9_0/lib/fcntl.o ps7_cortexa9_0/lib/fstat.o ps7_cortexa9_0/lib/getentropy.o ps7_cortexa9
TRACE::2025-03-29.02:31:19::SCWMssOS::_0/lib/getpid.o ps7_cortexa9_0/lib/inbyte.o ps7_cortexa9_0/lib/isatty.o ps7_cortexa9_0/lib/kill.o ps7_cortexa9_0/lib/lseek.o ps
TRACE::2025-03-29.02:31:19::SCWMssOS::7_cortexa9_0/lib/open.o ps7_cortexa9_0/lib/outbyte.o ps7_cortexa9_0/lib/print.o ps7_cortexa9_0/lib/putnum.o ps7_cortexa9_0/lib/
TRACE::2025-03-29.02:31:19::SCWMssOS::read.o ps7_cortexa9_0/lib/sbrk.o ps7_cortexa9_0/lib/sleep.o ps7_cortexa9_0/lib/time.o ps7_cortexa9_0/lib/translation_table.o ps
TRACE::2025-03-29.02:31:19::SCWMssOS::7_cortexa9_0/lib/unlink.o ps7_cortexa9_0/lib/usleep.o ps7_cortexa9_0/lib/vectors.o ps7_cortexa9_0/lib/write.o ps7_cortexa9_0/li
TRACE::2025-03-29.02:31:19::SCWMssOS::b/xadcps.o ps7_cortexa9_0/lib/xadcps_g.o ps7_cortexa9_0/lib/xadcps_intr.o ps7_cortexa9_0/lib/xadcps_selftest.o ps7_cortexa9_0/l
TRACE::2025-03-29.02:31:19::SCWMssOS::ib/xadcps_sinit.o ps7_cortexa9_0/lib/xcoresightpsdcc.o ps7_cortexa9_0/lib/xdevcfg.o ps7_cortexa9_0/lib/xdevcfg_g.o ps7_cortexa9
TRACE::2025-03-29.02:31:19::SCWMssOS::_0/lib/xdevcfg_hw.o ps7_cortexa9_0/lib/xdevcfg_intr.o ps7_cortexa9_0/lib/xdevcfg_selftest.o ps7_cortexa9_0/lib/xdevcfg_sinit.o 
TRACE::2025-03-29.02:31:19::SCWMssOS::ps7_cortexa9_0/lib/xdmaps.o ps7_cortexa9_0/lib/xdmaps_g.o ps7_cortexa9_0/lib/xdmaps_hw.o ps7_cortexa9_0/lib/xdmaps_selftest.o p
TRACE::2025-03-29.02:31:19::SCWMssOS::s7_cortexa9_0/lib/xdmaps_sinit.o ps7_cortexa9_0/lib/xemacps.o ps7_cortexa9_0/lib/xemacps_bdring.o ps7_cortexa9_0/lib/xemacps_co
TRACE::2025-03-29.02:31:19::SCWMssOS::ntrol.o ps7_cortexa9_0/lib/xemacps_g.o ps7_cortexa9_0/lib/xemacps_hw.o ps7_cortexa9_0/lib/xemacps_intr.o ps7_cortexa9_0/lib/xem
TRACE::2025-03-29.02:31:19::SCWMssOS::acps_sinit.o ps7_cortexa9_0/lib/xgpiops.o ps7_cortexa9_0/lib/xgpiops_g.o ps7_cortexa9_0/lib/xgpiops_hw.o ps7_cortexa9_0/lib/xgp
TRACE::2025-03-29.02:31:19::SCWMssOS::iops_intr.o ps7_cortexa9_0/lib/xgpiops_selftest.o ps7_cortexa9_0/lib/xgpiops_sinit.o ps7_cortexa9_0/lib/xil-crt0.o ps7_cortexa9
TRACE::2025-03-29.02:31:19::SCWMssOS::_0/lib/xil_assert.o ps7_cortexa9_0/lib/xil_cache.o ps7_cortexa9_0/lib/xil_clocking.o ps7_cortexa9_0/lib/xil_exception.o ps7_cor
TRACE::2025-03-29.02:31:19::SCWMssOS::texa9_0/lib/xil_mem.o ps7_cortexa9_0/lib/xil_misc_psreset_api.o ps7_cortexa9_0/lib/xil_mmu.o ps7_cortexa9_0/lib/xil_printf.o ps
TRACE::2025-03-29.02:31:19::SCWMssOS::7_cortexa9_0/lib/xil_sleepcommon.o ps7_cortexa9_0/lib/xil_sleeptimer.o ps7_cortexa9_0/lib/xil_spinlock.o ps7_cortexa9_0/lib/xil
TRACE::2025-03-29.02:31:19::SCWMssOS::_testcache.o ps7_cortexa9_0/lib/xil_testio.o ps7_cortexa9_0/lib/xil_testmem.o ps7_cortexa9_0/lib/xil_util.o ps7_cortexa9_0/lib/
TRACE::2025-03-29.02:31:19::SCWMssOS::xinterrupt_wrap.o ps7_cortexa9_0/lib/xl2cc_counter.o ps7_cortexa9_0/lib/xplatform_info.o ps7_cortexa9_0/lib/xpm_counter.o ps7_c
TRACE::2025-03-29.02:31:19::SCWMssOS::ortexa9_0/lib/xpm_init.o ps7_cortexa9_0/lib/xqspips.o ps7_cortexa9_0/lib/xqspips_g.o ps7_cortexa9_0/lib/xqspips_hw.o ps7_cortex
TRACE::2025-03-29.02:31:19::SCWMssOS::a9_0/lib/xqspips_options.o ps7_cortexa9_0/lib/xqspips_selftest.o ps7_cortexa9_0/lib/xqspips_sinit.o ps7_cortexa9_0/lib/xscugic.
TRACE::2025-03-29.02:31:19::SCWMssOS::o ps7_cortexa9_0/lib/xscugic_g.o ps7_cortexa9_0/lib/xscugic_hw.o ps7_cortexa9_0/lib/xscugic_intr.o ps7_cortexa9_0/lib/xscugic_s
TRACE::2025-03-29.02:31:19::SCWMssOS::elftest.o ps7_cortexa9_0/lib/xscugic_sinit.o ps7_cortexa9_0/lib/xscutimer.o ps7_cortexa9_0/lib/xscutimer_g.o ps7_cortexa9_0/lib
TRACE::2025-03-29.02:31:19::SCWMssOS::/xscutimer_selftest.o ps7_cortexa9_0/lib/xscutimer_sinit.o ps7_cortexa9_0/lib/xscuwdt.o ps7_cortexa9_0/lib/xscuwdt_g.o ps7_cort
TRACE::2025-03-29.02:31:19::SCWMssOS::exa9_0/lib/xscuwdt_selftest.o ps7_cortexa9_0/lib/xscuwdt_sinit.o ps7_cortexa9_0/lib/xsdps.o ps7_cortexa9_0/lib/xsdps_card.o ps7
TRACE::2025-03-29.02:31:19::SCWMssOS::_cortexa9_0/lib/xsdps_g.o ps7_cortexa9_0/lib/xsdps_host.o ps7_cortexa9_0/lib/xsdps_options.o ps7_cortexa9_0/lib/xsdps_sinit.o p
TRACE::2025-03-29.02:31:19::SCWMssOS::s7_cortexa9_0/lib/xtime_l.o ps7_cortexa9_0/lib/xtmrctr.o ps7_cortexa9_0/lib/xtmrctr_g.o ps7_cortexa9_0/lib/xtmrctr_intr.o ps7_c
TRACE::2025-03-29.02:31:19::SCWMssOS::ortexa9_0/lib/xtmrctr_l.o ps7_cortexa9_0/lib/xtmrctr_options.o ps7_cortexa9_0/lib/xtmrctr_selftest.o ps7_cortexa9_0/lib/xtmrctr
TRACE::2025-03-29.02:31:19::SCWMssOS::_sinit.o ps7_cortexa9_0/lib/xtmrctr_stats.o ps7_cortexa9_0/lib/xuartps.o ps7_cortexa9_0/lib/xuartps_g.o ps7_cortexa9_0/lib/xuar
TRACE::2025-03-29.02:31:19::SCWMssOS::tps_hw.o ps7_cortexa9_0/lib/xuartps_intr.o ps7_cortexa9_0/lib/xuartps_options.o ps7_cortexa9_0/lib/xuartps_selftest.o ps7_corte
TRACE::2025-03-29.02:31:19::SCWMssOS::xa9_0/lib/xuartps_sinit.o ps7_cortexa9_0/lib/xusbps.o ps7_cortexa9_0/lib/xusbps_endpoint.o ps7_cortexa9_0/lib/xusbps_g.o ps7_co
TRACE::2025-03-29.02:31:19::SCWMssOS::rtexa9_0/lib/xusbps_hw.o ps7_cortexa9_0/lib/xusbps_intr.o ps7_cortexa9_0/lib/xusbps_sinit.o

TRACE::2025-03-29.02:31:19::SCWMssOS::'Finished building libraries'

TRACE::2025-03-29.02:31:20::SCWMssOS::Copying to export directory.
TRACE::2025-03-29.02:31:20::SCWMssOS:: Checking if to create the Supporting Applications
TRACE::2025-03-29.02:31:20::SCWMssOS:: No Linux domain exists, trying to generate FSBL 
LOG::2025-03-29.02:31:20::SCWSystem::Completed Processing the domain standalone_ps7_cortexa9_0
LOG::2025-03-29.02:31:20::SCWSystem::Completed Processing the sysconfig Speed_sensor_Motor_control
LOG::2025-03-29.02:31:20::SCWPlatform::Completed generating the artifacts for system configuration Speed_sensor_Motor_control
TRACE::2025-03-29.02:31:20::SCWPlatform::Started preparing the platform 
TRACE::2025-03-29.02:31:20::SCWSystem::Writing the bif file for system config Speed_sensor_Motor_control
TRACE::2025-03-29.02:31:20::SCWSystem::dir created 
TRACE::2025-03-29.02:31:20::SCWSystem::Writing the bif 
TRACE::2025-03-29.02:31:20::SCWPlatform::Started writing the spfm file 
TRACE::2025-03-29.02:31:20::SCWPlatform::Started writing the xpfm file 
TRACE::2025-03-29.02:31:20::SCWPlatform::Completed generating the platform
TRACE::2025-03-29.02:31:20::SCWMssOS::Saving the mss changes C:/devWorks/SS_MC_SOC/Vitis/Speed_sensor_Motor_control/zynq_fsbl/zynq_fsbl_bsp/system.mss
TRACE::2025-03-29.02:31:20::SCWMssOS::Found a swdesign opened with the mssfile.
TRACE::2025-03-29.02:31:20::SCWMssOS::Completed writemss as part of save.
TRACE::2025-03-29.02:31:20::SCWMssOS::Commit changes completed.
TRACE::2025-03-29.02:31:20::SCWMssOS::Saving the mss changes C:/devWorks/SS_MC_SOC/Vitis/Speed_sensor_Motor_control/ps7_cortexa9_0/standalone_ps7_cortexa9_0/bsp/system.mss
TRACE::2025-03-29.02:31:20::SCWMssOS::Found a swdesign opened with the mssfile.
TRACE::2025-03-29.02:31:20::SCWMssOS::Completed writemss as part of save.
TRACE::2025-03-29.02:31:20::SCWMssOS::Commit changes completed.
TRACE::2025-03-29.02:31:20::SCWPlatform::Trying to open the hw design at C:/devWorks/SS_MC_SOC/Vitis/Speed_sensor_Motor_control/hw/Speed_sensor_Motor_control.xsa
TRACE::2025-03-29.02:31:20::SCWPlatform::DSA given C:/devWorks/SS_MC_SOC/Vitis/Speed_sensor_Motor_control/hw/Speed_sensor_Motor_control.xsa
TRACE::2025-03-29.02:31:20::SCWPlatform::DSA absoulate path C:/devWorks/SS_MC_SOC/Vitis/Speed_sensor_Motor_control/hw/Speed_sensor_Motor_control.xsa
TRACE::2025-03-29.02:31:20::SCWPlatform::DSA directory C:/devWorks/SS_MC_SOC/Vitis/Speed_sensor_Motor_control/hw
TRACE::2025-03-29.02:31:21::SCWPlatform:: Platform Path C:/devWorks/SS_MC_SOC/Vitis/Speed_sensor_Motor_control/hw/Speed_sensor_Motor_control.xsa
TRACE::2025-03-29.02:31:21::SCWPlatform:: Unique name xilinx:pynq-z2::0.0
TRACE::2025-03-29.02:31:21::SCWPlatform::Trying to set the existing hwdb with name design_1_wrapper_0
TRACE::2025-03-29.02:31:21::SCWPlatform::Opened existing hwdb design_1_wrapper_0
TRACE::2025-03-29.02:31:21::SCWPlatform::Found the Hw Db part of the input DSA
TRACE::2025-03-29.02:31:21::SCWMssOS::Checking the sw design at  C:/devWorks/SS_MC_SOC/Vitis/Speed_sensor_Motor_control/zynq_fsbl/zynq_fsbl_bsp/system.mss
TRACE::2025-03-29.02:31:21::SCWMssOS::DEBUG:  swdes dump  C:/devWorks/SS_MC_SOC/Vitis/Speed_sensor_Motor_control/ps7_cortexa9_0/standalone_ps7_cortexa9_0/bsp/system.mss|system_0||
C:/devWorks/SS_MC_SOC/Vitis/Speed_sensor_Motor_control/zynq_fsbl/zynq_fsbl_bsp/system.mss|system||

TRACE::2025-03-29.02:31:21::SCWMssOS::Sw design exists and opened at  C:/devWorks/SS_MC_SOC/Vitis/Speed_sensor_Motor_control/zynq_fsbl/zynq_fsbl_bsp/system.mss
TRACE::2025-03-29.02:31:21::SCWPlatform::Trying to open the hw design at C:/devWorks/SS_MC_SOC/Vitis/Speed_sensor_Motor_control/hw/Speed_sensor_Motor_control.xsa
TRACE::2025-03-29.02:31:21::SCWPlatform::DSA given C:/devWorks/SS_MC_SOC/Vitis/Speed_sensor_Motor_control/hw/Speed_sensor_Motor_control.xsa
TRACE::2025-03-29.02:31:21::SCWPlatform::DSA absoulate path C:/devWorks/SS_MC_SOC/Vitis/Speed_sensor_Motor_control/hw/Speed_sensor_Motor_control.xsa
TRACE::2025-03-29.02:31:21::SCWPlatform::DSA directory C:/devWorks/SS_MC_SOC/Vitis/Speed_sensor_Motor_control/hw
TRACE::2025-03-29.02:31:21::SCWPlatform:: Platform Path C:/devWorks/SS_MC_SOC/Vitis/Speed_sensor_Motor_control/hw/Speed_sensor_Motor_control.xsa
TRACE::2025-03-29.02:31:21::SCWPlatform:: Unique name xilinx:pynq-z2::0.0
TRACE::2025-03-29.02:31:21::SCWPlatform::Trying to set the existing hwdb with name design_1_wrapper_0
TRACE::2025-03-29.02:31:21::SCWPlatform::Opened existing hwdb design_1_wrapper_0
TRACE::2025-03-29.02:31:21::SCWPlatform::Found the Hw Db part of the input DSA
TRACE::2025-03-29.02:31:21::SCWMssOS::Checking the sw design at  C:/devWorks/SS_MC_SOC/Vitis/Speed_sensor_Motor_control/zynq_fsbl/zynq_fsbl_bsp/system.mss
TRACE::2025-03-29.02:31:21::SCWMssOS::DEBUG:  swdes dump  C:/devWorks/SS_MC_SOC/Vitis/Speed_sensor_Motor_control/ps7_cortexa9_0/standalone_ps7_cortexa9_0/bsp/system.mss|system_0||
C:/devWorks/SS_MC_SOC/Vitis/Speed_sensor_Motor_control/zynq_fsbl/zynq_fsbl_bsp/system.mss|system||

TRACE::2025-03-29.02:31:21::SCWMssOS::Sw design exists and opened at  C:/devWorks/SS_MC_SOC/Vitis/Speed_sensor_Motor_control/zynq_fsbl/zynq_fsbl_bsp/system.mss
TRACE::2025-03-29.02:31:21::SCWPlatform::Trying to open the hw design at C:/devWorks/SS_MC_SOC/Vitis/Speed_sensor_Motor_control/hw/Speed_sensor_Motor_control.xsa
TRACE::2025-03-29.02:31:21::SCWPlatform::DSA given C:/devWorks/SS_MC_SOC/Vitis/Speed_sensor_Motor_control/hw/Speed_sensor_Motor_control.xsa
TRACE::2025-03-29.02:31:21::SCWPlatform::DSA absoulate path C:/devWorks/SS_MC_SOC/Vitis/Speed_sensor_Motor_control/hw/Speed_sensor_Motor_control.xsa
TRACE::2025-03-29.02:31:21::SCWPlatform::DSA directory C:/devWorks/SS_MC_SOC/Vitis/Speed_sensor_Motor_control/hw
TRACE::2025-03-29.02:31:21::SCWPlatform:: Platform Path C:/devWorks/SS_MC_SOC/Vitis/Speed_sensor_Motor_control/hw/Speed_sensor_Motor_control.xsa
TRACE::2025-03-29.02:31:21::SCWPlatform:: Unique name xilinx:pynq-z2::0.0
TRACE::2025-03-29.02:31:21::SCWPlatform::Trying to set the existing hwdb with name design_1_wrapper_0
TRACE::2025-03-29.02:31:21::SCWPlatform::Opened existing hwdb design_1_wrapper_0
TRACE::2025-03-29.02:31:21::SCWPlatform::Found the Hw Db part of the input DSA
TRACE::2025-03-29.02:31:21::SCWMssOS::Checking the sw design at  C:/devWorks/SS_MC_SOC/Vitis/Speed_sensor_Motor_control/zynq_fsbl/zynq_fsbl_bsp/system.mss
TRACE::2025-03-29.02:31:21::SCWMssOS::DEBUG:  swdes dump  C:/devWorks/SS_MC_SOC/Vitis/Speed_sensor_Motor_control/ps7_cortexa9_0/standalone_ps7_cortexa9_0/bsp/system.mss|system_0||
C:/devWorks/SS_MC_SOC/Vitis/Speed_sensor_Motor_control/zynq_fsbl/zynq_fsbl_bsp/system.mss|system||

TRACE::2025-03-29.02:31:21::SCWMssOS::Sw design exists and opened at  C:/devWorks/SS_MC_SOC/Vitis/Speed_sensor_Motor_control/zynq_fsbl/zynq_fsbl_bsp/system.mss
TRACE::2025-03-29.02:31:21::SCWPlatform::Trying to open the hw design at C:/devWorks/SS_MC_SOC/Vitis/Speed_sensor_Motor_control/hw/Speed_sensor_Motor_control.xsa
TRACE::2025-03-29.02:31:21::SCWPlatform::DSA given C:/devWorks/SS_MC_SOC/Vitis/Speed_sensor_Motor_control/hw/Speed_sensor_Motor_control.xsa
TRACE::2025-03-29.02:31:21::SCWPlatform::DSA absoulate path C:/devWorks/SS_MC_SOC/Vitis/Speed_sensor_Motor_control/hw/Speed_sensor_Motor_control.xsa
TRACE::2025-03-29.02:31:21::SCWPlatform::DSA directory C:/devWorks/SS_MC_SOC/Vitis/Speed_sensor_Motor_control/hw
TRACE::2025-03-29.02:31:21::SCWPlatform:: Platform Path C:/devWorks/SS_MC_SOC/Vitis/Speed_sensor_Motor_control/hw/Speed_sensor_Motor_control.xsa
TRACE::2025-03-29.02:31:21::SCWPlatform:: Unique name xilinx:pynq-z2::0.0
TRACE::2025-03-29.02:31:21::SCWPlatform::Trying to set the existing hwdb with name design_1_wrapper_0
TRACE::2025-03-29.02:31:21::SCWPlatform::Opened existing hwdb design_1_wrapper_0
TRACE::2025-03-29.02:31:21::SCWPlatform::Found the Hw Db part of the input DSA
TRACE::2025-03-29.02:31:21::SCWMssOS::Checking the sw design at  C:/devWorks/SS_MC_SOC/Vitis/Speed_sensor_Motor_control/ps7_cortexa9_0/standalone_ps7_cortexa9_0/bsp/system.mss
TRACE::2025-03-29.02:31:21::SCWMssOS::DEBUG:  swdes dump  C:/devWorks/SS_MC_SOC/Vitis/Speed_sensor_Motor_control/ps7_cortexa9_0/standalone_ps7_cortexa9_0/bsp/system.mss|system_0||
C:/devWorks/SS_MC_SOC/Vitis/Speed_sensor_Motor_control/zynq_fsbl/zynq_fsbl_bsp/system.mss|system||

TRACE::2025-03-29.02:31:21::SCWMssOS::Sw design exists and opened at  C:/devWorks/SS_MC_SOC/Vitis/Speed_sensor_Motor_control/ps7_cortexa9_0/standalone_ps7_cortexa9_0/bsp/system.mss
TRACE::2025-03-29.02:31:21::SCWPlatform::Trying to open the hw design at C:/devWorks/SS_MC_SOC/Vitis/Speed_sensor_Motor_control/hw/Speed_sensor_Motor_control.xsa
TRACE::2025-03-29.02:31:21::SCWPlatform::DSA given C:/devWorks/SS_MC_SOC/Vitis/Speed_sensor_Motor_control/hw/Speed_sensor_Motor_control.xsa
TRACE::2025-03-29.02:31:21::SCWPlatform::DSA absoulate path C:/devWorks/SS_MC_SOC/Vitis/Speed_sensor_Motor_control/hw/Speed_sensor_Motor_control.xsa
TRACE::2025-03-29.02:31:21::SCWPlatform::DSA directory C:/devWorks/SS_MC_SOC/Vitis/Speed_sensor_Motor_control/hw
TRACE::2025-03-29.02:31:21::SCWPlatform:: Platform Path C:/devWorks/SS_MC_SOC/Vitis/Speed_sensor_Motor_control/hw/Speed_sensor_Motor_control.xsa
TRACE::2025-03-29.02:31:21::SCWPlatform:: Unique name xilinx:pynq-z2::0.0
TRACE::2025-03-29.02:31:21::SCWPlatform::Trying to set the existing hwdb with name design_1_wrapper_0
TRACE::2025-03-29.02:31:21::SCWPlatform::Opened existing hwdb design_1_wrapper_0
TRACE::2025-03-29.02:31:21::SCWPlatform::Found the Hw Db part of the input DSA
TRACE::2025-03-29.02:31:21::SCWMssOS::Checking the sw design at  C:/devWorks/SS_MC_SOC/Vitis/Speed_sensor_Motor_control/ps7_cortexa9_0/standalone_ps7_cortexa9_0/bsp/system.mss
TRACE::2025-03-29.02:31:21::SCWMssOS::DEBUG:  swdes dump  C:/devWorks/SS_MC_SOC/Vitis/Speed_sensor_Motor_control/ps7_cortexa9_0/standalone_ps7_cortexa9_0/bsp/system.mss|system_0||
C:/devWorks/SS_MC_SOC/Vitis/Speed_sensor_Motor_control/zynq_fsbl/zynq_fsbl_bsp/system.mss|system||

TRACE::2025-03-29.02:31:21::SCWMssOS::Sw design exists and opened at  C:/devWorks/SS_MC_SOC/Vitis/Speed_sensor_Motor_control/ps7_cortexa9_0/standalone_ps7_cortexa9_0/bsp/system.mss
TRACE::2025-03-29.02:31:21::SCWPlatform::Trying to open the hw design at C:/devWorks/SS_MC_SOC/Vitis/Speed_sensor_Motor_control/hw/Speed_sensor_Motor_control.xsa
TRACE::2025-03-29.02:31:21::SCWPlatform::DSA given C:/devWorks/SS_MC_SOC/Vitis/Speed_sensor_Motor_control/hw/Speed_sensor_Motor_control.xsa
TRACE::2025-03-29.02:31:21::SCWPlatform::DSA absoulate path C:/devWorks/SS_MC_SOC/Vitis/Speed_sensor_Motor_control/hw/Speed_sensor_Motor_control.xsa
TRACE::2025-03-29.02:31:21::SCWPlatform::DSA directory C:/devWorks/SS_MC_SOC/Vitis/Speed_sensor_Motor_control/hw
TRACE::2025-03-29.02:31:21::SCWPlatform:: Platform Path C:/devWorks/SS_MC_SOC/Vitis/Speed_sensor_Motor_control/hw/Speed_sensor_Motor_control.xsa
TRACE::2025-03-29.02:31:21::SCWPlatform:: Unique name xilinx:pynq-z2::0.0
TRACE::2025-03-29.02:31:21::SCWPlatform::Trying to set the existing hwdb with name design_1_wrapper_0
TRACE::2025-03-29.02:31:21::SCWPlatform::Opened existing hwdb design_1_wrapper_0
TRACE::2025-03-29.02:31:21::SCWPlatform::Found the Hw Db part of the input DSA
TRACE::2025-03-29.02:31:21::SCWMssOS::Checking the sw design at  C:/devWorks/SS_MC_SOC/Vitis/Speed_sensor_Motor_control/ps7_cortexa9_0/standalone_ps7_cortexa9_0/bsp/system.mss
TRACE::2025-03-29.02:31:21::SCWMssOS::DEBUG:  swdes dump  C:/devWorks/SS_MC_SOC/Vitis/Speed_sensor_Motor_control/ps7_cortexa9_0/standalone_ps7_cortexa9_0/bsp/system.mss|system_0||
C:/devWorks/SS_MC_SOC/Vitis/Speed_sensor_Motor_control/zynq_fsbl/zynq_fsbl_bsp/system.mss|system||

TRACE::2025-03-29.02:31:21::SCWMssOS::Sw design exists and opened at  C:/devWorks/SS_MC_SOC/Vitis/Speed_sensor_Motor_control/ps7_cortexa9_0/standalone_ps7_cortexa9_0/bsp/system.mss
TRACE::2025-03-29.02:31:21::SCWWriter::formatted JSON is {
	"platformName":	"Speed_sensor_Motor_control",
	"sprVersion":	"2.0",
	"mode":	"gui",
	"dsaType":	"Fixed",
	"platformDesc":	"Speed_sensor_Motor_control",
	"platHandOff":	"C:/devWorks/SS_MC_SOC/Speed_sensor_Motor_control.xsa",
	"platIntHandOff":	"<platformDir>/hw/Speed_sensor_Motor_control.xsa",
	"deviceType":	"zynq",
	"platIsPrebuiltAutogen":	"false",
	"platIsNoBootBsp":	"false",
	"platFsblTarget":	"ps7_cortexa9_0",
	"hasFsblMakeHasChanges":	"false",
	"hasPmufwMakeHasChanges":	"false",
	"fsblExtraCompilerFlags":	"-MMD -MP       -mcpu=cortex-a9 -mfpu=vfpv3 -mfloat-abi=hard ",
	"platPreBuiltFlag":	false,
	"platformSamplesDir":	"",
	"platActiveSys":	"Speed_sensor_Motor_control",
	"systems":	[{
			"systemName":	"Speed_sensor_Motor_control",
			"systemDesc":	"Speed_sensor_Motor_control",
			"sysIsBootAutoGen":	"true",
			"systemDispName":	"Speed_sensor_Motor_control",
			"sysActiveDom":	"standalone_ps7_cortexa9_0",
			"sysDefaultDom":	"standalone_ps7_cortexa9_0",
			"domains":	[{
					"domainName":	"zynq_fsbl",
					"domainDispName":	"zynq_fsbl",
					"domainDesc":	"FSBL Application BSP - Auto Generated.",
					"processors":	"ps7_cortexa9_0",
					"os":	"standalone",
					"sdxOs":	"standalone",
					"debugEnable":	"",
					"domRuntimes":	["cpp"],
					"swRepo":	"",
					"mssOsVer":	"9.1",
					"mssFile":	"",
					"md5Digest":	"b4df79a800a1f9c21646240e8d214367",
					"compatibleApp":	"zynq_fsbl",
					"domType":	"bootDomain",
					"arch":	"32-bit",
					"appSettings":	{
						"appCompilerFlags":	"",
						"appLinkerFlags":	""
					},
					"addedLibs":	["xilffs:5.2", "xilrsa:1.8"],
					"libOptions":	{
						"libsContainingOptions":	[]
					},
					"prebuiltLibs":	{
						"prebuiltIncPath":	[],
						"prebuiltLibPath":	[]
					},
					"isolation":	{
					}
				}, {
					"domainName":	"standalone_ps7_cortexa9_0",
					"domainDispName":	"standalone_ps7_cortexa9_0",
					"domainDesc":	"standalone_ps7_cortexa9_0",
					"processors":	"ps7_cortexa9_0",
					"os":	"standalone",
					"sdxOs":	"standalone",
					"qemuArgs":	"<platformDir>/resources/Speed_sensor_Motor_control/standalone_ps7_cortexa9_0/qemu_args.txt",
					"qemuData":	"<platformDir>/resources/Speed_sensor_Motor_control/standalone_ps7_cortexa9_0/qemu",
					"debugEnable":	"False",
					"domRuntimes":	["cpp"],
					"swRepo":	"",
					"mssOsVer":	"9.1",
					"mssFile":	"",
					"md5Digest":	"8a4afdbf38ea2078439cc1b4f5c3b212",
					"compatibleApp":	"hello_world",
					"domType":	"mssDomain",
					"arch":	"32-bit",
					"appSettings":	{
						"appCompilerFlags":	"",
						"appLinkerFlags":	""
					},
					"addedLibs":	[],
					"libOptions":	{
						"libsContainingOptions":	[]
					},
					"prebuiltLibs":	{
						"prebuiltIncPath":	[],
						"prebuiltLibPath":	[]
					},
					"isolation":	{
					}
				}]
		}]
}
KEYINFO::2025-03-29.02:31:21::SCWPlatform::updated the xpfm file.
TRACE::2025-03-29.02:31:21::SCWPlatform::Trying to open the hw design at C:/devWorks/SS_MC_SOC/Vitis/Speed_sensor_Motor_control/hw/Speed_sensor_Motor_control.xsa
TRACE::2025-03-29.02:31:21::SCWPlatform::DSA given C:/devWorks/SS_MC_SOC/Vitis/Speed_sensor_Motor_control/hw/Speed_sensor_Motor_control.xsa
TRACE::2025-03-29.02:31:21::SCWPlatform::DSA absoulate path C:/devWorks/SS_MC_SOC/Vitis/Speed_sensor_Motor_control/hw/Speed_sensor_Motor_control.xsa
TRACE::2025-03-29.02:31:21::SCWPlatform::DSA directory C:/devWorks/SS_MC_SOC/Vitis/Speed_sensor_Motor_control/hw
TRACE::2025-03-29.02:31:21::SCWPlatform:: Platform Path C:/devWorks/SS_MC_SOC/Vitis/Speed_sensor_Motor_control/hw/Speed_sensor_Motor_control.xsa
TRACE::2025-03-29.02:31:21::SCWPlatform:: Unique name xilinx:pynq-z2::0.0
TRACE::2025-03-29.02:31:21::SCWPlatform::Trying to set the existing hwdb with name design_1_wrapper_0
TRACE::2025-03-29.02:31:21::SCWPlatform::Opened existing hwdb design_1_wrapper_0
TRACE::2025-03-29.02:31:21::SCWPlatform::Found the Hw Db part of the input DSA
TRACE::2025-03-29.02:31:21::SCWMssOS::Checking the sw design at  C:/devWorks/SS_MC_SOC/Vitis/Speed_sensor_Motor_control/ps7_cortexa9_0/standalone_ps7_cortexa9_0/bsp/system.mss
TRACE::2025-03-29.02:31:21::SCWMssOS::DEBUG:  swdes dump  C:/devWorks/SS_MC_SOC/Vitis/Speed_sensor_Motor_control/ps7_cortexa9_0/standalone_ps7_cortexa9_0/bsp/system.mss|system_0||
C:/devWorks/SS_MC_SOC/Vitis/Speed_sensor_Motor_control/zynq_fsbl/zynq_fsbl_bsp/system.mss|system||

TRACE::2025-03-29.02:31:21::SCWMssOS::Sw design exists and opened at  C:/devWorks/SS_MC_SOC/Vitis/Speed_sensor_Motor_control/ps7_cortexa9_0/standalone_ps7_cortexa9_0/bsp/system.mss
