Copyright 1986-2022 Xilinx, Inc. All Rights Reserved. Copyright 2022-2024 Advanced Micro Devices, Inc. All Rights Reserved.
---------------------------------------------------------------------------------------------------------------------------------------------------------------------------------------------------------------------------------------------
| Tool Version : Vivado v.2024.1 (win64) Build 5076996 Wed May 22 18:37:14 MDT 2024
| Date         : Mon May 12 12:08:05 2025
| Host         : 5CD322B26V running 64-bit major release  (build 9200)
| Command      : report_timing_summary -max_paths 10 -report_unconstrained -file design_1_wrapper_timing_summary_routed.rpt -pb design_1_wrapper_timing_summary_routed.pb -rpx design_1_wrapper_timing_summary_routed.rpx -warn_on_violation
| Design       : design_1_wrapper
| Device       : 7z020-clg400
| Speed File   : -1  PRODUCTION 1.12 2019-11-22
| Design State : Routed
---------------------------------------------------------------------------------------------------------------------------------------------------------------------------------------------------------------------------------------------

Timing Summary Report

------------------------------------------------------------------------------------------------
| Timer Settings
| --------------
------------------------------------------------------------------------------------------------

  Enable Multi Corner Analysis               :  Yes
  Enable Pessimism Removal                   :  Yes
  Pessimism Removal Resolution               :  Nearest Common Node
  Enable Input Delay Default Clock           :  No
  Enable Preset / Clear Arcs                 :  No
  Disable Flight Delays                      :  No
  Ignore I/O Paths                           :  No
  Timing Early Launch at Borrowing Latches   :  No
  Borrow Time for Max Delay Exceptions       :  Yes
  Merge Timing Exceptions                    :  Yes
  Inter-SLR Compensation                     :  Conservative

  Corner  Analyze    Analyze    
  Name    Max Paths  Min Paths  
  ------  ---------  ---------  
  Slow    Yes        Yes        
  Fast    Yes        Yes        


------------------------------------------------------------------------------------------------
| Report Methodology
| ------------------
------------------------------------------------------------------------------------------------

Rule       Severity          Description                                     Violations  
---------  ----------------  ----------------------------------------------  ----------  
TIMING-6   Critical Warning  No common primary clock between related clocks  2           
TIMING-7   Critical Warning  No common node between related clocks           2           
TIMING-18  Warning           Missing input or output delay                   70          

Note: This report is based on the most recent report_methodology run and may not be up-to-date. Run report_methodology on the current design for the latest report.



check_timing report

Table of Contents
-----------------
1. checking no_clock (0)
2. checking constant_clock (0)
3. checking pulse_width_clock (0)
4. checking unconstrained_internal_endpoints (0)
5. checking no_input_delay (38)
6. checking no_output_delay (38)
7. checking multiple_clock (0)
8. checking generated_clocks (0)
9. checking loops (0)
10. checking partial_input_delay (0)
11. checking partial_output_delay (0)
12. checking latch_loops (0)

1. checking no_clock (0)
------------------------
 There are 0 register/latch pins with no clock.


2. checking constant_clock (0)
------------------------------
 There are 0 register/latch pins with constant_clock.


3. checking pulse_width_clock (0)
---------------------------------
 There are 0 register/latch pins which need pulse_width check


4. checking unconstrained_internal_endpoints (0)
------------------------------------------------
 There are 0 pins that are not constrained for maximum delay.

 There are 0 pins that are not constrained for maximum delay due to constant clock.


5. checking no_input_delay (38)
-------------------------------
 There are 38 input ports with no input delay specified. (HIGH)

 There are 0 input ports with no input delay but user has a false path constraint.


6. checking no_output_delay (38)
--------------------------------
 There are 38 ports with no output delay specified. (HIGH)

 There are 0 ports with no output delay but user has a false path constraint

 There are 0 ports with no output delay but with a timing clock defined on it or propagating through it


7. checking multiple_clock (0)
------------------------------
 There are 0 register/latch pins with multiple clocks.


8. checking generated_clocks (0)
--------------------------------
 There are 0 generated clocks that are not connected to a clock source.


9. checking loops (0)
---------------------
 There are 0 combinational loops in the design.


10. checking partial_input_delay (0)
------------------------------------
 There are 0 input ports with partial input delay specified.


11. checking partial_output_delay (0)
-------------------------------------
 There are 0 ports with partial output delay specified.


12. checking latch_loops (0)
----------------------------
 There are 0 combinational latch loops in the design through latch input



------------------------------------------------------------------------------------------------
| Design Timing Summary
| ---------------------
------------------------------------------------------------------------------------------------

    WNS(ns)      TNS(ns)  TNS Failing Endpoints  TNS Total Endpoints      WHS(ns)      THS(ns)  THS Failing Endpoints  THS Total Endpoints     WPWS(ns)     TPWS(ns)  TPWS Failing Endpoints  TPWS Total Endpoints  
    -------      -------  ---------------------  -------------------      -------      -------  ---------------------  -------------------     --------     --------  ----------------------  --------------------  
      0.825        0.000                      0                 6258        0.055        0.000                      0                 6258        2.000        0.000                       0                  2682  


All user specified timing constraints are met.


------------------------------------------------------------------------------------------------
| Clock Summary
| -------------
------------------------------------------------------------------------------------------------

Clock                            Waveform(ns)         Period(ns)      Frequency(MHz)
-----                            ------------         ----------      --------------
clk_fpga_0                       {0.000 5.000}        10.000          100.000         
sys_clock                        {0.000 4.000}        8.000           125.000         
  clk_out1_design_1_clk_wiz_0_0  {0.000 5.000}        10.000          100.000         
  clkfbout_design_1_clk_wiz_0_0  {0.000 4.000}        8.000           125.000         


------------------------------------------------------------------------------------------------
| Intra Clock Table
| -----------------
------------------------------------------------------------------------------------------------

Clock                                WNS(ns)      TNS(ns)  TNS Failing Endpoints  TNS Total Endpoints      WHS(ns)      THS(ns)  THS Failing Endpoints  THS Total Endpoints     WPWS(ns)     TPWS(ns)  TPWS Failing Endpoints  TPWS Total Endpoints  
-----                                -------      -------  ---------------------  -------------------      -------      -------  ---------------------  -------------------     --------     --------  ----------------------  --------------------  
clk_fpga_0                             0.831        0.000                      0                 5788        0.055        0.000                      0                 5788        4.020        0.000                       0                  2496  
sys_clock                                                                                                                                                                          2.000        0.000                       0                     1  
  clk_out1_design_1_clk_wiz_0_0        1.732        0.000                      0                  406        0.074        0.000                      0                  406        4.500        0.000                       0                   182  
  clkfbout_design_1_clk_wiz_0_0                                                                                                                                                    5.845        0.000                       0                     3  


------------------------------------------------------------------------------------------------
| Inter Clock Table
| -----------------
------------------------------------------------------------------------------------------------

From Clock                     To Clock                           WNS(ns)      TNS(ns)  TNS Failing Endpoints  TNS Total Endpoints      WHS(ns)      THS(ns)  THS Failing Endpoints  THS Total Endpoints  
----------                     --------                           -------      -------  ---------------------  -------------------      -------      -------  ---------------------  -------------------  
clk_out1_design_1_clk_wiz_0_0  clk_fpga_0                           0.825        0.000                      0                   64        0.061        0.000                      0                   64  
clk_fpga_0                     clk_out1_design_1_clk_wiz_0_0        2.350        0.000                      0                  130        1.869        0.000                      0                  130  


------------------------------------------------------------------------------------------------
| Other Path Groups Table
| -----------------------
------------------------------------------------------------------------------------------------

Path Group    From Clock    To Clock          WNS(ns)      TNS(ns)  TNS Failing Endpoints  TNS Total Endpoints      WHS(ns)      THS(ns)  THS Failing Endpoints  THS Total Endpoints  
----------    ----------    --------          -------      -------  ---------------------  -------------------      -------      -------  ---------------------  -------------------  


------------------------------------------------------------------------------------------------
| User Ignored Path Table
| -----------------------
------------------------------------------------------------------------------------------------

Path Group    From Clock    To Clock    
----------    ----------    --------    
(none)                      clk_fpga_0    


------------------------------------------------------------------------------------------------
| Unconstrained Path Table
| ------------------------
------------------------------------------------------------------------------------------------

Path Group                     From Clock                     To Clock                     
----------                     ----------                     --------                     
(none)                         clk_fpga_0                                                    
(none)                         clk_out1_design_1_clk_wiz_0_0                                 
(none)                         clkfbout_design_1_clk_wiz_0_0                                 
(none)                                                        clk_fpga_0                     
(none)                                                        clk_out1_design_1_clk_wiz_0_0  


------------------------------------------------------------------------------------------------
| Timing Details
| --------------
------------------------------------------------------------------------------------------------


---------------------------------------------------------------------------------------------------
From Clock:  clk_fpga_0
  To Clock:  clk_fpga_0

Setup :            0  Failing Endpoints,  Worst Slack        0.831ns,  Total Violation        0.000ns
Hold  :            0  Failing Endpoints,  Worst Slack        0.055ns,  Total Violation        0.000ns
PW    :            0  Failing Endpoints,  Worst Slack        4.020ns,  Total Violation        0.000ns
---------------------------------------------------------------------------------------------------


Max Delay Paths
--------------------------------------------------------------------------------------
Slack (MET) :             0.831ns  (required time - arrival time)
  Source:                 design_1_i/ps7_0_axi_periph/xbar/inst/gen_sasd.crossbar_sasd_0/reg_slice_r/s_ready_i_reg/C
                            (rising edge-triggered cell FDRE clocked by clk_fpga_0  {rise@0.000ns fall@5.000ns period=10.000ns})
  Destination:            design_1_i/ps7_0_axi_periph/xbar/inst/gen_sasd.crossbar_sasd_0/reg_slice_r/skid_buffer_reg[8]/D
                            (rising edge-triggered cell FDRE clocked by clk_fpga_0  {rise@0.000ns fall@5.000ns period=10.000ns})
  Path Group:             clk_fpga_0
  Path Type:              Setup (Max at Slow Process Corner)
  Requirement:            10.000ns  (clk_fpga_0 rise@10.000ns - clk_fpga_0 rise@0.000ns)
  Data Path Delay:        8.874ns  (logic 1.014ns (11.426%)  route 7.860ns (88.574%))
  Logic Levels:           4  (LUT4=1 LUT5=2 LUT6=1)
  Clock Path Skew:        -0.060ns (DCD - SCD + CPR)
    Destination Clock Delay (DCD):    2.653ns = ( 12.653 - 10.000 ) 
    Source Clock Delay      (SCD):    2.942ns
    Clock Pessimism Removal (CPR):    0.229ns
  Clock Uncertainty:      0.154ns  ((TSJ^2 + TIJ^2)^1/2 + DJ) / 2 + PE
    Total System Jitter     (TSJ):    0.071ns
    Total Input Jitter      (TIJ):    0.300ns
    Discrete Jitter          (DJ):    0.000ns
    Phase Error              (PE):    0.000ns

    Location             Delay type                Incr(ns)  Path(ns)    Netlist Resource(s)
  -------------------------------------------------------------------    -------------------
                         (clock clk_fpga_0 rise edge)
                                                      0.000     0.000 r  
    PS7_X0Y0             PS7                          0.000     0.000 r  design_1_i/processing_system7_0/inst/PS7_i/FCLKCLK[0]
                         net (fo=1, routed)           1.193     1.193    design_1_i/processing_system7_0/inst/FCLK_CLK_unbuffered[0]
    BUFGCTRL_X0Y16       BUFG (Prop_bufg_I_O)         0.101     1.294 r  design_1_i/processing_system7_0/inst/buffer_fclk_clk_0.FCLK_CLK_0_BUFG/O
                         net (fo=2496, routed)        1.648     2.942    design_1_i/ps7_0_axi_periph/xbar/inst/gen_sasd.crossbar_sasd_0/reg_slice_r/aclk
    SLICE_X36Y87         FDRE                                         r  design_1_i/ps7_0_axi_periph/xbar/inst/gen_sasd.crossbar_sasd_0/reg_slice_r/s_ready_i_reg/C
  -------------------------------------------------------------------    -------------------
    SLICE_X36Y87         FDRE (Prop_fdre_C_Q)         0.518     3.460 r  design_1_i/ps7_0_axi_periph/xbar/inst/gen_sasd.crossbar_sasd_0/reg_slice_r/s_ready_i_reg/Q
                         net (fo=56, routed)          1.248     4.708    design_1_i/ps7_0_axi_periph/xbar/inst/gen_sasd.crossbar_sasd_0/reg_slice_r/aa_rready
    SLICE_X45Y98         LUT5 (Prop_lut5_I0_O)        0.124     4.832 r  design_1_i/ps7_0_axi_periph/xbar/inst/gen_sasd.crossbar_sasd_0/reg_slice_r/m_payload_i[33]_i_7/O
                         net (fo=32, routed)          1.604     6.436    design_1_i/ps7_0_axi_periph/xbar/inst/gen_sasd.crossbar_sasd_0/reg_slice_r/m_payload_i[33]_i_7_n_0
    SLICE_X58Y87         LUT4 (Prop_lut4_I1_O)        0.124     6.560 r  design_1_i/ps7_0_axi_periph/xbar/inst/gen_sasd.crossbar_sasd_0/reg_slice_r/m_payload_i[8]_i_4/O
                         net (fo=1, routed)           0.699     7.259    design_1_i/ps7_0_axi_periph/xbar/inst/gen_sasd.crossbar_sasd_0/reg_slice_r/m_payload_i[8]_i_4_n_0
    SLICE_X52Y87         LUT5 (Prop_lut5_I4_O)        0.124     7.383 r  design_1_i/ps7_0_axi_periph/xbar/inst/gen_sasd.crossbar_sasd_0/reg_slice_r/m_payload_i[8]_i_3/O
                         net (fo=1, routed)           0.964     8.347    design_1_i/ps7_0_axi_periph/xbar/inst/gen_sasd.crossbar_sasd_0/reg_slice_r/m_payload_i[8]_i_3_n_0
    SLICE_X42Y87         LUT6 (Prop_lut6_I5_O)        0.124     8.471 r  design_1_i/ps7_0_axi_periph/xbar/inst/gen_sasd.crossbar_sasd_0/reg_slice_r/m_payload_i[8]_i_1/O
                         net (fo=2, routed)           3.346    11.816    design_1_i/ps7_0_axi_periph/xbar/inst/gen_sasd.crossbar_sasd_0/reg_slice_r/skid_buffer[8]
    SLICE_X44Y87         FDRE                                         r  design_1_i/ps7_0_axi_periph/xbar/inst/gen_sasd.crossbar_sasd_0/reg_slice_r/skid_buffer_reg[8]/D
  -------------------------------------------------------------------    -------------------

                         (clock clk_fpga_0 rise edge)
                                                     10.000    10.000 r  
    PS7_X0Y0             PS7                          0.000    10.000 r  design_1_i/processing_system7_0/inst/PS7_i/FCLKCLK[0]
                         net (fo=1, routed)           1.088    11.088    design_1_i/processing_system7_0/inst/FCLK_CLK_unbuffered[0]
    BUFGCTRL_X0Y16       BUFG (Prop_bufg_I_O)         0.091    11.179 r  design_1_i/processing_system7_0/inst/buffer_fclk_clk_0.FCLK_CLK_0_BUFG/O
                         net (fo=2496, routed)        1.474    12.653    design_1_i/ps7_0_axi_periph/xbar/inst/gen_sasd.crossbar_sasd_0/reg_slice_r/aclk
    SLICE_X44Y87         FDRE                                         r  design_1_i/ps7_0_axi_periph/xbar/inst/gen_sasd.crossbar_sasd_0/reg_slice_r/skid_buffer_reg[8]/C
                         clock pessimism              0.229    12.882    
                         clock uncertainty           -0.154    12.728    
    SLICE_X44Y87         FDRE (Setup_fdre_C_D)       -0.081    12.647    design_1_i/ps7_0_axi_periph/xbar/inst/gen_sasd.crossbar_sasd_0/reg_slice_r/skid_buffer_reg[8]
  -------------------------------------------------------------------
                         required time                         12.647    
                         arrival time                         -11.816    
  -------------------------------------------------------------------
                         slack                                  0.831    

Slack (MET) :             0.938ns  (required time - arrival time)
  Source:                 design_1_i/ps7_0_axi_periph/xbar/inst/gen_sasd.crossbar_sasd_0/reg_slice_r/s_ready_i_reg/C
                            (rising edge-triggered cell FDRE clocked by clk_fpga_0  {rise@0.000ns fall@5.000ns period=10.000ns})
  Destination:            design_1_i/ps7_0_axi_periph/xbar/inst/gen_sasd.crossbar_sasd_0/reg_slice_r/m_payload_i_reg[10]/D
                            (rising edge-triggered cell FDRE clocked by clk_fpga_0  {rise@0.000ns fall@5.000ns period=10.000ns})
  Path Group:             clk_fpga_0
  Path Type:              Setup (Max at Slow Process Corner)
  Requirement:            10.000ns  (clk_fpga_0 rise@10.000ns - clk_fpga_0 rise@0.000ns)
  Data Path Delay:        8.839ns  (logic 1.014ns (11.472%)  route 7.825ns (88.528%))
  Logic Levels:           4  (LUT4=1 LUT5=2 LUT6=1)
  Clock Path Skew:        -0.024ns (DCD - SCD + CPR)
    Destination Clock Delay (DCD):    2.655ns = ( 12.655 - 10.000 ) 
    Source Clock Delay      (SCD):    2.942ns
    Clock Pessimism Removal (CPR):    0.263ns
  Clock Uncertainty:      0.154ns  ((TSJ^2 + TIJ^2)^1/2 + DJ) / 2 + PE
    Total System Jitter     (TSJ):    0.071ns
    Total Input Jitter      (TIJ):    0.300ns
    Discrete Jitter          (DJ):    0.000ns
    Phase Error              (PE):    0.000ns

    Location             Delay type                Incr(ns)  Path(ns)    Netlist Resource(s)
  -------------------------------------------------------------------    -------------------
                         (clock clk_fpga_0 rise edge)
                                                      0.000     0.000 r  
    PS7_X0Y0             PS7                          0.000     0.000 r  design_1_i/processing_system7_0/inst/PS7_i/FCLKCLK[0]
                         net (fo=1, routed)           1.193     1.193    design_1_i/processing_system7_0/inst/FCLK_CLK_unbuffered[0]
    BUFGCTRL_X0Y16       BUFG (Prop_bufg_I_O)         0.101     1.294 r  design_1_i/processing_system7_0/inst/buffer_fclk_clk_0.FCLK_CLK_0_BUFG/O
                         net (fo=2496, routed)        1.648     2.942    design_1_i/ps7_0_axi_periph/xbar/inst/gen_sasd.crossbar_sasd_0/reg_slice_r/aclk
    SLICE_X36Y87         FDRE                                         r  design_1_i/ps7_0_axi_periph/xbar/inst/gen_sasd.crossbar_sasd_0/reg_slice_r/s_ready_i_reg/C
  -------------------------------------------------------------------    -------------------
    SLICE_X36Y87         FDRE (Prop_fdre_C_Q)         0.518     3.460 r  design_1_i/ps7_0_axi_periph/xbar/inst/gen_sasd.crossbar_sasd_0/reg_slice_r/s_ready_i_reg/Q
                         net (fo=56, routed)          1.248     4.708    design_1_i/ps7_0_axi_periph/xbar/inst/gen_sasd.crossbar_sasd_0/reg_slice_r/aa_rready
    SLICE_X45Y98         LUT5 (Prop_lut5_I0_O)        0.124     4.832 r  design_1_i/ps7_0_axi_periph/xbar/inst/gen_sasd.crossbar_sasd_0/reg_slice_r/m_payload_i[33]_i_7/O
                         net (fo=32, routed)          1.408     6.241    design_1_i/ps7_0_axi_periph/xbar/inst/gen_sasd.crossbar_sasd_0/reg_slice_r/m_payload_i[33]_i_7_n_0
    SLICE_X59Y86         LUT4 (Prop_lut4_I1_O)        0.124     6.365 r  design_1_i/ps7_0_axi_periph/xbar/inst/gen_sasd.crossbar_sasd_0/reg_slice_r/m_payload_i[10]_i_4/O
                         net (fo=1, routed)           0.794     7.159    design_1_i/ps7_0_axi_periph/xbar/inst/gen_sasd.crossbar_sasd_0/reg_slice_r/m_payload_i[10]_i_4_n_0
    SLICE_X52Y86         LUT5 (Prop_lut5_I4_O)        0.124     7.283 r  design_1_i/ps7_0_axi_periph/xbar/inst/gen_sasd.crossbar_sasd_0/reg_slice_r/m_payload_i[10]_i_3/O
                         net (fo=1, routed)           0.775     8.058    design_1_i/ps7_0_axi_periph/xbar/inst/gen_sasd.crossbar_sasd_0/reg_slice_r/m_payload_i[10]_i_3_n_0
    SLICE_X45Y88         LUT6 (Prop_lut6_I5_O)        0.124     8.182 r  design_1_i/ps7_0_axi_periph/xbar/inst/gen_sasd.crossbar_sasd_0/reg_slice_r/m_payload_i[10]_i_1/O
                         net (fo=2, routed)           3.599    11.781    design_1_i/ps7_0_axi_periph/xbar/inst/gen_sasd.crossbar_sasd_0/reg_slice_r/skid_buffer[10]
    SLICE_X36Y88         FDRE                                         r  design_1_i/ps7_0_axi_periph/xbar/inst/gen_sasd.crossbar_sasd_0/reg_slice_r/m_payload_i_reg[10]/D
  -------------------------------------------------------------------    -------------------

                         (clock clk_fpga_0 rise edge)
                                                     10.000    10.000 r  
    PS7_X0Y0             PS7                          0.000    10.000 r  design_1_i/processing_system7_0/inst/PS7_i/FCLKCLK[0]
                         net (fo=1, routed)           1.088    11.088    design_1_i/processing_system7_0/inst/FCLK_CLK_unbuffered[0]
    BUFGCTRL_X0Y16       BUFG (Prop_bufg_I_O)         0.091    11.179 r  design_1_i/processing_system7_0/inst/buffer_fclk_clk_0.FCLK_CLK_0_BUFG/O
                         net (fo=2496, routed)        1.476    12.655    design_1_i/ps7_0_axi_periph/xbar/inst/gen_sasd.crossbar_sasd_0/reg_slice_r/aclk
    SLICE_X36Y88         FDRE                                         r  design_1_i/ps7_0_axi_periph/xbar/inst/gen_sasd.crossbar_sasd_0/reg_slice_r/m_payload_i_reg[10]/C
                         clock pessimism              0.263    12.918    
                         clock uncertainty           -0.154    12.764    
    SLICE_X36Y88         FDRE (Setup_fdre_C_D)       -0.045    12.719    design_1_i/ps7_0_axi_periph/xbar/inst/gen_sasd.crossbar_sasd_0/reg_slice_r/m_payload_i_reg[10]
  -------------------------------------------------------------------
                         required time                         12.719    
                         arrival time                         -11.781    
  -------------------------------------------------------------------
                         slack                                  0.938    

Slack (MET) :             0.950ns  (required time - arrival time)
  Source:                 design_1_i/ps7_0_axi_periph/xbar/inst/gen_sasd.crossbar_sasd_0/reg_slice_r/s_ready_i_reg/C
                            (rising edge-triggered cell FDRE clocked by clk_fpga_0  {rise@0.000ns fall@5.000ns period=10.000ns})
  Destination:            design_1_i/ps7_0_axi_periph/xbar/inst/gen_sasd.crossbar_sasd_0/reg_slice_r/m_payload_i_reg[8]/D
                            (rising edge-triggered cell FDRE clocked by clk_fpga_0  {rise@0.000ns fall@5.000ns period=10.000ns})
  Path Group:             clk_fpga_0
  Path Type:              Setup (Max at Slow Process Corner)
  Requirement:            10.000ns  (clk_fpga_0 rise@10.000ns - clk_fpga_0 rise@0.000ns)
  Data Path Delay:        8.829ns  (logic 1.014ns (11.485%)  route 7.815ns (88.515%))
  Logic Levels:           4  (LUT4=1 LUT5=2 LUT6=1)
  Clock Path Skew:        -0.024ns (DCD - SCD + CPR)
    Destination Clock Delay (DCD):    2.655ns = ( 12.655 - 10.000 ) 
    Source Clock Delay      (SCD):    2.942ns
    Clock Pessimism Removal (CPR):    0.263ns
  Clock Uncertainty:      0.154ns  ((TSJ^2 + TIJ^2)^1/2 + DJ) / 2 + PE
    Total System Jitter     (TSJ):    0.071ns
    Total Input Jitter      (TIJ):    0.300ns
    Discrete Jitter          (DJ):    0.000ns
    Phase Error              (PE):    0.000ns

    Location             Delay type                Incr(ns)  Path(ns)    Netlist Resource(s)
  -------------------------------------------------------------------    -------------------
                         (clock clk_fpga_0 rise edge)
                                                      0.000     0.000 r  
    PS7_X0Y0             PS7                          0.000     0.000 r  design_1_i/processing_system7_0/inst/PS7_i/FCLKCLK[0]
                         net (fo=1, routed)           1.193     1.193    design_1_i/processing_system7_0/inst/FCLK_CLK_unbuffered[0]
    BUFGCTRL_X0Y16       BUFG (Prop_bufg_I_O)         0.101     1.294 r  design_1_i/processing_system7_0/inst/buffer_fclk_clk_0.FCLK_CLK_0_BUFG/O
                         net (fo=2496, routed)        1.648     2.942    design_1_i/ps7_0_axi_periph/xbar/inst/gen_sasd.crossbar_sasd_0/reg_slice_r/aclk
    SLICE_X36Y87         FDRE                                         r  design_1_i/ps7_0_axi_periph/xbar/inst/gen_sasd.crossbar_sasd_0/reg_slice_r/s_ready_i_reg/C
  -------------------------------------------------------------------    -------------------
    SLICE_X36Y87         FDRE (Prop_fdre_C_Q)         0.518     3.460 r  design_1_i/ps7_0_axi_periph/xbar/inst/gen_sasd.crossbar_sasd_0/reg_slice_r/s_ready_i_reg/Q
                         net (fo=56, routed)          1.248     4.708    design_1_i/ps7_0_axi_periph/xbar/inst/gen_sasd.crossbar_sasd_0/reg_slice_r/aa_rready
    SLICE_X45Y98         LUT5 (Prop_lut5_I0_O)        0.124     4.832 r  design_1_i/ps7_0_axi_periph/xbar/inst/gen_sasd.crossbar_sasd_0/reg_slice_r/m_payload_i[33]_i_7/O
                         net (fo=32, routed)          1.604     6.436    design_1_i/ps7_0_axi_periph/xbar/inst/gen_sasd.crossbar_sasd_0/reg_slice_r/m_payload_i[33]_i_7_n_0
    SLICE_X58Y87         LUT4 (Prop_lut4_I1_O)        0.124     6.560 r  design_1_i/ps7_0_axi_periph/xbar/inst/gen_sasd.crossbar_sasd_0/reg_slice_r/m_payload_i[8]_i_4/O
                         net (fo=1, routed)           0.699     7.259    design_1_i/ps7_0_axi_periph/xbar/inst/gen_sasd.crossbar_sasd_0/reg_slice_r/m_payload_i[8]_i_4_n_0
    SLICE_X52Y87         LUT5 (Prop_lut5_I4_O)        0.124     7.383 r  design_1_i/ps7_0_axi_periph/xbar/inst/gen_sasd.crossbar_sasd_0/reg_slice_r/m_payload_i[8]_i_3/O
                         net (fo=1, routed)           0.964     8.347    design_1_i/ps7_0_axi_periph/xbar/inst/gen_sasd.crossbar_sasd_0/reg_slice_r/m_payload_i[8]_i_3_n_0
    SLICE_X42Y87         LUT6 (Prop_lut6_I5_O)        0.124     8.471 r  design_1_i/ps7_0_axi_periph/xbar/inst/gen_sasd.crossbar_sasd_0/reg_slice_r/m_payload_i[8]_i_1/O
                         net (fo=2, routed)           3.300    11.771    design_1_i/ps7_0_axi_periph/xbar/inst/gen_sasd.crossbar_sasd_0/reg_slice_r/skid_buffer[8]
    SLICE_X37Y88         FDRE                                         r  design_1_i/ps7_0_axi_periph/xbar/inst/gen_sasd.crossbar_sasd_0/reg_slice_r/m_payload_i_reg[8]/D
  -------------------------------------------------------------------    -------------------

                         (clock clk_fpga_0 rise edge)
                                                     10.000    10.000 r  
    PS7_X0Y0             PS7                          0.000    10.000 r  design_1_i/processing_system7_0/inst/PS7_i/FCLKCLK[0]
                         net (fo=1, routed)           1.088    11.088    design_1_i/processing_system7_0/inst/FCLK_CLK_unbuffered[0]
    BUFGCTRL_X0Y16       BUFG (Prop_bufg_I_O)         0.091    11.179 r  design_1_i/processing_system7_0/inst/buffer_fclk_clk_0.FCLK_CLK_0_BUFG/O
                         net (fo=2496, routed)        1.476    12.655    design_1_i/ps7_0_axi_periph/xbar/inst/gen_sasd.crossbar_sasd_0/reg_slice_r/aclk
    SLICE_X37Y88         FDRE                                         r  design_1_i/ps7_0_axi_periph/xbar/inst/gen_sasd.crossbar_sasd_0/reg_slice_r/m_payload_i_reg[8]/C
                         clock pessimism              0.263    12.918    
                         clock uncertainty           -0.154    12.764    
    SLICE_X37Y88         FDRE (Setup_fdre_C_D)       -0.043    12.721    design_1_i/ps7_0_axi_periph/xbar/inst/gen_sasd.crossbar_sasd_0/reg_slice_r/m_payload_i_reg[8]
  -------------------------------------------------------------------
                         required time                         12.721    
                         arrival time                         -11.771    
  -------------------------------------------------------------------
                         slack                                  0.950    

Slack (MET) :             1.036ns  (required time - arrival time)
  Source:                 design_1_i/ps7_0_axi_periph/xbar/inst/gen_sasd.crossbar_sasd_0/reg_slice_r/s_ready_i_reg/C
                            (rising edge-triggered cell FDRE clocked by clk_fpga_0  {rise@0.000ns fall@5.000ns period=10.000ns})
  Destination:            design_1_i/ps7_0_axi_periph/xbar/inst/gen_sasd.crossbar_sasd_0/reg_slice_r/skid_buffer_reg[11]/D
                            (rising edge-triggered cell FDRE clocked by clk_fpga_0  {rise@0.000ns fall@5.000ns period=10.000ns})
  Path Group:             clk_fpga_0
  Path Type:              Setup (Max at Slow Process Corner)
  Requirement:            10.000ns  (clk_fpga_0 rise@10.000ns - clk_fpga_0 rise@0.000ns)
  Data Path Delay:        8.672ns  (logic 1.014ns (11.693%)  route 7.658ns (88.307%))
  Logic Levels:           4  (LUT4=1 LUT5=2 LUT6=1)
  Clock Path Skew:        -0.057ns (DCD - SCD + CPR)
    Destination Clock Delay (DCD):    2.656ns = ( 12.656 - 10.000 ) 
    Source Clock Delay      (SCD):    2.942ns
    Clock Pessimism Removal (CPR):    0.229ns
  Clock Uncertainty:      0.154ns  ((TSJ^2 + TIJ^2)^1/2 + DJ) / 2 + PE
    Total System Jitter     (TSJ):    0.071ns
    Total Input Jitter      (TIJ):    0.300ns
    Discrete Jitter          (DJ):    0.000ns
    Phase Error              (PE):    0.000ns

    Location             Delay type                Incr(ns)  Path(ns)    Netlist Resource(s)
  -------------------------------------------------------------------    -------------------
                         (clock clk_fpga_0 rise edge)
                                                      0.000     0.000 r  
    PS7_X0Y0             PS7                          0.000     0.000 r  design_1_i/processing_system7_0/inst/PS7_i/FCLKCLK[0]
                         net (fo=1, routed)           1.193     1.193    design_1_i/processing_system7_0/inst/FCLK_CLK_unbuffered[0]
    BUFGCTRL_X0Y16       BUFG (Prop_bufg_I_O)         0.101     1.294 r  design_1_i/processing_system7_0/inst/buffer_fclk_clk_0.FCLK_CLK_0_BUFG/O
                         net (fo=2496, routed)        1.648     2.942    design_1_i/ps7_0_axi_periph/xbar/inst/gen_sasd.crossbar_sasd_0/reg_slice_r/aclk
    SLICE_X36Y87         FDRE                                         r  design_1_i/ps7_0_axi_periph/xbar/inst/gen_sasd.crossbar_sasd_0/reg_slice_r/s_ready_i_reg/C
  -------------------------------------------------------------------    -------------------
    SLICE_X36Y87         FDRE (Prop_fdre_C_Q)         0.518     3.460 r  design_1_i/ps7_0_axi_periph/xbar/inst/gen_sasd.crossbar_sasd_0/reg_slice_r/s_ready_i_reg/Q
                         net (fo=56, routed)          1.248     4.708    design_1_i/ps7_0_axi_periph/xbar/inst/gen_sasd.crossbar_sasd_0/reg_slice_r/aa_rready
    SLICE_X45Y98         LUT5 (Prop_lut5_I0_O)        0.124     4.832 r  design_1_i/ps7_0_axi_periph/xbar/inst/gen_sasd.crossbar_sasd_0/reg_slice_r/m_payload_i[33]_i_7/O
                         net (fo=32, routed)          1.523     6.355    design_1_i/ps7_0_axi_periph/xbar/inst/gen_sasd.crossbar_sasd_0/reg_slice_r/m_payload_i[33]_i_7_n_0
    SLICE_X60Y89         LUT4 (Prop_lut4_I1_O)        0.124     6.479 r  design_1_i/ps7_0_axi_periph/xbar/inst/gen_sasd.crossbar_sasd_0/reg_slice_r/m_payload_i[11]_i_4/O
                         net (fo=1, routed)           0.754     7.233    design_1_i/ps7_0_axi_periph/xbar/inst/gen_sasd.crossbar_sasd_0/reg_slice_r/m_payload_i[11]_i_4_n_0
    SLICE_X50Y93         LUT5 (Prop_lut5_I4_O)        0.124     7.357 r  design_1_i/ps7_0_axi_periph/xbar/inst/gen_sasd.crossbar_sasd_0/reg_slice_r/m_payload_i[11]_i_3/O
                         net (fo=1, routed)           0.683     8.040    design_1_i/ps7_0_axi_periph/xbar/inst/gen_sasd.crossbar_sasd_0/reg_slice_r/m_payload_i[11]_i_3_n_0
    SLICE_X45Y93         LUT6 (Prop_lut6_I5_O)        0.124     8.164 r  design_1_i/ps7_0_axi_periph/xbar/inst/gen_sasd.crossbar_sasd_0/reg_slice_r/m_payload_i[11]_i_1/O
                         net (fo=2, routed)           3.449    11.614    design_1_i/ps7_0_axi_periph/xbar/inst/gen_sasd.crossbar_sasd_0/reg_slice_r/skid_buffer[11]
    SLICE_X45Y92         FDRE                                         r  design_1_i/ps7_0_axi_periph/xbar/inst/gen_sasd.crossbar_sasd_0/reg_slice_r/skid_buffer_reg[11]/D
  -------------------------------------------------------------------    -------------------

                         (clock clk_fpga_0 rise edge)
                                                     10.000    10.000 r  
    PS7_X0Y0             PS7                          0.000    10.000 r  design_1_i/processing_system7_0/inst/PS7_i/FCLKCLK[0]
                         net (fo=1, routed)           1.088    11.088    design_1_i/processing_system7_0/inst/FCLK_CLK_unbuffered[0]
    BUFGCTRL_X0Y16       BUFG (Prop_bufg_I_O)         0.091    11.179 r  design_1_i/processing_system7_0/inst/buffer_fclk_clk_0.FCLK_CLK_0_BUFG/O
                         net (fo=2496, routed)        1.477    12.656    design_1_i/ps7_0_axi_periph/xbar/inst/gen_sasd.crossbar_sasd_0/reg_slice_r/aclk
    SLICE_X45Y92         FDRE                                         r  design_1_i/ps7_0_axi_periph/xbar/inst/gen_sasd.crossbar_sasd_0/reg_slice_r/skid_buffer_reg[11]/C
                         clock pessimism              0.229    12.885    
                         clock uncertainty           -0.154    12.731    
    SLICE_X45Y92         FDRE (Setup_fdre_C_D)       -0.081    12.650    design_1_i/ps7_0_axi_periph/xbar/inst/gen_sasd.crossbar_sasd_0/reg_slice_r/skid_buffer_reg[11]
  -------------------------------------------------------------------
                         required time                         12.650    
                         arrival time                         -11.614    
  -------------------------------------------------------------------
                         slack                                  1.036    

Slack (MET) :             1.069ns  (required time - arrival time)
  Source:                 design_1_i/ps7_0_axi_periph/xbar/inst/gen_sasd.crossbar_sasd_0/reg_slice_r/s_ready_i_reg/C
                            (rising edge-triggered cell FDRE clocked by clk_fpga_0  {rise@0.000ns fall@5.000ns period=10.000ns})
  Destination:            design_1_i/ps7_0_axi_periph/xbar/inst/gen_sasd.crossbar_sasd_0/reg_slice_r/skid_buffer_reg[12]/D
                            (rising edge-triggered cell FDRE clocked by clk_fpga_0  {rise@0.000ns fall@5.000ns period=10.000ns})
  Path Group:             clk_fpga_0
  Path Type:              Setup (Max at Slow Process Corner)
  Requirement:            10.000ns  (clk_fpga_0 rise@10.000ns - clk_fpga_0 rise@0.000ns)
  Data Path Delay:        8.591ns  (logic 1.120ns (13.037%)  route 7.471ns (86.963%))
  Logic Levels:           3  (LUT5=1 LUT6=2)
  Clock Path Skew:        -0.170ns (DCD - SCD + CPR)
    Destination Clock Delay (DCD):    2.643ns = ( 12.643 - 10.000 ) 
    Source Clock Delay      (SCD):    2.942ns
    Clock Pessimism Removal (CPR):    0.129ns
  Clock Uncertainty:      0.154ns  ((TSJ^2 + TIJ^2)^1/2 + DJ) / 2 + PE
    Total System Jitter     (TSJ):    0.071ns
    Total Input Jitter      (TIJ):    0.300ns
    Discrete Jitter          (DJ):    0.000ns
    Phase Error              (PE):    0.000ns

    Location             Delay type                Incr(ns)  Path(ns)    Netlist Resource(s)
  -------------------------------------------------------------------    -------------------
                         (clock clk_fpga_0 rise edge)
                                                      0.000     0.000 r  
    PS7_X0Y0             PS7                          0.000     0.000 r  design_1_i/processing_system7_0/inst/PS7_i/FCLKCLK[0]
                         net (fo=1, routed)           1.193     1.193    design_1_i/processing_system7_0/inst/FCLK_CLK_unbuffered[0]
    BUFGCTRL_X0Y16       BUFG (Prop_bufg_I_O)         0.101     1.294 r  design_1_i/processing_system7_0/inst/buffer_fclk_clk_0.FCLK_CLK_0_BUFG/O
                         net (fo=2496, routed)        1.648     2.942    design_1_i/ps7_0_axi_periph/xbar/inst/gen_sasd.crossbar_sasd_0/reg_slice_r/aclk
    SLICE_X36Y87         FDRE                                         r  design_1_i/ps7_0_axi_periph/xbar/inst/gen_sasd.crossbar_sasd_0/reg_slice_r/s_ready_i_reg/C
  -------------------------------------------------------------------    -------------------
    SLICE_X36Y87         FDRE (Prop_fdre_C_Q)         0.518     3.460 r  design_1_i/ps7_0_axi_periph/xbar/inst/gen_sasd.crossbar_sasd_0/reg_slice_r/s_ready_i_reg/Q
                         net (fo=56, routed)          1.616     5.076    design_1_i/ps7_0_axi_periph/xbar/inst/gen_sasd.crossbar_sasd_0/reg_slice_r/aa_rready
    SLICE_X40Y98         LUT5 (Prop_lut5_I0_O)        0.152     5.228 r  design_1_i/ps7_0_axi_periph/xbar/inst/gen_sasd.crossbar_sasd_0/reg_slice_r/m_payload_i[34]_i_4/O
                         net (fo=12, routed)          1.216     6.445    design_1_i/ps7_0_axi_periph/xbar/inst/gen_sasd.crossbar_sasd_0/reg_slice_r/m_payload_i[34]_i_4_n_0
    SLICE_X43Y89         LUT6 (Prop_lut6_I5_O)        0.326     6.771 r  design_1_i/ps7_0_axi_periph/xbar/inst/gen_sasd.crossbar_sasd_0/reg_slice_r/m_payload_i[12]_i_2/O
                         net (fo=1, routed)           0.771     7.542    design_1_i/ps7_0_axi_periph/xbar/inst/gen_sasd.crossbar_sasd_0/reg_slice_r/m_payload_i[12]_i_2_n_0
    SLICE_X50Y89         LUT6 (Prop_lut6_I0_O)        0.124     7.666 r  design_1_i/ps7_0_axi_periph/xbar/inst/gen_sasd.crossbar_sasd_0/reg_slice_r/m_payload_i[12]_i_1/O
                         net (fo=2, routed)           3.867    11.533    design_1_i/ps7_0_axi_periph/xbar/inst/gen_sasd.crossbar_sasd_0/reg_slice_r/skid_buffer[12]
    SLICE_X50Y89         FDRE                                         r  design_1_i/ps7_0_axi_periph/xbar/inst/gen_sasd.crossbar_sasd_0/reg_slice_r/skid_buffer_reg[12]/D
  -------------------------------------------------------------------    -------------------

                         (clock clk_fpga_0 rise edge)
                                                     10.000    10.000 r  
    PS7_X0Y0             PS7                          0.000    10.000 r  design_1_i/processing_system7_0/inst/PS7_i/FCLKCLK[0]
                         net (fo=1, routed)           1.088    11.088    design_1_i/processing_system7_0/inst/FCLK_CLK_unbuffered[0]
    BUFGCTRL_X0Y16       BUFG (Prop_bufg_I_O)         0.091    11.179 r  design_1_i/processing_system7_0/inst/buffer_fclk_clk_0.FCLK_CLK_0_BUFG/O
                         net (fo=2496, routed)        1.464    12.643    design_1_i/ps7_0_axi_periph/xbar/inst/gen_sasd.crossbar_sasd_0/reg_slice_r/aclk
    SLICE_X50Y89         FDRE                                         r  design_1_i/ps7_0_axi_periph/xbar/inst/gen_sasd.crossbar_sasd_0/reg_slice_r/skid_buffer_reg[12]/C
                         clock pessimism              0.129    12.772    
                         clock uncertainty           -0.154    12.618    
    SLICE_X50Y89         FDRE (Setup_fdre_C_D)       -0.016    12.602    design_1_i/ps7_0_axi_periph/xbar/inst/gen_sasd.crossbar_sasd_0/reg_slice_r/skid_buffer_reg[12]
  -------------------------------------------------------------------
                         required time                         12.602    
                         arrival time                         -11.533    
  -------------------------------------------------------------------
                         slack                                  1.069    

Slack (MET) :             1.155ns  (required time - arrival time)
  Source:                 design_1_i/processing_system7_0/inst/PS7_i/MAXIGP0ACLK
                            (rising edge-triggered cell PS7 clocked by clk_fpga_0  {rise@0.000ns fall@5.000ns period=10.000ns})
  Destination:            design_1_i/axi_iic_0/U0/X_IIC/REG_INTERFACE_I/cr_i_reg[5]/D
                            (rising edge-triggered cell FDRE clocked by clk_fpga_0  {rise@0.000ns fall@5.000ns period=10.000ns})
  Path Group:             clk_fpga_0
  Path Type:              Setup (Max at Slow Process Corner)
  Requirement:            10.000ns  (clk_fpga_0 rise@10.000ns - clk_fpga_0 rise@0.000ns)
  Data Path Delay:        8.646ns  (logic 1.574ns (18.204%)  route 7.072ns (81.796%))
  Logic Levels:           1  (LUT6=1)
  Clock Path Skew:        -0.074ns (DCD - SCD + CPR)
    Destination Clock Delay (DCD):    2.828ns = ( 12.828 - 10.000 ) 
    Source Clock Delay      (SCD):    3.031ns
    Clock Pessimism Removal (CPR):    0.129ns
  Clock Uncertainty:      0.154ns  ((TSJ^2 + TIJ^2)^1/2 + DJ) / 2 + PE
    Total System Jitter     (TSJ):    0.071ns
    Total Input Jitter      (TIJ):    0.300ns
    Discrete Jitter          (DJ):    0.000ns
    Phase Error              (PE):    0.000ns

    Location             Delay type                Incr(ns)  Path(ns)    Netlist Resource(s)
  -------------------------------------------------------------------    -------------------
                         (clock clk_fpga_0 rise edge)
                                                      0.000     0.000 r  
    PS7_X0Y0             PS7                          0.000     0.000 r  design_1_i/processing_system7_0/inst/PS7_i/FCLKCLK[0]
                         net (fo=1, routed)           1.193     1.193    design_1_i/processing_system7_0/inst/FCLK_CLK_unbuffered[0]
    BUFGCTRL_X0Y16       BUFG (Prop_bufg_I_O)         0.101     1.294 r  design_1_i/processing_system7_0/inst/buffer_fclk_clk_0.FCLK_CLK_0_BUFG/O
                         net (fo=2496, routed)        1.737     3.031    design_1_i/processing_system7_0/inst/M_AXI_GP0_ACLK
    PS7_X0Y0             PS7                                          r  design_1_i/processing_system7_0/inst/PS7_i/MAXIGP0ACLK
  -------------------------------------------------------------------    -------------------
    PS7_X0Y0             PS7 (Prop_ps7_MAXIGP0ACLK_MAXIGP0WDATA[2])
                                                      1.450     4.481 r  design_1_i/processing_system7_0/inst/PS7_i/MAXIGP0WDATA[2]
                         net (fo=40, routed)          7.072    11.553    design_1_i/axi_iic_0/U0/X_IIC/IIC_CONTROL_I/s_axi_wdata[0]
    SLICE_X44Y111        LUT6 (Prop_lut6_I0_O)        0.124    11.677 r  design_1_i/axi_iic_0/U0/X_IIC/IIC_CONTROL_I/cr_i[5]_i_1/O
                         net (fo=1, routed)           0.000    11.677    design_1_i/axi_iic_0/U0/X_IIC/REG_INTERFACE_I/cr_i_reg[2]_0[0]
    SLICE_X44Y111        FDRE                                         r  design_1_i/axi_iic_0/U0/X_IIC/REG_INTERFACE_I/cr_i_reg[5]/D
  -------------------------------------------------------------------    -------------------

                         (clock clk_fpga_0 rise edge)
                                                     10.000    10.000 r  
    PS7_X0Y0             PS7                          0.000    10.000 r  design_1_i/processing_system7_0/inst/PS7_i/FCLKCLK[0]
                         net (fo=1, routed)           1.088    11.088    design_1_i/processing_system7_0/inst/FCLK_CLK_unbuffered[0]
    BUFGCTRL_X0Y16       BUFG (Prop_bufg_I_O)         0.091    11.179 r  design_1_i/processing_system7_0/inst/buffer_fclk_clk_0.FCLK_CLK_0_BUFG/O
                         net (fo=2496, routed)        1.649    12.828    design_1_i/axi_iic_0/U0/X_IIC/REG_INTERFACE_I/s_axi_aclk
    SLICE_X44Y111        FDRE                                         r  design_1_i/axi_iic_0/U0/X_IIC/REG_INTERFACE_I/cr_i_reg[5]/C
                         clock pessimism              0.129    12.957    
                         clock uncertainty           -0.154    12.803    
    SLICE_X44Y111        FDRE (Setup_fdre_C_D)        0.029    12.832    design_1_i/axi_iic_0/U0/X_IIC/REG_INTERFACE_I/cr_i_reg[5]
  -------------------------------------------------------------------
                         required time                         12.832    
                         arrival time                         -11.677    
  -------------------------------------------------------------------
                         slack                                  1.155    

Slack (MET) :             1.156ns  (required time - arrival time)
  Source:                 design_1_i/ps7_0_axi_periph/xbar/inst/gen_sasd.crossbar_sasd_0/reg_slice_r/s_ready_i_reg/C
                            (rising edge-triggered cell FDRE clocked by clk_fpga_0  {rise@0.000ns fall@5.000ns period=10.000ns})
  Destination:            design_1_i/ps7_0_axi_periph/xbar/inst/gen_sasd.crossbar_sasd_0/reg_slice_r/skid_buffer_reg[6]/D
                            (rising edge-triggered cell FDRE clocked by clk_fpga_0  {rise@0.000ns fall@5.000ns period=10.000ns})
  Path Group:             clk_fpga_0
  Path Type:              Setup (Max at Slow Process Corner)
  Requirement:            10.000ns  (clk_fpga_0 rise@10.000ns - clk_fpga_0 rise@0.000ns)
  Data Path Delay:        8.550ns  (logic 1.014ns (11.860%)  route 7.536ns (88.140%))
  Logic Levels:           4  (LUT4=1 LUT5=2 LUT6=1)
  Clock Path Skew:        -0.059ns (DCD - SCD + CPR)
    Destination Clock Delay (DCD):    2.654ns = ( 12.654 - 10.000 ) 
    Source Clock Delay      (SCD):    2.942ns
    Clock Pessimism Removal (CPR):    0.229ns
  Clock Uncertainty:      0.154ns  ((TSJ^2 + TIJ^2)^1/2 + DJ) / 2 + PE
    Total System Jitter     (TSJ):    0.071ns
    Total Input Jitter      (TIJ):    0.300ns
    Discrete Jitter          (DJ):    0.000ns
    Phase Error              (PE):    0.000ns

    Location             Delay type                Incr(ns)  Path(ns)    Netlist Resource(s)
  -------------------------------------------------------------------    -------------------
                         (clock clk_fpga_0 rise edge)
                                                      0.000     0.000 r  
    PS7_X0Y0             PS7                          0.000     0.000 r  design_1_i/processing_system7_0/inst/PS7_i/FCLKCLK[0]
                         net (fo=1, routed)           1.193     1.193    design_1_i/processing_system7_0/inst/FCLK_CLK_unbuffered[0]
    BUFGCTRL_X0Y16       BUFG (Prop_bufg_I_O)         0.101     1.294 r  design_1_i/processing_system7_0/inst/buffer_fclk_clk_0.FCLK_CLK_0_BUFG/O
                         net (fo=2496, routed)        1.648     2.942    design_1_i/ps7_0_axi_periph/xbar/inst/gen_sasd.crossbar_sasd_0/reg_slice_r/aclk
    SLICE_X36Y87         FDRE                                         r  design_1_i/ps7_0_axi_periph/xbar/inst/gen_sasd.crossbar_sasd_0/reg_slice_r/s_ready_i_reg/C
  -------------------------------------------------------------------    -------------------
    SLICE_X36Y87         FDRE (Prop_fdre_C_Q)         0.518     3.460 r  design_1_i/ps7_0_axi_periph/xbar/inst/gen_sasd.crossbar_sasd_0/reg_slice_r/s_ready_i_reg/Q
                         net (fo=56, routed)          1.248     4.708    design_1_i/ps7_0_axi_periph/xbar/inst/gen_sasd.crossbar_sasd_0/reg_slice_r/aa_rready
    SLICE_X45Y98         LUT5 (Prop_lut5_I0_O)        0.124     4.832 r  design_1_i/ps7_0_axi_periph/xbar/inst/gen_sasd.crossbar_sasd_0/reg_slice_r/m_payload_i[33]_i_7/O
                         net (fo=32, routed)          1.264     6.097    design_1_i/ps7_0_axi_periph/xbar/inst/gen_sasd.crossbar_sasd_0/reg_slice_r/m_payload_i[33]_i_7_n_0
    SLICE_X53Y87         LUT4 (Prop_lut4_I3_O)        0.124     6.221 r  design_1_i/ps7_0_axi_periph/xbar/inst/gen_sasd.crossbar_sasd_0/reg_slice_r/m_payload_i[6]_i_4/O
                         net (fo=1, routed)           0.723     6.944    design_1_i/ps7_0_axi_periph/xbar/inst/gen_sasd.crossbar_sasd_0/reg_slice_r/m_payload_i[6]_i_4_n_0
    SLICE_X53Y87         LUT5 (Prop_lut5_I4_O)        0.124     7.068 r  design_1_i/ps7_0_axi_periph/xbar/inst/gen_sasd.crossbar_sasd_0/reg_slice_r/m_payload_i[6]_i_2/O
                         net (fo=1, routed)           0.722     7.790    design_1_i/ps7_0_axi_periph/xbar/inst/gen_sasd.crossbar_sasd_0/reg_slice_r/m_payload_i[6]_i_2_n_0
    SLICE_X45Y87         LUT6 (Prop_lut6_I4_O)        0.124     7.914 r  design_1_i/ps7_0_axi_periph/xbar/inst/gen_sasd.crossbar_sasd_0/reg_slice_r/m_payload_i[6]_i_1/O
                         net (fo=2, routed)           3.578    11.492    design_1_i/ps7_0_axi_periph/xbar/inst/gen_sasd.crossbar_sasd_0/reg_slice_r/skid_buffer[6]
    SLICE_X44Y88         FDRE                                         r  design_1_i/ps7_0_axi_periph/xbar/inst/gen_sasd.crossbar_sasd_0/reg_slice_r/skid_buffer_reg[6]/D
  -------------------------------------------------------------------    -------------------

                         (clock clk_fpga_0 rise edge)
                                                     10.000    10.000 r  
    PS7_X0Y0             PS7                          0.000    10.000 r  design_1_i/processing_system7_0/inst/PS7_i/FCLKCLK[0]
                         net (fo=1, routed)           1.088    11.088    design_1_i/processing_system7_0/inst/FCLK_CLK_unbuffered[0]
    BUFGCTRL_X0Y16       BUFG (Prop_bufg_I_O)         0.091    11.179 r  design_1_i/processing_system7_0/inst/buffer_fclk_clk_0.FCLK_CLK_0_BUFG/O
                         net (fo=2496, routed)        1.475    12.654    design_1_i/ps7_0_axi_periph/xbar/inst/gen_sasd.crossbar_sasd_0/reg_slice_r/aclk
    SLICE_X44Y88         FDRE                                         r  design_1_i/ps7_0_axi_periph/xbar/inst/gen_sasd.crossbar_sasd_0/reg_slice_r/skid_buffer_reg[6]/C
                         clock pessimism              0.229    12.883    
                         clock uncertainty           -0.154    12.729    
    SLICE_X44Y88         FDRE (Setup_fdre_C_D)       -0.081    12.648    design_1_i/ps7_0_axi_periph/xbar/inst/gen_sasd.crossbar_sasd_0/reg_slice_r/skid_buffer_reg[6]
  -------------------------------------------------------------------
                         required time                         12.648    
                         arrival time                         -11.492    
  -------------------------------------------------------------------
                         slack                                  1.156    

Slack (MET) :             1.168ns  (required time - arrival time)
  Source:                 design_1_i/ps7_0_axi_periph/xbar/inst/gen_sasd.crossbar_sasd_0/reg_slice_r/s_ready_i_reg/C
                            (rising edge-triggered cell FDRE clocked by clk_fpga_0  {rise@0.000ns fall@5.000ns period=10.000ns})
  Destination:            design_1_i/ps7_0_axi_periph/xbar/inst/gen_sasd.crossbar_sasd_0/reg_slice_r/skid_buffer_reg[10]/D
                            (rising edge-triggered cell FDRE clocked by clk_fpga_0  {rise@0.000ns fall@5.000ns period=10.000ns})
  Path Group:             clk_fpga_0
  Path Type:              Setup (Max at Slow Process Corner)
  Requirement:            10.000ns  (clk_fpga_0 rise@10.000ns - clk_fpga_0 rise@0.000ns)
  Data Path Delay:        8.553ns  (logic 1.014ns (11.856%)  route 7.539ns (88.144%))
  Logic Levels:           4  (LUT4=1 LUT5=2 LUT6=1)
  Clock Path Skew:        -0.058ns (DCD - SCD + CPR)
    Destination Clock Delay (DCD):    2.655ns = ( 12.655 - 10.000 ) 
    Source Clock Delay      (SCD):    2.942ns
    Clock Pessimism Removal (CPR):    0.229ns
  Clock Uncertainty:      0.154ns  ((TSJ^2 + TIJ^2)^1/2 + DJ) / 2 + PE
    Total System Jitter     (TSJ):    0.071ns
    Total Input Jitter      (TIJ):    0.300ns
    Discrete Jitter          (DJ):    0.000ns
    Phase Error              (PE):    0.000ns

    Location             Delay type                Incr(ns)  Path(ns)    Netlist Resource(s)
  -------------------------------------------------------------------    -------------------
                         (clock clk_fpga_0 rise edge)
                                                      0.000     0.000 r  
    PS7_X0Y0             PS7                          0.000     0.000 r  design_1_i/processing_system7_0/inst/PS7_i/FCLKCLK[0]
                         net (fo=1, routed)           1.193     1.193    design_1_i/processing_system7_0/inst/FCLK_CLK_unbuffered[0]
    BUFGCTRL_X0Y16       BUFG (Prop_bufg_I_O)         0.101     1.294 r  design_1_i/processing_system7_0/inst/buffer_fclk_clk_0.FCLK_CLK_0_BUFG/O
                         net (fo=2496, routed)        1.648     2.942    design_1_i/ps7_0_axi_periph/xbar/inst/gen_sasd.crossbar_sasd_0/reg_slice_r/aclk
    SLICE_X36Y87         FDRE                                         r  design_1_i/ps7_0_axi_periph/xbar/inst/gen_sasd.crossbar_sasd_0/reg_slice_r/s_ready_i_reg/C
  -------------------------------------------------------------------    -------------------
    SLICE_X36Y87         FDRE (Prop_fdre_C_Q)         0.518     3.460 r  design_1_i/ps7_0_axi_periph/xbar/inst/gen_sasd.crossbar_sasd_0/reg_slice_r/s_ready_i_reg/Q
                         net (fo=56, routed)          1.248     4.708    design_1_i/ps7_0_axi_periph/xbar/inst/gen_sasd.crossbar_sasd_0/reg_slice_r/aa_rready
    SLICE_X45Y98         LUT5 (Prop_lut5_I0_O)        0.124     4.832 r  design_1_i/ps7_0_axi_periph/xbar/inst/gen_sasd.crossbar_sasd_0/reg_slice_r/m_payload_i[33]_i_7/O
                         net (fo=32, routed)          1.408     6.241    design_1_i/ps7_0_axi_periph/xbar/inst/gen_sasd.crossbar_sasd_0/reg_slice_r/m_payload_i[33]_i_7_n_0
    SLICE_X59Y86         LUT4 (Prop_lut4_I1_O)        0.124     6.365 r  design_1_i/ps7_0_axi_periph/xbar/inst/gen_sasd.crossbar_sasd_0/reg_slice_r/m_payload_i[10]_i_4/O
                         net (fo=1, routed)           0.794     7.159    design_1_i/ps7_0_axi_periph/xbar/inst/gen_sasd.crossbar_sasd_0/reg_slice_r/m_payload_i[10]_i_4_n_0
    SLICE_X52Y86         LUT5 (Prop_lut5_I4_O)        0.124     7.283 r  design_1_i/ps7_0_axi_periph/xbar/inst/gen_sasd.crossbar_sasd_0/reg_slice_r/m_payload_i[10]_i_3/O
                         net (fo=1, routed)           0.775     8.058    design_1_i/ps7_0_axi_periph/xbar/inst/gen_sasd.crossbar_sasd_0/reg_slice_r/m_payload_i[10]_i_3_n_0
    SLICE_X45Y88         LUT6 (Prop_lut6_I5_O)        0.124     8.182 r  design_1_i/ps7_0_axi_periph/xbar/inst/gen_sasd.crossbar_sasd_0/reg_slice_r/m_payload_i[10]_i_1/O
                         net (fo=2, routed)           3.313    11.495    design_1_i/ps7_0_axi_periph/xbar/inst/gen_sasd.crossbar_sasd_0/reg_slice_r/skid_buffer[10]
    SLICE_X43Y88         FDRE                                         r  design_1_i/ps7_0_axi_periph/xbar/inst/gen_sasd.crossbar_sasd_0/reg_slice_r/skid_buffer_reg[10]/D
  -------------------------------------------------------------------    -------------------

                         (clock clk_fpga_0 rise edge)
                                                     10.000    10.000 r  
    PS7_X0Y0             PS7                          0.000    10.000 r  design_1_i/processing_system7_0/inst/PS7_i/FCLKCLK[0]
                         net (fo=1, routed)           1.088    11.088    design_1_i/processing_system7_0/inst/FCLK_CLK_unbuffered[0]
    BUFGCTRL_X0Y16       BUFG (Prop_bufg_I_O)         0.091    11.179 r  design_1_i/processing_system7_0/inst/buffer_fclk_clk_0.FCLK_CLK_0_BUFG/O
                         net (fo=2496, routed)        1.476    12.655    design_1_i/ps7_0_axi_periph/xbar/inst/gen_sasd.crossbar_sasd_0/reg_slice_r/aclk
    SLICE_X43Y88         FDRE                                         r  design_1_i/ps7_0_axi_periph/xbar/inst/gen_sasd.crossbar_sasd_0/reg_slice_r/skid_buffer_reg[10]/C
                         clock pessimism              0.229    12.884    
                         clock uncertainty           -0.154    12.730    
    SLICE_X43Y88         FDRE (Setup_fdre_C_D)       -0.067    12.663    design_1_i/ps7_0_axi_periph/xbar/inst/gen_sasd.crossbar_sasd_0/reg_slice_r/skid_buffer_reg[10]
  -------------------------------------------------------------------
                         required time                         12.663    
                         arrival time                         -11.495    
  -------------------------------------------------------------------
                         slack                                  1.168    

Slack (MET) :             1.176ns  (required time - arrival time)
  Source:                 design_1_i/ultrasoon_0/U0/ultrasoon_slave_lite_v1_0_S00_AXI_inst/axi_araddr_reg[3]/C
                            (rising edge-triggered cell FDRE clocked by clk_fpga_0  {rise@0.000ns fall@5.000ns period=10.000ns})
  Destination:            design_1_i/ps7_0_axi_periph/xbar/inst/gen_sasd.crossbar_sasd_0/reg_slice_r/m_payload_i_reg[20]/D
                            (rising edge-triggered cell FDRE clocked by clk_fpga_0  {rise@0.000ns fall@5.000ns period=10.000ns})
  Path Group:             clk_fpga_0
  Path Type:              Setup (Max at Slow Process Corner)
  Requirement:            10.000ns  (clk_fpga_0 rise@10.000ns - clk_fpga_0 rise@0.000ns)
  Data Path Delay:        8.518ns  (logic 0.952ns (11.177%)  route 7.566ns (88.823%))
  Logic Levels:           4  (LUT4=2 LUT5=1 LUT6=1)
  Clock Path Skew:        -0.059ns (DCD - SCD + CPR)
    Destination Clock Delay (DCD):    2.655ns = ( 12.655 - 10.000 ) 
    Source Clock Delay      (SCD):    2.943ns
    Clock Pessimism Removal (CPR):    0.229ns
  Clock Uncertainty:      0.154ns  ((TSJ^2 + TIJ^2)^1/2 + DJ) / 2 + PE
    Total System Jitter     (TSJ):    0.071ns
    Total Input Jitter      (TIJ):    0.300ns
    Discrete Jitter          (DJ):    0.000ns
    Phase Error              (PE):    0.000ns

    Location             Delay type                Incr(ns)  Path(ns)    Netlist Resource(s)
  -------------------------------------------------------------------    -------------------
                         (clock clk_fpga_0 rise edge)
                                                      0.000     0.000 r  
    PS7_X0Y0             PS7                          0.000     0.000 r  design_1_i/processing_system7_0/inst/PS7_i/FCLKCLK[0]
                         net (fo=1, routed)           1.193     1.193    design_1_i/processing_system7_0/inst/FCLK_CLK_unbuffered[0]
    BUFGCTRL_X0Y16       BUFG (Prop_bufg_I_O)         0.101     1.294 r  design_1_i/processing_system7_0/inst/buffer_fclk_clk_0.FCLK_CLK_0_BUFG/O
                         net (fo=2496, routed)        1.649     2.943    design_1_i/ultrasoon_0/U0/ultrasoon_slave_lite_v1_0_S00_AXI_inst/s00_axi_aclk
    SLICE_X41Y89         FDRE                                         r  design_1_i/ultrasoon_0/U0/ultrasoon_slave_lite_v1_0_S00_AXI_inst/axi_araddr_reg[3]/C
  -------------------------------------------------------------------    -------------------
    SLICE_X41Y89         FDRE (Prop_fdre_C_Q)         0.456     3.399 r  design_1_i/ultrasoon_0/U0/ultrasoon_slave_lite_v1_0_S00_AXI_inst/axi_araddr_reg[3]/Q
                         net (fo=33, routed)          1.986     5.385    design_1_i/ultrasoon_0/U0/ultrasoon_slave_lite_v1_0_S00_AXI_inst/axi_araddr[3]
    SLICE_X56Y98         LUT6 (Prop_lut6_I4_O)        0.124     5.509 r  design_1_i/ultrasoon_0/U0/ultrasoon_slave_lite_v1_0_S00_AXI_inst/s00_axi_rdata[17]_INST_0/O
                         net (fo=1, routed)           0.796     6.305    design_1_i/ps7_0_axi_periph/xbar/inst/gen_sasd.crossbar_sasd_0/reg_slice_r/m_axi_rdata[145]
    SLICE_X54Y93         LUT4 (Prop_lut4_I0_O)        0.124     6.429 r  design_1_i/ps7_0_axi_periph/xbar/inst/gen_sasd.crossbar_sasd_0/reg_slice_r/m_payload_i[20]_i_4/O
                         net (fo=1, routed)           0.520     6.949    design_1_i/ps7_0_axi_periph/xbar/inst/gen_sasd.crossbar_sasd_0/reg_slice_r/m_payload_i[20]_i_4_n_0
    SLICE_X51Y93         LUT5 (Prop_lut5_I4_O)        0.124     7.073 r  design_1_i/ps7_0_axi_periph/xbar/inst/gen_sasd.crossbar_sasd_0/reg_slice_r/m_payload_i[20]_i_3/O
                         net (fo=1, routed)           0.632     7.705    design_1_i/ps7_0_axi_periph/xbar/inst/gen_sasd.crossbar_sasd_0/reg_slice_r/m_payload_i[20]_i_3_n_0
    SLICE_X41Y93         LUT4 (Prop_lut4_I3_O)        0.124     7.829 r  design_1_i/ps7_0_axi_periph/xbar/inst/gen_sasd.crossbar_sasd_0/reg_slice_r/m_payload_i[20]_i_1/O
                         net (fo=2, routed)           3.632    11.461    design_1_i/ps7_0_axi_periph/xbar/inst/gen_sasd.crossbar_sasd_0/reg_slice_r/skid_buffer[20]
    SLICE_X37Y88         FDRE                                         r  design_1_i/ps7_0_axi_periph/xbar/inst/gen_sasd.crossbar_sasd_0/reg_slice_r/m_payload_i_reg[20]/D
  -------------------------------------------------------------------    -------------------

                         (clock clk_fpga_0 rise edge)
                                                     10.000    10.000 r  
    PS7_X0Y0             PS7                          0.000    10.000 r  design_1_i/processing_system7_0/inst/PS7_i/FCLKCLK[0]
                         net (fo=1, routed)           1.088    11.088    design_1_i/processing_system7_0/inst/FCLK_CLK_unbuffered[0]
    BUFGCTRL_X0Y16       BUFG (Prop_bufg_I_O)         0.091    11.179 r  design_1_i/processing_system7_0/inst/buffer_fclk_clk_0.FCLK_CLK_0_BUFG/O
                         net (fo=2496, routed)        1.476    12.655    design_1_i/ps7_0_axi_periph/xbar/inst/gen_sasd.crossbar_sasd_0/reg_slice_r/aclk
    SLICE_X37Y88         FDRE                                         r  design_1_i/ps7_0_axi_periph/xbar/inst/gen_sasd.crossbar_sasd_0/reg_slice_r/m_payload_i_reg[20]/C
                         clock pessimism              0.229    12.884    
                         clock uncertainty           -0.154    12.730    
    SLICE_X37Y88         FDRE (Setup_fdre_C_D)       -0.093    12.637    design_1_i/ps7_0_axi_periph/xbar/inst/gen_sasd.crossbar_sasd_0/reg_slice_r/m_payload_i_reg[20]
  -------------------------------------------------------------------
                         required time                         12.637    
                         arrival time                         -11.461    
  -------------------------------------------------------------------
                         slack                                  1.176    

Slack (MET) :             1.188ns  (required time - arrival time)
  Source:                 design_1_i/ultrasoon_0/U0/ultrasoon_slave_lite_v1_0_S00_AXI_inst/axi_araddr_reg[3]/C
                            (rising edge-triggered cell FDRE clocked by clk_fpga_0  {rise@0.000ns fall@5.000ns period=10.000ns})
  Destination:            design_1_i/ps7_0_axi_periph/xbar/inst/gen_sasd.crossbar_sasd_0/reg_slice_r/skid_buffer_reg[20]/D
                            (rising edge-triggered cell FDRE clocked by clk_fpga_0  {rise@0.000ns fall@5.000ns period=10.000ns})
  Path Group:             clk_fpga_0
  Path Type:              Setup (Max at Slow Process Corner)
  Requirement:            10.000ns  (clk_fpga_0 rise@10.000ns - clk_fpga_0 rise@0.000ns)
  Data Path Delay:        8.588ns  (logic 0.952ns (11.085%)  route 7.636ns (88.915%))
  Logic Levels:           4  (LUT4=2 LUT5=1 LUT6=1)
  Clock Path Skew:        -0.023ns (DCD - SCD + CPR)
    Destination Clock Delay (DCD):    2.658ns = ( 12.658 - 10.000 ) 
    Source Clock Delay      (SCD):    2.943ns
    Clock Pessimism Removal (CPR):    0.262ns
  Clock Uncertainty:      0.154ns  ((TSJ^2 + TIJ^2)^1/2 + DJ) / 2 + PE
    Total System Jitter     (TSJ):    0.071ns
    Total Input Jitter      (TIJ):    0.300ns
    Discrete Jitter          (DJ):    0.000ns
    Phase Error              (PE):    0.000ns

    Location             Delay type                Incr(ns)  Path(ns)    Netlist Resource(s)
  -------------------------------------------------------------------    -------------------
                         (clock clk_fpga_0 rise edge)
                                                      0.000     0.000 r  
    PS7_X0Y0             PS7                          0.000     0.000 r  design_1_i/processing_system7_0/inst/PS7_i/FCLKCLK[0]
                         net (fo=1, routed)           1.193     1.193    design_1_i/processing_system7_0/inst/FCLK_CLK_unbuffered[0]
    BUFGCTRL_X0Y16       BUFG (Prop_bufg_I_O)         0.101     1.294 r  design_1_i/processing_system7_0/inst/buffer_fclk_clk_0.FCLK_CLK_0_BUFG/O
                         net (fo=2496, routed)        1.649     2.943    design_1_i/ultrasoon_0/U0/ultrasoon_slave_lite_v1_0_S00_AXI_inst/s00_axi_aclk
    SLICE_X41Y89         FDRE                                         r  design_1_i/ultrasoon_0/U0/ultrasoon_slave_lite_v1_0_S00_AXI_inst/axi_araddr_reg[3]/C
  -------------------------------------------------------------------    -------------------
    SLICE_X41Y89         FDRE (Prop_fdre_C_Q)         0.456     3.399 r  design_1_i/ultrasoon_0/U0/ultrasoon_slave_lite_v1_0_S00_AXI_inst/axi_araddr_reg[3]/Q
                         net (fo=33, routed)          1.986     5.385    design_1_i/ultrasoon_0/U0/ultrasoon_slave_lite_v1_0_S00_AXI_inst/axi_araddr[3]
    SLICE_X56Y98         LUT6 (Prop_lut6_I4_O)        0.124     5.509 r  design_1_i/ultrasoon_0/U0/ultrasoon_slave_lite_v1_0_S00_AXI_inst/s00_axi_rdata[17]_INST_0/O
                         net (fo=1, routed)           0.796     6.305    design_1_i/ps7_0_axi_periph/xbar/inst/gen_sasd.crossbar_sasd_0/reg_slice_r/m_axi_rdata[145]
    SLICE_X54Y93         LUT4 (Prop_lut4_I0_O)        0.124     6.429 r  design_1_i/ps7_0_axi_periph/xbar/inst/gen_sasd.crossbar_sasd_0/reg_slice_r/m_payload_i[20]_i_4/O
                         net (fo=1, routed)           0.520     6.949    design_1_i/ps7_0_axi_periph/xbar/inst/gen_sasd.crossbar_sasd_0/reg_slice_r/m_payload_i[20]_i_4_n_0
    SLICE_X51Y93         LUT5 (Prop_lut5_I4_O)        0.124     7.073 r  design_1_i/ps7_0_axi_periph/xbar/inst/gen_sasd.crossbar_sasd_0/reg_slice_r/m_payload_i[20]_i_3/O
                         net (fo=1, routed)           0.632     7.705    design_1_i/ps7_0_axi_periph/xbar/inst/gen_sasd.crossbar_sasd_0/reg_slice_r/m_payload_i[20]_i_3_n_0
    SLICE_X41Y93         LUT4 (Prop_lut4_I3_O)        0.124     7.829 r  design_1_i/ps7_0_axi_periph/xbar/inst/gen_sasd.crossbar_sasd_0/reg_slice_r/m_payload_i[20]_i_1/O
                         net (fo=2, routed)           3.702    11.531    design_1_i/ps7_0_axi_periph/xbar/inst/gen_sasd.crossbar_sasd_0/reg_slice_r/skid_buffer[20]
    SLICE_X41Y93         FDRE                                         r  design_1_i/ps7_0_axi_periph/xbar/inst/gen_sasd.crossbar_sasd_0/reg_slice_r/skid_buffer_reg[20]/D
  -------------------------------------------------------------------    -------------------

                         (clock clk_fpga_0 rise edge)
                                                     10.000    10.000 r  
    PS7_X0Y0             PS7                          0.000    10.000 r  design_1_i/processing_system7_0/inst/PS7_i/FCLKCLK[0]
                         net (fo=1, routed)           1.088    11.088    design_1_i/processing_system7_0/inst/FCLK_CLK_unbuffered[0]
    BUFGCTRL_X0Y16       BUFG (Prop_bufg_I_O)         0.091    11.179 r  design_1_i/processing_system7_0/inst/buffer_fclk_clk_0.FCLK_CLK_0_BUFG/O
                         net (fo=2496, routed)        1.479    12.658    design_1_i/ps7_0_axi_periph/xbar/inst/gen_sasd.crossbar_sasd_0/reg_slice_r/aclk
    SLICE_X41Y93         FDRE                                         r  design_1_i/ps7_0_axi_periph/xbar/inst/gen_sasd.crossbar_sasd_0/reg_slice_r/skid_buffer_reg[20]/C
                         clock pessimism              0.262    12.920    
                         clock uncertainty           -0.154    12.766    
    SLICE_X41Y93         FDRE (Setup_fdre_C_D)       -0.047    12.719    design_1_i/ps7_0_axi_periph/xbar/inst/gen_sasd.crossbar_sasd_0/reg_slice_r/skid_buffer_reg[20]
  -------------------------------------------------------------------
                         required time                         12.719    
                         arrival time                         -11.531    
  -------------------------------------------------------------------
                         slack                                  1.188    





Min Delay Paths
--------------------------------------------------------------------------------------
Slack (MET) :             0.055ns  (arrival time - required time)
  Source:                 design_1_i/ps7_0_axi_periph/s00_couplers/auto_pc/inst/gen_axilite.gen_b2s_conv.axilite_b2s/RD.r_channel_0/r_arid_r_reg[2]/C
                            (rising edge-triggered cell FDRE clocked by clk_fpga_0  {rise@0.000ns fall@5.000ns period=10.000ns})
  Destination:            design_1_i/ps7_0_axi_periph/s00_couplers/auto_pc/inst/gen_axilite.gen_b2s_conv.axilite_b2s/RD.r_channel_0/transaction_fifo_0/memory_reg[31][3]_srl32/D
                            (rising edge-triggered cell SRLC32E clocked by clk_fpga_0  {rise@0.000ns fall@5.000ns period=10.000ns})
  Path Group:             clk_fpga_0
  Path Type:              Hold (Min at Fast Process Corner)
  Requirement:            0.000ns  (clk_fpga_0 rise@0.000ns - clk_fpga_0 rise@0.000ns)
  Data Path Delay:        0.251ns  (logic 0.141ns (56.174%)  route 0.110ns (43.826%))
  Logic Levels:           0  
  Clock Path Skew:        0.013ns (DCD - SCD - CPR)
    Destination Clock Delay (DCD):    1.206ns
    Source Clock Delay      (SCD):    0.909ns
    Clock Pessimism Removal (CPR):    0.284ns

    Location             Delay type                Incr(ns)  Path(ns)    Netlist Resource(s)
  -------------------------------------------------------------------    -------------------
                         (clock clk_fpga_0 rise edge)
                                                      0.000     0.000 r  
    PS7_X0Y0             PS7                          0.000     0.000 r  design_1_i/processing_system7_0/inst/PS7_i/FCLKCLK[0]
                         net (fo=1, routed)           0.310     0.310    design_1_i/processing_system7_0/inst/FCLK_CLK_unbuffered[0]
    BUFGCTRL_X0Y16       BUFG (Prop_bufg_I_O)         0.026     0.336 r  design_1_i/processing_system7_0/inst/buffer_fclk_clk_0.FCLK_CLK_0_BUFG/O
                         net (fo=2496, routed)        0.573     0.909    design_1_i/ps7_0_axi_periph/s00_couplers/auto_pc/inst/gen_axilite.gen_b2s_conv.axilite_b2s/RD.r_channel_0/aclk
    SLICE_X31Y87         FDRE                                         r  design_1_i/ps7_0_axi_periph/s00_couplers/auto_pc/inst/gen_axilite.gen_b2s_conv.axilite_b2s/RD.r_channel_0/r_arid_r_reg[2]/C
  -------------------------------------------------------------------    -------------------
    SLICE_X31Y87         FDRE (Prop_fdre_C_Q)         0.141     1.050 r  design_1_i/ps7_0_axi_periph/s00_couplers/auto_pc/inst/gen_axilite.gen_b2s_conv.axilite_b2s/RD.r_channel_0/r_arid_r_reg[2]/Q
                         net (fo=1, routed)           0.110     1.160    design_1_i/ps7_0_axi_periph/s00_couplers/auto_pc/inst/gen_axilite.gen_b2s_conv.axilite_b2s/RD.r_channel_0/transaction_fifo_0/in[3]
    SLICE_X30Y87         SRLC32E                                      r  design_1_i/ps7_0_axi_periph/s00_couplers/auto_pc/inst/gen_axilite.gen_b2s_conv.axilite_b2s/RD.r_channel_0/transaction_fifo_0/memory_reg[31][3]_srl32/D
  -------------------------------------------------------------------    -------------------

                         (clock clk_fpga_0 rise edge)
                                                      0.000     0.000 r  
    PS7_X0Y0             PS7                          0.000     0.000 r  design_1_i/processing_system7_0/inst/PS7_i/FCLKCLK[0]
                         net (fo=1, routed)           0.337     0.337    design_1_i/processing_system7_0/inst/FCLK_CLK_unbuffered[0]
    BUFGCTRL_X0Y16       BUFG (Prop_bufg_I_O)         0.029     0.366 r  design_1_i/processing_system7_0/inst/buffer_fclk_clk_0.FCLK_CLK_0_BUFG/O
                         net (fo=2496, routed)        0.840     1.206    design_1_i/ps7_0_axi_periph/s00_couplers/auto_pc/inst/gen_axilite.gen_b2s_conv.axilite_b2s/RD.r_channel_0/transaction_fifo_0/aclk
    SLICE_X30Y87         SRLC32E                                      r  design_1_i/ps7_0_axi_periph/s00_couplers/auto_pc/inst/gen_axilite.gen_b2s_conv.axilite_b2s/RD.r_channel_0/transaction_fifo_0/memory_reg[31][3]_srl32/CLK
                         clock pessimism             -0.284     0.922    
    SLICE_X30Y87         SRLC32E (Hold_srlc32e_CLK_D)
                                                      0.183     1.105    design_1_i/ps7_0_axi_periph/s00_couplers/auto_pc/inst/gen_axilite.gen_b2s_conv.axilite_b2s/RD.r_channel_0/transaction_fifo_0/memory_reg[31][3]_srl32
  -------------------------------------------------------------------
                         required time                         -1.105    
                         arrival time                           1.160    
  -------------------------------------------------------------------
                         slack                                  0.055    

Slack (MET) :             0.067ns  (arrival time - required time)
  Source:                 design_1_i/ps7_0_axi_periph/s00_couplers/auto_pc/inst/gen_axilite.gen_b2s_conv.axilite_b2s/WR.aw_channel_0/s_awid_r_reg[4]/C
                            (rising edge-triggered cell FDRE clocked by clk_fpga_0  {rise@0.000ns fall@5.000ns period=10.000ns})
  Destination:            design_1_i/ps7_0_axi_periph/s00_couplers/auto_pc/inst/gen_axilite.gen_b2s_conv.axilite_b2s/WR.b_channel_0/bid_fifo_0/memory_reg[3][12]_srl4/D
                            (rising edge-triggered cell SRL16E clocked by clk_fpga_0  {rise@0.000ns fall@5.000ns period=10.000ns})
  Path Group:             clk_fpga_0
  Path Type:              Hold (Min at Fast Process Corner)
  Requirement:            0.000ns  (clk_fpga_0 rise@0.000ns - clk_fpga_0 rise@0.000ns)
  Data Path Delay:        0.197ns  (logic 0.141ns (71.611%)  route 0.056ns (28.389%))
  Logic Levels:           0  
  Clock Path Skew:        0.013ns (DCD - SCD - CPR)
    Destination Clock Delay (DCD):    1.296ns
    Source Clock Delay      (SCD):    0.992ns
    Clock Pessimism Removal (CPR):    0.291ns

    Location             Delay type                Incr(ns)  Path(ns)    Netlist Resource(s)
  -------------------------------------------------------------------    -------------------
                         (clock clk_fpga_0 rise edge)
                                                      0.000     0.000 r  
    PS7_X0Y0             PS7                          0.000     0.000 r  design_1_i/processing_system7_0/inst/PS7_i/FCLKCLK[0]
                         net (fo=1, routed)           0.310     0.310    design_1_i/processing_system7_0/inst/FCLK_CLK_unbuffered[0]
    BUFGCTRL_X0Y16       BUFG (Prop_bufg_I_O)         0.026     0.336 r  design_1_i/processing_system7_0/inst/buffer_fclk_clk_0.FCLK_CLK_0_BUFG/O
                         net (fo=2496, routed)        0.656     0.992    design_1_i/ps7_0_axi_periph/s00_couplers/auto_pc/inst/gen_axilite.gen_b2s_conv.axilite_b2s/WR.aw_channel_0/aclk
    SLICE_X27Y100        FDRE                                         r  design_1_i/ps7_0_axi_periph/s00_couplers/auto_pc/inst/gen_axilite.gen_b2s_conv.axilite_b2s/WR.aw_channel_0/s_awid_r_reg[4]/C
  -------------------------------------------------------------------    -------------------
    SLICE_X27Y100        FDRE (Prop_fdre_C_Q)         0.141     1.133 r  design_1_i/ps7_0_axi_periph/s00_couplers/auto_pc/inst/gen_axilite.gen_b2s_conv.axilite_b2s/WR.aw_channel_0/s_awid_r_reg[4]/Q
                         net (fo=1, routed)           0.056     1.189    design_1_i/ps7_0_axi_periph/s00_couplers/auto_pc/inst/gen_axilite.gen_b2s_conv.axilite_b2s/WR.b_channel_0/bid_fifo_0/in[8]
    SLICE_X26Y100        SRL16E                                       r  design_1_i/ps7_0_axi_periph/s00_couplers/auto_pc/inst/gen_axilite.gen_b2s_conv.axilite_b2s/WR.b_channel_0/bid_fifo_0/memory_reg[3][12]_srl4/D
  -------------------------------------------------------------------    -------------------

                         (clock clk_fpga_0 rise edge)
                                                      0.000     0.000 r  
    PS7_X0Y0             PS7                          0.000     0.000 r  design_1_i/processing_system7_0/inst/PS7_i/FCLKCLK[0]
                         net (fo=1, routed)           0.337     0.337    design_1_i/processing_system7_0/inst/FCLK_CLK_unbuffered[0]
    BUFGCTRL_X0Y16       BUFG (Prop_bufg_I_O)         0.029     0.366 r  design_1_i/processing_system7_0/inst/buffer_fclk_clk_0.FCLK_CLK_0_BUFG/O
                         net (fo=2496, routed)        0.930     1.296    design_1_i/ps7_0_axi_periph/s00_couplers/auto_pc/inst/gen_axilite.gen_b2s_conv.axilite_b2s/WR.b_channel_0/bid_fifo_0/aclk
    SLICE_X26Y100        SRL16E                                       r  design_1_i/ps7_0_axi_periph/s00_couplers/auto_pc/inst/gen_axilite.gen_b2s_conv.axilite_b2s/WR.b_channel_0/bid_fifo_0/memory_reg[3][12]_srl4/CLK
                         clock pessimism             -0.291     1.005    
    SLICE_X26Y100        SRL16E (Hold_srl16e_CLK_D)
                                                      0.117     1.122    design_1_i/ps7_0_axi_periph/s00_couplers/auto_pc/inst/gen_axilite.gen_b2s_conv.axilite_b2s/WR.b_channel_0/bid_fifo_0/memory_reg[3][12]_srl4
  -------------------------------------------------------------------
                         required time                         -1.122    
                         arrival time                           1.189    
  -------------------------------------------------------------------
                         slack                                  0.067    

Slack (MET) :             0.077ns  (arrival time - required time)
  Source:                 design_1_i/ps7_0_axi_periph/s00_couplers/auto_pc/inst/gen_axilite.gen_b2s_conv.axilite_b2s/SI_REG/aw.aw_pipe/skid_buffer_reg[24]/C
                            (rising edge-triggered cell FDRE clocked by clk_fpga_0  {rise@0.000ns fall@5.000ns period=10.000ns})
  Destination:            design_1_i/ps7_0_axi_periph/s00_couplers/auto_pc/inst/gen_axilite.gen_b2s_conv.axilite_b2s/SI_REG/aw.aw_pipe/m_payload_i_reg[24]/D
                            (rising edge-triggered cell FDRE clocked by clk_fpga_0  {rise@0.000ns fall@5.000ns period=10.000ns})
  Path Group:             clk_fpga_0
  Path Type:              Hold (Min at Fast Process Corner)
  Requirement:            0.000ns  (clk_fpga_0 rise@0.000ns - clk_fpga_0 rise@0.000ns)
  Data Path Delay:        0.389ns  (logic 0.187ns (48.117%)  route 0.202ns (51.883%))
  Logic Levels:           1  (LUT3=1)
  Clock Path Skew:        0.181ns (DCD - SCD - CPR)
    Destination Clock Delay (DCD):    1.211ns
    Source Clock Delay      (SCD):    0.995ns
    Clock Pessimism Removal (CPR):    0.035ns

    Location             Delay type                Incr(ns)  Path(ns)    Netlist Resource(s)
  -------------------------------------------------------------------    -------------------
                         (clock clk_fpga_0 rise edge)
                                                      0.000     0.000 r  
    PS7_X0Y0             PS7                          0.000     0.000 r  design_1_i/processing_system7_0/inst/PS7_i/FCLKCLK[0]
                         net (fo=1, routed)           0.310     0.310    design_1_i/processing_system7_0/inst/FCLK_CLK_unbuffered[0]
    BUFGCTRL_X0Y16       BUFG (Prop_bufg_I_O)         0.026     0.336 r  design_1_i/processing_system7_0/inst/buffer_fclk_clk_0.FCLK_CLK_0_BUFG/O
                         net (fo=2496, routed)        0.659     0.995    design_1_i/ps7_0_axi_periph/s00_couplers/auto_pc/inst/gen_axilite.gen_b2s_conv.axilite_b2s/SI_REG/aw.aw_pipe/aclk
    SLICE_X31Y100        FDRE                                         r  design_1_i/ps7_0_axi_periph/s00_couplers/auto_pc/inst/gen_axilite.gen_b2s_conv.axilite_b2s/SI_REG/aw.aw_pipe/skid_buffer_reg[24]/C
  -------------------------------------------------------------------    -------------------
    SLICE_X31Y100        FDRE (Prop_fdre_C_Q)         0.141     1.136 r  design_1_i/ps7_0_axi_periph/s00_couplers/auto_pc/inst/gen_axilite.gen_b2s_conv.axilite_b2s/SI_REG/aw.aw_pipe/skid_buffer_reg[24]/Q
                         net (fo=1, routed)           0.202     1.338    design_1_i/ps7_0_axi_periph/s00_couplers/auto_pc/inst/gen_axilite.gen_b2s_conv.axilite_b2s/SI_REG/aw.aw_pipe/skid_buffer_reg_n_0_[24]
    SLICE_X30Y98         LUT3 (Prop_lut3_I2_O)        0.046     1.384 r  design_1_i/ps7_0_axi_periph/s00_couplers/auto_pc/inst/gen_axilite.gen_b2s_conv.axilite_b2s/SI_REG/aw.aw_pipe/m_payload_i[24]_i_1/O
                         net (fo=1, routed)           0.000     1.384    design_1_i/ps7_0_axi_periph/s00_couplers/auto_pc/inst/gen_axilite.gen_b2s_conv.axilite_b2s/SI_REG/aw.aw_pipe/skid_buffer[24]
    SLICE_X30Y98         FDRE                                         r  design_1_i/ps7_0_axi_periph/s00_couplers/auto_pc/inst/gen_axilite.gen_b2s_conv.axilite_b2s/SI_REG/aw.aw_pipe/m_payload_i_reg[24]/D
  -------------------------------------------------------------------    -------------------

                         (clock clk_fpga_0 rise edge)
                                                      0.000     0.000 r  
    PS7_X0Y0             PS7                          0.000     0.000 r  design_1_i/processing_system7_0/inst/PS7_i/FCLKCLK[0]
                         net (fo=1, routed)           0.337     0.337    design_1_i/processing_system7_0/inst/FCLK_CLK_unbuffered[0]
    BUFGCTRL_X0Y16       BUFG (Prop_bufg_I_O)         0.029     0.366 r  design_1_i/processing_system7_0/inst/buffer_fclk_clk_0.FCLK_CLK_0_BUFG/O
                         net (fo=2496, routed)        0.845     1.211    design_1_i/ps7_0_axi_periph/s00_couplers/auto_pc/inst/gen_axilite.gen_b2s_conv.axilite_b2s/SI_REG/aw.aw_pipe/aclk
    SLICE_X30Y98         FDRE                                         r  design_1_i/ps7_0_axi_periph/s00_couplers/auto_pc/inst/gen_axilite.gen_b2s_conv.axilite_b2s/SI_REG/aw.aw_pipe/m_payload_i_reg[24]/C
                         clock pessimism             -0.035     1.176    
    SLICE_X30Y98         FDRE (Hold_fdre_C_D)         0.131     1.307    design_1_i/ps7_0_axi_periph/s00_couplers/auto_pc/inst/gen_axilite.gen_b2s_conv.axilite_b2s/SI_REG/aw.aw_pipe/m_payload_i_reg[24]
  -------------------------------------------------------------------
                         required time                         -1.307    
                         arrival time                           1.384    
  -------------------------------------------------------------------
                         slack                                  0.077    

Slack (MET) :             0.078ns  (arrival time - required time)
  Source:                 design_1_i/axi_timer_1/U0/TC_CORE_I/GEN_SECOND_TIMER.COUNTER_1_I/LOAD_REG_GEN[11].LOAD_REG_I/C
                            (rising edge-triggered cell FDRE clocked by clk_fpga_0  {rise@0.000ns fall@5.000ns period=10.000ns})
  Destination:            design_1_i/axi_timer_1/U0/TC_CORE_I/GEN_SECOND_TIMER.COUNTER_1_I/COUNTER_I/INFERRED_GEN.icount_out_reg[20]/D
                            (rising edge-triggered cell FDRE clocked by clk_fpga_0  {rise@0.000ns fall@5.000ns period=10.000ns})
  Path Group:             clk_fpga_0
  Path Type:              Hold (Min at Fast Process Corner)
  Requirement:            0.000ns  (clk_fpga_0 rise@0.000ns - clk_fpga_0 rise@0.000ns)
  Data Path Delay:        0.452ns  (logic 0.208ns (46.002%)  route 0.244ns (53.998%))
  Logic Levels:           1  (LUT3=1)
  Clock Path Skew:        0.267ns (DCD - SCD - CPR)
    Destination Clock Delay (DCD):    1.189ns
    Source Clock Delay      (SCD):    0.887ns
    Clock Pessimism Removal (CPR):    0.035ns

    Location             Delay type                Incr(ns)  Path(ns)    Netlist Resource(s)
  -------------------------------------------------------------------    -------------------
                         (clock clk_fpga_0 rise edge)
                                                      0.000     0.000 r  
    PS7_X0Y0             PS7                          0.000     0.000 r  design_1_i/processing_system7_0/inst/PS7_i/FCLKCLK[0]
                         net (fo=1, routed)           0.310     0.310    design_1_i/processing_system7_0/inst/FCLK_CLK_unbuffered[0]
    BUFGCTRL_X0Y16       BUFG (Prop_bufg_I_O)         0.026     0.336 r  design_1_i/processing_system7_0/inst/buffer_fclk_clk_0.FCLK_CLK_0_BUFG/O
                         net (fo=2496, routed)        0.551     0.887    design_1_i/axi_timer_1/U0/TC_CORE_I/GEN_SECOND_TIMER.COUNTER_1_I/s_axi_aclk
    SLICE_X50Y91         FDRE                                         r  design_1_i/axi_timer_1/U0/TC_CORE_I/GEN_SECOND_TIMER.COUNTER_1_I/LOAD_REG_GEN[11].LOAD_REG_I/C
  -------------------------------------------------------------------    -------------------
    SLICE_X50Y91         FDRE (Prop_fdre_C_Q)         0.164     1.051 r  design_1_i/axi_timer_1/U0/TC_CORE_I/GEN_SECOND_TIMER.COUNTER_1_I/LOAD_REG_GEN[11].LOAD_REG_I/Q
                         net (fo=2, routed)           0.244     1.295    design_1_i/axi_timer_1/U0/TC_CORE_I/GEN_SECOND_TIMER.COUNTER_1_I/COUNTER_I/loadReg_DBus_0[20]
    SLICE_X49Y91         LUT3 (Prop_lut3_I2_O)        0.044     1.339 r  design_1_i/axi_timer_1/U0/TC_CORE_I/GEN_SECOND_TIMER.COUNTER_1_I/COUNTER_I/INFERRED_GEN.icount_out[20]_i_1__0/O
                         net (fo=1, routed)           0.000     1.339    design_1_i/axi_timer_1/U0/TC_CORE_I/GEN_SECOND_TIMER.COUNTER_1_I/COUNTER_I/INFERRED_GEN.icount_out[20]_i_1__0_n_0
    SLICE_X49Y91         FDRE                                         r  design_1_i/axi_timer_1/U0/TC_CORE_I/GEN_SECOND_TIMER.COUNTER_1_I/COUNTER_I/INFERRED_GEN.icount_out_reg[20]/D
  -------------------------------------------------------------------    -------------------

                         (clock clk_fpga_0 rise edge)
                                                      0.000     0.000 r  
    PS7_X0Y0             PS7                          0.000     0.000 r  design_1_i/processing_system7_0/inst/PS7_i/FCLKCLK[0]
                         net (fo=1, routed)           0.337     0.337    design_1_i/processing_system7_0/inst/FCLK_CLK_unbuffered[0]
    BUFGCTRL_X0Y16       BUFG (Prop_bufg_I_O)         0.029     0.366 r  design_1_i/processing_system7_0/inst/buffer_fclk_clk_0.FCLK_CLK_0_BUFG/O
                         net (fo=2496, routed)        0.823     1.189    design_1_i/axi_timer_1/U0/TC_CORE_I/GEN_SECOND_TIMER.COUNTER_1_I/COUNTER_I/s_axi_aclk
    SLICE_X49Y91         FDRE                                         r  design_1_i/axi_timer_1/U0/TC_CORE_I/GEN_SECOND_TIMER.COUNTER_1_I/COUNTER_I/INFERRED_GEN.icount_out_reg[20]/C
                         clock pessimism             -0.035     1.154    
    SLICE_X49Y91         FDRE (Hold_fdre_C_D)         0.107     1.261    design_1_i/axi_timer_1/U0/TC_CORE_I/GEN_SECOND_TIMER.COUNTER_1_I/COUNTER_I/INFERRED_GEN.icount_out_reg[20]
  -------------------------------------------------------------------
                         required time                         -1.261    
                         arrival time                           1.339    
  -------------------------------------------------------------------
                         slack                                  0.078    

Slack (MET) :             0.080ns  (arrival time - required time)
  Source:                 design_1_i/axi_timer_1/U0/TC_CORE_I/TIMER_CONTROL_I/TCSR0_GENERATE[25].TCSR0_FF_I/C
                            (rising edge-triggered cell FDRE clocked by clk_fpga_0  {rise@0.000ns fall@5.000ns period=10.000ns})
  Destination:            design_1_i/axi_timer_1/U0/TC_CORE_I/TIMER_CONTROL_I/Interrupt_reg/D
                            (rising edge-triggered cell FDRE clocked by clk_fpga_0  {rise@0.000ns fall@5.000ns period=10.000ns})
  Path Group:             clk_fpga_0
  Path Type:              Hold (Min at Fast Process Corner)
  Requirement:            0.000ns  (clk_fpga_0 rise@0.000ns - clk_fpga_0 rise@0.000ns)
  Data Path Delay:        0.435ns  (logic 0.186ns (42.774%)  route 0.249ns (57.226%))
  Logic Levels:           1  (LUT4=1)
  Clock Path Skew:        0.264ns (DCD - SCD - CPR)
    Destination Clock Delay (DCD):    1.185ns
    Source Clock Delay      (SCD):    0.886ns
    Clock Pessimism Removal (CPR):    0.035ns

    Location             Delay type                Incr(ns)  Path(ns)    Netlist Resource(s)
  -------------------------------------------------------------------    -------------------
                         (clock clk_fpga_0 rise edge)
                                                      0.000     0.000 r  
    PS7_X0Y0             PS7                          0.000     0.000 r  design_1_i/processing_system7_0/inst/PS7_i/FCLKCLK[0]
                         net (fo=1, routed)           0.310     0.310    design_1_i/processing_system7_0/inst/FCLK_CLK_unbuffered[0]
    BUFGCTRL_X0Y16       BUFG (Prop_bufg_I_O)         0.026     0.336 r  design_1_i/processing_system7_0/inst/buffer_fclk_clk_0.FCLK_CLK_0_BUFG/O
                         net (fo=2496, routed)        0.550     0.886    design_1_i/axi_timer_1/U0/TC_CORE_I/TIMER_CONTROL_I/s_axi_aclk
    SLICE_X51Y88         FDRE                                         r  design_1_i/axi_timer_1/U0/TC_CORE_I/TIMER_CONTROL_I/TCSR0_GENERATE[25].TCSR0_FF_I/C
  -------------------------------------------------------------------    -------------------
    SLICE_X51Y88         FDRE (Prop_fdre_C_Q)         0.141     1.027 r  design_1_i/axi_timer_1/U0/TC_CORE_I/TIMER_CONTROL_I/TCSR0_GENERATE[25].TCSR0_FF_I/Q
                         net (fo=2, routed)           0.249     1.275    design_1_i/axi_timer_1/U0/TC_CORE_I/TIMER_CONTROL_I/tCSR0_Reg[25]
    SLICE_X49Y86         LUT4 (Prop_lut4_I1_O)        0.045     1.320 r  design_1_i/axi_timer_1/U0/TC_CORE_I/TIMER_CONTROL_I/Interrupt_i_1/O
                         net (fo=1, routed)           0.000     1.320    design_1_i/axi_timer_1/U0/TC_CORE_I/TIMER_CONTROL_I/Interrupt0
    SLICE_X49Y86         FDRE                                         r  design_1_i/axi_timer_1/U0/TC_CORE_I/TIMER_CONTROL_I/Interrupt_reg/D
  -------------------------------------------------------------------    -------------------

                         (clock clk_fpga_0 rise edge)
                                                      0.000     0.000 r  
    PS7_X0Y0             PS7                          0.000     0.000 r  design_1_i/processing_system7_0/inst/PS7_i/FCLKCLK[0]
                         net (fo=1, routed)           0.337     0.337    design_1_i/processing_system7_0/inst/FCLK_CLK_unbuffered[0]
    BUFGCTRL_X0Y16       BUFG (Prop_bufg_I_O)         0.029     0.366 r  design_1_i/processing_system7_0/inst/buffer_fclk_clk_0.FCLK_CLK_0_BUFG/O
                         net (fo=2496, routed)        0.819     1.185    design_1_i/axi_timer_1/U0/TC_CORE_I/TIMER_CONTROL_I/s_axi_aclk
    SLICE_X49Y86         FDRE                                         r  design_1_i/axi_timer_1/U0/TC_CORE_I/TIMER_CONTROL_I/Interrupt_reg/C
                         clock pessimism             -0.035     1.150    
    SLICE_X49Y86         FDRE (Hold_fdre_C_D)         0.091     1.241    design_1_i/axi_timer_1/U0/TC_CORE_I/TIMER_CONTROL_I/Interrupt_reg
  -------------------------------------------------------------------
                         required time                         -1.241    
                         arrival time                           1.320    
  -------------------------------------------------------------------
                         slack                                  0.080    

Slack (MET) :             0.085ns  (arrival time - required time)
  Source:                 design_1_i/ps7_0_axi_periph/xbar/inst/gen_sasd.crossbar_sasd_0/addr_arbiter_inst/gen_no_arbiter.m_amesg_i_reg[5]/C
                            (rising edge-triggered cell FDRE clocked by clk_fpga_0  {rise@0.000ns fall@5.000ns period=10.000ns})
  Destination:            design_1_i/axi_iic_0/U0/X_IIC/X_AXI_IPIF_SSP1/AXI_LITE_IPIF_I/I_SLAVE_ATTACHMENT/bus2ip_addr_i_reg[4]/D
                            (rising edge-triggered cell FDRE clocked by clk_fpga_0  {rise@0.000ns fall@5.000ns period=10.000ns})
  Path Group:             clk_fpga_0
  Path Type:              Hold (Min at Fast Process Corner)
  Requirement:            0.000ns  (clk_fpga_0 rise@0.000ns - clk_fpga_0 rise@0.000ns)
  Data Path Delay:        0.510ns  (logic 0.141ns (27.644%)  route 0.369ns (72.356%))
  Logic Levels:           0  
  Clock Path Skew:        0.349ns (DCD - SCD - CPR)
    Destination Clock Delay (DCD):    1.277ns
    Source Clock Delay      (SCD):    0.893ns
    Clock Pessimism Removal (CPR):    0.035ns

    Location             Delay type                Incr(ns)  Path(ns)    Netlist Resource(s)
  -------------------------------------------------------------------    -------------------
                         (clock clk_fpga_0 rise edge)
                                                      0.000     0.000 r  
    PS7_X0Y0             PS7                          0.000     0.000 r  design_1_i/processing_system7_0/inst/PS7_i/FCLKCLK[0]
                         net (fo=1, routed)           0.310     0.310    design_1_i/processing_system7_0/inst/FCLK_CLK_unbuffered[0]
    BUFGCTRL_X0Y16       BUFG (Prop_bufg_I_O)         0.026     0.336 r  design_1_i/processing_system7_0/inst/buffer_fclk_clk_0.FCLK_CLK_0_BUFG/O
                         net (fo=2496, routed)        0.557     0.893    design_1_i/ps7_0_axi_periph/xbar/inst/gen_sasd.crossbar_sasd_0/addr_arbiter_inst/aclk
    SLICE_X33Y92         FDRE                                         r  design_1_i/ps7_0_axi_periph/xbar/inst/gen_sasd.crossbar_sasd_0/addr_arbiter_inst/gen_no_arbiter.m_amesg_i_reg[5]/C
  -------------------------------------------------------------------    -------------------
    SLICE_X33Y92         FDRE (Prop_fdre_C_Q)         0.141     1.034 r  design_1_i/ps7_0_axi_periph/xbar/inst/gen_sasd.crossbar_sasd_0/addr_arbiter_inst/gen_no_arbiter.m_amesg_i_reg[5]/Q
                         net (fo=3, routed)           0.369     1.403    design_1_i/axi_iic_0/U0/X_IIC/X_AXI_IPIF_SSP1/AXI_LITE_IPIF_I/I_SLAVE_ATTACHMENT/s_axi_araddr[4]
    SLICE_X38Y102        FDRE                                         r  design_1_i/axi_iic_0/U0/X_IIC/X_AXI_IPIF_SSP1/AXI_LITE_IPIF_I/I_SLAVE_ATTACHMENT/bus2ip_addr_i_reg[4]/D
  -------------------------------------------------------------------    -------------------

                         (clock clk_fpga_0 rise edge)
                                                      0.000     0.000 r  
    PS7_X0Y0             PS7                          0.000     0.000 r  design_1_i/processing_system7_0/inst/PS7_i/FCLKCLK[0]
                         net (fo=1, routed)           0.337     0.337    design_1_i/processing_system7_0/inst/FCLK_CLK_unbuffered[0]
    BUFGCTRL_X0Y16       BUFG (Prop_bufg_I_O)         0.029     0.366 r  design_1_i/processing_system7_0/inst/buffer_fclk_clk_0.FCLK_CLK_0_BUFG/O
                         net (fo=2496, routed)        0.911     1.277    design_1_i/axi_iic_0/U0/X_IIC/X_AXI_IPIF_SSP1/AXI_LITE_IPIF_I/I_SLAVE_ATTACHMENT/s_axi_aclk
    SLICE_X38Y102        FDRE                                         r  design_1_i/axi_iic_0/U0/X_IIC/X_AXI_IPIF_SSP1/AXI_LITE_IPIF_I/I_SLAVE_ATTACHMENT/bus2ip_addr_i_reg[4]/C
                         clock pessimism             -0.035     1.242    
    SLICE_X38Y102        FDRE (Hold_fdre_C_D)         0.076     1.318    design_1_i/axi_iic_0/U0/X_IIC/X_AXI_IPIF_SSP1/AXI_LITE_IPIF_I/I_SLAVE_ATTACHMENT/bus2ip_addr_i_reg[4]
  -------------------------------------------------------------------
                         required time                         -1.318    
                         arrival time                           1.403    
  -------------------------------------------------------------------
                         slack                                  0.085    

Slack (MET) :             0.092ns  (arrival time - required time)
  Source:                 design_1_i/ps7_0_axi_periph/xbar/inst/gen_sasd.crossbar_sasd_0/addr_arbiter_inst/gen_no_arbiter.m_amesg_i_reg[8]/C
                            (rising edge-triggered cell FDRE clocked by clk_fpga_0  {rise@0.000ns fall@5.000ns period=10.000ns})
  Destination:            design_1_i/axi_iic_0/U0/X_IIC/X_AXI_IPIF_SSP1/AXI_LITE_IPIF_I/I_SLAVE_ATTACHMENT/bus2ip_addr_i_reg[7]/D
                            (rising edge-triggered cell FDRE clocked by clk_fpga_0  {rise@0.000ns fall@5.000ns period=10.000ns})
  Path Group:             clk_fpga_0
  Path Type:              Hold (Min at Fast Process Corner)
  Requirement:            0.000ns  (clk_fpga_0 rise@0.000ns - clk_fpga_0 rise@0.000ns)
  Data Path Delay:        0.494ns  (logic 0.141ns (28.561%)  route 0.353ns (71.439%))
  Logic Levels:           0  
  Clock Path Skew:        0.348ns (DCD - SCD - CPR)
    Destination Clock Delay (DCD):    1.277ns
    Source Clock Delay      (SCD):    0.894ns
    Clock Pessimism Removal (CPR):    0.035ns

    Location             Delay type                Incr(ns)  Path(ns)    Netlist Resource(s)
  -------------------------------------------------------------------    -------------------
                         (clock clk_fpga_0 rise edge)
                                                      0.000     0.000 r  
    PS7_X0Y0             PS7                          0.000     0.000 r  design_1_i/processing_system7_0/inst/PS7_i/FCLKCLK[0]
                         net (fo=1, routed)           0.310     0.310    design_1_i/processing_system7_0/inst/FCLK_CLK_unbuffered[0]
    BUFGCTRL_X0Y16       BUFG (Prop_bufg_I_O)         0.026     0.336 r  design_1_i/processing_system7_0/inst/buffer_fclk_clk_0.FCLK_CLK_0_BUFG/O
                         net (fo=2496, routed)        0.558     0.894    design_1_i/ps7_0_axi_periph/xbar/inst/gen_sasd.crossbar_sasd_0/addr_arbiter_inst/aclk
    SLICE_X33Y93         FDRE                                         r  design_1_i/ps7_0_axi_periph/xbar/inst/gen_sasd.crossbar_sasd_0/addr_arbiter_inst/gen_no_arbiter.m_amesg_i_reg[8]/C
  -------------------------------------------------------------------    -------------------
    SLICE_X33Y93         FDRE (Prop_fdre_C_Q)         0.141     1.035 r  design_1_i/ps7_0_axi_periph/xbar/inst/gen_sasd.crossbar_sasd_0/addr_arbiter_inst/gen_no_arbiter.m_amesg_i_reg[8]/Q
                         net (fo=1, routed)           0.353     1.387    design_1_i/axi_iic_0/U0/X_IIC/X_AXI_IPIF_SSP1/AXI_LITE_IPIF_I/I_SLAVE_ATTACHMENT/s_axi_araddr[7]
    SLICE_X38Y102        FDRE                                         r  design_1_i/axi_iic_0/U0/X_IIC/X_AXI_IPIF_SSP1/AXI_LITE_IPIF_I/I_SLAVE_ATTACHMENT/bus2ip_addr_i_reg[7]/D
  -------------------------------------------------------------------    -------------------

                         (clock clk_fpga_0 rise edge)
                                                      0.000     0.000 r  
    PS7_X0Y0             PS7                          0.000     0.000 r  design_1_i/processing_system7_0/inst/PS7_i/FCLKCLK[0]
                         net (fo=1, routed)           0.337     0.337    design_1_i/processing_system7_0/inst/FCLK_CLK_unbuffered[0]
    BUFGCTRL_X0Y16       BUFG (Prop_bufg_I_O)         0.029     0.366 r  design_1_i/processing_system7_0/inst/buffer_fclk_clk_0.FCLK_CLK_0_BUFG/O
                         net (fo=2496, routed)        0.911     1.277    design_1_i/axi_iic_0/U0/X_IIC/X_AXI_IPIF_SSP1/AXI_LITE_IPIF_I/I_SLAVE_ATTACHMENT/s_axi_aclk
    SLICE_X38Y102        FDRE                                         r  design_1_i/axi_iic_0/U0/X_IIC/X_AXI_IPIF_SSP1/AXI_LITE_IPIF_I/I_SLAVE_ATTACHMENT/bus2ip_addr_i_reg[7]/C
                         clock pessimism             -0.035     1.242    
    SLICE_X38Y102        FDRE (Hold_fdre_C_D)         0.053     1.295    design_1_i/axi_iic_0/U0/X_IIC/X_AXI_IPIF_SSP1/AXI_LITE_IPIF_I/I_SLAVE_ATTACHMENT/bus2ip_addr_i_reg[7]
  -------------------------------------------------------------------
                         required time                         -1.295    
                         arrival time                           1.387    
  -------------------------------------------------------------------
                         slack                                  0.092    

Slack (MET) :             0.097ns  (arrival time - required time)
  Source:                 design_1_i/axi_timer_1/U0/TC_CORE_I/GEN_SECOND_TIMER.COUNTER_1_I/LOAD_REG_GEN[31].LOAD_REG_I/C
                            (rising edge-triggered cell FDRE clocked by clk_fpga_0  {rise@0.000ns fall@5.000ns period=10.000ns})
  Destination:            design_1_i/axi_timer_1/U0/TC_CORE_I/GEN_SECOND_TIMER.COUNTER_1_I/COUNTER_I/INFERRED_GEN.icount_out_reg[0]/D
                            (rising edge-triggered cell FDRE clocked by clk_fpga_0  {rise@0.000ns fall@5.000ns period=10.000ns})
  Path Group:             clk_fpga_0
  Path Type:              Hold (Min at Fast Process Corner)
  Requirement:            0.000ns  (clk_fpga_0 rise@0.000ns - clk_fpga_0 rise@0.000ns)
  Data Path Delay:        0.454ns  (logic 0.209ns (46.011%)  route 0.245ns (53.989%))
  Logic Levels:           1  (LUT3=1)
  Clock Path Skew:        0.266ns (DCD - SCD - CPR)
    Destination Clock Delay (DCD):    1.186ns
    Source Clock Delay      (SCD):    0.885ns
    Clock Pessimism Removal (CPR):    0.035ns

    Location             Delay type                Incr(ns)  Path(ns)    Netlist Resource(s)
  -------------------------------------------------------------------    -------------------
                         (clock clk_fpga_0 rise edge)
                                                      0.000     0.000 r  
    PS7_X0Y0             PS7                          0.000     0.000 r  design_1_i/processing_system7_0/inst/PS7_i/FCLKCLK[0]
                         net (fo=1, routed)           0.310     0.310    design_1_i/processing_system7_0/inst/FCLK_CLK_unbuffered[0]
    BUFGCTRL_X0Y16       BUFG (Prop_bufg_I_O)         0.026     0.336 r  design_1_i/processing_system7_0/inst/buffer_fclk_clk_0.FCLK_CLK_0_BUFG/O
                         net (fo=2496, routed)        0.549     0.885    design_1_i/axi_timer_1/U0/TC_CORE_I/GEN_SECOND_TIMER.COUNTER_1_I/s_axi_aclk
    SLICE_X50Y87         FDRE                                         r  design_1_i/axi_timer_1/U0/TC_CORE_I/GEN_SECOND_TIMER.COUNTER_1_I/LOAD_REG_GEN[31].LOAD_REG_I/C
  -------------------------------------------------------------------    -------------------
    SLICE_X50Y87         FDRE (Prop_fdre_C_Q)         0.164     1.049 r  design_1_i/axi_timer_1/U0/TC_CORE_I/GEN_SECOND_TIMER.COUNTER_1_I/LOAD_REG_GEN[31].LOAD_REG_I/Q
                         net (fo=2, routed)           0.245     1.294    design_1_i/axi_timer_1/U0/TC_CORE_I/GEN_SECOND_TIMER.COUNTER_1_I/COUNTER_I/loadReg_DBus_0[0]
    SLICE_X49Y87         LUT3 (Prop_lut3_I2_O)        0.045     1.339 r  design_1_i/axi_timer_1/U0/TC_CORE_I/GEN_SECOND_TIMER.COUNTER_1_I/COUNTER_I/INFERRED_GEN.icount_out[0]_i_1__0/O
                         net (fo=1, routed)           0.000     1.339    design_1_i/axi_timer_1/U0/TC_CORE_I/GEN_SECOND_TIMER.COUNTER_1_I/COUNTER_I/INFERRED_GEN.icount_out[0]_i_1__0_n_0
    SLICE_X49Y87         FDRE                                         r  design_1_i/axi_timer_1/U0/TC_CORE_I/GEN_SECOND_TIMER.COUNTER_1_I/COUNTER_I/INFERRED_GEN.icount_out_reg[0]/D
  -------------------------------------------------------------------    -------------------

                         (clock clk_fpga_0 rise edge)
                                                      0.000     0.000 r  
    PS7_X0Y0             PS7                          0.000     0.000 r  design_1_i/processing_system7_0/inst/PS7_i/FCLKCLK[0]
                         net (fo=1, routed)           0.337     0.337    design_1_i/processing_system7_0/inst/FCLK_CLK_unbuffered[0]
    BUFGCTRL_X0Y16       BUFG (Prop_bufg_I_O)         0.029     0.366 r  design_1_i/processing_system7_0/inst/buffer_fclk_clk_0.FCLK_CLK_0_BUFG/O
                         net (fo=2496, routed)        0.820     1.186    design_1_i/axi_timer_1/U0/TC_CORE_I/GEN_SECOND_TIMER.COUNTER_1_I/COUNTER_I/s_axi_aclk
    SLICE_X49Y87         FDRE                                         r  design_1_i/axi_timer_1/U0/TC_CORE_I/GEN_SECOND_TIMER.COUNTER_1_I/COUNTER_I/INFERRED_GEN.icount_out_reg[0]/C
                         clock pessimism             -0.035     1.151    
    SLICE_X49Y87         FDRE (Hold_fdre_C_D)         0.091     1.242    design_1_i/axi_timer_1/U0/TC_CORE_I/GEN_SECOND_TIMER.COUNTER_1_I/COUNTER_I/INFERRED_GEN.icount_out_reg[0]
  -------------------------------------------------------------------
                         required time                         -1.242    
                         arrival time                           1.339    
  -------------------------------------------------------------------
                         slack                                  0.097    

Slack (MET) :             0.099ns  (arrival time - required time)
  Source:                 design_1_i/axi_iic_0/U0/X_IIC/IIC_CONTROL_I/data_i2c_i_reg[0]/C
                            (rising edge-triggered cell FDRE clocked by clk_fpga_0  {rise@0.000ns fall@5.000ns period=10.000ns})
  Destination:            design_1_i/axi_iic_0/U0/X_IIC/READ_FIFO_I/FIFO_RAM[7].SRL16E_I/D
                            (rising edge-triggered cell SRL16E clocked by clk_fpga_0  {rise@0.000ns fall@5.000ns period=10.000ns})
  Path Group:             clk_fpga_0
  Path Type:              Hold (Min at Fast Process Corner)
  Requirement:            0.000ns  (clk_fpga_0 rise@0.000ns - clk_fpga_0 rise@0.000ns)
  Data Path Delay:        0.317ns  (logic 0.141ns (44.520%)  route 0.176ns (55.480%))
  Logic Levels:           0  
  Clock Path Skew:        0.035ns (DCD - SCD - CPR)
    Destination Clock Delay (DCD):    1.275ns
    Source Clock Delay      (SCD):    0.972ns
    Clock Pessimism Removal (CPR):    0.268ns

    Location             Delay type                Incr(ns)  Path(ns)    Netlist Resource(s)
  -------------------------------------------------------------------    -------------------
                         (clock clk_fpga_0 rise edge)
                                                      0.000     0.000 r  
    PS7_X0Y0             PS7                          0.000     0.000 r  design_1_i/processing_system7_0/inst/PS7_i/FCLKCLK[0]
                         net (fo=1, routed)           0.310     0.310    design_1_i/processing_system7_0/inst/FCLK_CLK_unbuffered[0]
    BUFGCTRL_X0Y16       BUFG (Prop_bufg_I_O)         0.026     0.336 r  design_1_i/processing_system7_0/inst/buffer_fclk_clk_0.FCLK_CLK_0_BUFG/O
                         net (fo=2496, routed)        0.636     0.972    design_1_i/axi_iic_0/U0/X_IIC/IIC_CONTROL_I/s_axi_aclk
    SLICE_X45Y110        FDRE                                         r  design_1_i/axi_iic_0/U0/X_IIC/IIC_CONTROL_I/data_i2c_i_reg[0]/C
  -------------------------------------------------------------------    -------------------
    SLICE_X45Y110        FDRE (Prop_fdre_C_Q)         0.141     1.113 r  design_1_i/axi_iic_0/U0/X_IIC/IIC_CONTROL_I/data_i2c_i_reg[0]/Q
                         net (fo=1, routed)           0.176     1.289    design_1_i/axi_iic_0/U0/X_IIC/READ_FIFO_I/FIFO_RAM[0].SRL16E_I_0[0]
    SLICE_X42Y109        SRL16E                                       r  design_1_i/axi_iic_0/U0/X_IIC/READ_FIFO_I/FIFO_RAM[7].SRL16E_I/D
  -------------------------------------------------------------------    -------------------

                         (clock clk_fpga_0 rise edge)
                                                      0.000     0.000 r  
    PS7_X0Y0             PS7                          0.000     0.000 r  design_1_i/processing_system7_0/inst/PS7_i/FCLKCLK[0]
                         net (fo=1, routed)           0.337     0.337    design_1_i/processing_system7_0/inst/FCLK_CLK_unbuffered[0]
    BUFGCTRL_X0Y16       BUFG (Prop_bufg_I_O)         0.029     0.366 r  design_1_i/processing_system7_0/inst/buffer_fclk_clk_0.FCLK_CLK_0_BUFG/O
                         net (fo=2496, routed)        0.909     1.275    design_1_i/axi_iic_0/U0/X_IIC/READ_FIFO_I/s_axi_aclk
    SLICE_X42Y109        SRL16E                                       r  design_1_i/axi_iic_0/U0/X_IIC/READ_FIFO_I/FIFO_RAM[7].SRL16E_I/CLK
                         clock pessimism             -0.268     1.007    
    SLICE_X42Y109        SRL16E (Hold_srl16e_CLK_D)
                                                      0.183     1.190    design_1_i/axi_iic_0/U0/X_IIC/READ_FIFO_I/FIFO_RAM[7].SRL16E_I
  -------------------------------------------------------------------
                         required time                         -1.190    
                         arrival time                           1.289    
  -------------------------------------------------------------------
                         slack                                  0.099    

Slack (MET) :             0.100ns  (arrival time - required time)
  Source:                 design_1_i/axi_timer_1/U0/TC_CORE_I/GEN_SECOND_TIMER.COUNTER_1_I/COUNTER_I/INFERRED_GEN.icount_out_reg[16]/C
                            (rising edge-triggered cell FDRE clocked by clk_fpga_0  {rise@0.000ns fall@5.000ns period=10.000ns})
  Destination:            design_1_i/axi_timer_1/U0/TC_CORE_I/GEN_SECOND_TIMER.COUNTER_1_I/LOAD_REG_GEN[15].LOAD_REG_I/D
                            (rising edge-triggered cell FDRE clocked by clk_fpga_0  {rise@0.000ns fall@5.000ns period=10.000ns})
  Path Group:             clk_fpga_0
  Path Type:              Hold (Min at Fast Process Corner)
  Requirement:            0.000ns  (clk_fpga_0 rise@0.000ns - clk_fpga_0 rise@0.000ns)
  Data Path Delay:        0.481ns  (logic 0.226ns (46.996%)  route 0.255ns (53.004%))
  Logic Levels:           1  (LUT4=1)
  Clock Path Skew:        0.260ns (DCD - SCD - CPR)
    Destination Clock Delay (DCD):    1.185ns
    Source Clock Delay      (SCD):    0.890ns
    Clock Pessimism Removal (CPR):    0.035ns

    Location             Delay type                Incr(ns)  Path(ns)    Netlist Resource(s)
  -------------------------------------------------------------------    -------------------
                         (clock clk_fpga_0 rise edge)
                                                      0.000     0.000 r  
    PS7_X0Y0             PS7                          0.000     0.000 r  design_1_i/processing_system7_0/inst/PS7_i/FCLKCLK[0]
                         net (fo=1, routed)           0.310     0.310    design_1_i/processing_system7_0/inst/FCLK_CLK_unbuffered[0]
    BUFGCTRL_X0Y16       BUFG (Prop_bufg_I_O)         0.026     0.336 r  design_1_i/processing_system7_0/inst/buffer_fclk_clk_0.FCLK_CLK_0_BUFG/O
                         net (fo=2496, routed)        0.554     0.890    design_1_i/axi_timer_1/U0/TC_CORE_I/GEN_SECOND_TIMER.COUNTER_1_I/COUNTER_I/s_axi_aclk
    SLICE_X49Y91         FDRE                                         r  design_1_i/axi_timer_1/U0/TC_CORE_I/GEN_SECOND_TIMER.COUNTER_1_I/COUNTER_I/INFERRED_GEN.icount_out_reg[16]/C
  -------------------------------------------------------------------    -------------------
    SLICE_X49Y91         FDRE (Prop_fdre_C_Q)         0.128     1.018 r  design_1_i/axi_timer_1/U0/TC_CORE_I/GEN_SECOND_TIMER.COUNTER_1_I/COUNTER_I/INFERRED_GEN.icount_out_reg[16]/Q
                         net (fo=5, routed)           0.255     1.272    design_1_i/axi_timer_1/U0/AXI4_LITE_I/I_SLAVE_ATTACHMENT/I_DECODER/counterReg_DBus_0[16]
    SLICE_X50Y91         LUT4 (Prop_lut4_I3_O)        0.098     1.370 r  design_1_i/axi_timer_1/U0/AXI4_LITE_I/I_SLAVE_ATTACHMENT/I_DECODER/LOAD_REG_GEN[15].LOAD_REG_I_i_1__0/O
                         net (fo=1, routed)           0.000     1.370    design_1_i/axi_timer_1/U0/TC_CORE_I/GEN_SECOND_TIMER.COUNTER_1_I/LOAD_REG_GEN[15].LOAD_REG_I_0
    SLICE_X50Y91         FDRE                                         r  design_1_i/axi_timer_1/U0/TC_CORE_I/GEN_SECOND_TIMER.COUNTER_1_I/LOAD_REG_GEN[15].LOAD_REG_I/D
  -------------------------------------------------------------------    -------------------

                         (clock clk_fpga_0 rise edge)
                                                      0.000     0.000 r  
    PS7_X0Y0             PS7                          0.000     0.000 r  design_1_i/processing_system7_0/inst/PS7_i/FCLKCLK[0]
                         net (fo=1, routed)           0.337     0.337    design_1_i/processing_system7_0/inst/FCLK_CLK_unbuffered[0]
    BUFGCTRL_X0Y16       BUFG (Prop_bufg_I_O)         0.029     0.366 r  design_1_i/processing_system7_0/inst/buffer_fclk_clk_0.FCLK_CLK_0_BUFG/O
                         net (fo=2496, routed)        0.819     1.185    design_1_i/axi_timer_1/U0/TC_CORE_I/GEN_SECOND_TIMER.COUNTER_1_I/s_axi_aclk
    SLICE_X50Y91         FDRE                                         r  design_1_i/axi_timer_1/U0/TC_CORE_I/GEN_SECOND_TIMER.COUNTER_1_I/LOAD_REG_GEN[15].LOAD_REG_I/C
                         clock pessimism             -0.035     1.150    
    SLICE_X50Y91         FDRE (Hold_fdre_C_D)         0.121     1.271    design_1_i/axi_timer_1/U0/TC_CORE_I/GEN_SECOND_TIMER.COUNTER_1_I/LOAD_REG_GEN[15].LOAD_REG_I
  -------------------------------------------------------------------
                         required time                         -1.271    
                         arrival time                           1.370    
  -------------------------------------------------------------------
                         slack                                  0.100    





Pulse Width Checks
--------------------------------------------------------------------------------------
Clock Name:         clk_fpga_0
Waveform(ns):       { 0.000 5.000 }
Period(ns):         10.000
Sources:            { design_1_i/processing_system7_0/inst/PS7_i/FCLKCLK[0] }

Check Type        Corner  Lib Pin     Reference Pin  Required(ns)  Actual(ns)  Slack(ns)  Location        Pin
Min Period        n/a     BUFG/I      n/a            2.155         10.000      7.845      BUFGCTRL_X0Y16  design_1_i/processing_system7_0/inst/buffer_fclk_clk_0.FCLK_CLK_0_BUFG/I
Min Period        n/a     FDSE/C      n/a            1.000         10.000      9.000      SLICE_X40Y90    design_1_i/SpeedSensor_0/U0/SpeedSensor_slave_lite_v1_0_S00_AXI_inst/FSM_onehot_state_write_reg[0]/C
Min Period        n/a     FDRE/C      n/a            1.000         10.000      9.000      SLICE_X41Y90    design_1_i/SpeedSensor_0/U0/SpeedSensor_slave_lite_v1_0_S00_AXI_inst/FSM_onehot_state_write_reg[1]/C
Min Period        n/a     FDRE/C      n/a            1.000         10.000      9.000      SLICE_X40Y90    design_1_i/SpeedSensor_0/U0/SpeedSensor_slave_lite_v1_0_S00_AXI_inst/FSM_onehot_state_write_reg[2]/C
Min Period        n/a     FDRE/C      n/a            1.000         10.000      9.000      SLICE_X36Y92    design_1_i/SpeedSensor_0/U0/SpeedSensor_slave_lite_v1_0_S00_AXI_inst/FSM_sequential_state_read_reg[0]/C
Min Period        n/a     FDRE/C      n/a            1.000         10.000      9.000      SLICE_X36Y92    design_1_i/SpeedSensor_0/U0/SpeedSensor_slave_lite_v1_0_S00_AXI_inst/FSM_sequential_state_read_reg[1]/C
Min Period        n/a     FDRE/C      n/a            1.000         10.000      9.000      SLICE_X39Y93    design_1_i/SpeedSensor_0/U0/SpeedSensor_slave_lite_v1_0_S00_AXI_inst/axi_araddr_reg[2]/C
Min Period        n/a     FDRE/C      n/a            1.000         10.000      9.000      SLICE_X39Y93    design_1_i/SpeedSensor_0/U0/SpeedSensor_slave_lite_v1_0_S00_AXI_inst/axi_araddr_reg[3]/C
Min Period        n/a     FDRE/C      n/a            1.000         10.000      9.000      SLICE_X36Y92    design_1_i/SpeedSensor_0/U0/SpeedSensor_slave_lite_v1_0_S00_AXI_inst/axi_arready_reg/C
Min Period        n/a     FDRE/C      n/a            1.000         10.000      9.000      SLICE_X41Y92    design_1_i/SpeedSensor_0/U0/SpeedSensor_slave_lite_v1_0_S00_AXI_inst/axi_awaddr_reg[2]/C
Low Pulse Width   Slow    SRL16E/CLK  n/a            0.980         5.000       4.020      SLICE_X42Y109   design_1_i/axi_iic_0/U0/X_IIC/READ_FIFO_I/FIFO_RAM[0].SRL16E_I/CLK
Low Pulse Width   Fast    SRL16E/CLK  n/a            0.980         5.000       4.020      SLICE_X42Y109   design_1_i/axi_iic_0/U0/X_IIC/READ_FIFO_I/FIFO_RAM[0].SRL16E_I/CLK
Low Pulse Width   Slow    SRL16E/CLK  n/a            0.980         5.000       4.020      SLICE_X42Y109   design_1_i/axi_iic_0/U0/X_IIC/READ_FIFO_I/FIFO_RAM[1].SRL16E_I/CLK
Low Pulse Width   Fast    SRL16E/CLK  n/a            0.980         5.000       4.020      SLICE_X42Y109   design_1_i/axi_iic_0/U0/X_IIC/READ_FIFO_I/FIFO_RAM[1].SRL16E_I/CLK
Low Pulse Width   Slow    SRL16E/CLK  n/a            0.980         5.000       4.020      SLICE_X42Y109   design_1_i/axi_iic_0/U0/X_IIC/READ_FIFO_I/FIFO_RAM[2].SRL16E_I/CLK
Low Pulse Width   Fast    SRL16E/CLK  n/a            0.980         5.000       4.020      SLICE_X42Y109   design_1_i/axi_iic_0/U0/X_IIC/READ_FIFO_I/FIFO_RAM[2].SRL16E_I/CLK
Low Pulse Width   Slow    SRL16E/CLK  n/a            0.980         5.000       4.020      SLICE_X42Y109   design_1_i/axi_iic_0/U0/X_IIC/READ_FIFO_I/FIFO_RAM[3].SRL16E_I/CLK
Low Pulse Width   Fast    SRL16E/CLK  n/a            0.980         5.000       4.020      SLICE_X42Y109   design_1_i/axi_iic_0/U0/X_IIC/READ_FIFO_I/FIFO_RAM[3].SRL16E_I/CLK
Low Pulse Width   Slow    SRL16E/CLK  n/a            0.980         5.000       4.020      SLICE_X42Y109   design_1_i/axi_iic_0/U0/X_IIC/READ_FIFO_I/FIFO_RAM[4].SRL16E_I/CLK
Low Pulse Width   Fast    SRL16E/CLK  n/a            0.980         5.000       4.020      SLICE_X42Y109   design_1_i/axi_iic_0/U0/X_IIC/READ_FIFO_I/FIFO_RAM[4].SRL16E_I/CLK
High Pulse Width  Slow    SRL16E/CLK  n/a            0.980         5.000       4.020      SLICE_X42Y109   design_1_i/axi_iic_0/U0/X_IIC/READ_FIFO_I/FIFO_RAM[0].SRL16E_I/CLK
High Pulse Width  Fast    SRL16E/CLK  n/a            0.980         5.000       4.020      SLICE_X42Y109   design_1_i/axi_iic_0/U0/X_IIC/READ_FIFO_I/FIFO_RAM[0].SRL16E_I/CLK
High Pulse Width  Slow    SRL16E/CLK  n/a            0.980         5.000       4.020      SLICE_X42Y109   design_1_i/axi_iic_0/U0/X_IIC/READ_FIFO_I/FIFO_RAM[1].SRL16E_I/CLK
High Pulse Width  Fast    SRL16E/CLK  n/a            0.980         5.000       4.020      SLICE_X42Y109   design_1_i/axi_iic_0/U0/X_IIC/READ_FIFO_I/FIFO_RAM[1].SRL16E_I/CLK
High Pulse Width  Slow    SRL16E/CLK  n/a            0.980         5.000       4.020      SLICE_X42Y109   design_1_i/axi_iic_0/U0/X_IIC/READ_FIFO_I/FIFO_RAM[2].SRL16E_I/CLK
High Pulse Width  Fast    SRL16E/CLK  n/a            0.980         5.000       4.020      SLICE_X42Y109   design_1_i/axi_iic_0/U0/X_IIC/READ_FIFO_I/FIFO_RAM[2].SRL16E_I/CLK
High Pulse Width  Slow    SRL16E/CLK  n/a            0.980         5.000       4.020      SLICE_X42Y109   design_1_i/axi_iic_0/U0/X_IIC/READ_FIFO_I/FIFO_RAM[3].SRL16E_I/CLK
High Pulse Width  Fast    SRL16E/CLK  n/a            0.980         5.000       4.020      SLICE_X42Y109   design_1_i/axi_iic_0/U0/X_IIC/READ_FIFO_I/FIFO_RAM[3].SRL16E_I/CLK
High Pulse Width  Slow    SRL16E/CLK  n/a            0.980         5.000       4.020      SLICE_X42Y109   design_1_i/axi_iic_0/U0/X_IIC/READ_FIFO_I/FIFO_RAM[4].SRL16E_I/CLK
High Pulse Width  Fast    SRL16E/CLK  n/a            0.980         5.000       4.020      SLICE_X42Y109   design_1_i/axi_iic_0/U0/X_IIC/READ_FIFO_I/FIFO_RAM[4].SRL16E_I/CLK



---------------------------------------------------------------------------------------------------
From Clock:  sys_clock
  To Clock:  sys_clock

Setup :           NA  Failing Endpoints,  Worst Slack           NA  ,  Total Violation           NA
Hold  :           NA  Failing Endpoints,  Worst Slack           NA  ,  Total Violation           NA
PW    :            0  Failing Endpoints,  Worst Slack        2.000ns,  Total Violation        0.000ns
---------------------------------------------------------------------------------------------------


Pulse Width Checks
--------------------------------------------------------------------------------------
Clock Name:         sys_clock
Waveform(ns):       { 0.000 4.000 }
Period(ns):         8.000
Sources:            { sys_clock }

Check Type        Corner  Lib Pin            Reference Pin  Required(ns)  Actual(ns)  Slack(ns)  Location         Pin
Min Period        n/a     MMCME2_ADV/CLKIN1  n/a            1.249         8.000       6.751      MMCME2_ADV_X1Y2  design_1_i/clk_wiz_0/inst/mmcm_adv_inst/CLKIN1
Max Period        n/a     MMCME2_ADV/CLKIN1  n/a            100.000       8.000       92.000     MMCME2_ADV_X1Y2  design_1_i/clk_wiz_0/inst/mmcm_adv_inst/CLKIN1
Low Pulse Width   Slow    MMCME2_ADV/CLKIN1  n/a            2.000         4.000       2.000      MMCME2_ADV_X1Y2  design_1_i/clk_wiz_0/inst/mmcm_adv_inst/CLKIN1
Low Pulse Width   Fast    MMCME2_ADV/CLKIN1  n/a            2.000         4.000       2.000      MMCME2_ADV_X1Y2  design_1_i/clk_wiz_0/inst/mmcm_adv_inst/CLKIN1
High Pulse Width  Slow    MMCME2_ADV/CLKIN1  n/a            2.000         4.000       2.000      MMCME2_ADV_X1Y2  design_1_i/clk_wiz_0/inst/mmcm_adv_inst/CLKIN1
High Pulse Width  Fast    MMCME2_ADV/CLKIN1  n/a            2.000         4.000       2.000      MMCME2_ADV_X1Y2  design_1_i/clk_wiz_0/inst/mmcm_adv_inst/CLKIN1



---------------------------------------------------------------------------------------------------
From Clock:  clk_out1_design_1_clk_wiz_0_0
  To Clock:  clk_out1_design_1_clk_wiz_0_0

Setup :            0  Failing Endpoints,  Worst Slack        1.732ns,  Total Violation        0.000ns
Hold  :            0  Failing Endpoints,  Worst Slack        0.074ns,  Total Violation        0.000ns
PW    :            0  Failing Endpoints,  Worst Slack        4.500ns,  Total Violation        0.000ns
---------------------------------------------------------------------------------------------------


Max Delay Paths
--------------------------------------------------------------------------------------
Slack (MET) :             1.732ns  (required time - arrival time)
  Source:                 design_1_i/ultrasoon_1/U0/ultrasoon_slave_lite_v1_0_S00_AXI_inst/Core1/PS_reg[1]/C
                            (rising edge-triggered cell FDRE clocked by clk_out1_design_1_clk_wiz_0_0  {rise@0.000ns fall@5.000ns period=10.000ns})
  Destination:            design_1_i/ultrasoon_1/U0/ultrasoon_slave_lite_v1_0_S00_AXI_inst/Core1/centimeters_reg[4]/R
                            (falling edge-triggered cell FDRE clocked by clk_out1_design_1_clk_wiz_0_0  {rise@0.000ns fall@5.000ns period=10.000ns})
  Path Group:             clk_out1_design_1_clk_wiz_0_0
  Path Type:              Setup (Max at Slow Process Corner)
  Requirement:            5.000ns  (clk_out1_design_1_clk_wiz_0_0 fall@5.000ns - clk_out1_design_1_clk_wiz_0_0 rise@0.000ns)
  Data Path Delay:        2.216ns  (logic 0.606ns (27.352%)  route 1.610ns (72.648%))
  Logic Levels:           1  (LUT2=1)
  Clock Path Skew:        -0.353ns (DCD - SCD + CPR)
    Destination Clock Delay (DCD):    -1.628ns = ( 3.372 - 5.000 ) 
    Source Clock Delay      (SCD):    -0.808ns
    Clock Pessimism Removal (CPR):    0.466ns
  Clock Uncertainty:      0.072ns  ((TSJ^2 + DJ^2)^1/2) / 2 + PE
    Total System Jitter     (TSJ):    0.071ns
    Discrete Jitter          (DJ):    0.125ns
    Phase Error              (PE):    0.000ns

    Location             Delay type                Incr(ns)  Path(ns)    Netlist Resource(s)
  -------------------------------------------------------------------    -------------------
                         (clock clk_out1_design_1_clk_wiz_0_0 rise edge)
                                                      0.000     0.000 r  
    H16                                               0.000     0.000 r  sys_clock (IN)
                         net (fo=0)                   0.000     0.000    design_1_i/clk_wiz_0/inst/clk_in1
    H16                  IBUF (Prop_ibuf_I_O)         1.451     1.451 r  design_1_i/clk_wiz_0/inst/clkin1_ibufg/O
                         net (fo=1, routed)           1.285     2.736    design_1_i/clk_wiz_0/inst/clk_in1_design_1_clk_wiz_0_0
    MMCME2_ADV_X1Y2      MMCME2_ADV (Prop_mmcme2_adv_CLKIN1_CLKOUT0)
                                                     -7.759    -5.023 r  design_1_i/clk_wiz_0/inst/mmcm_adv_inst/CLKOUT0
                         net (fo=1, routed)           2.206    -2.817    design_1_i/clk_wiz_0/inst/clk_out1_design_1_clk_wiz_0_0
    BUFGCTRL_X0Y17       BUFG (Prop_bufg_I_O)         0.101    -2.716 r  design_1_i/clk_wiz_0/inst/clkout1_buf/O
                         net (fo=180, routed)         1.908    -0.808    design_1_i/ultrasoon_1/U0/ultrasoon_slave_lite_v1_0_S00_AXI_inst/Core1/clk
    SLICE_X64Y100        FDRE                                         r  design_1_i/ultrasoon_1/U0/ultrasoon_slave_lite_v1_0_S00_AXI_inst/Core1/PS_reg[1]/C
  -------------------------------------------------------------------    -------------------
    SLICE_X64Y100        FDRE (Prop_fdre_C_Q)         0.456    -0.352 r  design_1_i/ultrasoon_1/U0/ultrasoon_slave_lite_v1_0_S00_AXI_inst/Core1/PS_reg[1]/Q
                         net (fo=8, routed)           0.827     0.474    design_1_i/ultrasoon_1/U0/ultrasoon_slave_lite_v1_0_S00_AXI_inst/Core1/PS[1]
    SLICE_X65Y99         LUT2 (Prop_lut2_I1_O)        0.150     0.624 r  design_1_i/ultrasoon_1/U0/ultrasoon_slave_lite_v1_0_S00_AXI_inst/Core1/count[16]_i_1/O
                         net (fo=33, routed)          0.783     1.407    design_1_i/ultrasoon_1/U0/ultrasoon_slave_lite_v1_0_S00_AXI_inst/Core1/centimeters
    SLICE_X64Y95         FDRE                                         r  design_1_i/ultrasoon_1/U0/ultrasoon_slave_lite_v1_0_S00_AXI_inst/Core1/centimeters_reg[4]/R
  -------------------------------------------------------------------    -------------------

                         (clock clk_out1_design_1_clk_wiz_0_0 fall edge)
                                                      5.000     5.000 f  
    H16                                               0.000     5.000 f  sys_clock (IN)
                         net (fo=0)                   0.000     5.000    design_1_i/clk_wiz_0/inst/clk_in1
    H16                  IBUF (Prop_ibuf_I_O)         1.380     6.380 f  design_1_i/clk_wiz_0/inst/clkin1_ibufg/O
                         net (fo=1, routed)           1.162     7.542    design_1_i/clk_wiz_0/inst/clk_in1_design_1_clk_wiz_0_0
    MMCME2_ADV_X1Y2      MMCME2_ADV (Prop_mmcme2_adv_CLKIN1_CLKOUT0)
                                                     -7.814    -0.272 f  design_1_i/clk_wiz_0/inst/mmcm_adv_inst/CLKOUT0
                         net (fo=1, routed)           2.012     1.740    design_1_i/clk_wiz_0/inst/clk_out1_design_1_clk_wiz_0_0
    BUFGCTRL_X0Y17       BUFG (Prop_bufg_I_O)         0.091     1.831 f  design_1_i/clk_wiz_0/inst/clkout1_buf/O
                         net (fo=180, routed)         1.541     3.372    design_1_i/ultrasoon_1/U0/ultrasoon_slave_lite_v1_0_S00_AXI_inst/Core1/clk
    SLICE_X64Y95         FDRE                                         r  design_1_i/ultrasoon_1/U0/ultrasoon_slave_lite_v1_0_S00_AXI_inst/Core1/centimeters_reg[4]/C  (IS_INVERTED)
                         clock pessimism              0.466     3.838    
                         clock uncertainty           -0.072     3.767    
    SLICE_X64Y95         FDRE (Setup_fdre_C_R)       -0.628     3.139    design_1_i/ultrasoon_1/U0/ultrasoon_slave_lite_v1_0_S00_AXI_inst/Core1/centimeters_reg[4]
  -------------------------------------------------------------------
                         required time                          3.139    
                         arrival time                          -1.407    
  -------------------------------------------------------------------
                         slack                                  1.732    

Slack (MET) :             1.732ns  (required time - arrival time)
  Source:                 design_1_i/ultrasoon_1/U0/ultrasoon_slave_lite_v1_0_S00_AXI_inst/Core1/PS_reg[1]/C
                            (rising edge-triggered cell FDRE clocked by clk_out1_design_1_clk_wiz_0_0  {rise@0.000ns fall@5.000ns period=10.000ns})
  Destination:            design_1_i/ultrasoon_1/U0/ultrasoon_slave_lite_v1_0_S00_AXI_inst/Core1/centimeters_reg[5]/R
                            (falling edge-triggered cell FDRE clocked by clk_out1_design_1_clk_wiz_0_0  {rise@0.000ns fall@5.000ns period=10.000ns})
  Path Group:             clk_out1_design_1_clk_wiz_0_0
  Path Type:              Setup (Max at Slow Process Corner)
  Requirement:            5.000ns  (clk_out1_design_1_clk_wiz_0_0 fall@5.000ns - clk_out1_design_1_clk_wiz_0_0 rise@0.000ns)
  Data Path Delay:        2.216ns  (logic 0.606ns (27.352%)  route 1.610ns (72.648%))
  Logic Levels:           1  (LUT2=1)
  Clock Path Skew:        -0.353ns (DCD - SCD + CPR)
    Destination Clock Delay (DCD):    -1.628ns = ( 3.372 - 5.000 ) 
    Source Clock Delay      (SCD):    -0.808ns
    Clock Pessimism Removal (CPR):    0.466ns
  Clock Uncertainty:      0.072ns  ((TSJ^2 + DJ^2)^1/2) / 2 + PE
    Total System Jitter     (TSJ):    0.071ns
    Discrete Jitter          (DJ):    0.125ns
    Phase Error              (PE):    0.000ns

    Location             Delay type                Incr(ns)  Path(ns)    Netlist Resource(s)
  -------------------------------------------------------------------    -------------------
                         (clock clk_out1_design_1_clk_wiz_0_0 rise edge)
                                                      0.000     0.000 r  
    H16                                               0.000     0.000 r  sys_clock (IN)
                         net (fo=0)                   0.000     0.000    design_1_i/clk_wiz_0/inst/clk_in1
    H16                  IBUF (Prop_ibuf_I_O)         1.451     1.451 r  design_1_i/clk_wiz_0/inst/clkin1_ibufg/O
                         net (fo=1, routed)           1.285     2.736    design_1_i/clk_wiz_0/inst/clk_in1_design_1_clk_wiz_0_0
    MMCME2_ADV_X1Y2      MMCME2_ADV (Prop_mmcme2_adv_CLKIN1_CLKOUT0)
                                                     -7.759    -5.023 r  design_1_i/clk_wiz_0/inst/mmcm_adv_inst/CLKOUT0
                         net (fo=1, routed)           2.206    -2.817    design_1_i/clk_wiz_0/inst/clk_out1_design_1_clk_wiz_0_0
    BUFGCTRL_X0Y17       BUFG (Prop_bufg_I_O)         0.101    -2.716 r  design_1_i/clk_wiz_0/inst/clkout1_buf/O
                         net (fo=180, routed)         1.908    -0.808    design_1_i/ultrasoon_1/U0/ultrasoon_slave_lite_v1_0_S00_AXI_inst/Core1/clk
    SLICE_X64Y100        FDRE                                         r  design_1_i/ultrasoon_1/U0/ultrasoon_slave_lite_v1_0_S00_AXI_inst/Core1/PS_reg[1]/C
  -------------------------------------------------------------------    -------------------
    SLICE_X64Y100        FDRE (Prop_fdre_C_Q)         0.456    -0.352 r  design_1_i/ultrasoon_1/U0/ultrasoon_slave_lite_v1_0_S00_AXI_inst/Core1/PS_reg[1]/Q
                         net (fo=8, routed)           0.827     0.474    design_1_i/ultrasoon_1/U0/ultrasoon_slave_lite_v1_0_S00_AXI_inst/Core1/PS[1]
    SLICE_X65Y99         LUT2 (Prop_lut2_I1_O)        0.150     0.624 r  design_1_i/ultrasoon_1/U0/ultrasoon_slave_lite_v1_0_S00_AXI_inst/Core1/count[16]_i_1/O
                         net (fo=33, routed)          0.783     1.407    design_1_i/ultrasoon_1/U0/ultrasoon_slave_lite_v1_0_S00_AXI_inst/Core1/centimeters
    SLICE_X64Y95         FDRE                                         r  design_1_i/ultrasoon_1/U0/ultrasoon_slave_lite_v1_0_S00_AXI_inst/Core1/centimeters_reg[5]/R
  -------------------------------------------------------------------    -------------------

                         (clock clk_out1_design_1_clk_wiz_0_0 fall edge)
                                                      5.000     5.000 f  
    H16                                               0.000     5.000 f  sys_clock (IN)
                         net (fo=0)                   0.000     5.000    design_1_i/clk_wiz_0/inst/clk_in1
    H16                  IBUF (Prop_ibuf_I_O)         1.380     6.380 f  design_1_i/clk_wiz_0/inst/clkin1_ibufg/O
                         net (fo=1, routed)           1.162     7.542    design_1_i/clk_wiz_0/inst/clk_in1_design_1_clk_wiz_0_0
    MMCME2_ADV_X1Y2      MMCME2_ADV (Prop_mmcme2_adv_CLKIN1_CLKOUT0)
                                                     -7.814    -0.272 f  design_1_i/clk_wiz_0/inst/mmcm_adv_inst/CLKOUT0
                         net (fo=1, routed)           2.012     1.740    design_1_i/clk_wiz_0/inst/clk_out1_design_1_clk_wiz_0_0
    BUFGCTRL_X0Y17       BUFG (Prop_bufg_I_O)         0.091     1.831 f  design_1_i/clk_wiz_0/inst/clkout1_buf/O
                         net (fo=180, routed)         1.541     3.372    design_1_i/ultrasoon_1/U0/ultrasoon_slave_lite_v1_0_S00_AXI_inst/Core1/clk
    SLICE_X64Y95         FDRE                                         r  design_1_i/ultrasoon_1/U0/ultrasoon_slave_lite_v1_0_S00_AXI_inst/Core1/centimeters_reg[5]/C  (IS_INVERTED)
                         clock pessimism              0.466     3.838    
                         clock uncertainty           -0.072     3.767    
    SLICE_X64Y95         FDRE (Setup_fdre_C_R)       -0.628     3.139    design_1_i/ultrasoon_1/U0/ultrasoon_slave_lite_v1_0_S00_AXI_inst/Core1/centimeters_reg[5]
  -------------------------------------------------------------------
                         required time                          3.139    
                         arrival time                          -1.407    
  -------------------------------------------------------------------
                         slack                                  1.732    

Slack (MET) :             1.732ns  (required time - arrival time)
  Source:                 design_1_i/ultrasoon_1/U0/ultrasoon_slave_lite_v1_0_S00_AXI_inst/Core1/PS_reg[1]/C
                            (rising edge-triggered cell FDRE clocked by clk_out1_design_1_clk_wiz_0_0  {rise@0.000ns fall@5.000ns period=10.000ns})
  Destination:            design_1_i/ultrasoon_1/U0/ultrasoon_slave_lite_v1_0_S00_AXI_inst/Core1/centimeters_reg[6]/R
                            (falling edge-triggered cell FDRE clocked by clk_out1_design_1_clk_wiz_0_0  {rise@0.000ns fall@5.000ns period=10.000ns})
  Path Group:             clk_out1_design_1_clk_wiz_0_0
  Path Type:              Setup (Max at Slow Process Corner)
  Requirement:            5.000ns  (clk_out1_design_1_clk_wiz_0_0 fall@5.000ns - clk_out1_design_1_clk_wiz_0_0 rise@0.000ns)
  Data Path Delay:        2.216ns  (logic 0.606ns (27.352%)  route 1.610ns (72.648%))
  Logic Levels:           1  (LUT2=1)
  Clock Path Skew:        -0.353ns (DCD - SCD + CPR)
    Destination Clock Delay (DCD):    -1.628ns = ( 3.372 - 5.000 ) 
    Source Clock Delay      (SCD):    -0.808ns
    Clock Pessimism Removal (CPR):    0.466ns
  Clock Uncertainty:      0.072ns  ((TSJ^2 + DJ^2)^1/2) / 2 + PE
    Total System Jitter     (TSJ):    0.071ns
    Discrete Jitter          (DJ):    0.125ns
    Phase Error              (PE):    0.000ns

    Location             Delay type                Incr(ns)  Path(ns)    Netlist Resource(s)
  -------------------------------------------------------------------    -------------------
                         (clock clk_out1_design_1_clk_wiz_0_0 rise edge)
                                                      0.000     0.000 r  
    H16                                               0.000     0.000 r  sys_clock (IN)
                         net (fo=0)                   0.000     0.000    design_1_i/clk_wiz_0/inst/clk_in1
    H16                  IBUF (Prop_ibuf_I_O)         1.451     1.451 r  design_1_i/clk_wiz_0/inst/clkin1_ibufg/O
                         net (fo=1, routed)           1.285     2.736    design_1_i/clk_wiz_0/inst/clk_in1_design_1_clk_wiz_0_0
    MMCME2_ADV_X1Y2      MMCME2_ADV (Prop_mmcme2_adv_CLKIN1_CLKOUT0)
                                                     -7.759    -5.023 r  design_1_i/clk_wiz_0/inst/mmcm_adv_inst/CLKOUT0
                         net (fo=1, routed)           2.206    -2.817    design_1_i/clk_wiz_0/inst/clk_out1_design_1_clk_wiz_0_0
    BUFGCTRL_X0Y17       BUFG (Prop_bufg_I_O)         0.101    -2.716 r  design_1_i/clk_wiz_0/inst/clkout1_buf/O
                         net (fo=180, routed)         1.908    -0.808    design_1_i/ultrasoon_1/U0/ultrasoon_slave_lite_v1_0_S00_AXI_inst/Core1/clk
    SLICE_X64Y100        FDRE                                         r  design_1_i/ultrasoon_1/U0/ultrasoon_slave_lite_v1_0_S00_AXI_inst/Core1/PS_reg[1]/C
  -------------------------------------------------------------------    -------------------
    SLICE_X64Y100        FDRE (Prop_fdre_C_Q)         0.456    -0.352 r  design_1_i/ultrasoon_1/U0/ultrasoon_slave_lite_v1_0_S00_AXI_inst/Core1/PS_reg[1]/Q
                         net (fo=8, routed)           0.827     0.474    design_1_i/ultrasoon_1/U0/ultrasoon_slave_lite_v1_0_S00_AXI_inst/Core1/PS[1]
    SLICE_X65Y99         LUT2 (Prop_lut2_I1_O)        0.150     0.624 r  design_1_i/ultrasoon_1/U0/ultrasoon_slave_lite_v1_0_S00_AXI_inst/Core1/count[16]_i_1/O
                         net (fo=33, routed)          0.783     1.407    design_1_i/ultrasoon_1/U0/ultrasoon_slave_lite_v1_0_S00_AXI_inst/Core1/centimeters
    SLICE_X64Y95         FDRE                                         r  design_1_i/ultrasoon_1/U0/ultrasoon_slave_lite_v1_0_S00_AXI_inst/Core1/centimeters_reg[6]/R
  -------------------------------------------------------------------    -------------------

                         (clock clk_out1_design_1_clk_wiz_0_0 fall edge)
                                                      5.000     5.000 f  
    H16                                               0.000     5.000 f  sys_clock (IN)
                         net (fo=0)                   0.000     5.000    design_1_i/clk_wiz_0/inst/clk_in1
    H16                  IBUF (Prop_ibuf_I_O)         1.380     6.380 f  design_1_i/clk_wiz_0/inst/clkin1_ibufg/O
                         net (fo=1, routed)           1.162     7.542    design_1_i/clk_wiz_0/inst/clk_in1_design_1_clk_wiz_0_0
    MMCME2_ADV_X1Y2      MMCME2_ADV (Prop_mmcme2_adv_CLKIN1_CLKOUT0)
                                                     -7.814    -0.272 f  design_1_i/clk_wiz_0/inst/mmcm_adv_inst/CLKOUT0
                         net (fo=1, routed)           2.012     1.740    design_1_i/clk_wiz_0/inst/clk_out1_design_1_clk_wiz_0_0
    BUFGCTRL_X0Y17       BUFG (Prop_bufg_I_O)         0.091     1.831 f  design_1_i/clk_wiz_0/inst/clkout1_buf/O
                         net (fo=180, routed)         1.541     3.372    design_1_i/ultrasoon_1/U0/ultrasoon_slave_lite_v1_0_S00_AXI_inst/Core1/clk
    SLICE_X64Y95         FDRE                                         r  design_1_i/ultrasoon_1/U0/ultrasoon_slave_lite_v1_0_S00_AXI_inst/Core1/centimeters_reg[6]/C  (IS_INVERTED)
                         clock pessimism              0.466     3.838    
                         clock uncertainty           -0.072     3.767    
    SLICE_X64Y95         FDRE (Setup_fdre_C_R)       -0.628     3.139    design_1_i/ultrasoon_1/U0/ultrasoon_slave_lite_v1_0_S00_AXI_inst/Core1/centimeters_reg[6]
  -------------------------------------------------------------------
                         required time                          3.139    
                         arrival time                          -1.407    
  -------------------------------------------------------------------
                         slack                                  1.732    

Slack (MET) :             1.732ns  (required time - arrival time)
  Source:                 design_1_i/ultrasoon_1/U0/ultrasoon_slave_lite_v1_0_S00_AXI_inst/Core1/PS_reg[1]/C
                            (rising edge-triggered cell FDRE clocked by clk_out1_design_1_clk_wiz_0_0  {rise@0.000ns fall@5.000ns period=10.000ns})
  Destination:            design_1_i/ultrasoon_1/U0/ultrasoon_slave_lite_v1_0_S00_AXI_inst/Core1/centimeters_reg[7]/R
                            (falling edge-triggered cell FDRE clocked by clk_out1_design_1_clk_wiz_0_0  {rise@0.000ns fall@5.000ns period=10.000ns})
  Path Group:             clk_out1_design_1_clk_wiz_0_0
  Path Type:              Setup (Max at Slow Process Corner)
  Requirement:            5.000ns  (clk_out1_design_1_clk_wiz_0_0 fall@5.000ns - clk_out1_design_1_clk_wiz_0_0 rise@0.000ns)
  Data Path Delay:        2.216ns  (logic 0.606ns (27.352%)  route 1.610ns (72.648%))
  Logic Levels:           1  (LUT2=1)
  Clock Path Skew:        -0.353ns (DCD - SCD + CPR)
    Destination Clock Delay (DCD):    -1.628ns = ( 3.372 - 5.000 ) 
    Source Clock Delay      (SCD):    -0.808ns
    Clock Pessimism Removal (CPR):    0.466ns
  Clock Uncertainty:      0.072ns  ((TSJ^2 + DJ^2)^1/2) / 2 + PE
    Total System Jitter     (TSJ):    0.071ns
    Discrete Jitter          (DJ):    0.125ns
    Phase Error              (PE):    0.000ns

    Location             Delay type                Incr(ns)  Path(ns)    Netlist Resource(s)
  -------------------------------------------------------------------    -------------------
                         (clock clk_out1_design_1_clk_wiz_0_0 rise edge)
                                                      0.000     0.000 r  
    H16                                               0.000     0.000 r  sys_clock (IN)
                         net (fo=0)                   0.000     0.000    design_1_i/clk_wiz_0/inst/clk_in1
    H16                  IBUF (Prop_ibuf_I_O)         1.451     1.451 r  design_1_i/clk_wiz_0/inst/clkin1_ibufg/O
                         net (fo=1, routed)           1.285     2.736    design_1_i/clk_wiz_0/inst/clk_in1_design_1_clk_wiz_0_0
    MMCME2_ADV_X1Y2      MMCME2_ADV (Prop_mmcme2_adv_CLKIN1_CLKOUT0)
                                                     -7.759    -5.023 r  design_1_i/clk_wiz_0/inst/mmcm_adv_inst/CLKOUT0
                         net (fo=1, routed)           2.206    -2.817    design_1_i/clk_wiz_0/inst/clk_out1_design_1_clk_wiz_0_0
    BUFGCTRL_X0Y17       BUFG (Prop_bufg_I_O)         0.101    -2.716 r  design_1_i/clk_wiz_0/inst/clkout1_buf/O
                         net (fo=180, routed)         1.908    -0.808    design_1_i/ultrasoon_1/U0/ultrasoon_slave_lite_v1_0_S00_AXI_inst/Core1/clk
    SLICE_X64Y100        FDRE                                         r  design_1_i/ultrasoon_1/U0/ultrasoon_slave_lite_v1_0_S00_AXI_inst/Core1/PS_reg[1]/C
  -------------------------------------------------------------------    -------------------
    SLICE_X64Y100        FDRE (Prop_fdre_C_Q)         0.456    -0.352 r  design_1_i/ultrasoon_1/U0/ultrasoon_slave_lite_v1_0_S00_AXI_inst/Core1/PS_reg[1]/Q
                         net (fo=8, routed)           0.827     0.474    design_1_i/ultrasoon_1/U0/ultrasoon_slave_lite_v1_0_S00_AXI_inst/Core1/PS[1]
    SLICE_X65Y99         LUT2 (Prop_lut2_I1_O)        0.150     0.624 r  design_1_i/ultrasoon_1/U0/ultrasoon_slave_lite_v1_0_S00_AXI_inst/Core1/count[16]_i_1/O
                         net (fo=33, routed)          0.783     1.407    design_1_i/ultrasoon_1/U0/ultrasoon_slave_lite_v1_0_S00_AXI_inst/Core1/centimeters
    SLICE_X64Y95         FDRE                                         r  design_1_i/ultrasoon_1/U0/ultrasoon_slave_lite_v1_0_S00_AXI_inst/Core1/centimeters_reg[7]/R
  -------------------------------------------------------------------    -------------------

                         (clock clk_out1_design_1_clk_wiz_0_0 fall edge)
                                                      5.000     5.000 f  
    H16                                               0.000     5.000 f  sys_clock (IN)
                         net (fo=0)                   0.000     5.000    design_1_i/clk_wiz_0/inst/clk_in1
    H16                  IBUF (Prop_ibuf_I_O)         1.380     6.380 f  design_1_i/clk_wiz_0/inst/clkin1_ibufg/O
                         net (fo=1, routed)           1.162     7.542    design_1_i/clk_wiz_0/inst/clk_in1_design_1_clk_wiz_0_0
    MMCME2_ADV_X1Y2      MMCME2_ADV (Prop_mmcme2_adv_CLKIN1_CLKOUT0)
                                                     -7.814    -0.272 f  design_1_i/clk_wiz_0/inst/mmcm_adv_inst/CLKOUT0
                         net (fo=1, routed)           2.012     1.740    design_1_i/clk_wiz_0/inst/clk_out1_design_1_clk_wiz_0_0
    BUFGCTRL_X0Y17       BUFG (Prop_bufg_I_O)         0.091     1.831 f  design_1_i/clk_wiz_0/inst/clkout1_buf/O
                         net (fo=180, routed)         1.541     3.372    design_1_i/ultrasoon_1/U0/ultrasoon_slave_lite_v1_0_S00_AXI_inst/Core1/clk
    SLICE_X64Y95         FDRE                                         r  design_1_i/ultrasoon_1/U0/ultrasoon_slave_lite_v1_0_S00_AXI_inst/Core1/centimeters_reg[7]/C  (IS_INVERTED)
                         clock pessimism              0.466     3.838    
                         clock uncertainty           -0.072     3.767    
    SLICE_X64Y95         FDRE (Setup_fdre_C_R)       -0.628     3.139    design_1_i/ultrasoon_1/U0/ultrasoon_slave_lite_v1_0_S00_AXI_inst/Core1/centimeters_reg[7]
  -------------------------------------------------------------------
                         required time                          3.139    
                         arrival time                          -1.407    
  -------------------------------------------------------------------
                         slack                                  1.732    

Slack (MET) :             1.791ns  (required time - arrival time)
  Source:                 design_1_i/ultrasoon_1/U0/ultrasoon_slave_lite_v1_0_S00_AXI_inst/Core1/PS_reg[1]/C
                            (rising edge-triggered cell FDRE clocked by clk_out1_design_1_clk_wiz_0_0  {rise@0.000ns fall@5.000ns period=10.000ns})
  Destination:            design_1_i/ultrasoon_1/U0/ultrasoon_slave_lite_v1_0_S00_AXI_inst/Core1/centimeters_reg[10]/R
                            (falling edge-triggered cell FDRE clocked by clk_out1_design_1_clk_wiz_0_0  {rise@0.000ns fall@5.000ns period=10.000ns})
  Path Group:             clk_out1_design_1_clk_wiz_0_0
  Path Type:              Setup (Max at Slow Process Corner)
  Requirement:            5.000ns  (clk_out1_design_1_clk_wiz_0_0 fall@5.000ns - clk_out1_design_1_clk_wiz_0_0 rise@0.000ns)
  Data Path Delay:        2.156ns  (logic 0.606ns (28.107%)  route 1.550ns (71.893%))
  Logic Levels:           1  (LUT2=1)
  Clock Path Skew:        -0.353ns (DCD - SCD + CPR)
    Destination Clock Delay (DCD):    -1.628ns = ( 3.372 - 5.000 ) 
    Source Clock Delay      (SCD):    -0.808ns
    Clock Pessimism Removal (CPR):    0.466ns
  Clock Uncertainty:      0.072ns  ((TSJ^2 + DJ^2)^1/2) / 2 + PE
    Total System Jitter     (TSJ):    0.071ns
    Discrete Jitter          (DJ):    0.125ns
    Phase Error              (PE):    0.000ns

    Location             Delay type                Incr(ns)  Path(ns)    Netlist Resource(s)
  -------------------------------------------------------------------    -------------------
                         (clock clk_out1_design_1_clk_wiz_0_0 rise edge)
                                                      0.000     0.000 r  
    H16                                               0.000     0.000 r  sys_clock (IN)
                         net (fo=0)                   0.000     0.000    design_1_i/clk_wiz_0/inst/clk_in1
    H16                  IBUF (Prop_ibuf_I_O)         1.451     1.451 r  design_1_i/clk_wiz_0/inst/clkin1_ibufg/O
                         net (fo=1, routed)           1.285     2.736    design_1_i/clk_wiz_0/inst/clk_in1_design_1_clk_wiz_0_0
    MMCME2_ADV_X1Y2      MMCME2_ADV (Prop_mmcme2_adv_CLKIN1_CLKOUT0)
                                                     -7.759    -5.023 r  design_1_i/clk_wiz_0/inst/mmcm_adv_inst/CLKOUT0
                         net (fo=1, routed)           2.206    -2.817    design_1_i/clk_wiz_0/inst/clk_out1_design_1_clk_wiz_0_0
    BUFGCTRL_X0Y17       BUFG (Prop_bufg_I_O)         0.101    -2.716 r  design_1_i/clk_wiz_0/inst/clkout1_buf/O
                         net (fo=180, routed)         1.908    -0.808    design_1_i/ultrasoon_1/U0/ultrasoon_slave_lite_v1_0_S00_AXI_inst/Core1/clk
    SLICE_X64Y100        FDRE                                         r  design_1_i/ultrasoon_1/U0/ultrasoon_slave_lite_v1_0_S00_AXI_inst/Core1/PS_reg[1]/C
  -------------------------------------------------------------------    -------------------
    SLICE_X64Y100        FDRE (Prop_fdre_C_Q)         0.456    -0.352 r  design_1_i/ultrasoon_1/U0/ultrasoon_slave_lite_v1_0_S00_AXI_inst/Core1/PS_reg[1]/Q
                         net (fo=8, routed)           0.827     0.474    design_1_i/ultrasoon_1/U0/ultrasoon_slave_lite_v1_0_S00_AXI_inst/Core1/PS[1]
    SLICE_X65Y99         LUT2 (Prop_lut2_I1_O)        0.150     0.624 r  design_1_i/ultrasoon_1/U0/ultrasoon_slave_lite_v1_0_S00_AXI_inst/Core1/count[16]_i_1/O
                         net (fo=33, routed)          0.724     1.348    design_1_i/ultrasoon_1/U0/ultrasoon_slave_lite_v1_0_S00_AXI_inst/Core1/centimeters
    SLICE_X64Y96         FDRE                                         r  design_1_i/ultrasoon_1/U0/ultrasoon_slave_lite_v1_0_S00_AXI_inst/Core1/centimeters_reg[10]/R
  -------------------------------------------------------------------    -------------------

                         (clock clk_out1_design_1_clk_wiz_0_0 fall edge)
                                                      5.000     5.000 f  
    H16                                               0.000     5.000 f  sys_clock (IN)
                         net (fo=0)                   0.000     5.000    design_1_i/clk_wiz_0/inst/clk_in1
    H16                  IBUF (Prop_ibuf_I_O)         1.380     6.380 f  design_1_i/clk_wiz_0/inst/clkin1_ibufg/O
                         net (fo=1, routed)           1.162     7.542    design_1_i/clk_wiz_0/inst/clk_in1_design_1_clk_wiz_0_0
    MMCME2_ADV_X1Y2      MMCME2_ADV (Prop_mmcme2_adv_CLKIN1_CLKOUT0)
                                                     -7.814    -0.272 f  design_1_i/clk_wiz_0/inst/mmcm_adv_inst/CLKOUT0
                         net (fo=1, routed)           2.012     1.740    design_1_i/clk_wiz_0/inst/clk_out1_design_1_clk_wiz_0_0
    BUFGCTRL_X0Y17       BUFG (Prop_bufg_I_O)         0.091     1.831 f  design_1_i/clk_wiz_0/inst/clkout1_buf/O
                         net (fo=180, routed)         1.541     3.372    design_1_i/ultrasoon_1/U0/ultrasoon_slave_lite_v1_0_S00_AXI_inst/Core1/clk
    SLICE_X64Y96         FDRE                                         r  design_1_i/ultrasoon_1/U0/ultrasoon_slave_lite_v1_0_S00_AXI_inst/Core1/centimeters_reg[10]/C  (IS_INVERTED)
                         clock pessimism              0.466     3.838    
                         clock uncertainty           -0.072     3.767    
    SLICE_X64Y96         FDRE (Setup_fdre_C_R)       -0.628     3.139    design_1_i/ultrasoon_1/U0/ultrasoon_slave_lite_v1_0_S00_AXI_inst/Core1/centimeters_reg[10]
  -------------------------------------------------------------------
                         required time                          3.139    
                         arrival time                          -1.348    
  -------------------------------------------------------------------
                         slack                                  1.791    

Slack (MET) :             1.791ns  (required time - arrival time)
  Source:                 design_1_i/ultrasoon_1/U0/ultrasoon_slave_lite_v1_0_S00_AXI_inst/Core1/PS_reg[1]/C
                            (rising edge-triggered cell FDRE clocked by clk_out1_design_1_clk_wiz_0_0  {rise@0.000ns fall@5.000ns period=10.000ns})
  Destination:            design_1_i/ultrasoon_1/U0/ultrasoon_slave_lite_v1_0_S00_AXI_inst/Core1/centimeters_reg[11]/R
                            (falling edge-triggered cell FDRE clocked by clk_out1_design_1_clk_wiz_0_0  {rise@0.000ns fall@5.000ns period=10.000ns})
  Path Group:             clk_out1_design_1_clk_wiz_0_0
  Path Type:              Setup (Max at Slow Process Corner)
  Requirement:            5.000ns  (clk_out1_design_1_clk_wiz_0_0 fall@5.000ns - clk_out1_design_1_clk_wiz_0_0 rise@0.000ns)
  Data Path Delay:        2.156ns  (logic 0.606ns (28.107%)  route 1.550ns (71.893%))
  Logic Levels:           1  (LUT2=1)
  Clock Path Skew:        -0.353ns (DCD - SCD + CPR)
    Destination Clock Delay (DCD):    -1.628ns = ( 3.372 - 5.000 ) 
    Source Clock Delay      (SCD):    -0.808ns
    Clock Pessimism Removal (CPR):    0.466ns
  Clock Uncertainty:      0.072ns  ((TSJ^2 + DJ^2)^1/2) / 2 + PE
    Total System Jitter     (TSJ):    0.071ns
    Discrete Jitter          (DJ):    0.125ns
    Phase Error              (PE):    0.000ns

    Location             Delay type                Incr(ns)  Path(ns)    Netlist Resource(s)
  -------------------------------------------------------------------    -------------------
                         (clock clk_out1_design_1_clk_wiz_0_0 rise edge)
                                                      0.000     0.000 r  
    H16                                               0.000     0.000 r  sys_clock (IN)
                         net (fo=0)                   0.000     0.000    design_1_i/clk_wiz_0/inst/clk_in1
    H16                  IBUF (Prop_ibuf_I_O)         1.451     1.451 r  design_1_i/clk_wiz_0/inst/clkin1_ibufg/O
                         net (fo=1, routed)           1.285     2.736    design_1_i/clk_wiz_0/inst/clk_in1_design_1_clk_wiz_0_0
    MMCME2_ADV_X1Y2      MMCME2_ADV (Prop_mmcme2_adv_CLKIN1_CLKOUT0)
                                                     -7.759    -5.023 r  design_1_i/clk_wiz_0/inst/mmcm_adv_inst/CLKOUT0
                         net (fo=1, routed)           2.206    -2.817    design_1_i/clk_wiz_0/inst/clk_out1_design_1_clk_wiz_0_0
    BUFGCTRL_X0Y17       BUFG (Prop_bufg_I_O)         0.101    -2.716 r  design_1_i/clk_wiz_0/inst/clkout1_buf/O
                         net (fo=180, routed)         1.908    -0.808    design_1_i/ultrasoon_1/U0/ultrasoon_slave_lite_v1_0_S00_AXI_inst/Core1/clk
    SLICE_X64Y100        FDRE                                         r  design_1_i/ultrasoon_1/U0/ultrasoon_slave_lite_v1_0_S00_AXI_inst/Core1/PS_reg[1]/C
  -------------------------------------------------------------------    -------------------
    SLICE_X64Y100        FDRE (Prop_fdre_C_Q)         0.456    -0.352 r  design_1_i/ultrasoon_1/U0/ultrasoon_slave_lite_v1_0_S00_AXI_inst/Core1/PS_reg[1]/Q
                         net (fo=8, routed)           0.827     0.474    design_1_i/ultrasoon_1/U0/ultrasoon_slave_lite_v1_0_S00_AXI_inst/Core1/PS[1]
    SLICE_X65Y99         LUT2 (Prop_lut2_I1_O)        0.150     0.624 r  design_1_i/ultrasoon_1/U0/ultrasoon_slave_lite_v1_0_S00_AXI_inst/Core1/count[16]_i_1/O
                         net (fo=33, routed)          0.724     1.348    design_1_i/ultrasoon_1/U0/ultrasoon_slave_lite_v1_0_S00_AXI_inst/Core1/centimeters
    SLICE_X64Y96         FDRE                                         r  design_1_i/ultrasoon_1/U0/ultrasoon_slave_lite_v1_0_S00_AXI_inst/Core1/centimeters_reg[11]/R
  -------------------------------------------------------------------    -------------------

                         (clock clk_out1_design_1_clk_wiz_0_0 fall edge)
                                                      5.000     5.000 f  
    H16                                               0.000     5.000 f  sys_clock (IN)
                         net (fo=0)                   0.000     5.000    design_1_i/clk_wiz_0/inst/clk_in1
    H16                  IBUF (Prop_ibuf_I_O)         1.380     6.380 f  design_1_i/clk_wiz_0/inst/clkin1_ibufg/O
                         net (fo=1, routed)           1.162     7.542    design_1_i/clk_wiz_0/inst/clk_in1_design_1_clk_wiz_0_0
    MMCME2_ADV_X1Y2      MMCME2_ADV (Prop_mmcme2_adv_CLKIN1_CLKOUT0)
                                                     -7.814    -0.272 f  design_1_i/clk_wiz_0/inst/mmcm_adv_inst/CLKOUT0
                         net (fo=1, routed)           2.012     1.740    design_1_i/clk_wiz_0/inst/clk_out1_design_1_clk_wiz_0_0
    BUFGCTRL_X0Y17       BUFG (Prop_bufg_I_O)         0.091     1.831 f  design_1_i/clk_wiz_0/inst/clkout1_buf/O
                         net (fo=180, routed)         1.541     3.372    design_1_i/ultrasoon_1/U0/ultrasoon_slave_lite_v1_0_S00_AXI_inst/Core1/clk
    SLICE_X64Y96         FDRE                                         r  design_1_i/ultrasoon_1/U0/ultrasoon_slave_lite_v1_0_S00_AXI_inst/Core1/centimeters_reg[11]/C  (IS_INVERTED)
                         clock pessimism              0.466     3.838    
                         clock uncertainty           -0.072     3.767    
    SLICE_X64Y96         FDRE (Setup_fdre_C_R)       -0.628     3.139    design_1_i/ultrasoon_1/U0/ultrasoon_slave_lite_v1_0_S00_AXI_inst/Core1/centimeters_reg[11]
  -------------------------------------------------------------------
                         required time                          3.139    
                         arrival time                          -1.348    
  -------------------------------------------------------------------
                         slack                                  1.791    

Slack (MET) :             1.791ns  (required time - arrival time)
  Source:                 design_1_i/ultrasoon_1/U0/ultrasoon_slave_lite_v1_0_S00_AXI_inst/Core1/PS_reg[1]/C
                            (rising edge-triggered cell FDRE clocked by clk_out1_design_1_clk_wiz_0_0  {rise@0.000ns fall@5.000ns period=10.000ns})
  Destination:            design_1_i/ultrasoon_1/U0/ultrasoon_slave_lite_v1_0_S00_AXI_inst/Core1/centimeters_reg[8]/R
                            (falling edge-triggered cell FDRE clocked by clk_out1_design_1_clk_wiz_0_0  {rise@0.000ns fall@5.000ns period=10.000ns})
  Path Group:             clk_out1_design_1_clk_wiz_0_0
  Path Type:              Setup (Max at Slow Process Corner)
  Requirement:            5.000ns  (clk_out1_design_1_clk_wiz_0_0 fall@5.000ns - clk_out1_design_1_clk_wiz_0_0 rise@0.000ns)
  Data Path Delay:        2.156ns  (logic 0.606ns (28.107%)  route 1.550ns (71.893%))
  Logic Levels:           1  (LUT2=1)
  Clock Path Skew:        -0.353ns (DCD - SCD + CPR)
    Destination Clock Delay (DCD):    -1.628ns = ( 3.372 - 5.000 ) 
    Source Clock Delay      (SCD):    -0.808ns
    Clock Pessimism Removal (CPR):    0.466ns
  Clock Uncertainty:      0.072ns  ((TSJ^2 + DJ^2)^1/2) / 2 + PE
    Total System Jitter     (TSJ):    0.071ns
    Discrete Jitter          (DJ):    0.125ns
    Phase Error              (PE):    0.000ns

    Location             Delay type                Incr(ns)  Path(ns)    Netlist Resource(s)
  -------------------------------------------------------------------    -------------------
                         (clock clk_out1_design_1_clk_wiz_0_0 rise edge)
                                                      0.000     0.000 r  
    H16                                               0.000     0.000 r  sys_clock (IN)
                         net (fo=0)                   0.000     0.000    design_1_i/clk_wiz_0/inst/clk_in1
    H16                  IBUF (Prop_ibuf_I_O)         1.451     1.451 r  design_1_i/clk_wiz_0/inst/clkin1_ibufg/O
                         net (fo=1, routed)           1.285     2.736    design_1_i/clk_wiz_0/inst/clk_in1_design_1_clk_wiz_0_0
    MMCME2_ADV_X1Y2      MMCME2_ADV (Prop_mmcme2_adv_CLKIN1_CLKOUT0)
                                                     -7.759    -5.023 r  design_1_i/clk_wiz_0/inst/mmcm_adv_inst/CLKOUT0
                         net (fo=1, routed)           2.206    -2.817    design_1_i/clk_wiz_0/inst/clk_out1_design_1_clk_wiz_0_0
    BUFGCTRL_X0Y17       BUFG (Prop_bufg_I_O)         0.101    -2.716 r  design_1_i/clk_wiz_0/inst/clkout1_buf/O
                         net (fo=180, routed)         1.908    -0.808    design_1_i/ultrasoon_1/U0/ultrasoon_slave_lite_v1_0_S00_AXI_inst/Core1/clk
    SLICE_X64Y100        FDRE                                         r  design_1_i/ultrasoon_1/U0/ultrasoon_slave_lite_v1_0_S00_AXI_inst/Core1/PS_reg[1]/C
  -------------------------------------------------------------------    -------------------
    SLICE_X64Y100        FDRE (Prop_fdre_C_Q)         0.456    -0.352 r  design_1_i/ultrasoon_1/U0/ultrasoon_slave_lite_v1_0_S00_AXI_inst/Core1/PS_reg[1]/Q
                         net (fo=8, routed)           0.827     0.474    design_1_i/ultrasoon_1/U0/ultrasoon_slave_lite_v1_0_S00_AXI_inst/Core1/PS[1]
    SLICE_X65Y99         LUT2 (Prop_lut2_I1_O)        0.150     0.624 r  design_1_i/ultrasoon_1/U0/ultrasoon_slave_lite_v1_0_S00_AXI_inst/Core1/count[16]_i_1/O
                         net (fo=33, routed)          0.724     1.348    design_1_i/ultrasoon_1/U0/ultrasoon_slave_lite_v1_0_S00_AXI_inst/Core1/centimeters
    SLICE_X64Y96         FDRE                                         r  design_1_i/ultrasoon_1/U0/ultrasoon_slave_lite_v1_0_S00_AXI_inst/Core1/centimeters_reg[8]/R
  -------------------------------------------------------------------    -------------------

                         (clock clk_out1_design_1_clk_wiz_0_0 fall edge)
                                                      5.000     5.000 f  
    H16                                               0.000     5.000 f  sys_clock (IN)
                         net (fo=0)                   0.000     5.000    design_1_i/clk_wiz_0/inst/clk_in1
    H16                  IBUF (Prop_ibuf_I_O)         1.380     6.380 f  design_1_i/clk_wiz_0/inst/clkin1_ibufg/O
                         net (fo=1, routed)           1.162     7.542    design_1_i/clk_wiz_0/inst/clk_in1_design_1_clk_wiz_0_0
    MMCME2_ADV_X1Y2      MMCME2_ADV (Prop_mmcme2_adv_CLKIN1_CLKOUT0)
                                                     -7.814    -0.272 f  design_1_i/clk_wiz_0/inst/mmcm_adv_inst/CLKOUT0
                         net (fo=1, routed)           2.012     1.740    design_1_i/clk_wiz_0/inst/clk_out1_design_1_clk_wiz_0_0
    BUFGCTRL_X0Y17       BUFG (Prop_bufg_I_O)         0.091     1.831 f  design_1_i/clk_wiz_0/inst/clkout1_buf/O
                         net (fo=180, routed)         1.541     3.372    design_1_i/ultrasoon_1/U0/ultrasoon_slave_lite_v1_0_S00_AXI_inst/Core1/clk
    SLICE_X64Y96         FDRE                                         r  design_1_i/ultrasoon_1/U0/ultrasoon_slave_lite_v1_0_S00_AXI_inst/Core1/centimeters_reg[8]/C  (IS_INVERTED)
                         clock pessimism              0.466     3.838    
                         clock uncertainty           -0.072     3.767    
    SLICE_X64Y96         FDRE (Setup_fdre_C_R)       -0.628     3.139    design_1_i/ultrasoon_1/U0/ultrasoon_slave_lite_v1_0_S00_AXI_inst/Core1/centimeters_reg[8]
  -------------------------------------------------------------------
                         required time                          3.139    
                         arrival time                          -1.348    
  -------------------------------------------------------------------
                         slack                                  1.791    

Slack (MET) :             1.791ns  (required time - arrival time)
  Source:                 design_1_i/ultrasoon_1/U0/ultrasoon_slave_lite_v1_0_S00_AXI_inst/Core1/PS_reg[1]/C
                            (rising edge-triggered cell FDRE clocked by clk_out1_design_1_clk_wiz_0_0  {rise@0.000ns fall@5.000ns period=10.000ns})
  Destination:            design_1_i/ultrasoon_1/U0/ultrasoon_slave_lite_v1_0_S00_AXI_inst/Core1/centimeters_reg[9]/R
                            (falling edge-triggered cell FDRE clocked by clk_out1_design_1_clk_wiz_0_0  {rise@0.000ns fall@5.000ns period=10.000ns})
  Path Group:             clk_out1_design_1_clk_wiz_0_0
  Path Type:              Setup (Max at Slow Process Corner)
  Requirement:            5.000ns  (clk_out1_design_1_clk_wiz_0_0 fall@5.000ns - clk_out1_design_1_clk_wiz_0_0 rise@0.000ns)
  Data Path Delay:        2.156ns  (logic 0.606ns (28.107%)  route 1.550ns (71.893%))
  Logic Levels:           1  (LUT2=1)
  Clock Path Skew:        -0.353ns (DCD - SCD + CPR)
    Destination Clock Delay (DCD):    -1.628ns = ( 3.372 - 5.000 ) 
    Source Clock Delay      (SCD):    -0.808ns
    Clock Pessimism Removal (CPR):    0.466ns
  Clock Uncertainty:      0.072ns  ((TSJ^2 + DJ^2)^1/2) / 2 + PE
    Total System Jitter     (TSJ):    0.071ns
    Discrete Jitter          (DJ):    0.125ns
    Phase Error              (PE):    0.000ns

    Location             Delay type                Incr(ns)  Path(ns)    Netlist Resource(s)
  -------------------------------------------------------------------    -------------------
                         (clock clk_out1_design_1_clk_wiz_0_0 rise edge)
                                                      0.000     0.000 r  
    H16                                               0.000     0.000 r  sys_clock (IN)
                         net (fo=0)                   0.000     0.000    design_1_i/clk_wiz_0/inst/clk_in1
    H16                  IBUF (Prop_ibuf_I_O)         1.451     1.451 r  design_1_i/clk_wiz_0/inst/clkin1_ibufg/O
                         net (fo=1, routed)           1.285     2.736    design_1_i/clk_wiz_0/inst/clk_in1_design_1_clk_wiz_0_0
    MMCME2_ADV_X1Y2      MMCME2_ADV (Prop_mmcme2_adv_CLKIN1_CLKOUT0)
                                                     -7.759    -5.023 r  design_1_i/clk_wiz_0/inst/mmcm_adv_inst/CLKOUT0
                         net (fo=1, routed)           2.206    -2.817    design_1_i/clk_wiz_0/inst/clk_out1_design_1_clk_wiz_0_0
    BUFGCTRL_X0Y17       BUFG (Prop_bufg_I_O)         0.101    -2.716 r  design_1_i/clk_wiz_0/inst/clkout1_buf/O
                         net (fo=180, routed)         1.908    -0.808    design_1_i/ultrasoon_1/U0/ultrasoon_slave_lite_v1_0_S00_AXI_inst/Core1/clk
    SLICE_X64Y100        FDRE                                         r  design_1_i/ultrasoon_1/U0/ultrasoon_slave_lite_v1_0_S00_AXI_inst/Core1/PS_reg[1]/C
  -------------------------------------------------------------------    -------------------
    SLICE_X64Y100        FDRE (Prop_fdre_C_Q)         0.456    -0.352 r  design_1_i/ultrasoon_1/U0/ultrasoon_slave_lite_v1_0_S00_AXI_inst/Core1/PS_reg[1]/Q
                         net (fo=8, routed)           0.827     0.474    design_1_i/ultrasoon_1/U0/ultrasoon_slave_lite_v1_0_S00_AXI_inst/Core1/PS[1]
    SLICE_X65Y99         LUT2 (Prop_lut2_I1_O)        0.150     0.624 r  design_1_i/ultrasoon_1/U0/ultrasoon_slave_lite_v1_0_S00_AXI_inst/Core1/count[16]_i_1/O
                         net (fo=33, routed)          0.724     1.348    design_1_i/ultrasoon_1/U0/ultrasoon_slave_lite_v1_0_S00_AXI_inst/Core1/centimeters
    SLICE_X64Y96         FDRE                                         r  design_1_i/ultrasoon_1/U0/ultrasoon_slave_lite_v1_0_S00_AXI_inst/Core1/centimeters_reg[9]/R
  -------------------------------------------------------------------    -------------------

                         (clock clk_out1_design_1_clk_wiz_0_0 fall edge)
                                                      5.000     5.000 f  
    H16                                               0.000     5.000 f  sys_clock (IN)
                         net (fo=0)                   0.000     5.000    design_1_i/clk_wiz_0/inst/clk_in1
    H16                  IBUF (Prop_ibuf_I_O)         1.380     6.380 f  design_1_i/clk_wiz_0/inst/clkin1_ibufg/O
                         net (fo=1, routed)           1.162     7.542    design_1_i/clk_wiz_0/inst/clk_in1_design_1_clk_wiz_0_0
    MMCME2_ADV_X1Y2      MMCME2_ADV (Prop_mmcme2_adv_CLKIN1_CLKOUT0)
                                                     -7.814    -0.272 f  design_1_i/clk_wiz_0/inst/mmcm_adv_inst/CLKOUT0
                         net (fo=1, routed)           2.012     1.740    design_1_i/clk_wiz_0/inst/clk_out1_design_1_clk_wiz_0_0
    BUFGCTRL_X0Y17       BUFG (Prop_bufg_I_O)         0.091     1.831 f  design_1_i/clk_wiz_0/inst/clkout1_buf/O
                         net (fo=180, routed)         1.541     3.372    design_1_i/ultrasoon_1/U0/ultrasoon_slave_lite_v1_0_S00_AXI_inst/Core1/clk
    SLICE_X64Y96         FDRE                                         r  design_1_i/ultrasoon_1/U0/ultrasoon_slave_lite_v1_0_S00_AXI_inst/Core1/centimeters_reg[9]/C  (IS_INVERTED)
                         clock pessimism              0.466     3.838    
                         clock uncertainty           -0.072     3.767    
    SLICE_X64Y96         FDRE (Setup_fdre_C_R)       -0.628     3.139    design_1_i/ultrasoon_1/U0/ultrasoon_slave_lite_v1_0_S00_AXI_inst/Core1/centimeters_reg[9]
  -------------------------------------------------------------------
                         required time                          3.139    
                         arrival time                          -1.348    
  -------------------------------------------------------------------
                         slack                                  1.791    

Slack (MET) :             1.870ns  (required time - arrival time)
  Source:                 design_1_i/ultrasoon_1/U0/ultrasoon_slave_lite_v1_0_S00_AXI_inst/Core1/PS_reg[1]/C
                            (rising edge-triggered cell FDRE clocked by clk_out1_design_1_clk_wiz_0_0  {rise@0.000ns fall@5.000ns period=10.000ns})
  Destination:            design_1_i/ultrasoon_1/U0/ultrasoon_slave_lite_v1_0_S00_AXI_inst/Core1/centimeters_reg[0]/R
                            (falling edge-triggered cell FDRE clocked by clk_out1_design_1_clk_wiz_0_0  {rise@0.000ns fall@5.000ns period=10.000ns})
  Path Group:             clk_out1_design_1_clk_wiz_0_0
  Path Type:              Setup (Max at Slow Process Corner)
  Requirement:            5.000ns  (clk_out1_design_1_clk_wiz_0_0 fall@5.000ns - clk_out1_design_1_clk_wiz_0_0 rise@0.000ns)
  Data Path Delay:        2.077ns  (logic 0.606ns (29.175%)  route 1.471ns (70.825%))
  Logic Levels:           1  (LUT2=1)
  Clock Path Skew:        -0.353ns (DCD - SCD + CPR)
    Destination Clock Delay (DCD):    -1.628ns = ( 3.372 - 5.000 ) 
    Source Clock Delay      (SCD):    -0.808ns
    Clock Pessimism Removal (CPR):    0.466ns
  Clock Uncertainty:      0.072ns  ((TSJ^2 + DJ^2)^1/2) / 2 + PE
    Total System Jitter     (TSJ):    0.071ns
    Discrete Jitter          (DJ):    0.125ns
    Phase Error              (PE):    0.000ns

    Location             Delay type                Incr(ns)  Path(ns)    Netlist Resource(s)
  -------------------------------------------------------------------    -------------------
                         (clock clk_out1_design_1_clk_wiz_0_0 rise edge)
                                                      0.000     0.000 r  
    H16                                               0.000     0.000 r  sys_clock (IN)
                         net (fo=0)                   0.000     0.000    design_1_i/clk_wiz_0/inst/clk_in1
    H16                  IBUF (Prop_ibuf_I_O)         1.451     1.451 r  design_1_i/clk_wiz_0/inst/clkin1_ibufg/O
                         net (fo=1, routed)           1.285     2.736    design_1_i/clk_wiz_0/inst/clk_in1_design_1_clk_wiz_0_0
    MMCME2_ADV_X1Y2      MMCME2_ADV (Prop_mmcme2_adv_CLKIN1_CLKOUT0)
                                                     -7.759    -5.023 r  design_1_i/clk_wiz_0/inst/mmcm_adv_inst/CLKOUT0
                         net (fo=1, routed)           2.206    -2.817    design_1_i/clk_wiz_0/inst/clk_out1_design_1_clk_wiz_0_0
    BUFGCTRL_X0Y17       BUFG (Prop_bufg_I_O)         0.101    -2.716 r  design_1_i/clk_wiz_0/inst/clkout1_buf/O
                         net (fo=180, routed)         1.908    -0.808    design_1_i/ultrasoon_1/U0/ultrasoon_slave_lite_v1_0_S00_AXI_inst/Core1/clk
    SLICE_X64Y100        FDRE                                         r  design_1_i/ultrasoon_1/U0/ultrasoon_slave_lite_v1_0_S00_AXI_inst/Core1/PS_reg[1]/C
  -------------------------------------------------------------------    -------------------
    SLICE_X64Y100        FDRE (Prop_fdre_C_Q)         0.456    -0.352 r  design_1_i/ultrasoon_1/U0/ultrasoon_slave_lite_v1_0_S00_AXI_inst/Core1/PS_reg[1]/Q
                         net (fo=8, routed)           0.827     0.474    design_1_i/ultrasoon_1/U0/ultrasoon_slave_lite_v1_0_S00_AXI_inst/Core1/PS[1]
    SLICE_X65Y99         LUT2 (Prop_lut2_I1_O)        0.150     0.624 r  design_1_i/ultrasoon_1/U0/ultrasoon_slave_lite_v1_0_S00_AXI_inst/Core1/count[16]_i_1/O
                         net (fo=33, routed)          0.645     1.269    design_1_i/ultrasoon_1/U0/ultrasoon_slave_lite_v1_0_S00_AXI_inst/Core1/centimeters
    SLICE_X64Y94         FDRE                                         r  design_1_i/ultrasoon_1/U0/ultrasoon_slave_lite_v1_0_S00_AXI_inst/Core1/centimeters_reg[0]/R
  -------------------------------------------------------------------    -------------------

                         (clock clk_out1_design_1_clk_wiz_0_0 fall edge)
                                                      5.000     5.000 f  
    H16                                               0.000     5.000 f  sys_clock (IN)
                         net (fo=0)                   0.000     5.000    design_1_i/clk_wiz_0/inst/clk_in1
    H16                  IBUF (Prop_ibuf_I_O)         1.380     6.380 f  design_1_i/clk_wiz_0/inst/clkin1_ibufg/O
                         net (fo=1, routed)           1.162     7.542    design_1_i/clk_wiz_0/inst/clk_in1_design_1_clk_wiz_0_0
    MMCME2_ADV_X1Y2      MMCME2_ADV (Prop_mmcme2_adv_CLKIN1_CLKOUT0)
                                                     -7.814    -0.272 f  design_1_i/clk_wiz_0/inst/mmcm_adv_inst/CLKOUT0
                         net (fo=1, routed)           2.012     1.740    design_1_i/clk_wiz_0/inst/clk_out1_design_1_clk_wiz_0_0
    BUFGCTRL_X0Y17       BUFG (Prop_bufg_I_O)         0.091     1.831 f  design_1_i/clk_wiz_0/inst/clkout1_buf/O
                         net (fo=180, routed)         1.541     3.372    design_1_i/ultrasoon_1/U0/ultrasoon_slave_lite_v1_0_S00_AXI_inst/Core1/clk
    SLICE_X64Y94         FDRE                                         r  design_1_i/ultrasoon_1/U0/ultrasoon_slave_lite_v1_0_S00_AXI_inst/Core1/centimeters_reg[0]/C  (IS_INVERTED)
                         clock pessimism              0.466     3.838    
                         clock uncertainty           -0.072     3.767    
    SLICE_X64Y94         FDRE (Setup_fdre_C_R)       -0.628     3.139    design_1_i/ultrasoon_1/U0/ultrasoon_slave_lite_v1_0_S00_AXI_inst/Core1/centimeters_reg[0]
  -------------------------------------------------------------------
                         required time                          3.139    
                         arrival time                          -1.269    
  -------------------------------------------------------------------
                         slack                                  1.870    

Slack (MET) :             1.870ns  (required time - arrival time)
  Source:                 design_1_i/ultrasoon_1/U0/ultrasoon_slave_lite_v1_0_S00_AXI_inst/Core1/PS_reg[1]/C
                            (rising edge-triggered cell FDRE clocked by clk_out1_design_1_clk_wiz_0_0  {rise@0.000ns fall@5.000ns period=10.000ns})
  Destination:            design_1_i/ultrasoon_1/U0/ultrasoon_slave_lite_v1_0_S00_AXI_inst/Core1/centimeters_reg[1]/R
                            (falling edge-triggered cell FDRE clocked by clk_out1_design_1_clk_wiz_0_0  {rise@0.000ns fall@5.000ns period=10.000ns})
  Path Group:             clk_out1_design_1_clk_wiz_0_0
  Path Type:              Setup (Max at Slow Process Corner)
  Requirement:            5.000ns  (clk_out1_design_1_clk_wiz_0_0 fall@5.000ns - clk_out1_design_1_clk_wiz_0_0 rise@0.000ns)
  Data Path Delay:        2.077ns  (logic 0.606ns (29.175%)  route 1.471ns (70.825%))
  Logic Levels:           1  (LUT2=1)
  Clock Path Skew:        -0.353ns (DCD - SCD + CPR)
    Destination Clock Delay (DCD):    -1.628ns = ( 3.372 - 5.000 ) 
    Source Clock Delay      (SCD):    -0.808ns
    Clock Pessimism Removal (CPR):    0.466ns
  Clock Uncertainty:      0.072ns  ((TSJ^2 + DJ^2)^1/2) / 2 + PE
    Total System Jitter     (TSJ):    0.071ns
    Discrete Jitter          (DJ):    0.125ns
    Phase Error              (PE):    0.000ns

    Location             Delay type                Incr(ns)  Path(ns)    Netlist Resource(s)
  -------------------------------------------------------------------    -------------------
                         (clock clk_out1_design_1_clk_wiz_0_0 rise edge)
                                                      0.000     0.000 r  
    H16                                               0.000     0.000 r  sys_clock (IN)
                         net (fo=0)                   0.000     0.000    design_1_i/clk_wiz_0/inst/clk_in1
    H16                  IBUF (Prop_ibuf_I_O)         1.451     1.451 r  design_1_i/clk_wiz_0/inst/clkin1_ibufg/O
                         net (fo=1, routed)           1.285     2.736    design_1_i/clk_wiz_0/inst/clk_in1_design_1_clk_wiz_0_0
    MMCME2_ADV_X1Y2      MMCME2_ADV (Prop_mmcme2_adv_CLKIN1_CLKOUT0)
                                                     -7.759    -5.023 r  design_1_i/clk_wiz_0/inst/mmcm_adv_inst/CLKOUT0
                         net (fo=1, routed)           2.206    -2.817    design_1_i/clk_wiz_0/inst/clk_out1_design_1_clk_wiz_0_0
    BUFGCTRL_X0Y17       BUFG (Prop_bufg_I_O)         0.101    -2.716 r  design_1_i/clk_wiz_0/inst/clkout1_buf/O
                         net (fo=180, routed)         1.908    -0.808    design_1_i/ultrasoon_1/U0/ultrasoon_slave_lite_v1_0_S00_AXI_inst/Core1/clk
    SLICE_X64Y100        FDRE                                         r  design_1_i/ultrasoon_1/U0/ultrasoon_slave_lite_v1_0_S00_AXI_inst/Core1/PS_reg[1]/C
  -------------------------------------------------------------------    -------------------
    SLICE_X64Y100        FDRE (Prop_fdre_C_Q)         0.456    -0.352 r  design_1_i/ultrasoon_1/U0/ultrasoon_slave_lite_v1_0_S00_AXI_inst/Core1/PS_reg[1]/Q
                         net (fo=8, routed)           0.827     0.474    design_1_i/ultrasoon_1/U0/ultrasoon_slave_lite_v1_0_S00_AXI_inst/Core1/PS[1]
    SLICE_X65Y99         LUT2 (Prop_lut2_I1_O)        0.150     0.624 r  design_1_i/ultrasoon_1/U0/ultrasoon_slave_lite_v1_0_S00_AXI_inst/Core1/count[16]_i_1/O
                         net (fo=33, routed)          0.645     1.269    design_1_i/ultrasoon_1/U0/ultrasoon_slave_lite_v1_0_S00_AXI_inst/Core1/centimeters
    SLICE_X64Y94         FDRE                                         r  design_1_i/ultrasoon_1/U0/ultrasoon_slave_lite_v1_0_S00_AXI_inst/Core1/centimeters_reg[1]/R
  -------------------------------------------------------------------    -------------------

                         (clock clk_out1_design_1_clk_wiz_0_0 fall edge)
                                                      5.000     5.000 f  
    H16                                               0.000     5.000 f  sys_clock (IN)
                         net (fo=0)                   0.000     5.000    design_1_i/clk_wiz_0/inst/clk_in1
    H16                  IBUF (Prop_ibuf_I_O)         1.380     6.380 f  design_1_i/clk_wiz_0/inst/clkin1_ibufg/O
                         net (fo=1, routed)           1.162     7.542    design_1_i/clk_wiz_0/inst/clk_in1_design_1_clk_wiz_0_0
    MMCME2_ADV_X1Y2      MMCME2_ADV (Prop_mmcme2_adv_CLKIN1_CLKOUT0)
                                                     -7.814    -0.272 f  design_1_i/clk_wiz_0/inst/mmcm_adv_inst/CLKOUT0
                         net (fo=1, routed)           2.012     1.740    design_1_i/clk_wiz_0/inst/clk_out1_design_1_clk_wiz_0_0
    BUFGCTRL_X0Y17       BUFG (Prop_bufg_I_O)         0.091     1.831 f  design_1_i/clk_wiz_0/inst/clkout1_buf/O
                         net (fo=180, routed)         1.541     3.372    design_1_i/ultrasoon_1/U0/ultrasoon_slave_lite_v1_0_S00_AXI_inst/Core1/clk
    SLICE_X64Y94         FDRE                                         r  design_1_i/ultrasoon_1/U0/ultrasoon_slave_lite_v1_0_S00_AXI_inst/Core1/centimeters_reg[1]/C  (IS_INVERTED)
                         clock pessimism              0.466     3.838    
                         clock uncertainty           -0.072     3.767    
    SLICE_X64Y94         FDRE (Setup_fdre_C_R)       -0.628     3.139    design_1_i/ultrasoon_1/U0/ultrasoon_slave_lite_v1_0_S00_AXI_inst/Core1/centimeters_reg[1]
  -------------------------------------------------------------------
                         required time                          3.139    
                         arrival time                          -1.269    
  -------------------------------------------------------------------
                         slack                                  1.870    





Min Delay Paths
--------------------------------------------------------------------------------------
Slack (MET) :             0.074ns  (arrival time - required time)
  Source:                 design_1_i/ultrasoon_1/U0/ultrasoon_slave_lite_v1_0_S00_AXI_inst/Core1/echo_synced_reg/C
                            (falling edge-triggered cell FDRE clocked by clk_out1_design_1_clk_wiz_0_0  {rise@0.000ns fall@5.000ns period=10.000ns})
  Destination:            design_1_i/ultrasoon_1/U0/ultrasoon_slave_lite_v1_0_S00_AXI_inst/Core1/NS_reg[1]/D
                            (falling edge-triggered cell FDRE clocked by clk_out1_design_1_clk_wiz_0_0  {rise@0.000ns fall@5.000ns period=10.000ns})
  Path Group:             clk_out1_design_1_clk_wiz_0_0
  Path Type:              Hold (Min at Fast Process Corner)
  Requirement:            0.000ns  (clk_out1_design_1_clk_wiz_0_0 fall@5.000ns - clk_out1_design_1_clk_wiz_0_0 fall@5.000ns)
  Data Path Delay:        0.354ns  (logic 0.191ns (53.933%)  route 0.163ns (46.067%))
  Logic Levels:           1  (LUT6=1)
  Clock Path Skew:        0.182ns (DCD - SCD - CPR)
    Destination Clock Delay (DCD):    -0.891ns = ( 4.109 - 5.000 ) 
    Source Clock Delay      (SCD):    -0.569ns = ( 4.431 - 5.000 ) 
    Clock Pessimism Removal (CPR):    -0.504ns

    Location             Delay type                Incr(ns)  Path(ns)    Netlist Resource(s)
  -------------------------------------------------------------------    -------------------
                         (clock clk_out1_design_1_clk_wiz_0_0 fall edge)
                                                      5.000     5.000 f  
    H16                                               0.000     5.000 f  sys_clock (IN)
                         net (fo=0)                   0.000     5.000    design_1_i/clk_wiz_0/inst/clk_in1
    H16                  IBUF (Prop_ibuf_I_O)         0.219     5.219 f  design_1_i/clk_wiz_0/inst/clkin1_ibufg/O
                         net (fo=1, routed)           0.440     5.659    design_1_i/clk_wiz_0/inst/clk_in1_design_1_clk_wiz_0_0
    MMCME2_ADV_X1Y2      MMCME2_ADV (Prop_mmcme2_adv_CLKIN1_CLKOUT0)
                                                     -2.613     3.046 f  design_1_i/clk_wiz_0/inst/mmcm_adv_inst/CLKOUT0
                         net (fo=1, routed)           0.696     3.743    design_1_i/clk_wiz_0/inst/clk_out1_design_1_clk_wiz_0_0
    BUFGCTRL_X0Y17       BUFG (Prop_bufg_I_O)         0.026     3.769 f  design_1_i/clk_wiz_0/inst/clkout1_buf/O
                         net (fo=180, routed)         0.662     4.431    design_1_i/ultrasoon_1/U0/ultrasoon_slave_lite_v1_0_S00_AXI_inst/Core1/clk
    SLICE_X63Y100        FDRE                                         r  design_1_i/ultrasoon_1/U0/ultrasoon_slave_lite_v1_0_S00_AXI_inst/Core1/echo_synced_reg/C  (IS_INVERTED)
  -------------------------------------------------------------------    -------------------
    SLICE_X63Y100        FDRE (Prop_fdre_C_Q)         0.146     4.577 f  design_1_i/ultrasoon_1/U0/ultrasoon_slave_lite_v1_0_S00_AXI_inst/Core1/echo_synced_reg/Q
                         net (fo=39, routed)          0.163     4.740    design_1_i/ultrasoon_1/U0/ultrasoon_slave_lite_v1_0_S00_AXI_inst/Core1/echo_synced
    SLICE_X64Y99         LUT6 (Prop_lut6_I0_O)        0.045     4.785 r  design_1_i/ultrasoon_1/U0/ultrasoon_slave_lite_v1_0_S00_AXI_inst/Core1/NS[1]_i_1/O
                         net (fo=1, routed)           0.000     4.785    design_1_i/ultrasoon_1/U0/ultrasoon_slave_lite_v1_0_S00_AXI_inst/Core1/NS[1]_i_1_n_0
    SLICE_X64Y99         FDRE                                         r  design_1_i/ultrasoon_1/U0/ultrasoon_slave_lite_v1_0_S00_AXI_inst/Core1/NS_reg[1]/D
  -------------------------------------------------------------------    -------------------

                         (clock clk_out1_design_1_clk_wiz_0_0 fall edge)
                                                      5.000     5.000 f  
    H16                                               0.000     5.000 f  sys_clock (IN)
                         net (fo=0)                   0.000     5.000    design_1_i/clk_wiz_0/inst/clk_in1
    H16                  IBUF (Prop_ibuf_I_O)         0.406     5.406 f  design_1_i/clk_wiz_0/inst/clkin1_ibufg/O
                         net (fo=1, routed)           0.480     5.886    design_1_i/clk_wiz_0/inst/clk_in1_design_1_clk_wiz_0_0
    MMCME2_ADV_X1Y2      MMCME2_ADV (Prop_mmcme2_adv_CLKIN1_CLKOUT0)
                                                     -3.407     2.479 f  design_1_i/clk_wiz_0/inst/mmcm_adv_inst/CLKOUT0
                         net (fo=1, routed)           0.752     3.231    design_1_i/clk_wiz_0/inst/clk_out1_design_1_clk_wiz_0_0
    BUFGCTRL_X0Y17       BUFG (Prop_bufg_I_O)         0.029     3.260 f  design_1_i/clk_wiz_0/inst/clkout1_buf/O
                         net (fo=180, routed)         0.849     4.109    design_1_i/ultrasoon_1/U0/ultrasoon_slave_lite_v1_0_S00_AXI_inst/Core1/clk
    SLICE_X64Y99         FDRE                                         r  design_1_i/ultrasoon_1/U0/ultrasoon_slave_lite_v1_0_S00_AXI_inst/Core1/NS_reg[1]/C  (IS_INVERTED)
                         clock pessimism              0.504     4.613    
    SLICE_X64Y99         FDRE (Hold_fdre_C_D)         0.098     4.711    design_1_i/ultrasoon_1/U0/ultrasoon_slave_lite_v1_0_S00_AXI_inst/Core1/NS_reg[1]
  -------------------------------------------------------------------
                         required time                         -4.711    
                         arrival time                           4.785    
  -------------------------------------------------------------------
                         slack                                  0.074    

Slack (MET) :             0.186ns  (arrival time - required time)
  Source:                 design_1_i/ultrasoon_1/U0/ultrasoon_slave_lite_v1_0_S00_AXI_inst/Core1/centimeters_reg[2]/C
                            (falling edge-triggered cell FDRE clocked by clk_out1_design_1_clk_wiz_0_0  {rise@0.000ns fall@5.000ns period=10.000ns})
  Destination:            design_1_i/ultrasoon_1/U0/ultrasoon_slave_lite_v1_0_S00_AXI_inst/Core1/centimeter_reg[2]/D
                            (falling edge-triggered cell FDRE clocked by clk_out1_design_1_clk_wiz_0_0  {rise@0.000ns fall@5.000ns period=10.000ns})
  Path Group:             clk_out1_design_1_clk_wiz_0_0
  Path Type:              Hold (Min at Fast Process Corner)
  Requirement:            0.000ns  (clk_out1_design_1_clk_wiz_0_0 fall@5.000ns - clk_out1_design_1_clk_wiz_0_0 fall@5.000ns)
  Data Path Delay:        0.279ns  (logic 0.146ns (52.330%)  route 0.133ns (47.670%))
  Logic Levels:           0  
  Clock Path Skew:        0.016ns (DCD - SCD - CPR)
    Destination Clock Delay (DCD):    -0.892ns = ( 4.108 - 5.000 ) 
    Source Clock Delay      (SCD):    -0.652ns = ( 4.348 - 5.000 ) 
    Clock Pessimism Removal (CPR):    -0.255ns

    Location             Delay type                Incr(ns)  Path(ns)    Netlist Resource(s)
  -------------------------------------------------------------------    -------------------
                         (clock clk_out1_design_1_clk_wiz_0_0 fall edge)
                                                      5.000     5.000 f  
    H16                                               0.000     5.000 f  sys_clock (IN)
                         net (fo=0)                   0.000     5.000    design_1_i/clk_wiz_0/inst/clk_in1
    H16                  IBUF (Prop_ibuf_I_O)         0.219     5.219 f  design_1_i/clk_wiz_0/inst/clkin1_ibufg/O
                         net (fo=1, routed)           0.440     5.659    design_1_i/clk_wiz_0/inst/clk_in1_design_1_clk_wiz_0_0
    MMCME2_ADV_X1Y2      MMCME2_ADV (Prop_mmcme2_adv_CLKIN1_CLKOUT0)
                                                     -2.613     3.046 f  design_1_i/clk_wiz_0/inst/mmcm_adv_inst/CLKOUT0
                         net (fo=1, routed)           0.696     3.743    design_1_i/clk_wiz_0/inst/clk_out1_design_1_clk_wiz_0_0
    BUFGCTRL_X0Y17       BUFG (Prop_bufg_I_O)         0.026     3.769 f  design_1_i/clk_wiz_0/inst/clkout1_buf/O
                         net (fo=180, routed)         0.579     4.348    design_1_i/ultrasoon_1/U0/ultrasoon_slave_lite_v1_0_S00_AXI_inst/Core1/clk
    SLICE_X64Y94         FDRE                                         r  design_1_i/ultrasoon_1/U0/ultrasoon_slave_lite_v1_0_S00_AXI_inst/Core1/centimeters_reg[2]/C  (IS_INVERTED)
  -------------------------------------------------------------------    -------------------
    SLICE_X64Y94         FDRE (Prop_fdre_C_Q)         0.146     4.494 r  design_1_i/ultrasoon_1/U0/ultrasoon_slave_lite_v1_0_S00_AXI_inst/Core1/centimeters_reg[2]/Q
                         net (fo=3, routed)           0.133     4.627    design_1_i/ultrasoon_1/U0/ultrasoon_slave_lite_v1_0_S00_AXI_inst/Core1/centimeters_reg[2]
    SLICE_X65Y93         FDRE                                         r  design_1_i/ultrasoon_1/U0/ultrasoon_slave_lite_v1_0_S00_AXI_inst/Core1/centimeter_reg[2]/D
  -------------------------------------------------------------------    -------------------

                         (clock clk_out1_design_1_clk_wiz_0_0 fall edge)
                                                      5.000     5.000 f  
    H16                                               0.000     5.000 f  sys_clock (IN)
                         net (fo=0)                   0.000     5.000    design_1_i/clk_wiz_0/inst/clk_in1
    H16                  IBUF (Prop_ibuf_I_O)         0.406     5.406 f  design_1_i/clk_wiz_0/inst/clkin1_ibufg/O
                         net (fo=1, routed)           0.480     5.886    design_1_i/clk_wiz_0/inst/clk_in1_design_1_clk_wiz_0_0
    MMCME2_ADV_X1Y2      MMCME2_ADV (Prop_mmcme2_adv_CLKIN1_CLKOUT0)
                                                     -3.407     2.479 f  design_1_i/clk_wiz_0/inst/mmcm_adv_inst/CLKOUT0
                         net (fo=1, routed)           0.752     3.231    design_1_i/clk_wiz_0/inst/clk_out1_design_1_clk_wiz_0_0
    BUFGCTRL_X0Y17       BUFG (Prop_bufg_I_O)         0.029     3.260 f  design_1_i/clk_wiz_0/inst/clkout1_buf/O
                         net (fo=180, routed)         0.848     4.108    design_1_i/ultrasoon_1/U0/ultrasoon_slave_lite_v1_0_S00_AXI_inst/Core1/clk
    SLICE_X65Y93         FDRE                                         r  design_1_i/ultrasoon_1/U0/ultrasoon_slave_lite_v1_0_S00_AXI_inst/Core1/centimeter_reg[2]/C  (IS_INVERTED)
                         clock pessimism              0.255     4.364    
    SLICE_X65Y93         FDRE (Hold_fdre_C_D)         0.077     4.441    design_1_i/ultrasoon_1/U0/ultrasoon_slave_lite_v1_0_S00_AXI_inst/Core1/centimeter_reg[2]
  -------------------------------------------------------------------
                         required time                         -4.441    
                         arrival time                           4.627    
  -------------------------------------------------------------------
                         slack                                  0.186    

Slack (MET) :             0.187ns  (arrival time - required time)
  Source:                 design_1_i/ultrasoon_1/U0/ultrasoon_slave_lite_v1_0_S00_AXI_inst/Core1/centimeters_reg[0]/C
                            (falling edge-triggered cell FDRE clocked by clk_out1_design_1_clk_wiz_0_0  {rise@0.000ns fall@5.000ns period=10.000ns})
  Destination:            design_1_i/ultrasoon_1/U0/ultrasoon_slave_lite_v1_0_S00_AXI_inst/Core1/centimeter_reg[0]/D
                            (falling edge-triggered cell FDRE clocked by clk_out1_design_1_clk_wiz_0_0  {rise@0.000ns fall@5.000ns period=10.000ns})
  Path Group:             clk_out1_design_1_clk_wiz_0_0
  Path Type:              Hold (Min at Fast Process Corner)
  Requirement:            0.000ns  (clk_out1_design_1_clk_wiz_0_0 fall@5.000ns - clk_out1_design_1_clk_wiz_0_0 fall@5.000ns)
  Data Path Delay:        0.280ns  (logic 0.146ns (52.195%)  route 0.134ns (47.805%))
  Logic Levels:           0  
  Clock Path Skew:        0.016ns (DCD - SCD - CPR)
    Destination Clock Delay (DCD):    -0.892ns = ( 4.108 - 5.000 ) 
    Source Clock Delay      (SCD):    -0.652ns = ( 4.348 - 5.000 ) 
    Clock Pessimism Removal (CPR):    -0.255ns

    Location             Delay type                Incr(ns)  Path(ns)    Netlist Resource(s)
  -------------------------------------------------------------------    -------------------
                         (clock clk_out1_design_1_clk_wiz_0_0 fall edge)
                                                      5.000     5.000 f  
    H16                                               0.000     5.000 f  sys_clock (IN)
                         net (fo=0)                   0.000     5.000    design_1_i/clk_wiz_0/inst/clk_in1
    H16                  IBUF (Prop_ibuf_I_O)         0.219     5.219 f  design_1_i/clk_wiz_0/inst/clkin1_ibufg/O
                         net (fo=1, routed)           0.440     5.659    design_1_i/clk_wiz_0/inst/clk_in1_design_1_clk_wiz_0_0
    MMCME2_ADV_X1Y2      MMCME2_ADV (Prop_mmcme2_adv_CLKIN1_CLKOUT0)
                                                     -2.613     3.046 f  design_1_i/clk_wiz_0/inst/mmcm_adv_inst/CLKOUT0
                         net (fo=1, routed)           0.696     3.743    design_1_i/clk_wiz_0/inst/clk_out1_design_1_clk_wiz_0_0
    BUFGCTRL_X0Y17       BUFG (Prop_bufg_I_O)         0.026     3.769 f  design_1_i/clk_wiz_0/inst/clkout1_buf/O
                         net (fo=180, routed)         0.579     4.348    design_1_i/ultrasoon_1/U0/ultrasoon_slave_lite_v1_0_S00_AXI_inst/Core1/clk
    SLICE_X64Y94         FDRE                                         r  design_1_i/ultrasoon_1/U0/ultrasoon_slave_lite_v1_0_S00_AXI_inst/Core1/centimeters_reg[0]/C  (IS_INVERTED)
  -------------------------------------------------------------------    -------------------
    SLICE_X64Y94         FDRE (Prop_fdre_C_Q)         0.146     4.494 r  design_1_i/ultrasoon_1/U0/ultrasoon_slave_lite_v1_0_S00_AXI_inst/Core1/centimeters_reg[0]/Q
                         net (fo=4, routed)           0.134     4.627    design_1_i/ultrasoon_1/U0/ultrasoon_slave_lite_v1_0_S00_AXI_inst/Core1/centimeters_reg[0]
    SLICE_X65Y93         FDRE                                         r  design_1_i/ultrasoon_1/U0/ultrasoon_slave_lite_v1_0_S00_AXI_inst/Core1/centimeter_reg[0]/D
  -------------------------------------------------------------------    -------------------

                         (clock clk_out1_design_1_clk_wiz_0_0 fall edge)
                                                      5.000     5.000 f  
    H16                                               0.000     5.000 f  sys_clock (IN)
                         net (fo=0)                   0.000     5.000    design_1_i/clk_wiz_0/inst/clk_in1
    H16                  IBUF (Prop_ibuf_I_O)         0.406     5.406 f  design_1_i/clk_wiz_0/inst/clkin1_ibufg/O
                         net (fo=1, routed)           0.480     5.886    design_1_i/clk_wiz_0/inst/clk_in1_design_1_clk_wiz_0_0
    MMCME2_ADV_X1Y2      MMCME2_ADV (Prop_mmcme2_adv_CLKIN1_CLKOUT0)
                                                     -3.407     2.479 f  design_1_i/clk_wiz_0/inst/mmcm_adv_inst/CLKOUT0
                         net (fo=1, routed)           0.752     3.231    design_1_i/clk_wiz_0/inst/clk_out1_design_1_clk_wiz_0_0
    BUFGCTRL_X0Y17       BUFG (Prop_bufg_I_O)         0.029     3.260 f  design_1_i/clk_wiz_0/inst/clkout1_buf/O
                         net (fo=180, routed)         0.848     4.108    design_1_i/ultrasoon_1/U0/ultrasoon_slave_lite_v1_0_S00_AXI_inst/Core1/clk
    SLICE_X65Y93         FDRE                                         r  design_1_i/ultrasoon_1/U0/ultrasoon_slave_lite_v1_0_S00_AXI_inst/Core1/centimeter_reg[0]/C  (IS_INVERTED)
                         clock pessimism              0.255     4.364    
    SLICE_X65Y93         FDRE (Hold_fdre_C_D)         0.077     4.441    design_1_i/ultrasoon_1/U0/ultrasoon_slave_lite_v1_0_S00_AXI_inst/Core1/centimeter_reg[0]
  -------------------------------------------------------------------
                         required time                         -4.441    
                         arrival time                           4.627    
  -------------------------------------------------------------------
                         slack                                  0.187    

Slack (MET) :             0.189ns  (arrival time - required time)
  Source:                 design_1_i/ultrasoon_1/U0/ultrasoon_slave_lite_v1_0_S00_AXI_inst/Core1/centimeters_reg[1]/C
                            (falling edge-triggered cell FDRE clocked by clk_out1_design_1_clk_wiz_0_0  {rise@0.000ns fall@5.000ns period=10.000ns})
  Destination:            design_1_i/ultrasoon_1/U0/ultrasoon_slave_lite_v1_0_S00_AXI_inst/Core1/centimeter_reg[1]/D
                            (falling edge-triggered cell FDRE clocked by clk_out1_design_1_clk_wiz_0_0  {rise@0.000ns fall@5.000ns period=10.000ns})
  Path Group:             clk_out1_design_1_clk_wiz_0_0
  Path Type:              Hold (Min at Fast Process Corner)
  Requirement:            0.000ns  (clk_out1_design_1_clk_wiz_0_0 fall@5.000ns - clk_out1_design_1_clk_wiz_0_0 fall@5.000ns)
  Data Path Delay:        0.278ns  (logic 0.146ns (52.523%)  route 0.132ns (47.477%))
  Logic Levels:           0  
  Clock Path Skew:        0.016ns (DCD - SCD - CPR)
    Destination Clock Delay (DCD):    -0.892ns = ( 4.108 - 5.000 ) 
    Source Clock Delay      (SCD):    -0.652ns = ( 4.348 - 5.000 ) 
    Clock Pessimism Removal (CPR):    -0.255ns

    Location             Delay type                Incr(ns)  Path(ns)    Netlist Resource(s)
  -------------------------------------------------------------------    -------------------
                         (clock clk_out1_design_1_clk_wiz_0_0 fall edge)
                                                      5.000     5.000 f  
    H16                                               0.000     5.000 f  sys_clock (IN)
                         net (fo=0)                   0.000     5.000    design_1_i/clk_wiz_0/inst/clk_in1
    H16                  IBUF (Prop_ibuf_I_O)         0.219     5.219 f  design_1_i/clk_wiz_0/inst/clkin1_ibufg/O
                         net (fo=1, routed)           0.440     5.659    design_1_i/clk_wiz_0/inst/clk_in1_design_1_clk_wiz_0_0
    MMCME2_ADV_X1Y2      MMCME2_ADV (Prop_mmcme2_adv_CLKIN1_CLKOUT0)
                                                     -2.613     3.046 f  design_1_i/clk_wiz_0/inst/mmcm_adv_inst/CLKOUT0
                         net (fo=1, routed)           0.696     3.743    design_1_i/clk_wiz_0/inst/clk_out1_design_1_clk_wiz_0_0
    BUFGCTRL_X0Y17       BUFG (Prop_bufg_I_O)         0.026     3.769 f  design_1_i/clk_wiz_0/inst/clkout1_buf/O
                         net (fo=180, routed)         0.579     4.348    design_1_i/ultrasoon_1/U0/ultrasoon_slave_lite_v1_0_S00_AXI_inst/Core1/clk
    SLICE_X64Y94         FDRE                                         r  design_1_i/ultrasoon_1/U0/ultrasoon_slave_lite_v1_0_S00_AXI_inst/Core1/centimeters_reg[1]/C  (IS_INVERTED)
  -------------------------------------------------------------------    -------------------
    SLICE_X64Y94         FDRE (Prop_fdre_C_Q)         0.146     4.494 r  design_1_i/ultrasoon_1/U0/ultrasoon_slave_lite_v1_0_S00_AXI_inst/Core1/centimeters_reg[1]/Q
                         net (fo=3, routed)           0.132     4.626    design_1_i/ultrasoon_1/U0/ultrasoon_slave_lite_v1_0_S00_AXI_inst/Core1/centimeters_reg[1]
    SLICE_X65Y93         FDRE                                         r  design_1_i/ultrasoon_1/U0/ultrasoon_slave_lite_v1_0_S00_AXI_inst/Core1/centimeter_reg[1]/D
  -------------------------------------------------------------------    -------------------

                         (clock clk_out1_design_1_clk_wiz_0_0 fall edge)
                                                      5.000     5.000 f  
    H16                                               0.000     5.000 f  sys_clock (IN)
                         net (fo=0)                   0.000     5.000    design_1_i/clk_wiz_0/inst/clk_in1
    H16                  IBUF (Prop_ibuf_I_O)         0.406     5.406 f  design_1_i/clk_wiz_0/inst/clkin1_ibufg/O
                         net (fo=1, routed)           0.480     5.886    design_1_i/clk_wiz_0/inst/clk_in1_design_1_clk_wiz_0_0
    MMCME2_ADV_X1Y2      MMCME2_ADV (Prop_mmcme2_adv_CLKIN1_CLKOUT0)
                                                     -3.407     2.479 f  design_1_i/clk_wiz_0/inst/mmcm_adv_inst/CLKOUT0
                         net (fo=1, routed)           0.752     3.231    design_1_i/clk_wiz_0/inst/clk_out1_design_1_clk_wiz_0_0
    BUFGCTRL_X0Y17       BUFG (Prop_bufg_I_O)         0.029     3.260 f  design_1_i/clk_wiz_0/inst/clkout1_buf/O
                         net (fo=180, routed)         0.848     4.108    design_1_i/ultrasoon_1/U0/ultrasoon_slave_lite_v1_0_S00_AXI_inst/Core1/clk
    SLICE_X65Y93         FDRE                                         r  design_1_i/ultrasoon_1/U0/ultrasoon_slave_lite_v1_0_S00_AXI_inst/Core1/centimeter_reg[1]/C  (IS_INVERTED)
                         clock pessimism              0.255     4.364    
    SLICE_X65Y93         FDRE (Hold_fdre_C_D)         0.073     4.437    design_1_i/ultrasoon_1/U0/ultrasoon_slave_lite_v1_0_S00_AXI_inst/Core1/centimeter_reg[1]
  -------------------------------------------------------------------
                         required time                         -4.437    
                         arrival time                           4.626    
  -------------------------------------------------------------------
                         slack                                  0.189    

Slack (MET) :             0.190ns  (arrival time - required time)
  Source:                 design_1_i/ultrasoon_1/U0/ultrasoon_slave_lite_v1_0_S00_AXI_inst/Core1/centimeters_reg[12]/C
                            (falling edge-triggered cell FDRE clocked by clk_out1_design_1_clk_wiz_0_0  {rise@0.000ns fall@5.000ns period=10.000ns})
  Destination:            design_1_i/ultrasoon_1/U0/ultrasoon_slave_lite_v1_0_S00_AXI_inst/Core1/centimeter_reg[12]/D
                            (falling edge-triggered cell FDRE clocked by clk_out1_design_1_clk_wiz_0_0  {rise@0.000ns fall@5.000ns period=10.000ns})
  Path Group:             clk_out1_design_1_clk_wiz_0_0
  Path Type:              Hold (Min at Fast Process Corner)
  Requirement:            0.000ns  (clk_out1_design_1_clk_wiz_0_0 fall@5.000ns - clk_out1_design_1_clk_wiz_0_0 fall@5.000ns)
  Data Path Delay:        0.282ns  (logic 0.146ns (51.824%)  route 0.136ns (48.176%))
  Logic Levels:           0  
  Clock Path Skew:        0.015ns (DCD - SCD - CPR)
    Destination Clock Delay (DCD):    -0.892ns = ( 4.108 - 5.000 ) 
    Source Clock Delay      (SCD):    -0.651ns = ( 4.349 - 5.000 ) 
    Clock Pessimism Removal (CPR):    -0.255ns

    Location             Delay type                Incr(ns)  Path(ns)    Netlist Resource(s)
  -------------------------------------------------------------------    -------------------
                         (clock clk_out1_design_1_clk_wiz_0_0 fall edge)
                                                      5.000     5.000 f  
    H16                                               0.000     5.000 f  sys_clock (IN)
                         net (fo=0)                   0.000     5.000    design_1_i/clk_wiz_0/inst/clk_in1
    H16                  IBUF (Prop_ibuf_I_O)         0.219     5.219 f  design_1_i/clk_wiz_0/inst/clkin1_ibufg/O
                         net (fo=1, routed)           0.440     5.659    design_1_i/clk_wiz_0/inst/clk_in1_design_1_clk_wiz_0_0
    MMCME2_ADV_X1Y2      MMCME2_ADV (Prop_mmcme2_adv_CLKIN1_CLKOUT0)
                                                     -2.613     3.046 f  design_1_i/clk_wiz_0/inst/mmcm_adv_inst/CLKOUT0
                         net (fo=1, routed)           0.696     3.743    design_1_i/clk_wiz_0/inst/clk_out1_design_1_clk_wiz_0_0
    BUFGCTRL_X0Y17       BUFG (Prop_bufg_I_O)         0.026     3.769 f  design_1_i/clk_wiz_0/inst/clkout1_buf/O
                         net (fo=180, routed)         0.580     4.349    design_1_i/ultrasoon_1/U0/ultrasoon_slave_lite_v1_0_S00_AXI_inst/Core1/clk
    SLICE_X64Y97         FDRE                                         r  design_1_i/ultrasoon_1/U0/ultrasoon_slave_lite_v1_0_S00_AXI_inst/Core1/centimeters_reg[12]/C  (IS_INVERTED)
  -------------------------------------------------------------------    -------------------
    SLICE_X64Y97         FDRE (Prop_fdre_C_Q)         0.146     4.495 r  design_1_i/ultrasoon_1/U0/ultrasoon_slave_lite_v1_0_S00_AXI_inst/Core1/centimeters_reg[12]/Q
                         net (fo=3, routed)           0.136     4.630    design_1_i/ultrasoon_1/U0/ultrasoon_slave_lite_v1_0_S00_AXI_inst/Core1/centimeters_reg[12]
    SLICE_X65Y96         FDRE                                         r  design_1_i/ultrasoon_1/U0/ultrasoon_slave_lite_v1_0_S00_AXI_inst/Core1/centimeter_reg[12]/D
  -------------------------------------------------------------------    -------------------

                         (clock clk_out1_design_1_clk_wiz_0_0 fall edge)
                                                      5.000     5.000 f  
    H16                                               0.000     5.000 f  sys_clock (IN)
                         net (fo=0)                   0.000     5.000    design_1_i/clk_wiz_0/inst/clk_in1
    H16                  IBUF (Prop_ibuf_I_O)         0.406     5.406 f  design_1_i/clk_wiz_0/inst/clkin1_ibufg/O
                         net (fo=1, routed)           0.480     5.886    design_1_i/clk_wiz_0/inst/clk_in1_design_1_clk_wiz_0_0
    MMCME2_ADV_X1Y2      MMCME2_ADV (Prop_mmcme2_adv_CLKIN1_CLKOUT0)
                                                     -3.407     2.479 f  design_1_i/clk_wiz_0/inst/mmcm_adv_inst/CLKOUT0
                         net (fo=1, routed)           0.752     3.231    design_1_i/clk_wiz_0/inst/clk_out1_design_1_clk_wiz_0_0
    BUFGCTRL_X0Y17       BUFG (Prop_bufg_I_O)         0.029     3.260 f  design_1_i/clk_wiz_0/inst/clkout1_buf/O
                         net (fo=180, routed)         0.848     4.108    design_1_i/ultrasoon_1/U0/ultrasoon_slave_lite_v1_0_S00_AXI_inst/Core1/clk
    SLICE_X65Y96         FDRE                                         r  design_1_i/ultrasoon_1/U0/ultrasoon_slave_lite_v1_0_S00_AXI_inst/Core1/centimeter_reg[12]/C  (IS_INVERTED)
                         clock pessimism              0.255     4.364    
    SLICE_X65Y96         FDRE (Hold_fdre_C_D)         0.077     4.441    design_1_i/ultrasoon_1/U0/ultrasoon_slave_lite_v1_0_S00_AXI_inst/Core1/centimeter_reg[12]
  -------------------------------------------------------------------
                         required time                         -4.441    
                         arrival time                           4.630    
  -------------------------------------------------------------------
                         slack                                  0.190    

Slack (MET) :             0.193ns  (arrival time - required time)
  Source:                 design_1_i/ultrasoon_1/U0/ultrasoon_slave_lite_v1_0_S00_AXI_inst/Core1/centimeters_reg[14]/C
                            (falling edge-triggered cell FDRE clocked by clk_out1_design_1_clk_wiz_0_0  {rise@0.000ns fall@5.000ns period=10.000ns})
  Destination:            design_1_i/ultrasoon_1/U0/ultrasoon_slave_lite_v1_0_S00_AXI_inst/Core1/centimeter_reg[14]/D
                            (falling edge-triggered cell FDRE clocked by clk_out1_design_1_clk_wiz_0_0  {rise@0.000ns fall@5.000ns period=10.000ns})
  Path Group:             clk_out1_design_1_clk_wiz_0_0
  Path Type:              Hold (Min at Fast Process Corner)
  Requirement:            0.000ns  (clk_out1_design_1_clk_wiz_0_0 fall@5.000ns - clk_out1_design_1_clk_wiz_0_0 fall@5.000ns)
  Data Path Delay:        0.283ns  (logic 0.146ns (51.620%)  route 0.137ns (48.380%))
  Logic Levels:           0  
  Clock Path Skew:        0.013ns (DCD - SCD - CPR)
    Destination Clock Delay (DCD):    -0.891ns = ( 4.109 - 5.000 ) 
    Source Clock Delay      (SCD):    -0.651ns = ( 4.349 - 5.000 ) 
    Clock Pessimism Removal (CPR):    -0.252ns

    Location             Delay type                Incr(ns)  Path(ns)    Netlist Resource(s)
  -------------------------------------------------------------------    -------------------
                         (clock clk_out1_design_1_clk_wiz_0_0 fall edge)
                                                      5.000     5.000 f  
    H16                                               0.000     5.000 f  sys_clock (IN)
                         net (fo=0)                   0.000     5.000    design_1_i/clk_wiz_0/inst/clk_in1
    H16                  IBUF (Prop_ibuf_I_O)         0.219     5.219 f  design_1_i/clk_wiz_0/inst/clkin1_ibufg/O
                         net (fo=1, routed)           0.440     5.659    design_1_i/clk_wiz_0/inst/clk_in1_design_1_clk_wiz_0_0
    MMCME2_ADV_X1Y2      MMCME2_ADV (Prop_mmcme2_adv_CLKIN1_CLKOUT0)
                                                     -2.613     3.046 f  design_1_i/clk_wiz_0/inst/mmcm_adv_inst/CLKOUT0
                         net (fo=1, routed)           0.696     3.743    design_1_i/clk_wiz_0/inst/clk_out1_design_1_clk_wiz_0_0
    BUFGCTRL_X0Y17       BUFG (Prop_bufg_I_O)         0.026     3.769 f  design_1_i/clk_wiz_0/inst/clkout1_buf/O
                         net (fo=180, routed)         0.580     4.349    design_1_i/ultrasoon_1/U0/ultrasoon_slave_lite_v1_0_S00_AXI_inst/Core1/clk
    SLICE_X64Y97         FDRE                                         r  design_1_i/ultrasoon_1/U0/ultrasoon_slave_lite_v1_0_S00_AXI_inst/Core1/centimeters_reg[14]/C  (IS_INVERTED)
  -------------------------------------------------------------------    -------------------
    SLICE_X64Y97         FDRE (Prop_fdre_C_Q)         0.146     4.495 r  design_1_i/ultrasoon_1/U0/ultrasoon_slave_lite_v1_0_S00_AXI_inst/Core1/centimeters_reg[14]/Q
                         net (fo=3, routed)           0.137     4.631    design_1_i/ultrasoon_1/U0/ultrasoon_slave_lite_v1_0_S00_AXI_inst/Core1/centimeters_reg[14]
    SLICE_X65Y97         FDRE                                         r  design_1_i/ultrasoon_1/U0/ultrasoon_slave_lite_v1_0_S00_AXI_inst/Core1/centimeter_reg[14]/D
  -------------------------------------------------------------------    -------------------

                         (clock clk_out1_design_1_clk_wiz_0_0 fall edge)
                                                      5.000     5.000 f  
    H16                                               0.000     5.000 f  sys_clock (IN)
                         net (fo=0)                   0.000     5.000    design_1_i/clk_wiz_0/inst/clk_in1
    H16                  IBUF (Prop_ibuf_I_O)         0.406     5.406 f  design_1_i/clk_wiz_0/inst/clkin1_ibufg/O
                         net (fo=1, routed)           0.480     5.886    design_1_i/clk_wiz_0/inst/clk_in1_design_1_clk_wiz_0_0
    MMCME2_ADV_X1Y2      MMCME2_ADV (Prop_mmcme2_adv_CLKIN1_CLKOUT0)
                                                     -3.407     2.479 f  design_1_i/clk_wiz_0/inst/mmcm_adv_inst/CLKOUT0
                         net (fo=1, routed)           0.752     3.231    design_1_i/clk_wiz_0/inst/clk_out1_design_1_clk_wiz_0_0
    BUFGCTRL_X0Y17       BUFG (Prop_bufg_I_O)         0.029     3.260 f  design_1_i/clk_wiz_0/inst/clkout1_buf/O
                         net (fo=180, routed)         0.849     4.109    design_1_i/ultrasoon_1/U0/ultrasoon_slave_lite_v1_0_S00_AXI_inst/Core1/clk
    SLICE_X65Y97         FDRE                                         r  design_1_i/ultrasoon_1/U0/ultrasoon_slave_lite_v1_0_S00_AXI_inst/Core1/centimeter_reg[14]/C  (IS_INVERTED)
                         clock pessimism              0.252     4.362    
    SLICE_X65Y97         FDRE (Hold_fdre_C_D)         0.077     4.439    design_1_i/ultrasoon_1/U0/ultrasoon_slave_lite_v1_0_S00_AXI_inst/Core1/centimeter_reg[14]
  -------------------------------------------------------------------
                         required time                         -4.439    
                         arrival time                           4.631    
  -------------------------------------------------------------------
                         slack                                  0.193    

Slack (MET) :             0.195ns  (arrival time - required time)
  Source:                 design_1_i/ultrasoon_1/U0/ultrasoon_slave_lite_v1_0_S00_AXI_inst/Core1/centimeters_reg[8]/C
                            (falling edge-triggered cell FDRE clocked by clk_out1_design_1_clk_wiz_0_0  {rise@0.000ns fall@5.000ns period=10.000ns})
  Destination:            design_1_i/ultrasoon_1/U0/ultrasoon_slave_lite_v1_0_S00_AXI_inst/Core1/centimeter_reg[8]/D
                            (falling edge-triggered cell FDRE clocked by clk_out1_design_1_clk_wiz_0_0  {rise@0.000ns fall@5.000ns period=10.000ns})
  Path Group:             clk_out1_design_1_clk_wiz_0_0
  Path Type:              Hold (Min at Fast Process Corner)
  Requirement:            0.000ns  (clk_out1_design_1_clk_wiz_0_0 fall@5.000ns - clk_out1_design_1_clk_wiz_0_0 fall@5.000ns)
  Data Path Delay:        0.284ns  (logic 0.146ns (51.447%)  route 0.138ns (48.553%))
  Logic Levels:           0  
  Clock Path Skew:        0.016ns (DCD - SCD - CPR)
    Destination Clock Delay (DCD):    -0.892ns = ( 4.108 - 5.000 ) 
    Source Clock Delay      (SCD):    -0.652ns = ( 4.348 - 5.000 ) 
    Clock Pessimism Removal (CPR):    -0.255ns

    Location             Delay type                Incr(ns)  Path(ns)    Netlist Resource(s)
  -------------------------------------------------------------------    -------------------
                         (clock clk_out1_design_1_clk_wiz_0_0 fall edge)
                                                      5.000     5.000 f  
    H16                                               0.000     5.000 f  sys_clock (IN)
                         net (fo=0)                   0.000     5.000    design_1_i/clk_wiz_0/inst/clk_in1
    H16                  IBUF (Prop_ibuf_I_O)         0.219     5.219 f  design_1_i/clk_wiz_0/inst/clkin1_ibufg/O
                         net (fo=1, routed)           0.440     5.659    design_1_i/clk_wiz_0/inst/clk_in1_design_1_clk_wiz_0_0
    MMCME2_ADV_X1Y2      MMCME2_ADV (Prop_mmcme2_adv_CLKIN1_CLKOUT0)
                                                     -2.613     3.046 f  design_1_i/clk_wiz_0/inst/mmcm_adv_inst/CLKOUT0
                         net (fo=1, routed)           0.696     3.743    design_1_i/clk_wiz_0/inst/clk_out1_design_1_clk_wiz_0_0
    BUFGCTRL_X0Y17       BUFG (Prop_bufg_I_O)         0.026     3.769 f  design_1_i/clk_wiz_0/inst/clkout1_buf/O
                         net (fo=180, routed)         0.579     4.348    design_1_i/ultrasoon_1/U0/ultrasoon_slave_lite_v1_0_S00_AXI_inst/Core1/clk
    SLICE_X64Y96         FDRE                                         r  design_1_i/ultrasoon_1/U0/ultrasoon_slave_lite_v1_0_S00_AXI_inst/Core1/centimeters_reg[8]/C  (IS_INVERTED)
  -------------------------------------------------------------------    -------------------
    SLICE_X64Y96         FDRE (Prop_fdre_C_Q)         0.146     4.494 r  design_1_i/ultrasoon_1/U0/ultrasoon_slave_lite_v1_0_S00_AXI_inst/Core1/centimeters_reg[8]/Q
                         net (fo=3, routed)           0.138     4.631    design_1_i/ultrasoon_1/U0/ultrasoon_slave_lite_v1_0_S00_AXI_inst/Core1/centimeters_reg[8]
    SLICE_X65Y95         FDRE                                         r  design_1_i/ultrasoon_1/U0/ultrasoon_slave_lite_v1_0_S00_AXI_inst/Core1/centimeter_reg[8]/D
  -------------------------------------------------------------------    -------------------

                         (clock clk_out1_design_1_clk_wiz_0_0 fall edge)
                                                      5.000     5.000 f  
    H16                                               0.000     5.000 f  sys_clock (IN)
                         net (fo=0)                   0.000     5.000    design_1_i/clk_wiz_0/inst/clk_in1
    H16                  IBUF (Prop_ibuf_I_O)         0.406     5.406 f  design_1_i/clk_wiz_0/inst/clkin1_ibufg/O
                         net (fo=1, routed)           0.480     5.886    design_1_i/clk_wiz_0/inst/clk_in1_design_1_clk_wiz_0_0
    MMCME2_ADV_X1Y2      MMCME2_ADV (Prop_mmcme2_adv_CLKIN1_CLKOUT0)
                                                     -3.407     2.479 f  design_1_i/clk_wiz_0/inst/mmcm_adv_inst/CLKOUT0
                         net (fo=1, routed)           0.752     3.231    design_1_i/clk_wiz_0/inst/clk_out1_design_1_clk_wiz_0_0
    BUFGCTRL_X0Y17       BUFG (Prop_bufg_I_O)         0.029     3.260 f  design_1_i/clk_wiz_0/inst/clkout1_buf/O
                         net (fo=180, routed)         0.848     4.108    design_1_i/ultrasoon_1/U0/ultrasoon_slave_lite_v1_0_S00_AXI_inst/Core1/clk
    SLICE_X65Y95         FDRE                                         r  design_1_i/ultrasoon_1/U0/ultrasoon_slave_lite_v1_0_S00_AXI_inst/Core1/centimeter_reg[8]/C  (IS_INVERTED)
                         clock pessimism              0.255     4.364    
    SLICE_X65Y95         FDRE (Hold_fdre_C_D)         0.073     4.437    design_1_i/ultrasoon_1/U0/ultrasoon_slave_lite_v1_0_S00_AXI_inst/Core1/centimeter_reg[8]
  -------------------------------------------------------------------
                         required time                         -4.437    
                         arrival time                           4.631    
  -------------------------------------------------------------------
                         slack                                  0.195    

Slack (MET) :             0.215ns  (arrival time - required time)
  Source:                 design_1_i/ultrasoon_1/U0/ultrasoon_slave_lite_v1_0_S00_AXI_inst/Core1/echo_last_reg/C
                            (falling edge-triggered cell FDRE clocked by clk_out1_design_1_clk_wiz_0_0  {rise@0.000ns fall@5.000ns period=10.000ns})
  Destination:            design_1_i/ultrasoon_1/U0/ultrasoon_slave_lite_v1_0_S00_AXI_inst/Core1/count_reg[2]/D
                            (falling edge-triggered cell FDRE clocked by clk_out1_design_1_clk_wiz_0_0  {rise@0.000ns fall@5.000ns period=10.000ns})
  Path Group:             clk_out1_design_1_clk_wiz_0_0
  Path Type:              Hold (Min at Fast Process Corner)
  Requirement:            0.000ns  (clk_out1_design_1_clk_wiz_0_0 fall@5.000ns - clk_out1_design_1_clk_wiz_0_0 fall@5.000ns)
  Data Path Delay:        0.353ns  (logic 0.191ns (54.055%)  route 0.162ns (45.945%))
  Logic Levels:           1  (LUT6=1)
  Clock Path Skew:        0.013ns (DCD - SCD - CPR)
    Destination Clock Delay (DCD):    -0.805ns = ( 4.195 - 5.000 ) 
    Source Clock Delay      (SCD):    -0.569ns = ( 4.431 - 5.000 ) 
    Clock Pessimism Removal (CPR):    -0.249ns

    Location             Delay type                Incr(ns)  Path(ns)    Netlist Resource(s)
  -------------------------------------------------------------------    -------------------
                         (clock clk_out1_design_1_clk_wiz_0_0 fall edge)
                                                      5.000     5.000 f  
    H16                                               0.000     5.000 f  sys_clock (IN)
                         net (fo=0)                   0.000     5.000    design_1_i/clk_wiz_0/inst/clk_in1
    H16                  IBUF (Prop_ibuf_I_O)         0.219     5.219 f  design_1_i/clk_wiz_0/inst/clkin1_ibufg/O
                         net (fo=1, routed)           0.440     5.659    design_1_i/clk_wiz_0/inst/clk_in1_design_1_clk_wiz_0_0
    MMCME2_ADV_X1Y2      MMCME2_ADV (Prop_mmcme2_adv_CLKIN1_CLKOUT0)
                                                     -2.613     3.046 f  design_1_i/clk_wiz_0/inst/mmcm_adv_inst/CLKOUT0
                         net (fo=1, routed)           0.696     3.743    design_1_i/clk_wiz_0/inst/clk_out1_design_1_clk_wiz_0_0
    BUFGCTRL_X0Y17       BUFG (Prop_bufg_I_O)         0.026     3.769 f  design_1_i/clk_wiz_0/inst/clkout1_buf/O
                         net (fo=180, routed)         0.662     4.431    design_1_i/ultrasoon_1/U0/ultrasoon_slave_lite_v1_0_S00_AXI_inst/Core1/clk
    SLICE_X63Y100        FDRE                                         r  design_1_i/ultrasoon_1/U0/ultrasoon_slave_lite_v1_0_S00_AXI_inst/Core1/echo_last_reg/C  (IS_INVERTED)
  -------------------------------------------------------------------    -------------------
    SLICE_X63Y100        FDRE (Prop_fdre_C_Q)         0.146     4.577 r  design_1_i/ultrasoon_1/U0/ultrasoon_slave_lite_v1_0_S00_AXI_inst/Core1/echo_last_reg/Q
                         net (fo=38, routed)          0.162     4.739    design_1_i/ultrasoon_1/U0/ultrasoon_slave_lite_v1_0_S00_AXI_inst/Core1/echo_last
    SLICE_X62Y100        LUT6 (Prop_lut6_I1_O)        0.045     4.784 r  design_1_i/ultrasoon_1/U0/ultrasoon_slave_lite_v1_0_S00_AXI_inst/Core1/count[2]_i_1/O
                         net (fo=1, routed)           0.000     4.784    design_1_i/ultrasoon_1/U0/ultrasoon_slave_lite_v1_0_S00_AXI_inst/Core1/p_1_in[2]
    SLICE_X62Y100        FDRE                                         r  design_1_i/ultrasoon_1/U0/ultrasoon_slave_lite_v1_0_S00_AXI_inst/Core1/count_reg[2]/D
  -------------------------------------------------------------------    -------------------

                         (clock clk_out1_design_1_clk_wiz_0_0 fall edge)
                                                      5.000     5.000 f  
    H16                                               0.000     5.000 f  sys_clock (IN)
                         net (fo=0)                   0.000     5.000    design_1_i/clk_wiz_0/inst/clk_in1
    H16                  IBUF (Prop_ibuf_I_O)         0.406     5.406 f  design_1_i/clk_wiz_0/inst/clkin1_ibufg/O
                         net (fo=1, routed)           0.480     5.886    design_1_i/clk_wiz_0/inst/clk_in1_design_1_clk_wiz_0_0
    MMCME2_ADV_X1Y2      MMCME2_ADV (Prop_mmcme2_adv_CLKIN1_CLKOUT0)
                                                     -3.407     2.479 f  design_1_i/clk_wiz_0/inst/mmcm_adv_inst/CLKOUT0
                         net (fo=1, routed)           0.752     3.231    design_1_i/clk_wiz_0/inst/clk_out1_design_1_clk_wiz_0_0
    BUFGCTRL_X0Y17       BUFG (Prop_bufg_I_O)         0.029     3.260 f  design_1_i/clk_wiz_0/inst/clkout1_buf/O
                         net (fo=180, routed)         0.935     4.195    design_1_i/ultrasoon_1/U0/ultrasoon_slave_lite_v1_0_S00_AXI_inst/Core1/clk
    SLICE_X62Y100        FDRE                                         r  design_1_i/ultrasoon_1/U0/ultrasoon_slave_lite_v1_0_S00_AXI_inst/Core1/count_reg[2]/C  (IS_INVERTED)
                         clock pessimism              0.249     4.444    
    SLICE_X62Y100        FDRE (Hold_fdre_C_D)         0.125     4.569    design_1_i/ultrasoon_1/U0/ultrasoon_slave_lite_v1_0_S00_AXI_inst/Core1/count_reg[2]
  -------------------------------------------------------------------
                         required time                         -4.569    
                         arrival time                           4.784    
  -------------------------------------------------------------------
                         slack                                  0.215    

Slack (MET) :             0.216ns  (arrival time - required time)
  Source:                 design_1_i/ultrasoon_1/U0/ultrasoon_slave_lite_v1_0_S00_AXI_inst/Core1/sonar_trig_reg/C
                            (falling edge-triggered cell FDRE clocked by clk_out1_design_1_clk_wiz_0_0  {rise@0.000ns fall@5.000ns period=10.000ns})
  Destination:            design_1_i/ultrasoon_1/U0/ultrasoon_slave_lite_v1_0_S00_AXI_inst/Core1/sonar_trig_reg/D
                            (falling edge-triggered cell FDRE clocked by clk_out1_design_1_clk_wiz_0_0  {rise@0.000ns fall@5.000ns period=10.000ns})
  Path Group:             clk_out1_design_1_clk_wiz_0_0
  Path Type:              Hold (Min at Fast Process Corner)
  Requirement:            0.000ns  (clk_out1_design_1_clk_wiz_0_0 fall@5.000ns - clk_out1_design_1_clk_wiz_0_0 fall@5.000ns)
  Data Path Delay:        0.315ns  (logic 0.191ns (60.651%)  route 0.124ns (39.349%))
  Logic Levels:           1  (LUT6=1)
  Clock Path Skew:        0.000ns (DCD - SCD - CPR)
    Destination Clock Delay (DCD):    -0.805ns = ( 4.195 - 5.000 ) 
    Source Clock Delay      (SCD):    -0.569ns = ( 4.431 - 5.000 ) 
    Clock Pessimism Removal (CPR):    -0.236ns

    Location             Delay type                Incr(ns)  Path(ns)    Netlist Resource(s)
  -------------------------------------------------------------------    -------------------
                         (clock clk_out1_design_1_clk_wiz_0_0 fall edge)
                                                      5.000     5.000 f  
    H16                                               0.000     5.000 f  sys_clock (IN)
                         net (fo=0)                   0.000     5.000    design_1_i/clk_wiz_0/inst/clk_in1
    H16                  IBUF (Prop_ibuf_I_O)         0.219     5.219 f  design_1_i/clk_wiz_0/inst/clkin1_ibufg/O
                         net (fo=1, routed)           0.440     5.659    design_1_i/clk_wiz_0/inst/clk_in1_design_1_clk_wiz_0_0
    MMCME2_ADV_X1Y2      MMCME2_ADV (Prop_mmcme2_adv_CLKIN1_CLKOUT0)
                                                     -2.613     3.046 f  design_1_i/clk_wiz_0/inst/mmcm_adv_inst/CLKOUT0
                         net (fo=1, routed)           0.696     3.743    design_1_i/clk_wiz_0/inst/clk_out1_design_1_clk_wiz_0_0
    BUFGCTRL_X0Y17       BUFG (Prop_bufg_I_O)         0.026     3.769 f  design_1_i/clk_wiz_0/inst/clkout1_buf/O
                         net (fo=180, routed)         0.662     4.431    design_1_i/ultrasoon_1/U0/ultrasoon_slave_lite_v1_0_S00_AXI_inst/Core1/clk
    SLICE_X65Y102        FDRE                                         r  design_1_i/ultrasoon_1/U0/ultrasoon_slave_lite_v1_0_S00_AXI_inst/Core1/sonar_trig_reg/C  (IS_INVERTED)
  -------------------------------------------------------------------    -------------------
    SLICE_X65Y102        FDRE (Prop_fdre_C_Q)         0.146     4.577 r  design_1_i/ultrasoon_1/U0/ultrasoon_slave_lite_v1_0_S00_AXI_inst/Core1/sonar_trig_reg/Q
                         net (fo=2, routed)           0.124     4.701    design_1_i/ultrasoon_1/U0/ultrasoon_slave_lite_v1_0_S00_AXI_inst/Core1/sonar_trig
    SLICE_X65Y102        LUT6 (Prop_lut6_I5_O)        0.045     4.746 r  design_1_i/ultrasoon_1/U0/ultrasoon_slave_lite_v1_0_S00_AXI_inst/Core1/sonar_trig_i_1/O
                         net (fo=1, routed)           0.000     4.746    design_1_i/ultrasoon_1/U0/ultrasoon_slave_lite_v1_0_S00_AXI_inst/Core1/sonar_trig_i_1_n_0
    SLICE_X65Y102        FDRE                                         r  design_1_i/ultrasoon_1/U0/ultrasoon_slave_lite_v1_0_S00_AXI_inst/Core1/sonar_trig_reg/D
  -------------------------------------------------------------------    -------------------

                         (clock clk_out1_design_1_clk_wiz_0_0 fall edge)
                                                      5.000     5.000 f  
    H16                                               0.000     5.000 f  sys_clock (IN)
                         net (fo=0)                   0.000     5.000    design_1_i/clk_wiz_0/inst/clk_in1
    H16                  IBUF (Prop_ibuf_I_O)         0.406     5.406 f  design_1_i/clk_wiz_0/inst/clkin1_ibufg/O
                         net (fo=1, routed)           0.480     5.886    design_1_i/clk_wiz_0/inst/clk_in1_design_1_clk_wiz_0_0
    MMCME2_ADV_X1Y2      MMCME2_ADV (Prop_mmcme2_adv_CLKIN1_CLKOUT0)
                                                     -3.407     2.479 f  design_1_i/clk_wiz_0/inst/mmcm_adv_inst/CLKOUT0
                         net (fo=1, routed)           0.752     3.231    design_1_i/clk_wiz_0/inst/clk_out1_design_1_clk_wiz_0_0
    BUFGCTRL_X0Y17       BUFG (Prop_bufg_I_O)         0.029     3.260 f  design_1_i/clk_wiz_0/inst/clkout1_buf/O
                         net (fo=180, routed)         0.935     4.195    design_1_i/ultrasoon_1/U0/ultrasoon_slave_lite_v1_0_S00_AXI_inst/Core1/clk
    SLICE_X65Y102        FDRE                                         r  design_1_i/ultrasoon_1/U0/ultrasoon_slave_lite_v1_0_S00_AXI_inst/Core1/sonar_trig_reg/C  (IS_INVERTED)
                         clock pessimism              0.236     4.431    
    SLICE_X65Y102        FDRE (Hold_fdre_C_D)         0.099     4.530    design_1_i/ultrasoon_1/U0/ultrasoon_slave_lite_v1_0_S00_AXI_inst/Core1/sonar_trig_reg
  -------------------------------------------------------------------
                         required time                         -4.530    
                         arrival time                           4.746    
  -------------------------------------------------------------------
                         slack                                  0.216    

Slack (MET) :             0.217ns  (arrival time - required time)
  Source:                 design_1_i/ultrasoon_1/U0/ultrasoon_slave_lite_v1_0_S00_AXI_inst/Core1/echo_last_reg/C
                            (falling edge-triggered cell FDRE clocked by clk_out1_design_1_clk_wiz_0_0  {rise@0.000ns fall@5.000ns period=10.000ns})
  Destination:            design_1_i/ultrasoon_1/U0/ultrasoon_slave_lite_v1_0_S00_AXI_inst/Core1/count_reg[1]/D
                            (falling edge-triggered cell FDRE clocked by clk_out1_design_1_clk_wiz_0_0  {rise@0.000ns fall@5.000ns period=10.000ns})
  Path Group:             clk_out1_design_1_clk_wiz_0_0
  Path Type:              Hold (Min at Fast Process Corner)
  Requirement:            0.000ns  (clk_out1_design_1_clk_wiz_0_0 fall@5.000ns - clk_out1_design_1_clk_wiz_0_0 fall@5.000ns)
  Data Path Delay:        0.354ns  (logic 0.191ns (53.903%)  route 0.163ns (46.097%))
  Logic Levels:           1  (LUT6=1)
  Clock Path Skew:        0.013ns (DCD - SCD - CPR)
    Destination Clock Delay (DCD):    -0.805ns = ( 4.195 - 5.000 ) 
    Source Clock Delay      (SCD):    -0.569ns = ( 4.431 - 5.000 ) 
    Clock Pessimism Removal (CPR):    -0.249ns

    Location             Delay type                Incr(ns)  Path(ns)    Netlist Resource(s)
  -------------------------------------------------------------------    -------------------
                         (clock clk_out1_design_1_clk_wiz_0_0 fall edge)
                                                      5.000     5.000 f  
    H16                                               0.000     5.000 f  sys_clock (IN)
                         net (fo=0)                   0.000     5.000    design_1_i/clk_wiz_0/inst/clk_in1
    H16                  IBUF (Prop_ibuf_I_O)         0.219     5.219 f  design_1_i/clk_wiz_0/inst/clkin1_ibufg/O
                         net (fo=1, routed)           0.440     5.659    design_1_i/clk_wiz_0/inst/clk_in1_design_1_clk_wiz_0_0
    MMCME2_ADV_X1Y2      MMCME2_ADV (Prop_mmcme2_adv_CLKIN1_CLKOUT0)
                                                     -2.613     3.046 f  design_1_i/clk_wiz_0/inst/mmcm_adv_inst/CLKOUT0
                         net (fo=1, routed)           0.696     3.743    design_1_i/clk_wiz_0/inst/clk_out1_design_1_clk_wiz_0_0
    BUFGCTRL_X0Y17       BUFG (Prop_bufg_I_O)         0.026     3.769 f  design_1_i/clk_wiz_0/inst/clkout1_buf/O
                         net (fo=180, routed)         0.662     4.431    design_1_i/ultrasoon_1/U0/ultrasoon_slave_lite_v1_0_S00_AXI_inst/Core1/clk
    SLICE_X63Y100        FDRE                                         r  design_1_i/ultrasoon_1/U0/ultrasoon_slave_lite_v1_0_S00_AXI_inst/Core1/echo_last_reg/C  (IS_INVERTED)
  -------------------------------------------------------------------    -------------------
    SLICE_X63Y100        FDRE (Prop_fdre_C_Q)         0.146     4.577 r  design_1_i/ultrasoon_1/U0/ultrasoon_slave_lite_v1_0_S00_AXI_inst/Core1/echo_last_reg/Q
                         net (fo=38, routed)          0.163     4.740    design_1_i/ultrasoon_1/U0/ultrasoon_slave_lite_v1_0_S00_AXI_inst/Core1/echo_last
    SLICE_X62Y100        LUT6 (Prop_lut6_I1_O)        0.045     4.785 r  design_1_i/ultrasoon_1/U0/ultrasoon_slave_lite_v1_0_S00_AXI_inst/Core1/count[1]_i_1/O
                         net (fo=1, routed)           0.000     4.785    design_1_i/ultrasoon_1/U0/ultrasoon_slave_lite_v1_0_S00_AXI_inst/Core1/p_1_in[1]
    SLICE_X62Y100        FDRE                                         r  design_1_i/ultrasoon_1/U0/ultrasoon_slave_lite_v1_0_S00_AXI_inst/Core1/count_reg[1]/D
  -------------------------------------------------------------------    -------------------

                         (clock clk_out1_design_1_clk_wiz_0_0 fall edge)
                                                      5.000     5.000 f  
    H16                                               0.000     5.000 f  sys_clock (IN)
                         net (fo=0)                   0.000     5.000    design_1_i/clk_wiz_0/inst/clk_in1
    H16                  IBUF (Prop_ibuf_I_O)         0.406     5.406 f  design_1_i/clk_wiz_0/inst/clkin1_ibufg/O
                         net (fo=1, routed)           0.480     5.886    design_1_i/clk_wiz_0/inst/clk_in1_design_1_clk_wiz_0_0
    MMCME2_ADV_X1Y2      MMCME2_ADV (Prop_mmcme2_adv_CLKIN1_CLKOUT0)
                                                     -3.407     2.479 f  design_1_i/clk_wiz_0/inst/mmcm_adv_inst/CLKOUT0
                         net (fo=1, routed)           0.752     3.231    design_1_i/clk_wiz_0/inst/clk_out1_design_1_clk_wiz_0_0
    BUFGCTRL_X0Y17       BUFG (Prop_bufg_I_O)         0.029     3.260 f  design_1_i/clk_wiz_0/inst/clkout1_buf/O
                         net (fo=180, routed)         0.935     4.195    design_1_i/ultrasoon_1/U0/ultrasoon_slave_lite_v1_0_S00_AXI_inst/Core1/clk
    SLICE_X62Y100        FDRE                                         r  design_1_i/ultrasoon_1/U0/ultrasoon_slave_lite_v1_0_S00_AXI_inst/Core1/count_reg[1]/C  (IS_INVERTED)
                         clock pessimism              0.249     4.444    
    SLICE_X62Y100        FDRE (Hold_fdre_C_D)         0.124     4.568    design_1_i/ultrasoon_1/U0/ultrasoon_slave_lite_v1_0_S00_AXI_inst/Core1/count_reg[1]
  -------------------------------------------------------------------
                         required time                         -4.568    
                         arrival time                           4.785    
  -------------------------------------------------------------------
                         slack                                  0.217    





Pulse Width Checks
--------------------------------------------------------------------------------------
Clock Name:         clk_out1_design_1_clk_wiz_0_0
Waveform(ns):       { 0.000 5.000 }
Period(ns):         10.000
Sources:            { design_1_i/clk_wiz_0/inst/mmcm_adv_inst/CLKOUT0 }

Check Type        Corner  Lib Pin             Reference Pin  Required(ns)  Actual(ns)  Slack(ns)  Location         Pin
Min Period        n/a     BUFG/I              n/a            2.155         10.000      7.845      BUFGCTRL_X0Y17   design_1_i/clk_wiz_0/inst/clkout1_buf/I
Min Period        n/a     MMCME2_ADV/CLKOUT0  n/a            1.249         10.000      8.751      MMCME2_ADV_X1Y2  design_1_i/clk_wiz_0/inst/mmcm_adv_inst/CLKOUT0
Min Period        n/a     FDRE/C              n/a            1.000         10.000      9.000      SLICE_X53Y95     design_1_i/SpeedSensor_0/U0/SpeedSensor_slave_lite_v1_0_S00_AXI_inst/Core1/last_sensor_state_reg/C
Min Period        n/a     FDRE/C              n/a            1.000         10.000      9.000      SLICE_X52Y90     design_1_i/SpeedSensor_0/U0/SpeedSensor_slave_lite_v1_0_S00_AXI_inst/Core1/pulse_count_reg[0]/C
Min Period        n/a     FDRE/C              n/a            1.000         10.000      9.000      SLICE_X52Y92     design_1_i/SpeedSensor_0/U0/SpeedSensor_slave_lite_v1_0_S00_AXI_inst/Core1/pulse_count_reg[10]/C
Min Period        n/a     FDRE/C              n/a            1.000         10.000      9.000      SLICE_X52Y92     design_1_i/SpeedSensor_0/U0/SpeedSensor_slave_lite_v1_0_S00_AXI_inst/Core1/pulse_count_reg[11]/C
Min Period        n/a     FDRE/C              n/a            1.000         10.000      9.000      SLICE_X52Y93     design_1_i/SpeedSensor_0/U0/SpeedSensor_slave_lite_v1_0_S00_AXI_inst/Core1/pulse_count_reg[12]/C
Min Period        n/a     FDRE/C              n/a            1.000         10.000      9.000      SLICE_X52Y93     design_1_i/SpeedSensor_0/U0/SpeedSensor_slave_lite_v1_0_S00_AXI_inst/Core1/pulse_count_reg[13]/C
Min Period        n/a     FDRE/C              n/a            1.000         10.000      9.000      SLICE_X52Y93     design_1_i/SpeedSensor_0/U0/SpeedSensor_slave_lite_v1_0_S00_AXI_inst/Core1/pulse_count_reg[14]/C
Min Period        n/a     FDRE/C              n/a            1.000         10.000      9.000      SLICE_X52Y93     design_1_i/SpeedSensor_0/U0/SpeedSensor_slave_lite_v1_0_S00_AXI_inst/Core1/pulse_count_reg[15]/C
Max Period        n/a     MMCME2_ADV/CLKOUT0  n/a            213.360       10.000      203.360    MMCME2_ADV_X1Y2  design_1_i/clk_wiz_0/inst/mmcm_adv_inst/CLKOUT0
Low Pulse Width   Slow    FDRE/C              n/a            0.500         5.000       4.500      SLICE_X53Y95     design_1_i/SpeedSensor_0/U0/SpeedSensor_slave_lite_v1_0_S00_AXI_inst/Core1/last_sensor_state_reg/C
Low Pulse Width   Fast    FDRE/C              n/a            0.500         5.000       4.500      SLICE_X53Y95     design_1_i/SpeedSensor_0/U0/SpeedSensor_slave_lite_v1_0_S00_AXI_inst/Core1/last_sensor_state_reg/C
Low Pulse Width   Slow    FDRE/C              n/a            0.500         5.000       4.500      SLICE_X52Y90     design_1_i/SpeedSensor_0/U0/SpeedSensor_slave_lite_v1_0_S00_AXI_inst/Core1/pulse_count_reg[0]/C
Low Pulse Width   Fast    FDRE/C              n/a            0.500         5.000       4.500      SLICE_X52Y90     design_1_i/SpeedSensor_0/U0/SpeedSensor_slave_lite_v1_0_S00_AXI_inst/Core1/pulse_count_reg[0]/C
Low Pulse Width   Slow    FDRE/C              n/a            0.500         5.000       4.500      SLICE_X52Y92     design_1_i/SpeedSensor_0/U0/SpeedSensor_slave_lite_v1_0_S00_AXI_inst/Core1/pulse_count_reg[10]/C
Low Pulse Width   Fast    FDRE/C              n/a            0.500         5.000       4.500      SLICE_X52Y92     design_1_i/SpeedSensor_0/U0/SpeedSensor_slave_lite_v1_0_S00_AXI_inst/Core1/pulse_count_reg[10]/C
Low Pulse Width   Slow    FDRE/C              n/a            0.500         5.000       4.500      SLICE_X52Y92     design_1_i/SpeedSensor_0/U0/SpeedSensor_slave_lite_v1_0_S00_AXI_inst/Core1/pulse_count_reg[11]/C
Low Pulse Width   Fast    FDRE/C              n/a            0.500         5.000       4.500      SLICE_X52Y92     design_1_i/SpeedSensor_0/U0/SpeedSensor_slave_lite_v1_0_S00_AXI_inst/Core1/pulse_count_reg[11]/C
Low Pulse Width   Slow    FDRE/C              n/a            0.500         5.000       4.500      SLICE_X52Y93     design_1_i/SpeedSensor_0/U0/SpeedSensor_slave_lite_v1_0_S00_AXI_inst/Core1/pulse_count_reg[12]/C
Low Pulse Width   Fast    FDRE/C              n/a            0.500         5.000       4.500      SLICE_X52Y93     design_1_i/SpeedSensor_0/U0/SpeedSensor_slave_lite_v1_0_S00_AXI_inst/Core1/pulse_count_reg[12]/C
High Pulse Width  Slow    FDRE/C              n/a            0.500         5.000       4.500      SLICE_X53Y95     design_1_i/SpeedSensor_0/U0/SpeedSensor_slave_lite_v1_0_S00_AXI_inst/Core1/last_sensor_state_reg/C
High Pulse Width  Fast    FDRE/C              n/a            0.500         5.000       4.500      SLICE_X53Y95     design_1_i/SpeedSensor_0/U0/SpeedSensor_slave_lite_v1_0_S00_AXI_inst/Core1/last_sensor_state_reg/C
High Pulse Width  Slow    FDRE/C              n/a            0.500         5.000       4.500      SLICE_X52Y90     design_1_i/SpeedSensor_0/U0/SpeedSensor_slave_lite_v1_0_S00_AXI_inst/Core1/pulse_count_reg[0]/C
High Pulse Width  Fast    FDRE/C              n/a            0.500         5.000       4.500      SLICE_X52Y90     design_1_i/SpeedSensor_0/U0/SpeedSensor_slave_lite_v1_0_S00_AXI_inst/Core1/pulse_count_reg[0]/C
High Pulse Width  Slow    FDRE/C              n/a            0.500         5.000       4.500      SLICE_X52Y92     design_1_i/SpeedSensor_0/U0/SpeedSensor_slave_lite_v1_0_S00_AXI_inst/Core1/pulse_count_reg[10]/C
High Pulse Width  Fast    FDRE/C              n/a            0.500         5.000       4.500      SLICE_X52Y92     design_1_i/SpeedSensor_0/U0/SpeedSensor_slave_lite_v1_0_S00_AXI_inst/Core1/pulse_count_reg[10]/C
High Pulse Width  Slow    FDRE/C              n/a            0.500         5.000       4.500      SLICE_X52Y92     design_1_i/SpeedSensor_0/U0/SpeedSensor_slave_lite_v1_0_S00_AXI_inst/Core1/pulse_count_reg[11]/C
High Pulse Width  Fast    FDRE/C              n/a            0.500         5.000       4.500      SLICE_X52Y92     design_1_i/SpeedSensor_0/U0/SpeedSensor_slave_lite_v1_0_S00_AXI_inst/Core1/pulse_count_reg[11]/C
High Pulse Width  Slow    FDRE/C              n/a            0.500         5.000       4.500      SLICE_X52Y93     design_1_i/SpeedSensor_0/U0/SpeedSensor_slave_lite_v1_0_S00_AXI_inst/Core1/pulse_count_reg[12]/C
High Pulse Width  Fast    FDRE/C              n/a            0.500         5.000       4.500      SLICE_X52Y93     design_1_i/SpeedSensor_0/U0/SpeedSensor_slave_lite_v1_0_S00_AXI_inst/Core1/pulse_count_reg[12]/C



---------------------------------------------------------------------------------------------------
From Clock:  clkfbout_design_1_clk_wiz_0_0
  To Clock:  clkfbout_design_1_clk_wiz_0_0

Setup :           NA  Failing Endpoints,  Worst Slack           NA  ,  Total Violation           NA
Hold  :           NA  Failing Endpoints,  Worst Slack           NA  ,  Total Violation           NA
PW    :            0  Failing Endpoints,  Worst Slack        5.845ns,  Total Violation        0.000ns
---------------------------------------------------------------------------------------------------


Pulse Width Checks
--------------------------------------------------------------------------------------
Clock Name:         clkfbout_design_1_clk_wiz_0_0
Waveform(ns):       { 0.000 4.000 }
Period(ns):         8.000
Sources:            { design_1_i/clk_wiz_0/inst/mmcm_adv_inst/CLKFBOUT }

Check Type  Corner  Lib Pin              Reference Pin  Required(ns)  Actual(ns)  Slack(ns)  Location         Pin
Min Period  n/a     BUFG/I               n/a            2.155         8.000       5.845      BUFGCTRL_X0Y18   design_1_i/clk_wiz_0/inst/clkf_buf/I
Min Period  n/a     MMCME2_ADV/CLKFBOUT  n/a            1.249         8.000       6.751      MMCME2_ADV_X1Y2  design_1_i/clk_wiz_0/inst/mmcm_adv_inst/CLKFBOUT
Min Period  n/a     MMCME2_ADV/CLKFBIN   n/a            1.249         8.000       6.751      MMCME2_ADV_X1Y2  design_1_i/clk_wiz_0/inst/mmcm_adv_inst/CLKFBIN
Max Period  n/a     MMCME2_ADV/CLKFBIN   n/a            100.000       8.000       92.000     MMCME2_ADV_X1Y2  design_1_i/clk_wiz_0/inst/mmcm_adv_inst/CLKFBIN
Max Period  n/a     MMCME2_ADV/CLKFBOUT  n/a            213.360       8.000       205.360    MMCME2_ADV_X1Y2  design_1_i/clk_wiz_0/inst/mmcm_adv_inst/CLKFBOUT



---------------------------------------------------------------------------------------------------
From Clock:  clk_out1_design_1_clk_wiz_0_0
  To Clock:  clk_fpga_0

Setup :            0  Failing Endpoints,  Worst Slack        0.825ns,  Total Violation        0.000ns
Hold  :            0  Failing Endpoints,  Worst Slack        0.061ns,  Total Violation        0.000ns
---------------------------------------------------------------------------------------------------


Max Delay Paths
--------------------------------------------------------------------------------------
Slack (MET) :             0.825ns  (required time - arrival time)
  Source:                 design_1_i/ultrasoon_0/U0/ultrasoon_slave_lite_v1_0_S00_AXI_inst/Core1/centimeter_reg[7]/C
                            (falling edge-triggered cell FDRE clocked by clk_out1_design_1_clk_wiz_0_0  {rise@0.000ns fall@5.000ns period=10.000ns})
  Destination:            design_1_i/ps7_0_axi_periph/xbar/inst/gen_sasd.crossbar_sasd_0/reg_slice_r/m_payload_i_reg[10]/D
                            (rising edge-triggered cell FDRE clocked by clk_fpga_0  {rise@0.000ns fall@5.000ns period=10.000ns})
  Path Group:             clk_fpga_0
  Path Type:              Setup (Max at Slow Process Corner)
  Requirement:            5.000ns  (clk_fpga_0 rise@10.000ns - clk_out1_design_1_clk_wiz_0_0 fall@5.000ns)
  Data Path Delay:        7.529ns  (logic 1.093ns (14.517%)  route 6.436ns (85.483%))
  Logic Levels:           4  (LUT4=1 LUT5=1 LUT6=2)
  Clock Path Skew:        3.662ns (DCD - SCD + CPR)
    Destination Clock Delay (DCD):    2.655ns = ( 12.655 - 10.000 ) 
    Source Clock Delay      (SCD):    -1.007ns = ( 3.993 - 5.000 ) 
    Clock Pessimism Removal (CPR):    0.000ns
  Clock Uncertainty:      0.263ns  ((TSJ^2 + TIJ^2 + DJ^2)^1/2) / 2 + PE
    Total System Jitter     (TSJ):    0.071ns
    Total Input Jitter      (TIJ):    0.300ns
    Discrete Jitter          (DJ):    0.125ns
    Phase Error              (PE):    0.097ns
  Clock Domain Crossing:  Inter clock paths are considered valid unless explicitly excluded by timing constraints such as set_clock_groups or set_false_path.

    Location             Delay type                Incr(ns)  Path(ns)    Netlist Resource(s)
  -------------------------------------------------------------------    -------------------
                         (clock clk_out1_design_1_clk_wiz_0_0 fall edge)
                                                      5.000     5.000 f  
    H16                                               0.000     5.000 f  sys_clock (IN)
                         net (fo=0)                   0.000     5.000    design_1_i/clk_wiz_0/inst/clk_in1
    H16                  IBUF (Prop_ibuf_I_O)         1.451     6.451 f  design_1_i/clk_wiz_0/inst/clkin1_ibufg/O
                         net (fo=1, routed)           1.285     7.736    design_1_i/clk_wiz_0/inst/clk_in1_design_1_clk_wiz_0_0
    MMCME2_ADV_X1Y2      MMCME2_ADV (Prop_mmcme2_adv_CLKIN1_CLKOUT0)
                                                     -7.759    -0.023 f  design_1_i/clk_wiz_0/inst/mmcm_adv_inst/CLKOUT0
                         net (fo=1, routed)           2.206     2.183    design_1_i/clk_wiz_0/inst/clk_out1_design_1_clk_wiz_0_0
    BUFGCTRL_X0Y17       BUFG (Prop_bufg_I_O)         0.101     2.284 f  design_1_i/clk_wiz_0/inst/clkout1_buf/O
                         net (fo=180, routed)         1.709     3.993    design_1_i/ultrasoon_0/U0/ultrasoon_slave_lite_v1_0_S00_AXI_inst/Core1/clk
    SLICE_X63Y86         FDRE                                         r  design_1_i/ultrasoon_0/U0/ultrasoon_slave_lite_v1_0_S00_AXI_inst/Core1/centimeter_reg[7]/C  (IS_INVERTED)
  -------------------------------------------------------------------    -------------------
    SLICE_X63Y86         FDRE (Prop_fdre_C_Q)         0.422     4.415 r  design_1_i/ultrasoon_0/U0/ultrasoon_slave_lite_v1_0_S00_AXI_inst/Core1/centimeter_reg[7]/Q
                         net (fo=1, routed)           0.550     4.964    design_1_i/ultrasoon_0/U0/ultrasoon_slave_lite_v1_0_S00_AXI_inst/centimeter[7]
    SLICE_X61Y85         LUT6 (Prop_lut6_I5_O)        0.299     5.263 r  design_1_i/ultrasoon_0/U0/ultrasoon_slave_lite_v1_0_S00_AXI_inst/s00_axi_rdata[7]_INST_0/O
                         net (fo=1, routed)           0.719     5.982    design_1_i/ps7_0_axi_periph/xbar/inst/gen_sasd.crossbar_sasd_0/reg_slice_r/m_axi_rdata[135]
    SLICE_X59Y86         LUT4 (Prop_lut4_I0_O)        0.124     6.106 r  design_1_i/ps7_0_axi_periph/xbar/inst/gen_sasd.crossbar_sasd_0/reg_slice_r/m_payload_i[10]_i_4/O
                         net (fo=1, routed)           0.794     6.900    design_1_i/ps7_0_axi_periph/xbar/inst/gen_sasd.crossbar_sasd_0/reg_slice_r/m_payload_i[10]_i_4_n_0
    SLICE_X52Y86         LUT5 (Prop_lut5_I4_O)        0.124     7.024 r  design_1_i/ps7_0_axi_periph/xbar/inst/gen_sasd.crossbar_sasd_0/reg_slice_r/m_payload_i[10]_i_3/O
                         net (fo=1, routed)           0.775     7.799    design_1_i/ps7_0_axi_periph/xbar/inst/gen_sasd.crossbar_sasd_0/reg_slice_r/m_payload_i[10]_i_3_n_0
    SLICE_X45Y88         LUT6 (Prop_lut6_I5_O)        0.124     7.923 r  design_1_i/ps7_0_axi_periph/xbar/inst/gen_sasd.crossbar_sasd_0/reg_slice_r/m_payload_i[10]_i_1/O
                         net (fo=2, routed)           3.599    11.522    design_1_i/ps7_0_axi_periph/xbar/inst/gen_sasd.crossbar_sasd_0/reg_slice_r/skid_buffer[10]
    SLICE_X36Y88         FDRE                                         r  design_1_i/ps7_0_axi_periph/xbar/inst/gen_sasd.crossbar_sasd_0/reg_slice_r/m_payload_i_reg[10]/D
  -------------------------------------------------------------------    -------------------

                         (clock clk_fpga_0 rise edge)
                                                     10.000    10.000 r  
    PS7_X0Y0             PS7                          0.000    10.000 r  design_1_i/processing_system7_0/inst/PS7_i/FCLKCLK[0]
                         net (fo=1, routed)           1.088    11.088    design_1_i/processing_system7_0/inst/FCLK_CLK_unbuffered[0]
    BUFGCTRL_X0Y16       BUFG (Prop_bufg_I_O)         0.091    11.179 r  design_1_i/processing_system7_0/inst/buffer_fclk_clk_0.FCLK_CLK_0_BUFG/O
                         net (fo=2496, routed)        1.476    12.655    design_1_i/ps7_0_axi_periph/xbar/inst/gen_sasd.crossbar_sasd_0/reg_slice_r/aclk
    SLICE_X36Y88         FDRE                                         r  design_1_i/ps7_0_axi_periph/xbar/inst/gen_sasd.crossbar_sasd_0/reg_slice_r/m_payload_i_reg[10]/C
                         clock pessimism              0.000    12.655    
                         clock uncertainty           -0.263    12.392    
    SLICE_X36Y88         FDRE (Setup_fdre_C_D)       -0.045    12.347    design_1_i/ps7_0_axi_periph/xbar/inst/gen_sasd.crossbar_sasd_0/reg_slice_r/m_payload_i_reg[10]
  -------------------------------------------------------------------
                         required time                         12.347    
                         arrival time                         -11.522    
  -------------------------------------------------------------------
                         slack                                  0.825    

Slack (MET) :             1.043ns  (required time - arrival time)
  Source:                 design_1_i/ultrasoon_0/U0/ultrasoon_slave_lite_v1_0_S00_AXI_inst/Core1/centimeter_reg[3]/C
                            (falling edge-triggered cell FDRE clocked by clk_out1_design_1_clk_wiz_0_0  {rise@0.000ns fall@5.000ns period=10.000ns})
  Destination:            design_1_i/ps7_0_axi_periph/xbar/inst/gen_sasd.crossbar_sasd_0/reg_slice_r/skid_buffer_reg[6]/D
                            (rising edge-triggered cell FDRE clocked by clk_fpga_0  {rise@0.000ns fall@5.000ns period=10.000ns})
  Path Group:             clk_fpga_0
  Path Type:              Setup (Max at Slow Process Corner)
  Requirement:            5.000ns  (clk_fpga_0 rise@10.000ns - clk_out1_design_1_clk_wiz_0_0 fall@5.000ns)
  Data Path Delay:        7.275ns  (logic 0.955ns (13.127%)  route 6.320ns (86.873%))
  Logic Levels:           4  (LUT4=1 LUT5=1 LUT6=2)
  Clock Path Skew:        3.662ns (DCD - SCD + CPR)
    Destination Clock Delay (DCD):    2.654ns = ( 12.654 - 10.000 ) 
    Source Clock Delay      (SCD):    -1.008ns = ( 3.992 - 5.000 ) 
    Clock Pessimism Removal (CPR):    0.000ns
  Clock Uncertainty:      0.263ns  ((TSJ^2 + TIJ^2 + DJ^2)^1/2) / 2 + PE
    Total System Jitter     (TSJ):    0.071ns
    Total Input Jitter      (TIJ):    0.300ns
    Discrete Jitter          (DJ):    0.125ns
    Phase Error              (PE):    0.097ns
  Clock Domain Crossing:  Inter clock paths are considered valid unless explicitly excluded by timing constraints such as set_clock_groups or set_false_path.

    Location             Delay type                Incr(ns)  Path(ns)    Netlist Resource(s)
  -------------------------------------------------------------------    -------------------
                         (clock clk_out1_design_1_clk_wiz_0_0 fall edge)
                                                      5.000     5.000 f  
    H16                                               0.000     5.000 f  sys_clock (IN)
                         net (fo=0)                   0.000     5.000    design_1_i/clk_wiz_0/inst/clk_in1
    H16                  IBUF (Prop_ibuf_I_O)         1.451     6.451 f  design_1_i/clk_wiz_0/inst/clkin1_ibufg/O
                         net (fo=1, routed)           1.285     7.736    design_1_i/clk_wiz_0/inst/clk_in1_design_1_clk_wiz_0_0
    MMCME2_ADV_X1Y2      MMCME2_ADV (Prop_mmcme2_adv_CLKIN1_CLKOUT0)
                                                     -7.759    -0.023 f  design_1_i/clk_wiz_0/inst/mmcm_adv_inst/CLKOUT0
                         net (fo=1, routed)           2.206     2.183    design_1_i/clk_wiz_0/inst/clk_out1_design_1_clk_wiz_0_0
    BUFGCTRL_X0Y17       BUFG (Prop_bufg_I_O)         0.101     2.284 f  design_1_i/clk_wiz_0/inst/clkout1_buf/O
                         net (fo=180, routed)         1.708     3.992    design_1_i/ultrasoon_0/U0/ultrasoon_slave_lite_v1_0_S00_AXI_inst/Core1/clk
    SLICE_X65Y84         FDRE                                         r  design_1_i/ultrasoon_0/U0/ultrasoon_slave_lite_v1_0_S00_AXI_inst/Core1/centimeter_reg[3]/C  (IS_INVERTED)
  -------------------------------------------------------------------    -------------------
    SLICE_X65Y84         FDRE (Prop_fdre_C_Q)         0.459     4.451 r  design_1_i/ultrasoon_0/U0/ultrasoon_slave_lite_v1_0_S00_AXI_inst/Core1/centimeter_reg[3]/Q
                         net (fo=1, routed)           0.449     4.900    design_1_i/ultrasoon_0/U0/ultrasoon_slave_lite_v1_0_S00_AXI_inst/centimeter[3]
    SLICE_X62Y84         LUT6 (Prop_lut6_I5_O)        0.124     5.024 r  design_1_i/ultrasoon_0/U0/ultrasoon_slave_lite_v1_0_S00_AXI_inst/s00_axi_rdata[3]_INST_0/O
                         net (fo=1, routed)           0.848     5.872    design_1_i/ps7_0_axi_periph/xbar/inst/gen_sasd.crossbar_sasd_0/reg_slice_r/m_axi_rdata[131]
    SLICE_X53Y87         LUT4 (Prop_lut4_I2_O)        0.124     5.996 r  design_1_i/ps7_0_axi_periph/xbar/inst/gen_sasd.crossbar_sasd_0/reg_slice_r/m_payload_i[6]_i_4/O
                         net (fo=1, routed)           0.723     6.719    design_1_i/ps7_0_axi_periph/xbar/inst/gen_sasd.crossbar_sasd_0/reg_slice_r/m_payload_i[6]_i_4_n_0
    SLICE_X53Y87         LUT5 (Prop_lut5_I4_O)        0.124     6.843 r  design_1_i/ps7_0_axi_periph/xbar/inst/gen_sasd.crossbar_sasd_0/reg_slice_r/m_payload_i[6]_i_2/O
                         net (fo=1, routed)           0.722     7.565    design_1_i/ps7_0_axi_periph/xbar/inst/gen_sasd.crossbar_sasd_0/reg_slice_r/m_payload_i[6]_i_2_n_0
    SLICE_X45Y87         LUT6 (Prop_lut6_I4_O)        0.124     7.689 r  design_1_i/ps7_0_axi_periph/xbar/inst/gen_sasd.crossbar_sasd_0/reg_slice_r/m_payload_i[6]_i_1/O
                         net (fo=2, routed)           3.578    11.267    design_1_i/ps7_0_axi_periph/xbar/inst/gen_sasd.crossbar_sasd_0/reg_slice_r/skid_buffer[6]
    SLICE_X44Y88         FDRE                                         r  design_1_i/ps7_0_axi_periph/xbar/inst/gen_sasd.crossbar_sasd_0/reg_slice_r/skid_buffer_reg[6]/D
  -------------------------------------------------------------------    -------------------

                         (clock clk_fpga_0 rise edge)
                                                     10.000    10.000 r  
    PS7_X0Y0             PS7                          0.000    10.000 r  design_1_i/processing_system7_0/inst/PS7_i/FCLKCLK[0]
                         net (fo=1, routed)           1.088    11.088    design_1_i/processing_system7_0/inst/FCLK_CLK_unbuffered[0]
    BUFGCTRL_X0Y16       BUFG (Prop_bufg_I_O)         0.091    11.179 r  design_1_i/processing_system7_0/inst/buffer_fclk_clk_0.FCLK_CLK_0_BUFG/O
                         net (fo=2496, routed)        1.475    12.654    design_1_i/ps7_0_axi_periph/xbar/inst/gen_sasd.crossbar_sasd_0/reg_slice_r/aclk
    SLICE_X44Y88         FDRE                                         r  design_1_i/ps7_0_axi_periph/xbar/inst/gen_sasd.crossbar_sasd_0/reg_slice_r/skid_buffer_reg[6]/C
                         clock pessimism              0.000    12.654    
                         clock uncertainty           -0.263    12.391    
    SLICE_X44Y88         FDRE (Setup_fdre_C_D)       -0.081    12.310    design_1_i/ps7_0_axi_periph/xbar/inst/gen_sasd.crossbar_sasd_0/reg_slice_r/skid_buffer_reg[6]
  -------------------------------------------------------------------
                         required time                         12.310    
                         arrival time                         -11.267    
  -------------------------------------------------------------------
                         slack                                  1.043    

Slack (MET) :             1.089ns  (required time - arrival time)
  Source:                 design_1_i/ultrasoon_0/U0/ultrasoon_slave_lite_v1_0_S00_AXI_inst/Core1/centimeter_reg[7]/C
                            (falling edge-triggered cell FDRE clocked by clk_out1_design_1_clk_wiz_0_0  {rise@0.000ns fall@5.000ns period=10.000ns})
  Destination:            design_1_i/ps7_0_axi_periph/xbar/inst/gen_sasd.crossbar_sasd_0/reg_slice_r/skid_buffer_reg[10]/D
                            (rising edge-triggered cell FDRE clocked by clk_fpga_0  {rise@0.000ns fall@5.000ns period=10.000ns})
  Path Group:             clk_fpga_0
  Path Type:              Setup (Max at Slow Process Corner)
  Requirement:            5.000ns  (clk_fpga_0 rise@10.000ns - clk_out1_design_1_clk_wiz_0_0 fall@5.000ns)
  Data Path Delay:        7.243ns  (logic 1.093ns (15.090%)  route 6.150ns (84.910%))
  Logic Levels:           4  (LUT4=1 LUT5=1 LUT6=2)
  Clock Path Skew:        3.662ns (DCD - SCD + CPR)
    Destination Clock Delay (DCD):    2.655ns = ( 12.655 - 10.000 ) 
    Source Clock Delay      (SCD):    -1.007ns = ( 3.993 - 5.000 ) 
    Clock Pessimism Removal (CPR):    0.000ns
  Clock Uncertainty:      0.263ns  ((TSJ^2 + TIJ^2 + DJ^2)^1/2) / 2 + PE
    Total System Jitter     (TSJ):    0.071ns
    Total Input Jitter      (TIJ):    0.300ns
    Discrete Jitter          (DJ):    0.125ns
    Phase Error              (PE):    0.097ns
  Clock Domain Crossing:  Inter clock paths are considered valid unless explicitly excluded by timing constraints such as set_clock_groups or set_false_path.

    Location             Delay type                Incr(ns)  Path(ns)    Netlist Resource(s)
  -------------------------------------------------------------------    -------------------
                         (clock clk_out1_design_1_clk_wiz_0_0 fall edge)
                                                      5.000     5.000 f  
    H16                                               0.000     5.000 f  sys_clock (IN)
                         net (fo=0)                   0.000     5.000    design_1_i/clk_wiz_0/inst/clk_in1
    H16                  IBUF (Prop_ibuf_I_O)         1.451     6.451 f  design_1_i/clk_wiz_0/inst/clkin1_ibufg/O
                         net (fo=1, routed)           1.285     7.736    design_1_i/clk_wiz_0/inst/clk_in1_design_1_clk_wiz_0_0
    MMCME2_ADV_X1Y2      MMCME2_ADV (Prop_mmcme2_adv_CLKIN1_CLKOUT0)
                                                     -7.759    -0.023 f  design_1_i/clk_wiz_0/inst/mmcm_adv_inst/CLKOUT0
                         net (fo=1, routed)           2.206     2.183    design_1_i/clk_wiz_0/inst/clk_out1_design_1_clk_wiz_0_0
    BUFGCTRL_X0Y17       BUFG (Prop_bufg_I_O)         0.101     2.284 f  design_1_i/clk_wiz_0/inst/clkout1_buf/O
                         net (fo=180, routed)         1.709     3.993    design_1_i/ultrasoon_0/U0/ultrasoon_slave_lite_v1_0_S00_AXI_inst/Core1/clk
    SLICE_X63Y86         FDRE                                         r  design_1_i/ultrasoon_0/U0/ultrasoon_slave_lite_v1_0_S00_AXI_inst/Core1/centimeter_reg[7]/C  (IS_INVERTED)
  -------------------------------------------------------------------    -------------------
    SLICE_X63Y86         FDRE (Prop_fdre_C_Q)         0.422     4.415 r  design_1_i/ultrasoon_0/U0/ultrasoon_slave_lite_v1_0_S00_AXI_inst/Core1/centimeter_reg[7]/Q
                         net (fo=1, routed)           0.550     4.964    design_1_i/ultrasoon_0/U0/ultrasoon_slave_lite_v1_0_S00_AXI_inst/centimeter[7]
    SLICE_X61Y85         LUT6 (Prop_lut6_I5_O)        0.299     5.263 r  design_1_i/ultrasoon_0/U0/ultrasoon_slave_lite_v1_0_S00_AXI_inst/s00_axi_rdata[7]_INST_0/O
                         net (fo=1, routed)           0.719     5.982    design_1_i/ps7_0_axi_periph/xbar/inst/gen_sasd.crossbar_sasd_0/reg_slice_r/m_axi_rdata[135]
    SLICE_X59Y86         LUT4 (Prop_lut4_I0_O)        0.124     6.106 r  design_1_i/ps7_0_axi_periph/xbar/inst/gen_sasd.crossbar_sasd_0/reg_slice_r/m_payload_i[10]_i_4/O
                         net (fo=1, routed)           0.794     6.900    design_1_i/ps7_0_axi_periph/xbar/inst/gen_sasd.crossbar_sasd_0/reg_slice_r/m_payload_i[10]_i_4_n_0
    SLICE_X52Y86         LUT5 (Prop_lut5_I4_O)        0.124     7.024 r  design_1_i/ps7_0_axi_periph/xbar/inst/gen_sasd.crossbar_sasd_0/reg_slice_r/m_payload_i[10]_i_3/O
                         net (fo=1, routed)           0.775     7.799    design_1_i/ps7_0_axi_periph/xbar/inst/gen_sasd.crossbar_sasd_0/reg_slice_r/m_payload_i[10]_i_3_n_0
    SLICE_X45Y88         LUT6 (Prop_lut6_I5_O)        0.124     7.923 r  design_1_i/ps7_0_axi_periph/xbar/inst/gen_sasd.crossbar_sasd_0/reg_slice_r/m_payload_i[10]_i_1/O
                         net (fo=2, routed)           3.313    11.236    design_1_i/ps7_0_axi_periph/xbar/inst/gen_sasd.crossbar_sasd_0/reg_slice_r/skid_buffer[10]
    SLICE_X43Y88         FDRE                                         r  design_1_i/ps7_0_axi_periph/xbar/inst/gen_sasd.crossbar_sasd_0/reg_slice_r/skid_buffer_reg[10]/D
  -------------------------------------------------------------------    -------------------

                         (clock clk_fpga_0 rise edge)
                                                     10.000    10.000 r  
    PS7_X0Y0             PS7                          0.000    10.000 r  design_1_i/processing_system7_0/inst/PS7_i/FCLKCLK[0]
                         net (fo=1, routed)           1.088    11.088    design_1_i/processing_system7_0/inst/FCLK_CLK_unbuffered[0]
    BUFGCTRL_X0Y16       BUFG (Prop_bufg_I_O)         0.091    11.179 r  design_1_i/processing_system7_0/inst/buffer_fclk_clk_0.FCLK_CLK_0_BUFG/O
                         net (fo=2496, routed)        1.476    12.655    design_1_i/ps7_0_axi_periph/xbar/inst/gen_sasd.crossbar_sasd_0/reg_slice_r/aclk
    SLICE_X43Y88         FDRE                                         r  design_1_i/ps7_0_axi_periph/xbar/inst/gen_sasd.crossbar_sasd_0/reg_slice_r/skid_buffer_reg[10]/C
                         clock pessimism              0.000    12.655    
                         clock uncertainty           -0.263    12.392    
    SLICE_X43Y88         FDRE (Setup_fdre_C_D)       -0.067    12.325    design_1_i/ps7_0_axi_periph/xbar/inst/gen_sasd.crossbar_sasd_0/reg_slice_r/skid_buffer_reg[10]
  -------------------------------------------------------------------
                         required time                         12.325    
                         arrival time                         -11.236    
  -------------------------------------------------------------------
                         slack                                  1.089    

Slack (MET) :             1.148ns  (required time - arrival time)
  Source:                 design_1_i/ultrasoon_0/U0/ultrasoon_slave_lite_v1_0_S00_AXI_inst/Core1/centimeter_reg[3]/C
                            (falling edge-triggered cell FDRE clocked by clk_out1_design_1_clk_wiz_0_0  {rise@0.000ns fall@5.000ns period=10.000ns})
  Destination:            design_1_i/ps7_0_axi_periph/xbar/inst/gen_sasd.crossbar_sasd_0/reg_slice_r/m_payload_i_reg[6]/D
                            (rising edge-triggered cell FDRE clocked by clk_fpga_0  {rise@0.000ns fall@5.000ns period=10.000ns})
  Path Group:             clk_fpga_0
  Path Type:              Setup (Max at Slow Process Corner)
  Requirement:            5.000ns  (clk_fpga_0 rise@10.000ns - clk_out1_design_1_clk_wiz_0_0 fall@5.000ns)
  Data Path Delay:        7.190ns  (logic 0.955ns (13.282%)  route 6.235ns (86.718%))
  Logic Levels:           4  (LUT4=1 LUT5=1 LUT6=2)
  Clock Path Skew:        3.663ns (DCD - SCD + CPR)
    Destination Clock Delay (DCD):    2.655ns = ( 12.655 - 10.000 ) 
    Source Clock Delay      (SCD):    -1.008ns = ( 3.992 - 5.000 ) 
    Clock Pessimism Removal (CPR):    0.000ns
  Clock Uncertainty:      0.263ns  ((TSJ^2 + TIJ^2 + DJ^2)^1/2) / 2 + PE
    Total System Jitter     (TSJ):    0.071ns
    Total Input Jitter      (TIJ):    0.300ns
    Discrete Jitter          (DJ):    0.125ns
    Phase Error              (PE):    0.097ns
  Clock Domain Crossing:  Inter clock paths are considered valid unless explicitly excluded by timing constraints such as set_clock_groups or set_false_path.

    Location             Delay type                Incr(ns)  Path(ns)    Netlist Resource(s)
  -------------------------------------------------------------------    -------------------
                         (clock clk_out1_design_1_clk_wiz_0_0 fall edge)
                                                      5.000     5.000 f  
    H16                                               0.000     5.000 f  sys_clock (IN)
                         net (fo=0)                   0.000     5.000    design_1_i/clk_wiz_0/inst/clk_in1
    H16                  IBUF (Prop_ibuf_I_O)         1.451     6.451 f  design_1_i/clk_wiz_0/inst/clkin1_ibufg/O
                         net (fo=1, routed)           1.285     7.736    design_1_i/clk_wiz_0/inst/clk_in1_design_1_clk_wiz_0_0
    MMCME2_ADV_X1Y2      MMCME2_ADV (Prop_mmcme2_adv_CLKIN1_CLKOUT0)
                                                     -7.759    -0.023 f  design_1_i/clk_wiz_0/inst/mmcm_adv_inst/CLKOUT0
                         net (fo=1, routed)           2.206     2.183    design_1_i/clk_wiz_0/inst/clk_out1_design_1_clk_wiz_0_0
    BUFGCTRL_X0Y17       BUFG (Prop_bufg_I_O)         0.101     2.284 f  design_1_i/clk_wiz_0/inst/clkout1_buf/O
                         net (fo=180, routed)         1.708     3.992    design_1_i/ultrasoon_0/U0/ultrasoon_slave_lite_v1_0_S00_AXI_inst/Core1/clk
    SLICE_X65Y84         FDRE                                         r  design_1_i/ultrasoon_0/U0/ultrasoon_slave_lite_v1_0_S00_AXI_inst/Core1/centimeter_reg[3]/C  (IS_INVERTED)
  -------------------------------------------------------------------    -------------------
    SLICE_X65Y84         FDRE (Prop_fdre_C_Q)         0.459     4.451 r  design_1_i/ultrasoon_0/U0/ultrasoon_slave_lite_v1_0_S00_AXI_inst/Core1/centimeter_reg[3]/Q
                         net (fo=1, routed)           0.449     4.900    design_1_i/ultrasoon_0/U0/ultrasoon_slave_lite_v1_0_S00_AXI_inst/centimeter[3]
    SLICE_X62Y84         LUT6 (Prop_lut6_I5_O)        0.124     5.024 r  design_1_i/ultrasoon_0/U0/ultrasoon_slave_lite_v1_0_S00_AXI_inst/s00_axi_rdata[3]_INST_0/O
                         net (fo=1, routed)           0.848     5.872    design_1_i/ps7_0_axi_periph/xbar/inst/gen_sasd.crossbar_sasd_0/reg_slice_r/m_axi_rdata[131]
    SLICE_X53Y87         LUT4 (Prop_lut4_I2_O)        0.124     5.996 r  design_1_i/ps7_0_axi_periph/xbar/inst/gen_sasd.crossbar_sasd_0/reg_slice_r/m_payload_i[6]_i_4/O
                         net (fo=1, routed)           0.723     6.719    design_1_i/ps7_0_axi_periph/xbar/inst/gen_sasd.crossbar_sasd_0/reg_slice_r/m_payload_i[6]_i_4_n_0
    SLICE_X53Y87         LUT5 (Prop_lut5_I4_O)        0.124     6.843 r  design_1_i/ps7_0_axi_periph/xbar/inst/gen_sasd.crossbar_sasd_0/reg_slice_r/m_payload_i[6]_i_2/O
                         net (fo=1, routed)           0.722     7.565    design_1_i/ps7_0_axi_periph/xbar/inst/gen_sasd.crossbar_sasd_0/reg_slice_r/m_payload_i[6]_i_2_n_0
    SLICE_X45Y87         LUT6 (Prop_lut6_I4_O)        0.124     7.689 r  design_1_i/ps7_0_axi_periph/xbar/inst/gen_sasd.crossbar_sasd_0/reg_slice_r/m_payload_i[6]_i_1/O
                         net (fo=2, routed)           3.493    11.182    design_1_i/ps7_0_axi_periph/xbar/inst/gen_sasd.crossbar_sasd_0/reg_slice_r/skid_buffer[6]
    SLICE_X37Y88         FDRE                                         r  design_1_i/ps7_0_axi_periph/xbar/inst/gen_sasd.crossbar_sasd_0/reg_slice_r/m_payload_i_reg[6]/D
  -------------------------------------------------------------------    -------------------

                         (clock clk_fpga_0 rise edge)
                                                     10.000    10.000 r  
    PS7_X0Y0             PS7                          0.000    10.000 r  design_1_i/processing_system7_0/inst/PS7_i/FCLKCLK[0]
                         net (fo=1, routed)           1.088    11.088    design_1_i/processing_system7_0/inst/FCLK_CLK_unbuffered[0]
    BUFGCTRL_X0Y16       BUFG (Prop_bufg_I_O)         0.091    11.179 r  design_1_i/processing_system7_0/inst/buffer_fclk_clk_0.FCLK_CLK_0_BUFG/O
                         net (fo=2496, routed)        1.476    12.655    design_1_i/ps7_0_axi_periph/xbar/inst/gen_sasd.crossbar_sasd_0/reg_slice_r/aclk
    SLICE_X37Y88         FDRE                                         r  design_1_i/ps7_0_axi_periph/xbar/inst/gen_sasd.crossbar_sasd_0/reg_slice_r/m_payload_i_reg[6]/C
                         clock pessimism              0.000    12.655    
                         clock uncertainty           -0.263    12.392    
    SLICE_X37Y88         FDRE (Setup_fdre_C_D)       -0.062    12.330    design_1_i/ps7_0_axi_periph/xbar/inst/gen_sasd.crossbar_sasd_0/reg_slice_r/m_payload_i_reg[6]
  -------------------------------------------------------------------
                         required time                         12.330    
                         arrival time                         -11.182    
  -------------------------------------------------------------------
                         slack                                  1.148    

Slack (MET) :             1.177ns  (required time - arrival time)
  Source:                 design_1_i/ultrasoon_0/U0/ultrasoon_slave_lite_v1_0_S00_AXI_inst/Core1/centimeter_reg[0]/C
                            (falling edge-triggered cell FDRE clocked by clk_out1_design_1_clk_wiz_0_0  {rise@0.000ns fall@5.000ns period=10.000ns})
  Destination:            design_1_i/ps7_0_axi_periph/xbar/inst/gen_sasd.crossbar_sasd_0/reg_slice_r/skid_buffer_reg[3]/D
                            (rising edge-triggered cell FDRE clocked by clk_fpga_0  {rise@0.000ns fall@5.000ns period=10.000ns})
  Path Group:             clk_fpga_0
  Path Type:              Setup (Max at Slow Process Corner)
  Requirement:            5.000ns  (clk_fpga_0 rise@10.000ns - clk_out1_design_1_clk_wiz_0_0 fall@5.000ns)
  Data Path Delay:        7.143ns  (logic 0.955ns (13.370%)  route 6.188ns (86.630%))
  Logic Levels:           4  (LUT4=1 LUT5=1 LUT6=2)
  Clock Path Skew:        3.664ns (DCD - SCD + CPR)
    Destination Clock Delay (DCD):    2.655ns = ( 12.655 - 10.000 ) 
    Source Clock Delay      (SCD):    -1.009ns = ( 3.991 - 5.000 ) 
    Clock Pessimism Removal (CPR):    0.000ns
  Clock Uncertainty:      0.263ns  ((TSJ^2 + TIJ^2 + DJ^2)^1/2) / 2 + PE
    Total System Jitter     (TSJ):    0.071ns
    Total Input Jitter      (TIJ):    0.300ns
    Discrete Jitter          (DJ):    0.125ns
    Phase Error              (PE):    0.097ns
  Clock Domain Crossing:  Inter clock paths are considered valid unless explicitly excluded by timing constraints such as set_clock_groups or set_false_path.

    Location             Delay type                Incr(ns)  Path(ns)    Netlist Resource(s)
  -------------------------------------------------------------------    -------------------
                         (clock clk_out1_design_1_clk_wiz_0_0 fall edge)
                                                      5.000     5.000 f  
    H16                                               0.000     5.000 f  sys_clock (IN)
                         net (fo=0)                   0.000     5.000    design_1_i/clk_wiz_0/inst/clk_in1
    H16                  IBUF (Prop_ibuf_I_O)         1.451     6.451 f  design_1_i/clk_wiz_0/inst/clkin1_ibufg/O
                         net (fo=1, routed)           1.285     7.736    design_1_i/clk_wiz_0/inst/clk_in1_design_1_clk_wiz_0_0
    MMCME2_ADV_X1Y2      MMCME2_ADV (Prop_mmcme2_adv_CLKIN1_CLKOUT0)
                                                     -7.759    -0.023 f  design_1_i/clk_wiz_0/inst/mmcm_adv_inst/CLKOUT0
                         net (fo=1, routed)           2.206     2.183    design_1_i/clk_wiz_0/inst/clk_out1_design_1_clk_wiz_0_0
    BUFGCTRL_X0Y17       BUFG (Prop_bufg_I_O)         0.101     2.284 f  design_1_i/clk_wiz_0/inst/clkout1_buf/O
                         net (fo=180, routed)         1.707     3.991    design_1_i/ultrasoon_0/U0/ultrasoon_slave_lite_v1_0_S00_AXI_inst/Core1/clk
    SLICE_X59Y85         FDRE                                         r  design_1_i/ultrasoon_0/U0/ultrasoon_slave_lite_v1_0_S00_AXI_inst/Core1/centimeter_reg[0]/C  (IS_INVERTED)
  -------------------------------------------------------------------    -------------------
    SLICE_X59Y85         FDRE (Prop_fdre_C_Q)         0.459     4.450 r  design_1_i/ultrasoon_0/U0/ultrasoon_slave_lite_v1_0_S00_AXI_inst/Core1/centimeter_reg[0]/Q
                         net (fo=1, routed)           0.310     4.760    design_1_i/ultrasoon_0/U0/ultrasoon_slave_lite_v1_0_S00_AXI_inst/centimeter[0]
    SLICE_X60Y85         LUT6 (Prop_lut6_I5_O)        0.124     4.884 r  design_1_i/ultrasoon_0/U0/ultrasoon_slave_lite_v1_0_S00_AXI_inst/s00_axi_rdata[0]_INST_0/O
                         net (fo=1, routed)           0.998     5.882    design_1_i/ps7_0_axi_periph/xbar/inst/gen_sasd.crossbar_sasd_0/reg_slice_r/m_axi_rdata[128]
    SLICE_X57Y88         LUT4 (Prop_lut4_I0_O)        0.124     6.006 r  design_1_i/ps7_0_axi_periph/xbar/inst/gen_sasd.crossbar_sasd_0/reg_slice_r/m_payload_i[3]_i_4/O
                         net (fo=1, routed)           0.564     6.570    design_1_i/ps7_0_axi_periph/xbar/inst/gen_sasd.crossbar_sasd_0/reg_slice_r/m_payload_i[3]_i_4_n_0
    SLICE_X50Y90         LUT5 (Prop_lut5_I4_O)        0.124     6.694 r  design_1_i/ps7_0_axi_periph/xbar/inst/gen_sasd.crossbar_sasd_0/reg_slice_r/m_payload_i[3]_i_3/O
                         net (fo=1, routed)           0.720     7.414    design_1_i/ps7_0_axi_periph/xbar/inst/gen_sasd.crossbar_sasd_0/reg_slice_r/m_payload_i[3]_i_3_n_0
    SLICE_X43Y90         LUT6 (Prop_lut6_I5_O)        0.124     7.538 r  design_1_i/ps7_0_axi_periph/xbar/inst/gen_sasd.crossbar_sasd_0/reg_slice_r/m_payload_i[3]_i_1/O
                         net (fo=2, routed)           3.595    11.134    design_1_i/ps7_0_axi_periph/xbar/inst/gen_sasd.crossbar_sasd_0/reg_slice_r/skid_buffer[3]
    SLICE_X43Y88         FDRE                                         r  design_1_i/ps7_0_axi_periph/xbar/inst/gen_sasd.crossbar_sasd_0/reg_slice_r/skid_buffer_reg[3]/D
  -------------------------------------------------------------------    -------------------

                         (clock clk_fpga_0 rise edge)
                                                     10.000    10.000 r  
    PS7_X0Y0             PS7                          0.000    10.000 r  design_1_i/processing_system7_0/inst/PS7_i/FCLKCLK[0]
                         net (fo=1, routed)           1.088    11.088    design_1_i/processing_system7_0/inst/FCLK_CLK_unbuffered[0]
    BUFGCTRL_X0Y16       BUFG (Prop_bufg_I_O)         0.091    11.179 r  design_1_i/processing_system7_0/inst/buffer_fclk_clk_0.FCLK_CLK_0_BUFG/O
                         net (fo=2496, routed)        1.476    12.655    design_1_i/ps7_0_axi_periph/xbar/inst/gen_sasd.crossbar_sasd_0/reg_slice_r/aclk
    SLICE_X43Y88         FDRE                                         r  design_1_i/ps7_0_axi_periph/xbar/inst/gen_sasd.crossbar_sasd_0/reg_slice_r/skid_buffer_reg[3]/C
                         clock pessimism              0.000    12.655    
                         clock uncertainty           -0.263    12.392    
    SLICE_X43Y88         FDRE (Setup_fdre_C_D)       -0.081    12.311    design_1_i/ps7_0_axi_periph/xbar/inst/gen_sasd.crossbar_sasd_0/reg_slice_r/skid_buffer_reg[3]
  -------------------------------------------------------------------
                         required time                         12.311    
                         arrival time                         -11.134    
  -------------------------------------------------------------------
                         slack                                  1.177    

Slack (MET) :             1.250ns  (required time - arrival time)
  Source:                 design_1_i/ultrasoon_0/U0/ultrasoon_slave_lite_v1_0_S00_AXI_inst/Core1/centimeter_reg[5]/C
                            (falling edge-triggered cell FDRE clocked by clk_out1_design_1_clk_wiz_0_0  {rise@0.000ns fall@5.000ns period=10.000ns})
  Destination:            design_1_i/ps7_0_axi_periph/xbar/inst/gen_sasd.crossbar_sasd_0/reg_slice_r/skid_buffer_reg[8]/D
                            (rising edge-triggered cell FDRE clocked by clk_fpga_0  {rise@0.000ns fall@5.000ns period=10.000ns})
  Path Group:             clk_fpga_0
  Path Type:              Setup (Max at Slow Process Corner)
  Requirement:            5.000ns  (clk_fpga_0 rise@10.000ns - clk_out1_design_1_clk_wiz_0_0 fall@5.000ns)
  Data Path Delay:        7.066ns  (logic 0.955ns (13.516%)  route 6.111ns (86.484%))
  Logic Levels:           4  (LUT4=1 LUT5=1 LUT6=2)
  Clock Path Skew:        3.660ns (DCD - SCD + CPR)
    Destination Clock Delay (DCD):    2.653ns = ( 12.653 - 10.000 ) 
    Source Clock Delay      (SCD):    -1.007ns = ( 3.993 - 5.000 ) 
    Clock Pessimism Removal (CPR):    0.000ns
  Clock Uncertainty:      0.263ns  ((TSJ^2 + TIJ^2 + DJ^2)^1/2) / 2 + PE
    Total System Jitter     (TSJ):    0.071ns
    Total Input Jitter      (TIJ):    0.300ns
    Discrete Jitter          (DJ):    0.125ns
    Phase Error              (PE):    0.097ns
  Clock Domain Crossing:  Inter clock paths are considered valid unless explicitly excluded by timing constraints such as set_clock_groups or set_false_path.

    Location             Delay type                Incr(ns)  Path(ns)    Netlist Resource(s)
  -------------------------------------------------------------------    -------------------
                         (clock clk_out1_design_1_clk_wiz_0_0 fall edge)
                                                      5.000     5.000 f  
    H16                                               0.000     5.000 f  sys_clock (IN)
                         net (fo=0)                   0.000     5.000    design_1_i/clk_wiz_0/inst/clk_in1
    H16                  IBUF (Prop_ibuf_I_O)         1.451     6.451 f  design_1_i/clk_wiz_0/inst/clkin1_ibufg/O
                         net (fo=1, routed)           1.285     7.736    design_1_i/clk_wiz_0/inst/clk_in1_design_1_clk_wiz_0_0
    MMCME2_ADV_X1Y2      MMCME2_ADV (Prop_mmcme2_adv_CLKIN1_CLKOUT0)
                                                     -7.759    -0.023 f  design_1_i/clk_wiz_0/inst/mmcm_adv_inst/CLKOUT0
                         net (fo=1, routed)           2.206     2.183    design_1_i/clk_wiz_0/inst/clk_out1_design_1_clk_wiz_0_0
    BUFGCTRL_X0Y17       BUFG (Prop_bufg_I_O)         0.101     2.284 f  design_1_i/clk_wiz_0/inst/clkout1_buf/O
                         net (fo=180, routed)         1.709     3.993    design_1_i/ultrasoon_0/U0/ultrasoon_slave_lite_v1_0_S00_AXI_inst/Core1/clk
    SLICE_X63Y86         FDRE                                         r  design_1_i/ultrasoon_0/U0/ultrasoon_slave_lite_v1_0_S00_AXI_inst/Core1/centimeter_reg[5]/C  (IS_INVERTED)
  -------------------------------------------------------------------    -------------------
    SLICE_X63Y86         FDRE (Prop_fdre_C_Q)         0.459     4.452 r  design_1_i/ultrasoon_0/U0/ultrasoon_slave_lite_v1_0_S00_AXI_inst/Core1/centimeter_reg[5]/Q
                         net (fo=1, routed)           0.649     5.101    design_1_i/ultrasoon_0/U0/ultrasoon_slave_lite_v1_0_S00_AXI_inst/centimeter[5]
    SLICE_X60Y85         LUT6 (Prop_lut6_I5_O)        0.124     5.225 r  design_1_i/ultrasoon_0/U0/ultrasoon_slave_lite_v1_0_S00_AXI_inst/s00_axi_rdata[5]_INST_0/O
                         net (fo=1, routed)           0.453     5.678    design_1_i/ps7_0_axi_periph/xbar/inst/gen_sasd.crossbar_sasd_0/reg_slice_r/m_axi_rdata[133]
    SLICE_X58Y87         LUT4 (Prop_lut4_I0_O)        0.124     5.802 r  design_1_i/ps7_0_axi_periph/xbar/inst/gen_sasd.crossbar_sasd_0/reg_slice_r/m_payload_i[8]_i_4/O
                         net (fo=1, routed)           0.699     6.501    design_1_i/ps7_0_axi_periph/xbar/inst/gen_sasd.crossbar_sasd_0/reg_slice_r/m_payload_i[8]_i_4_n_0
    SLICE_X52Y87         LUT5 (Prop_lut5_I4_O)        0.124     6.625 r  design_1_i/ps7_0_axi_periph/xbar/inst/gen_sasd.crossbar_sasd_0/reg_slice_r/m_payload_i[8]_i_3/O
                         net (fo=1, routed)           0.964     7.589    design_1_i/ps7_0_axi_periph/xbar/inst/gen_sasd.crossbar_sasd_0/reg_slice_r/m_payload_i[8]_i_3_n_0
    SLICE_X42Y87         LUT6 (Prop_lut6_I5_O)        0.124     7.713 r  design_1_i/ps7_0_axi_periph/xbar/inst/gen_sasd.crossbar_sasd_0/reg_slice_r/m_payload_i[8]_i_1/O
                         net (fo=2, routed)           3.346    11.058    design_1_i/ps7_0_axi_periph/xbar/inst/gen_sasd.crossbar_sasd_0/reg_slice_r/skid_buffer[8]
    SLICE_X44Y87         FDRE                                         r  design_1_i/ps7_0_axi_periph/xbar/inst/gen_sasd.crossbar_sasd_0/reg_slice_r/skid_buffer_reg[8]/D
  -------------------------------------------------------------------    -------------------

                         (clock clk_fpga_0 rise edge)
                                                     10.000    10.000 r  
    PS7_X0Y0             PS7                          0.000    10.000 r  design_1_i/processing_system7_0/inst/PS7_i/FCLKCLK[0]
                         net (fo=1, routed)           1.088    11.088    design_1_i/processing_system7_0/inst/FCLK_CLK_unbuffered[0]
    BUFGCTRL_X0Y16       BUFG (Prop_bufg_I_O)         0.091    11.179 r  design_1_i/processing_system7_0/inst/buffer_fclk_clk_0.FCLK_CLK_0_BUFG/O
                         net (fo=2496, routed)        1.474    12.653    design_1_i/ps7_0_axi_periph/xbar/inst/gen_sasd.crossbar_sasd_0/reg_slice_r/aclk
    SLICE_X44Y87         FDRE                                         r  design_1_i/ps7_0_axi_periph/xbar/inst/gen_sasd.crossbar_sasd_0/reg_slice_r/skid_buffer_reg[8]/C
                         clock pessimism              0.000    12.653    
                         clock uncertainty           -0.263    12.390    
    SLICE_X44Y87         FDRE (Setup_fdre_C_D)       -0.081    12.309    design_1_i/ps7_0_axi_periph/xbar/inst/gen_sasd.crossbar_sasd_0/reg_slice_r/skid_buffer_reg[8]
  -------------------------------------------------------------------
                         required time                         12.309    
                         arrival time                         -11.058    
  -------------------------------------------------------------------
                         slack                                  1.250    

Slack (MET) :             1.299ns  (required time - arrival time)
  Source:                 design_1_i/ultrasoon_0/U0/ultrasoon_slave_lite_v1_0_S00_AXI_inst/Core1/centimeter_reg[0]/C
                            (falling edge-triggered cell FDRE clocked by clk_out1_design_1_clk_wiz_0_0  {rise@0.000ns fall@5.000ns period=10.000ns})
  Destination:            design_1_i/ps7_0_axi_periph/xbar/inst/gen_sasd.crossbar_sasd_0/reg_slice_r/m_payload_i_reg[3]/D
                            (rising edge-triggered cell FDRE clocked by clk_fpga_0  {rise@0.000ns fall@5.000ns period=10.000ns})
  Path Group:             clk_fpga_0
  Path Type:              Setup (Max at Slow Process Corner)
  Requirement:            5.000ns  (clk_fpga_0 rise@10.000ns - clk_out1_design_1_clk_wiz_0_0 fall@5.000ns)
  Data Path Delay:        7.074ns  (logic 0.955ns (13.500%)  route 6.119ns (86.500%))
  Logic Levels:           4  (LUT4=1 LUT5=1 LUT6=2)
  Clock Path Skew:        3.664ns (DCD - SCD + CPR)
    Destination Clock Delay (DCD):    2.655ns = ( 12.655 - 10.000 ) 
    Source Clock Delay      (SCD):    -1.009ns = ( 3.991 - 5.000 ) 
    Clock Pessimism Removal (CPR):    0.000ns
  Clock Uncertainty:      0.263ns  ((TSJ^2 + TIJ^2 + DJ^2)^1/2) / 2 + PE
    Total System Jitter     (TSJ):    0.071ns
    Total Input Jitter      (TIJ):    0.300ns
    Discrete Jitter          (DJ):    0.125ns
    Phase Error              (PE):    0.097ns
  Clock Domain Crossing:  Inter clock paths are considered valid unless explicitly excluded by timing constraints such as set_clock_groups or set_false_path.

    Location             Delay type                Incr(ns)  Path(ns)    Netlist Resource(s)
  -------------------------------------------------------------------    -------------------
                         (clock clk_out1_design_1_clk_wiz_0_0 fall edge)
                                                      5.000     5.000 f  
    H16                                               0.000     5.000 f  sys_clock (IN)
                         net (fo=0)                   0.000     5.000    design_1_i/clk_wiz_0/inst/clk_in1
    H16                  IBUF (Prop_ibuf_I_O)         1.451     6.451 f  design_1_i/clk_wiz_0/inst/clkin1_ibufg/O
                         net (fo=1, routed)           1.285     7.736    design_1_i/clk_wiz_0/inst/clk_in1_design_1_clk_wiz_0_0
    MMCME2_ADV_X1Y2      MMCME2_ADV (Prop_mmcme2_adv_CLKIN1_CLKOUT0)
                                                     -7.759    -0.023 f  design_1_i/clk_wiz_0/inst/mmcm_adv_inst/CLKOUT0
                         net (fo=1, routed)           2.206     2.183    design_1_i/clk_wiz_0/inst/clk_out1_design_1_clk_wiz_0_0
    BUFGCTRL_X0Y17       BUFG (Prop_bufg_I_O)         0.101     2.284 f  design_1_i/clk_wiz_0/inst/clkout1_buf/O
                         net (fo=180, routed)         1.707     3.991    design_1_i/ultrasoon_0/U0/ultrasoon_slave_lite_v1_0_S00_AXI_inst/Core1/clk
    SLICE_X59Y85         FDRE                                         r  design_1_i/ultrasoon_0/U0/ultrasoon_slave_lite_v1_0_S00_AXI_inst/Core1/centimeter_reg[0]/C  (IS_INVERTED)
  -------------------------------------------------------------------    -------------------
    SLICE_X59Y85         FDRE (Prop_fdre_C_Q)         0.459     4.450 r  design_1_i/ultrasoon_0/U0/ultrasoon_slave_lite_v1_0_S00_AXI_inst/Core1/centimeter_reg[0]/Q
                         net (fo=1, routed)           0.310     4.760    design_1_i/ultrasoon_0/U0/ultrasoon_slave_lite_v1_0_S00_AXI_inst/centimeter[0]
    SLICE_X60Y85         LUT6 (Prop_lut6_I5_O)        0.124     4.884 r  design_1_i/ultrasoon_0/U0/ultrasoon_slave_lite_v1_0_S00_AXI_inst/s00_axi_rdata[0]_INST_0/O
                         net (fo=1, routed)           0.998     5.882    design_1_i/ps7_0_axi_periph/xbar/inst/gen_sasd.crossbar_sasd_0/reg_slice_r/m_axi_rdata[128]
    SLICE_X57Y88         LUT4 (Prop_lut4_I0_O)        0.124     6.006 r  design_1_i/ps7_0_axi_periph/xbar/inst/gen_sasd.crossbar_sasd_0/reg_slice_r/m_payload_i[3]_i_4/O
                         net (fo=1, routed)           0.564     6.570    design_1_i/ps7_0_axi_periph/xbar/inst/gen_sasd.crossbar_sasd_0/reg_slice_r/m_payload_i[3]_i_4_n_0
    SLICE_X50Y90         LUT5 (Prop_lut5_I4_O)        0.124     6.694 r  design_1_i/ps7_0_axi_periph/xbar/inst/gen_sasd.crossbar_sasd_0/reg_slice_r/m_payload_i[3]_i_3/O
                         net (fo=1, routed)           0.720     7.414    design_1_i/ps7_0_axi_periph/xbar/inst/gen_sasd.crossbar_sasd_0/reg_slice_r/m_payload_i[3]_i_3_n_0
    SLICE_X43Y90         LUT6 (Prop_lut6_I5_O)        0.124     7.538 r  design_1_i/ps7_0_axi_periph/xbar/inst/gen_sasd.crossbar_sasd_0/reg_slice_r/m_payload_i[3]_i_1/O
                         net (fo=2, routed)           3.526    11.064    design_1_i/ps7_0_axi_periph/xbar/inst/gen_sasd.crossbar_sasd_0/reg_slice_r/skid_buffer[3]
    SLICE_X36Y88         FDRE                                         r  design_1_i/ps7_0_axi_periph/xbar/inst/gen_sasd.crossbar_sasd_0/reg_slice_r/m_payload_i_reg[3]/D
  -------------------------------------------------------------------    -------------------

                         (clock clk_fpga_0 rise edge)
                                                     10.000    10.000 r  
    PS7_X0Y0             PS7                          0.000    10.000 r  design_1_i/processing_system7_0/inst/PS7_i/FCLKCLK[0]
                         net (fo=1, routed)           1.088    11.088    design_1_i/processing_system7_0/inst/FCLK_CLK_unbuffered[0]
    BUFGCTRL_X0Y16       BUFG (Prop_bufg_I_O)         0.091    11.179 r  design_1_i/processing_system7_0/inst/buffer_fclk_clk_0.FCLK_CLK_0_BUFG/O
                         net (fo=2496, routed)        1.476    12.655    design_1_i/ps7_0_axi_periph/xbar/inst/gen_sasd.crossbar_sasd_0/reg_slice_r/aclk
    SLICE_X36Y88         FDRE                                         r  design_1_i/ps7_0_axi_periph/xbar/inst/gen_sasd.crossbar_sasd_0/reg_slice_r/m_payload_i_reg[3]/C
                         clock pessimism              0.000    12.655    
                         clock uncertainty           -0.263    12.392    
    SLICE_X36Y88         FDRE (Setup_fdre_C_D)       -0.028    12.364    design_1_i/ps7_0_axi_periph/xbar/inst/gen_sasd.crossbar_sasd_0/reg_slice_r/m_payload_i_reg[3]
  -------------------------------------------------------------------
                         required time                         12.364    
                         arrival time                         -11.064    
  -------------------------------------------------------------------
                         slack                                  1.299    

Slack (MET) :             1.336ns  (required time - arrival time)
  Source:                 design_1_i/ultrasoon_0/U0/ultrasoon_slave_lite_v1_0_S00_AXI_inst/Core1/centimeter_reg[5]/C
                            (falling edge-triggered cell FDRE clocked by clk_out1_design_1_clk_wiz_0_0  {rise@0.000ns fall@5.000ns period=10.000ns})
  Destination:            design_1_i/ps7_0_axi_periph/xbar/inst/gen_sasd.crossbar_sasd_0/reg_slice_r/m_payload_i_reg[8]/D
                            (rising edge-triggered cell FDRE clocked by clk_fpga_0  {rise@0.000ns fall@5.000ns period=10.000ns})
  Path Group:             clk_fpga_0
  Path Type:              Setup (Max at Slow Process Corner)
  Requirement:            5.000ns  (clk_fpga_0 rise@10.000ns - clk_out1_design_1_clk_wiz_0_0 fall@5.000ns)
  Data Path Delay:        7.020ns  (logic 0.955ns (13.604%)  route 6.065ns (86.396%))
  Logic Levels:           4  (LUT4=1 LUT5=1 LUT6=2)
  Clock Path Skew:        3.662ns (DCD - SCD + CPR)
    Destination Clock Delay (DCD):    2.655ns = ( 12.655 - 10.000 ) 
    Source Clock Delay      (SCD):    -1.007ns = ( 3.993 - 5.000 ) 
    Clock Pessimism Removal (CPR):    0.000ns
  Clock Uncertainty:      0.263ns  ((TSJ^2 + TIJ^2 + DJ^2)^1/2) / 2 + PE
    Total System Jitter     (TSJ):    0.071ns
    Total Input Jitter      (TIJ):    0.300ns
    Discrete Jitter          (DJ):    0.125ns
    Phase Error              (PE):    0.097ns
  Clock Domain Crossing:  Inter clock paths are considered valid unless explicitly excluded by timing constraints such as set_clock_groups or set_false_path.

    Location             Delay type                Incr(ns)  Path(ns)    Netlist Resource(s)
  -------------------------------------------------------------------    -------------------
                         (clock clk_out1_design_1_clk_wiz_0_0 fall edge)
                                                      5.000     5.000 f  
    H16                                               0.000     5.000 f  sys_clock (IN)
                         net (fo=0)                   0.000     5.000    design_1_i/clk_wiz_0/inst/clk_in1
    H16                  IBUF (Prop_ibuf_I_O)         1.451     6.451 f  design_1_i/clk_wiz_0/inst/clkin1_ibufg/O
                         net (fo=1, routed)           1.285     7.736    design_1_i/clk_wiz_0/inst/clk_in1_design_1_clk_wiz_0_0
    MMCME2_ADV_X1Y2      MMCME2_ADV (Prop_mmcme2_adv_CLKIN1_CLKOUT0)
                                                     -7.759    -0.023 f  design_1_i/clk_wiz_0/inst/mmcm_adv_inst/CLKOUT0
                         net (fo=1, routed)           2.206     2.183    design_1_i/clk_wiz_0/inst/clk_out1_design_1_clk_wiz_0_0
    BUFGCTRL_X0Y17       BUFG (Prop_bufg_I_O)         0.101     2.284 f  design_1_i/clk_wiz_0/inst/clkout1_buf/O
                         net (fo=180, routed)         1.709     3.993    design_1_i/ultrasoon_0/U0/ultrasoon_slave_lite_v1_0_S00_AXI_inst/Core1/clk
    SLICE_X63Y86         FDRE                                         r  design_1_i/ultrasoon_0/U0/ultrasoon_slave_lite_v1_0_S00_AXI_inst/Core1/centimeter_reg[5]/C  (IS_INVERTED)
  -------------------------------------------------------------------    -------------------
    SLICE_X63Y86         FDRE (Prop_fdre_C_Q)         0.459     4.452 r  design_1_i/ultrasoon_0/U0/ultrasoon_slave_lite_v1_0_S00_AXI_inst/Core1/centimeter_reg[5]/Q
                         net (fo=1, routed)           0.649     5.101    design_1_i/ultrasoon_0/U0/ultrasoon_slave_lite_v1_0_S00_AXI_inst/centimeter[5]
    SLICE_X60Y85         LUT6 (Prop_lut6_I5_O)        0.124     5.225 r  design_1_i/ultrasoon_0/U0/ultrasoon_slave_lite_v1_0_S00_AXI_inst/s00_axi_rdata[5]_INST_0/O
                         net (fo=1, routed)           0.453     5.678    design_1_i/ps7_0_axi_periph/xbar/inst/gen_sasd.crossbar_sasd_0/reg_slice_r/m_axi_rdata[133]
    SLICE_X58Y87         LUT4 (Prop_lut4_I0_O)        0.124     5.802 r  design_1_i/ps7_0_axi_periph/xbar/inst/gen_sasd.crossbar_sasd_0/reg_slice_r/m_payload_i[8]_i_4/O
                         net (fo=1, routed)           0.699     6.501    design_1_i/ps7_0_axi_periph/xbar/inst/gen_sasd.crossbar_sasd_0/reg_slice_r/m_payload_i[8]_i_4_n_0
    SLICE_X52Y87         LUT5 (Prop_lut5_I4_O)        0.124     6.625 r  design_1_i/ps7_0_axi_periph/xbar/inst/gen_sasd.crossbar_sasd_0/reg_slice_r/m_payload_i[8]_i_3/O
                         net (fo=1, routed)           0.964     7.589    design_1_i/ps7_0_axi_periph/xbar/inst/gen_sasd.crossbar_sasd_0/reg_slice_r/m_payload_i[8]_i_3_n_0
    SLICE_X42Y87         LUT6 (Prop_lut6_I5_O)        0.124     7.713 r  design_1_i/ps7_0_axi_periph/xbar/inst/gen_sasd.crossbar_sasd_0/reg_slice_r/m_payload_i[8]_i_1/O
                         net (fo=2, routed)           3.300    11.013    design_1_i/ps7_0_axi_periph/xbar/inst/gen_sasd.crossbar_sasd_0/reg_slice_r/skid_buffer[8]
    SLICE_X37Y88         FDRE                                         r  design_1_i/ps7_0_axi_periph/xbar/inst/gen_sasd.crossbar_sasd_0/reg_slice_r/m_payload_i_reg[8]/D
  -------------------------------------------------------------------    -------------------

                         (clock clk_fpga_0 rise edge)
                                                     10.000    10.000 r  
    PS7_X0Y0             PS7                          0.000    10.000 r  design_1_i/processing_system7_0/inst/PS7_i/FCLKCLK[0]
                         net (fo=1, routed)           1.088    11.088    design_1_i/processing_system7_0/inst/FCLK_CLK_unbuffered[0]
    BUFGCTRL_X0Y16       BUFG (Prop_bufg_I_O)         0.091    11.179 r  design_1_i/processing_system7_0/inst/buffer_fclk_clk_0.FCLK_CLK_0_BUFG/O
                         net (fo=2496, routed)        1.476    12.655    design_1_i/ps7_0_axi_periph/xbar/inst/gen_sasd.crossbar_sasd_0/reg_slice_r/aclk
    SLICE_X37Y88         FDRE                                         r  design_1_i/ps7_0_axi_periph/xbar/inst/gen_sasd.crossbar_sasd_0/reg_slice_r/m_payload_i_reg[8]/C
                         clock pessimism              0.000    12.655    
                         clock uncertainty           -0.263    12.392    
    SLICE_X37Y88         FDRE (Setup_fdre_C_D)       -0.043    12.349    design_1_i/ps7_0_axi_periph/xbar/inst/gen_sasd.crossbar_sasd_0/reg_slice_r/m_payload_i_reg[8]
  -------------------------------------------------------------------
                         required time                         12.349    
                         arrival time                         -11.013    
  -------------------------------------------------------------------
                         slack                                  1.336    

Slack (MET) :             1.370ns  (required time - arrival time)
  Source:                 design_1_i/ultrasoon_1/U0/ultrasoon_slave_lite_v1_0_S00_AXI_inst/Core1/centimeter_reg[2]/C
                            (falling edge-triggered cell FDRE clocked by clk_out1_design_1_clk_wiz_0_0  {rise@0.000ns fall@5.000ns period=10.000ns})
  Destination:            design_1_i/ps7_0_axi_periph/xbar/inst/gen_sasd.crossbar_sasd_0/reg_slice_r/skid_buffer_reg[5]/D
                            (rising edge-triggered cell FDRE clocked by clk_fpga_0  {rise@0.000ns fall@5.000ns period=10.000ns})
  Path Group:             clk_fpga_0
  Path Type:              Setup (Max at Slow Process Corner)
  Requirement:            5.000ns  (clk_fpga_0 rise@10.000ns - clk_out1_design_1_clk_wiz_0_0 fall@5.000ns)
  Data Path Delay:        6.955ns  (logic 0.831ns (11.948%)  route 6.124ns (88.052%))
  Logic Levels:           3  (LUT5=1 LUT6=2)
  Clock Path Skew:        3.655ns (DCD - SCD + CPR)
    Destination Clock Delay (DCD):    2.654ns = ( 12.654 - 10.000 ) 
    Source Clock Delay      (SCD):    -1.001ns = ( 3.999 - 5.000 ) 
    Clock Pessimism Removal (CPR):    0.000ns
  Clock Uncertainty:      0.263ns  ((TSJ^2 + TIJ^2 + DJ^2)^1/2) / 2 + PE
    Total System Jitter     (TSJ):    0.071ns
    Total Input Jitter      (TIJ):    0.300ns
    Discrete Jitter          (DJ):    0.125ns
    Phase Error              (PE):    0.097ns
  Clock Domain Crossing:  Inter clock paths are considered valid unless explicitly excluded by timing constraints such as set_clock_groups or set_false_path.

    Location             Delay type                Incr(ns)  Path(ns)    Netlist Resource(s)
  -------------------------------------------------------------------    -------------------
                         (clock clk_out1_design_1_clk_wiz_0_0 fall edge)
                                                      5.000     5.000 f  
    H16                                               0.000     5.000 f  sys_clock (IN)
                         net (fo=0)                   0.000     5.000    design_1_i/clk_wiz_0/inst/clk_in1
    H16                  IBUF (Prop_ibuf_I_O)         1.451     6.451 f  design_1_i/clk_wiz_0/inst/clkin1_ibufg/O
                         net (fo=1, routed)           1.285     7.736    design_1_i/clk_wiz_0/inst/clk_in1_design_1_clk_wiz_0_0
    MMCME2_ADV_X1Y2      MMCME2_ADV (Prop_mmcme2_adv_CLKIN1_CLKOUT0)
                                                     -7.759    -0.023 f  design_1_i/clk_wiz_0/inst/mmcm_adv_inst/CLKOUT0
                         net (fo=1, routed)           2.206     2.183    design_1_i/clk_wiz_0/inst/clk_out1_design_1_clk_wiz_0_0
    BUFGCTRL_X0Y17       BUFG (Prop_bufg_I_O)         0.101     2.284 f  design_1_i/clk_wiz_0/inst/clkout1_buf/O
                         net (fo=180, routed)         1.715     3.999    design_1_i/ultrasoon_1/U0/ultrasoon_slave_lite_v1_0_S00_AXI_inst/Core1/clk
    SLICE_X65Y93         FDRE                                         r  design_1_i/ultrasoon_1/U0/ultrasoon_slave_lite_v1_0_S00_AXI_inst/Core1/centimeter_reg[2]/C  (IS_INVERTED)
  -------------------------------------------------------------------    -------------------
    SLICE_X65Y93         FDRE (Prop_fdre_C_Q)         0.459     4.458 r  design_1_i/ultrasoon_1/U0/ultrasoon_slave_lite_v1_0_S00_AXI_inst/Core1/centimeter_reg[2]/Q
                         net (fo=1, routed)           0.694     5.152    design_1_i/ultrasoon_1/U0/ultrasoon_slave_lite_v1_0_S00_AXI_inst/centimeter[2]
    SLICE_X63Y93         LUT6 (Prop_lut6_I5_O)        0.124     5.276 r  design_1_i/ultrasoon_1/U0/ultrasoon_slave_lite_v1_0_S00_AXI_inst/s00_axi_rdata[2]_INST_0/O
                         net (fo=1, routed)           1.434     6.710    design_1_i/ps7_0_axi_periph/xbar/inst/gen_sasd.crossbar_sasd_0/reg_slice_r/m_axi_rdata[162]
    SLICE_X44Y87         LUT5 (Prop_lut5_I3_O)        0.124     6.834 r  design_1_i/ps7_0_axi_periph/xbar/inst/gen_sasd.crossbar_sasd_0/reg_slice_r/m_payload_i[5]_i_2/O
                         net (fo=1, routed)           0.430     7.265    design_1_i/ps7_0_axi_periph/xbar/inst/gen_sasd.crossbar_sasd_0/reg_slice_r/m_payload_i[5]_i_2_n_0
    SLICE_X44Y87         LUT6 (Prop_lut6_I4_O)        0.124     7.389 r  design_1_i/ps7_0_axi_periph/xbar/inst/gen_sasd.crossbar_sasd_0/reg_slice_r/m_payload_i[5]_i_1/O
                         net (fo=2, routed)           3.565    10.954    design_1_i/ps7_0_axi_periph/xbar/inst/gen_sasd.crossbar_sasd_0/reg_slice_r/skid_buffer[5]
    SLICE_X44Y88         FDRE                                         r  design_1_i/ps7_0_axi_periph/xbar/inst/gen_sasd.crossbar_sasd_0/reg_slice_r/skid_buffer_reg[5]/D
  -------------------------------------------------------------------    -------------------

                         (clock clk_fpga_0 rise edge)
                                                     10.000    10.000 r  
    PS7_X0Y0             PS7                          0.000    10.000 r  design_1_i/processing_system7_0/inst/PS7_i/FCLKCLK[0]
                         net (fo=1, routed)           1.088    11.088    design_1_i/processing_system7_0/inst/FCLK_CLK_unbuffered[0]
    BUFGCTRL_X0Y16       BUFG (Prop_bufg_I_O)         0.091    11.179 r  design_1_i/processing_system7_0/inst/buffer_fclk_clk_0.FCLK_CLK_0_BUFG/O
                         net (fo=2496, routed)        1.475    12.654    design_1_i/ps7_0_axi_periph/xbar/inst/gen_sasd.crossbar_sasd_0/reg_slice_r/aclk
    SLICE_X44Y88         FDRE                                         r  design_1_i/ps7_0_axi_periph/xbar/inst/gen_sasd.crossbar_sasd_0/reg_slice_r/skid_buffer_reg[5]/C
                         clock pessimism              0.000    12.654    
                         clock uncertainty           -0.263    12.391    
    SLICE_X44Y88         FDRE (Setup_fdre_C_D)       -0.067    12.324    design_1_i/ps7_0_axi_periph/xbar/inst/gen_sasd.crossbar_sasd_0/reg_slice_r/skid_buffer_reg[5]
  -------------------------------------------------------------------
                         required time                         12.324    
                         arrival time                         -10.954    
  -------------------------------------------------------------------
                         slack                                  1.370    

Slack (MET) :             1.472ns  (required time - arrival time)
  Source:                 design_1_i/ultrasoon_1/U0/ultrasoon_slave_lite_v1_0_S00_AXI_inst/Core1/centimeter_reg[12]/C
                            (falling edge-triggered cell FDRE clocked by clk_out1_design_1_clk_wiz_0_0  {rise@0.000ns fall@5.000ns period=10.000ns})
  Destination:            design_1_i/ps7_0_axi_periph/xbar/inst/gen_sasd.crossbar_sasd_0/reg_slice_r/m_payload_i_reg[15]/D
                            (rising edge-triggered cell FDRE clocked by clk_fpga_0  {rise@0.000ns fall@5.000ns period=10.000ns})
  Path Group:             clk_fpga_0
  Path Type:              Setup (Max at Slow Process Corner)
  Requirement:            5.000ns  (clk_fpga_0 rise@10.000ns - clk_out1_design_1_clk_wiz_0_0 fall@5.000ns)
  Data Path Delay:        6.855ns  (logic 0.831ns (12.122%)  route 6.024ns (87.878%))
  Logic Levels:           3  (LUT4=1 LUT6=2)
  Clock Path Skew:        3.658ns (DCD - SCD + CPR)
    Destination Clock Delay (DCD):    2.657ns = ( 12.657 - 10.000 ) 
    Source Clock Delay      (SCD):    -1.001ns = ( 3.999 - 5.000 ) 
    Clock Pessimism Removal (CPR):    0.000ns
  Clock Uncertainty:      0.263ns  ((TSJ^2 + TIJ^2 + DJ^2)^1/2) / 2 + PE
    Total System Jitter     (TSJ):    0.071ns
    Total Input Jitter      (TIJ):    0.300ns
    Discrete Jitter          (DJ):    0.125ns
    Phase Error              (PE):    0.097ns
  Clock Domain Crossing:  Inter clock paths are considered valid unless explicitly excluded by timing constraints such as set_clock_groups or set_false_path.

    Location             Delay type                Incr(ns)  Path(ns)    Netlist Resource(s)
  -------------------------------------------------------------------    -------------------
                         (clock clk_out1_design_1_clk_wiz_0_0 fall edge)
                                                      5.000     5.000 f  
    H16                                               0.000     5.000 f  sys_clock (IN)
                         net (fo=0)                   0.000     5.000    design_1_i/clk_wiz_0/inst/clk_in1
    H16                  IBUF (Prop_ibuf_I_O)         1.451     6.451 f  design_1_i/clk_wiz_0/inst/clkin1_ibufg/O
                         net (fo=1, routed)           1.285     7.736    design_1_i/clk_wiz_0/inst/clk_in1_design_1_clk_wiz_0_0
    MMCME2_ADV_X1Y2      MMCME2_ADV (Prop_mmcme2_adv_CLKIN1_CLKOUT0)
                                                     -7.759    -0.023 f  design_1_i/clk_wiz_0/inst/mmcm_adv_inst/CLKOUT0
                         net (fo=1, routed)           2.206     2.183    design_1_i/clk_wiz_0/inst/clk_out1_design_1_clk_wiz_0_0
    BUFGCTRL_X0Y17       BUFG (Prop_bufg_I_O)         0.101     2.284 f  design_1_i/clk_wiz_0/inst/clkout1_buf/O
                         net (fo=180, routed)         1.715     3.999    design_1_i/ultrasoon_1/U0/ultrasoon_slave_lite_v1_0_S00_AXI_inst/Core1/clk
    SLICE_X65Y96         FDRE                                         r  design_1_i/ultrasoon_1/U0/ultrasoon_slave_lite_v1_0_S00_AXI_inst/Core1/centimeter_reg[12]/C  (IS_INVERTED)
  -------------------------------------------------------------------    -------------------
    SLICE_X65Y96         FDRE (Prop_fdre_C_Q)         0.459     4.458 r  design_1_i/ultrasoon_1/U0/ultrasoon_slave_lite_v1_0_S00_AXI_inst/Core1/centimeter_reg[12]/Q
                         net (fo=1, routed)           0.829     5.286    design_1_i/ultrasoon_1/U0/ultrasoon_slave_lite_v1_0_S00_AXI_inst/centimeter[12]
    SLICE_X62Y96         LUT6 (Prop_lut6_I5_O)        0.124     5.410 r  design_1_i/ultrasoon_1/U0/ultrasoon_slave_lite_v1_0_S00_AXI_inst/s00_axi_rdata[12]_INST_0/O
                         net (fo=1, routed)           1.086     6.496    design_1_i/ps7_0_axi_periph/xbar/inst/gen_sasd.crossbar_sasd_0/reg_slice_r/m_axi_rdata[172]
    SLICE_X53Y93         LUT4 (Prop_lut4_I2_O)        0.124     6.620 r  design_1_i/ps7_0_axi_periph/xbar/inst/gen_sasd.crossbar_sasd_0/reg_slice_r/m_payload_i[15]_i_4/O
                         net (fo=1, routed)           0.429     7.050    design_1_i/ps7_0_axi_periph/xbar/inst/gen_sasd.crossbar_sasd_0/reg_slice_r/m_payload_i[15]_i_4_n_0
    SLICE_X53Y92         LUT6 (Prop_lut6_I5_O)        0.124     7.174 r  design_1_i/ps7_0_axi_periph/xbar/inst/gen_sasd.crossbar_sasd_0/reg_slice_r/m_payload_i[15]_i_1/O
                         net (fo=2, routed)           3.680    10.854    design_1_i/ps7_0_axi_periph/xbar/inst/gen_sasd.crossbar_sasd_0/reg_slice_r/skid_buffer[15]
    SLICE_X40Y91         FDRE                                         r  design_1_i/ps7_0_axi_periph/xbar/inst/gen_sasd.crossbar_sasd_0/reg_slice_r/m_payload_i_reg[15]/D
  -------------------------------------------------------------------    -------------------

                         (clock clk_fpga_0 rise edge)
                                                     10.000    10.000 r  
    PS7_X0Y0             PS7                          0.000    10.000 r  design_1_i/processing_system7_0/inst/PS7_i/FCLKCLK[0]
                         net (fo=1, routed)           1.088    11.088    design_1_i/processing_system7_0/inst/FCLK_CLK_unbuffered[0]
    BUFGCTRL_X0Y16       BUFG (Prop_bufg_I_O)         0.091    11.179 r  design_1_i/processing_system7_0/inst/buffer_fclk_clk_0.FCLK_CLK_0_BUFG/O
                         net (fo=2496, routed)        1.478    12.657    design_1_i/ps7_0_axi_periph/xbar/inst/gen_sasd.crossbar_sasd_0/reg_slice_r/aclk
    SLICE_X40Y91         FDRE                                         r  design_1_i/ps7_0_axi_periph/xbar/inst/gen_sasd.crossbar_sasd_0/reg_slice_r/m_payload_i_reg[15]/C
                         clock pessimism              0.000    12.657    
                         clock uncertainty           -0.263    12.394    
    SLICE_X40Y91         FDRE (Setup_fdre_C_D)       -0.067    12.327    design_1_i/ps7_0_axi_periph/xbar/inst/gen_sasd.crossbar_sasd_0/reg_slice_r/m_payload_i_reg[15]
  -------------------------------------------------------------------
                         required time                         12.327    
                         arrival time                         -10.854    
  -------------------------------------------------------------------
                         slack                                  1.472    





Min Delay Paths
--------------------------------------------------------------------------------------
Slack (MET) :             0.061ns  (arrival time - required time)
  Source:                 design_1_i/SpeedSensor_0/U0/SpeedSensor_slave_lite_v1_0_S00_AXI_inst/Core1/pulse_count_reg[1]/C
                            (rising edge-triggered cell FDRE clocked by clk_out1_design_1_clk_wiz_0_0  {rise@0.000ns fall@5.000ns period=10.000ns})
  Destination:            design_1_i/ps7_0_axi_periph/xbar/inst/gen_sasd.crossbar_sasd_0/reg_slice_r/skid_buffer_reg[4]/D
                            (rising edge-triggered cell FDRE clocked by clk_fpga_0  {rise@0.000ns fall@5.000ns period=10.000ns})
  Path Group:             clk_fpga_0
  Path Type:              Hold (Min at Slow Process Corner)
  Requirement:            0.000ns  (clk_fpga_0 rise@0.000ns - clk_out1_design_1_clk_wiz_0_0 rise@0.000ns)
  Data Path Delay:        5.241ns  (logic 0.667ns (12.727%)  route 4.574ns (87.273%))
  Logic Levels:           3  (LUT5=1 LUT6=2)
  Clock Path Skew:        4.647ns (DCD - SCD - CPR)
    Destination Clock Delay (DCD):    2.942ns
    Source Clock Delay      (SCD):    -1.705ns
    Clock Pessimism Removal (CPR):    -0.000ns
  Clock Uncertainty:      0.263ns  ((TSJ^2 + TIJ^2 + DJ^2)^1/2) / 2 + PE
    Total System Jitter     (TSJ):    0.071ns
    Total Input Jitter      (TIJ):    0.300ns
    Discrete Jitter          (DJ):    0.125ns
    Phase Error              (PE):    0.097ns
  Clock Domain Crossing:  Inter clock paths are considered valid unless explicitly excluded by timing constraints such as set_clock_groups or set_false_path.

    Location             Delay type                Incr(ns)  Path(ns)    Netlist Resource(s)
  -------------------------------------------------------------------    -------------------
                         (clock clk_out1_design_1_clk_wiz_0_0 rise edge)
                                                      0.000     0.000 r  
    H16                                               0.000     0.000 r  sys_clock (IN)
                         net (fo=0)                   0.000     0.000    design_1_i/clk_wiz_0/inst/clk_in1
    H16                  IBUF (Prop_ibuf_I_O)         1.380     1.380 r  design_1_i/clk_wiz_0/inst/clkin1_ibufg/O
                         net (fo=1, routed)           1.162     2.542    design_1_i/clk_wiz_0/inst/clk_in1_design_1_clk_wiz_0_0
    MMCME2_ADV_X1Y2      MMCME2_ADV (Prop_mmcme2_adv_CLKIN1_CLKOUT0)
                                                     -7.814    -5.272 r  design_1_i/clk_wiz_0/inst/mmcm_adv_inst/CLKOUT0
                         net (fo=1, routed)           2.012    -3.260    design_1_i/clk_wiz_0/inst/clk_out1_design_1_clk_wiz_0_0
    BUFGCTRL_X0Y17       BUFG (Prop_bufg_I_O)         0.091    -3.169 r  design_1_i/clk_wiz_0/inst/clkout1_buf/O
                         net (fo=180, routed)         1.464    -1.705    design_1_i/SpeedSensor_0/U0/SpeedSensor_slave_lite_v1_0_S00_AXI_inst/Core1/Clk
    SLICE_X52Y90         FDRE                                         r  design_1_i/SpeedSensor_0/U0/SpeedSensor_slave_lite_v1_0_S00_AXI_inst/Core1/pulse_count_reg[1]/C
  -------------------------------------------------------------------    -------------------
    SLICE_X52Y90         FDRE (Prop_fdre_C_Q)         0.367    -1.338 r  design_1_i/SpeedSensor_0/U0/SpeedSensor_slave_lite_v1_0_S00_AXI_inst/Core1/pulse_count_reg[1]/Q
                         net (fo=2, routed)           1.865     0.527    design_1_i/SpeedSensor_0/U0/SpeedSensor_slave_lite_v1_0_S00_AXI_inst/pulse_count_reg[1]
    SLICE_X53Y88         LUT6 (Prop_lut6_I5_O)        0.100     0.627 r  design_1_i/SpeedSensor_0/U0/SpeedSensor_slave_lite_v1_0_S00_AXI_inst/s00_axi_rdata[1]_INST_0/O
                         net (fo=1, routed)           1.311     1.938    design_1_i/ps7_0_axi_periph/xbar/inst/gen_sasd.crossbar_sasd_0/reg_slice_r/m_axi_rdata[65]
    SLICE_X53Y88         LUT5 (Prop_lut5_I1_O)        0.100     2.038 r  design_1_i/ps7_0_axi_periph/xbar/inst/gen_sasd.crossbar_sasd_0/reg_slice_r/m_payload_i[4]_i_3/O
                         net (fo=1, routed)           1.397     3.436    design_1_i/ps7_0_axi_periph/xbar/inst/gen_sasd.crossbar_sasd_0/reg_slice_r/m_payload_i[4]_i_3_n_0
    SLICE_X43Y88         LUT6 (Prop_lut6_I5_O)        0.100     3.536 r  design_1_i/ps7_0_axi_periph/xbar/inst/gen_sasd.crossbar_sasd_0/reg_slice_r/m_payload_i[4]_i_1/O
                         net (fo=2, routed)           0.000     3.536    design_1_i/ps7_0_axi_periph/xbar/inst/gen_sasd.crossbar_sasd_0/reg_slice_r/skid_buffer[4]
    SLICE_X43Y88         FDRE                                         r  design_1_i/ps7_0_axi_periph/xbar/inst/gen_sasd.crossbar_sasd_0/reg_slice_r/skid_buffer_reg[4]/D
  -------------------------------------------------------------------    -------------------

                         (clock clk_fpga_0 rise edge)
                                                      0.000     0.000 r  
    PS7_X0Y0             PS7                          0.000     0.000 r  design_1_i/processing_system7_0/inst/PS7_i/FCLKCLK[0]
                         net (fo=1, routed)           1.193     1.193    design_1_i/processing_system7_0/inst/FCLK_CLK_unbuffered[0]
    BUFGCTRL_X0Y16       BUFG (Prop_bufg_I_O)         0.101     1.294 r  design_1_i/processing_system7_0/inst/buffer_fclk_clk_0.FCLK_CLK_0_BUFG/O
                         net (fo=2496, routed)        1.648     2.942    design_1_i/ps7_0_axi_periph/xbar/inst/gen_sasd.crossbar_sasd_0/reg_slice_r/aclk
    SLICE_X43Y88         FDRE                                         r  design_1_i/ps7_0_axi_periph/xbar/inst/gen_sasd.crossbar_sasd_0/reg_slice_r/skid_buffer_reg[4]/C
                         clock pessimism              0.000     2.942    
                         clock uncertainty            0.263     3.205    
    SLICE_X43Y88         FDRE (Hold_fdre_C_D)         0.270     3.475    design_1_i/ps7_0_axi_periph/xbar/inst/gen_sasd.crossbar_sasd_0/reg_slice_r/skid_buffer_reg[4]
  -------------------------------------------------------------------
                         required time                         -3.475    
                         arrival time                           3.536    
  -------------------------------------------------------------------
                         slack                                  0.061    

Slack (MET) :             0.083ns  (arrival time - required time)
  Source:                 design_1_i/SpeedSensor_0/U0/SpeedSensor_slave_lite_v1_0_S00_AXI_inst/Core1/pulse_count_reg[13]/C
                            (rising edge-triggered cell FDRE clocked by clk_out1_design_1_clk_wiz_0_0  {rise@0.000ns fall@5.000ns period=10.000ns})
  Destination:            design_1_i/ps7_0_axi_periph/xbar/inst/gen_sasd.crossbar_sasd_0/reg_slice_r/skid_buffer_reg[16]/D
                            (rising edge-triggered cell FDRE clocked by clk_fpga_0  {rise@0.000ns fall@5.000ns period=10.000ns})
  Path Group:             clk_fpga_0
  Path Type:              Hold (Min at Slow Process Corner)
  Requirement:            0.000ns  (clk_fpga_0 rise@0.000ns - clk_out1_design_1_clk_wiz_0_0 rise@0.000ns)
  Data Path Delay:        5.251ns  (logic 0.667ns (12.703%)  route 4.584ns (87.297%))
  Logic Levels:           3  (LUT5=1 LUT6=2)
  Clock Path Skew:        4.635ns (DCD - SCD - CPR)
    Destination Clock Delay (DCD):    2.932ns
    Source Clock Delay      (SCD):    -1.703ns
    Clock Pessimism Removal (CPR):    -0.000ns
  Clock Uncertainty:      0.263ns  ((TSJ^2 + TIJ^2 + DJ^2)^1/2) / 2 + PE
    Total System Jitter     (TSJ):    0.071ns
    Total Input Jitter      (TIJ):    0.300ns
    Discrete Jitter          (DJ):    0.125ns
    Phase Error              (PE):    0.097ns
  Clock Domain Crossing:  Inter clock paths are considered valid unless explicitly excluded by timing constraints such as set_clock_groups or set_false_path.

    Location             Delay type                Incr(ns)  Path(ns)    Netlist Resource(s)
  -------------------------------------------------------------------    -------------------
                         (clock clk_out1_design_1_clk_wiz_0_0 rise edge)
                                                      0.000     0.000 r  
    H16                                               0.000     0.000 r  sys_clock (IN)
                         net (fo=0)                   0.000     0.000    design_1_i/clk_wiz_0/inst/clk_in1
    H16                  IBUF (Prop_ibuf_I_O)         1.380     1.380 r  design_1_i/clk_wiz_0/inst/clkin1_ibufg/O
                         net (fo=1, routed)           1.162     2.542    design_1_i/clk_wiz_0/inst/clk_in1_design_1_clk_wiz_0_0
    MMCME2_ADV_X1Y2      MMCME2_ADV (Prop_mmcme2_adv_CLKIN1_CLKOUT0)
                                                     -7.814    -5.272 r  design_1_i/clk_wiz_0/inst/mmcm_adv_inst/CLKOUT0
                         net (fo=1, routed)           2.012    -3.260    design_1_i/clk_wiz_0/inst/clk_out1_design_1_clk_wiz_0_0
    BUFGCTRL_X0Y17       BUFG (Prop_bufg_I_O)         0.091    -3.169 r  design_1_i/clk_wiz_0/inst/clkout1_buf/O
                         net (fo=180, routed)         1.466    -1.703    design_1_i/SpeedSensor_0/U0/SpeedSensor_slave_lite_v1_0_S00_AXI_inst/Core1/Clk
    SLICE_X52Y93         FDRE                                         r  design_1_i/SpeedSensor_0/U0/SpeedSensor_slave_lite_v1_0_S00_AXI_inst/Core1/pulse_count_reg[13]/C
  -------------------------------------------------------------------    -------------------
    SLICE_X52Y93         FDRE (Prop_fdre_C_Q)         0.367    -1.336 r  design_1_i/SpeedSensor_0/U0/SpeedSensor_slave_lite_v1_0_S00_AXI_inst/Core1/pulse_count_reg[13]/Q
                         net (fo=2, routed)           1.701     0.365    design_1_i/SpeedSensor_0/U0/SpeedSensor_slave_lite_v1_0_S00_AXI_inst/pulse_count_reg[13]
    SLICE_X53Y94         LUT6 (Prop_lut6_I5_O)        0.100     0.465 r  design_1_i/SpeedSensor_0/U0/SpeedSensor_slave_lite_v1_0_S00_AXI_inst/s00_axi_rdata[13]_INST_0/O
                         net (fo=1, routed)           1.569     2.034    design_1_i/ps7_0_axi_periph/xbar/inst/gen_sasd.crossbar_sasd_0/reg_slice_r/m_axi_rdata[77]
    SLICE_X51Y91         LUT5 (Prop_lut5_I3_O)        0.100     2.134 r  design_1_i/ps7_0_axi_periph/xbar/inst/gen_sasd.crossbar_sasd_0/reg_slice_r/m_payload_i[16]_i_3/O
                         net (fo=1, routed)           1.313     3.447    design_1_i/ps7_0_axi_periph/xbar/inst/gen_sasd.crossbar_sasd_0/reg_slice_r/m_payload_i[16]_i_3_n_0
    SLICE_X51Y91         LUT6 (Prop_lut6_I5_O)        0.100     3.547 r  design_1_i/ps7_0_axi_periph/xbar/inst/gen_sasd.crossbar_sasd_0/reg_slice_r/m_payload_i[16]_i_1/O
                         net (fo=2, routed)           0.000     3.547    design_1_i/ps7_0_axi_periph/xbar/inst/gen_sasd.crossbar_sasd_0/reg_slice_r/skid_buffer[16]
    SLICE_X51Y91         FDRE                                         r  design_1_i/ps7_0_axi_periph/xbar/inst/gen_sasd.crossbar_sasd_0/reg_slice_r/skid_buffer_reg[16]/D
  -------------------------------------------------------------------    -------------------

                         (clock clk_fpga_0 rise edge)
                                                      0.000     0.000 r  
    PS7_X0Y0             PS7                          0.000     0.000 r  design_1_i/processing_system7_0/inst/PS7_i/FCLKCLK[0]
                         net (fo=1, routed)           1.193     1.193    design_1_i/processing_system7_0/inst/FCLK_CLK_unbuffered[0]
    BUFGCTRL_X0Y16       BUFG (Prop_bufg_I_O)         0.101     1.294 r  design_1_i/processing_system7_0/inst/buffer_fclk_clk_0.FCLK_CLK_0_BUFG/O
                         net (fo=2496, routed)        1.638     2.932    design_1_i/ps7_0_axi_periph/xbar/inst/gen_sasd.crossbar_sasd_0/reg_slice_r/aclk
    SLICE_X51Y91         FDRE                                         r  design_1_i/ps7_0_axi_periph/xbar/inst/gen_sasd.crossbar_sasd_0/reg_slice_r/skid_buffer_reg[16]/C
                         clock pessimism              0.000     2.932    
                         clock uncertainty            0.263     3.195    
    SLICE_X51Y91         FDRE (Hold_fdre_C_D)         0.269     3.464    design_1_i/ps7_0_axi_periph/xbar/inst/gen_sasd.crossbar_sasd_0/reg_slice_r/skid_buffer_reg[16]
  -------------------------------------------------------------------
                         required time                         -3.464    
                         arrival time                           3.547    
  -------------------------------------------------------------------
                         slack                                  0.083    

Slack (MET) :             0.149ns  (arrival time - required time)
  Source:                 design_1_i/SpeedSensor_0/U0/SpeedSensor_slave_lite_v1_0_S00_AXI_inst/Core1/pulse_count_reg[15]/C
                            (rising edge-triggered cell FDRE clocked by clk_out1_design_1_clk_wiz_0_0  {rise@0.000ns fall@5.000ns period=10.000ns})
  Destination:            design_1_i/ps7_0_axi_periph/xbar/inst/gen_sasd.crossbar_sasd_0/reg_slice_r/skid_buffer_reg[18]/D
                            (rising edge-triggered cell FDRE clocked by clk_fpga_0  {rise@0.000ns fall@5.000ns period=10.000ns})
  Path Group:             clk_fpga_0
  Path Type:              Hold (Min at Slow Process Corner)
  Requirement:            0.000ns  (clk_fpga_0 rise@0.000ns - clk_out1_design_1_clk_wiz_0_0 rise@0.000ns)
  Data Path Delay:        5.329ns  (logic 0.667ns (12.516%)  route 4.662ns (87.484%))
  Logic Levels:           3  (LUT6=3)
  Clock Path Skew:        4.648ns (DCD - SCD - CPR)
    Destination Clock Delay (DCD):    2.945ns
    Source Clock Delay      (SCD):    -1.703ns
    Clock Pessimism Removal (CPR):    -0.000ns
  Clock Uncertainty:      0.263ns  ((TSJ^2 + TIJ^2 + DJ^2)^1/2) / 2 + PE
    Total System Jitter     (TSJ):    0.071ns
    Total Input Jitter      (TIJ):    0.300ns
    Discrete Jitter          (DJ):    0.125ns
    Phase Error              (PE):    0.097ns
  Clock Domain Crossing:  Inter clock paths are considered valid unless explicitly excluded by timing constraints such as set_clock_groups or set_false_path.

    Location             Delay type                Incr(ns)  Path(ns)    Netlist Resource(s)
  -------------------------------------------------------------------    -------------------
                         (clock clk_out1_design_1_clk_wiz_0_0 rise edge)
                                                      0.000     0.000 r  
    H16                                               0.000     0.000 r  sys_clock (IN)
                         net (fo=0)                   0.000     0.000    design_1_i/clk_wiz_0/inst/clk_in1
    H16                  IBUF (Prop_ibuf_I_O)         1.380     1.380 r  design_1_i/clk_wiz_0/inst/clkin1_ibufg/O
                         net (fo=1, routed)           1.162     2.542    design_1_i/clk_wiz_0/inst/clk_in1_design_1_clk_wiz_0_0
    MMCME2_ADV_X1Y2      MMCME2_ADV (Prop_mmcme2_adv_CLKIN1_CLKOUT0)
                                                     -7.814    -5.272 r  design_1_i/clk_wiz_0/inst/mmcm_adv_inst/CLKOUT0
                         net (fo=1, routed)           2.012    -3.260    design_1_i/clk_wiz_0/inst/clk_out1_design_1_clk_wiz_0_0
    BUFGCTRL_X0Y17       BUFG (Prop_bufg_I_O)         0.091    -3.169 r  design_1_i/clk_wiz_0/inst/clkout1_buf/O
                         net (fo=180, routed)         1.466    -1.703    design_1_i/SpeedSensor_0/U0/SpeedSensor_slave_lite_v1_0_S00_AXI_inst/Core1/Clk
    SLICE_X52Y93         FDRE                                         r  design_1_i/SpeedSensor_0/U0/SpeedSensor_slave_lite_v1_0_S00_AXI_inst/Core1/pulse_count_reg[15]/C
  -------------------------------------------------------------------    -------------------
    SLICE_X52Y93         FDRE (Prop_fdre_C_Q)         0.367    -1.336 r  design_1_i/SpeedSensor_0/U0/SpeedSensor_slave_lite_v1_0_S00_AXI_inst/Core1/pulse_count_reg[15]/Q
                         net (fo=2, routed)           1.634     0.298    design_1_i/SpeedSensor_0/U0/SpeedSensor_slave_lite_v1_0_S00_AXI_inst/pulse_count_reg[15]
    SLICE_X51Y93         LUT6 (Prop_lut6_I5_O)        0.100     0.398 r  design_1_i/SpeedSensor_0/U0/SpeedSensor_slave_lite_v1_0_S00_AXI_inst/s00_axi_rdata[15]_INST_0/O
                         net (fo=1, routed)           1.644     2.042    design_1_i/ps7_0_axi_periph/xbar/inst/gen_sasd.crossbar_sasd_0/reg_slice_r/m_axi_rdata[79]
    SLICE_X51Y92         LUT6 (Prop_lut6_I1_O)        0.100     2.142 r  design_1_i/ps7_0_axi_periph/xbar/inst/gen_sasd.crossbar_sasd_0/reg_slice_r/m_payload_i[18]_i_3/O
                         net (fo=1, routed)           1.384     3.526    design_1_i/ps7_0_axi_periph/xbar/inst/gen_sasd.crossbar_sasd_0/reg_slice_r/m_payload_i[18]_i_3_n_0
    SLICE_X47Y96         LUT6 (Prop_lut6_I1_O)        0.100     3.626 r  design_1_i/ps7_0_axi_periph/xbar/inst/gen_sasd.crossbar_sasd_0/reg_slice_r/m_payload_i[18]_i_1/O
                         net (fo=2, routed)           0.000     3.626    design_1_i/ps7_0_axi_periph/xbar/inst/gen_sasd.crossbar_sasd_0/reg_slice_r/skid_buffer[18]
    SLICE_X47Y96         FDRE                                         r  design_1_i/ps7_0_axi_periph/xbar/inst/gen_sasd.crossbar_sasd_0/reg_slice_r/skid_buffer_reg[18]/D
  -------------------------------------------------------------------    -------------------

                         (clock clk_fpga_0 rise edge)
                                                      0.000     0.000 r  
    PS7_X0Y0             PS7                          0.000     0.000 r  design_1_i/processing_system7_0/inst/PS7_i/FCLKCLK[0]
                         net (fo=1, routed)           1.193     1.193    design_1_i/processing_system7_0/inst/FCLK_CLK_unbuffered[0]
    BUFGCTRL_X0Y16       BUFG (Prop_bufg_I_O)         0.101     1.294 r  design_1_i/processing_system7_0/inst/buffer_fclk_clk_0.FCLK_CLK_0_BUFG/O
                         net (fo=2496, routed)        1.651     2.945    design_1_i/ps7_0_axi_periph/xbar/inst/gen_sasd.crossbar_sasd_0/reg_slice_r/aclk
    SLICE_X47Y96         FDRE                                         r  design_1_i/ps7_0_axi_periph/xbar/inst/gen_sasd.crossbar_sasd_0/reg_slice_r/skid_buffer_reg[18]/C
                         clock pessimism              0.000     2.945    
                         clock uncertainty            0.263     3.208    
    SLICE_X47Y96         FDRE (Hold_fdre_C_D)         0.269     3.477    design_1_i/ps7_0_axi_periph/xbar/inst/gen_sasd.crossbar_sasd_0/reg_slice_r/skid_buffer_reg[18]
  -------------------------------------------------------------------
                         required time                         -3.477    
                         arrival time                           3.626    
  -------------------------------------------------------------------
                         slack                                  0.149    

Slack (MET) :             0.176ns  (arrival time - required time)
  Source:                 design_1_i/SpeedSensor_1/U0/SpeedSensor_slave_lite_v1_0_S00_AXI_inst/Core1/pulse_count_reg[27]/C
                            (rising edge-triggered cell FDRE clocked by clk_out1_design_1_clk_wiz_0_0  {rise@0.000ns fall@5.000ns period=10.000ns})
  Destination:            design_1_i/ps7_0_axi_periph/xbar/inst/gen_sasd.crossbar_sasd_0/reg_slice_r/skid_buffer_reg[30]/D
                            (rising edge-triggered cell FDRE clocked by clk_fpga_0  {rise@0.000ns fall@5.000ns period=10.000ns})
  Path Group:             clk_fpga_0
  Path Type:              Hold (Min at Fast Process Corner)
  Requirement:            0.000ns  (clk_fpga_0 rise@0.000ns - clk_out1_design_1_clk_wiz_0_0 rise@0.000ns)
  Data Path Delay:        2.425ns  (logic 0.299ns (12.328%)  route 2.126ns (87.672%))
  Logic Levels:           3  (LUT4=1 LUT6=2)
  Clock Path Skew:        1.866ns (DCD - SCD - CPR)
    Destination Clock Delay (DCD):    1.191ns
    Source Clock Delay      (SCD):    -0.675ns
    Clock Pessimism Removal (CPR):    -0.000ns
  Clock Uncertainty:      0.263ns  ((TSJ^2 + TIJ^2 + DJ^2)^1/2) / 2 + PE
    Total System Jitter     (TSJ):    0.071ns
    Total Input Jitter      (TIJ):    0.300ns
    Discrete Jitter          (DJ):    0.125ns
    Phase Error              (PE):    0.097ns
  Clock Domain Crossing:  Inter clock paths are considered valid unless explicitly excluded by timing constraints such as set_clock_groups or set_false_path.

    Location             Delay type                Incr(ns)  Path(ns)    Netlist Resource(s)
  -------------------------------------------------------------------    -------------------
                         (clock clk_out1_design_1_clk_wiz_0_0 rise edge)
                                                      0.000     0.000 r  
    H16                                               0.000     0.000 r  sys_clock (IN)
                         net (fo=0)                   0.000     0.000    design_1_i/clk_wiz_0/inst/clk_in1
    H16                  IBUF (Prop_ibuf_I_O)         0.219     0.219 r  design_1_i/clk_wiz_0/inst/clkin1_ibufg/O
                         net (fo=1, routed)           0.440     0.659    design_1_i/clk_wiz_0/inst/clk_in1_design_1_clk_wiz_0_0
    MMCME2_ADV_X1Y2      MMCME2_ADV (Prop_mmcme2_adv_CLKIN1_CLKOUT0)
                                                     -2.613    -1.954 r  design_1_i/clk_wiz_0/inst/mmcm_adv_inst/CLKOUT0
                         net (fo=1, routed)           0.696    -1.257    design_1_i/clk_wiz_0/inst/clk_out1_design_1_clk_wiz_0_0
    BUFGCTRL_X0Y17       BUFG (Prop_bufg_I_O)         0.026    -1.231 r  design_1_i/clk_wiz_0/inst/clkout1_buf/O
                         net (fo=180, routed)         0.556    -0.675    design_1_i/SpeedSensor_1/U0/SpeedSensor_slave_lite_v1_0_S00_AXI_inst/Core1/Clk
    SLICE_X42Y95         FDRE                                         r  design_1_i/SpeedSensor_1/U0/SpeedSensor_slave_lite_v1_0_S00_AXI_inst/Core1/pulse_count_reg[27]/C
  -------------------------------------------------------------------    -------------------
    SLICE_X42Y95         FDRE (Prop_fdre_C_Q)         0.164    -0.511 r  design_1_i/SpeedSensor_1/U0/SpeedSensor_slave_lite_v1_0_S00_AXI_inst/Core1/pulse_count_reg[27]/Q
                         net (fo=2, routed)           0.756     0.245    design_1_i/SpeedSensor_1/U0/SpeedSensor_slave_lite_v1_0_S00_AXI_inst/pulse_count_reg[27]
    SLICE_X43Y97         LUT6 (Prop_lut6_I5_O)        0.045     0.290 r  design_1_i/SpeedSensor_1/U0/SpeedSensor_slave_lite_v1_0_S00_AXI_inst/s00_axi_rdata[27]_INST_0/O
                         net (fo=1, routed)           0.688     0.978    design_1_i/ps7_0_axi_periph/xbar/inst/gen_sasd.crossbar_sasd_0/reg_slice_r/m_axi_rdata[123]
    SLICE_X45Y97         LUT4 (Prop_lut4_I3_O)        0.045     1.023 r  design_1_i/ps7_0_axi_periph/xbar/inst/gen_sasd.crossbar_sasd_0/reg_slice_r/m_payload_i[30]_i_2/O
                         net (fo=1, routed)           0.682     1.705    design_1_i/ps7_0_axi_periph/xbar/inst/gen_sasd.crossbar_sasd_0/reg_slice_r/m_payload_i[30]_i_2_n_0
    SLICE_X46Y97         LUT6 (Prop_lut6_I0_O)        0.045     1.750 r  design_1_i/ps7_0_axi_periph/xbar/inst/gen_sasd.crossbar_sasd_0/reg_slice_r/m_payload_i[30]_i_1/O
                         net (fo=2, routed)           0.000     1.750    design_1_i/ps7_0_axi_periph/xbar/inst/gen_sasd.crossbar_sasd_0/reg_slice_r/skid_buffer[30]
    SLICE_X46Y97         FDRE                                         r  design_1_i/ps7_0_axi_periph/xbar/inst/gen_sasd.crossbar_sasd_0/reg_slice_r/skid_buffer_reg[30]/D
  -------------------------------------------------------------------    -------------------

                         (clock clk_fpga_0 rise edge)
                                                      0.000     0.000 r  
    PS7_X0Y0             PS7                          0.000     0.000 r  design_1_i/processing_system7_0/inst/PS7_i/FCLKCLK[0]
                         net (fo=1, routed)           0.337     0.337    design_1_i/processing_system7_0/inst/FCLK_CLK_unbuffered[0]
    BUFGCTRL_X0Y16       BUFG (Prop_bufg_I_O)         0.029     0.366 r  design_1_i/processing_system7_0/inst/buffer_fclk_clk_0.FCLK_CLK_0_BUFG/O
                         net (fo=2496, routed)        0.825     1.191    design_1_i/ps7_0_axi_periph/xbar/inst/gen_sasd.crossbar_sasd_0/reg_slice_r/aclk
    SLICE_X46Y97         FDRE                                         r  design_1_i/ps7_0_axi_periph/xbar/inst/gen_sasd.crossbar_sasd_0/reg_slice_r/skid_buffer_reg[30]/C
                         clock pessimism              0.000     1.191    
                         clock uncertainty            0.263     1.454    
    SLICE_X46Y97         FDRE (Hold_fdre_C_D)         0.120     1.574    design_1_i/ps7_0_axi_periph/xbar/inst/gen_sasd.crossbar_sasd_0/reg_slice_r/skid_buffer_reg[30]
  -------------------------------------------------------------------
                         required time                         -1.574    
                         arrival time                           1.750    
  -------------------------------------------------------------------
                         slack                                  0.176    

Slack (MET) :             0.219ns  (arrival time - required time)
  Source:                 design_1_i/SpeedSensor_1/U0/SpeedSensor_slave_lite_v1_0_S00_AXI_inst/Core1/pulse_count_reg[18]/C
                            (rising edge-triggered cell FDRE clocked by clk_out1_design_1_clk_wiz_0_0  {rise@0.000ns fall@5.000ns period=10.000ns})
  Destination:            design_1_i/ps7_0_axi_periph/xbar/inst/gen_sasd.crossbar_sasd_0/reg_slice_r/skid_buffer_reg[21]/D
                            (rising edge-triggered cell FDRE clocked by clk_fpga_0  {rise@0.000ns fall@5.000ns period=10.000ns})
  Path Group:             clk_fpga_0
  Path Type:              Hold (Min at Slow Process Corner)
  Requirement:            0.000ns  (clk_fpga_0 rise@0.000ns - clk_out1_design_1_clk_wiz_0_0 rise@0.000ns)
  Data Path Delay:        5.309ns  (logic 0.718ns (13.524%)  route 4.591ns (86.476%))
  Logic Levels:           3  (LUT4=1 LUT6=2)
  Clock Path Skew:        4.635ns (DCD - SCD - CPR)
    Destination Clock Delay (DCD):    2.945ns
    Source Clock Delay      (SCD):    -1.690ns
    Clock Pessimism Removal (CPR):    -0.000ns
  Clock Uncertainty:      0.263ns  ((TSJ^2 + TIJ^2 + DJ^2)^1/2) / 2 + PE
    Total System Jitter     (TSJ):    0.071ns
    Total Input Jitter      (TIJ):    0.300ns
    Discrete Jitter          (DJ):    0.125ns
    Phase Error              (PE):    0.097ns
  Clock Domain Crossing:  Inter clock paths are considered valid unless explicitly excluded by timing constraints such as set_clock_groups or set_false_path.

    Location             Delay type                Incr(ns)  Path(ns)    Netlist Resource(s)
  -------------------------------------------------------------------    -------------------
                         (clock clk_out1_design_1_clk_wiz_0_0 rise edge)
                                                      0.000     0.000 r  
    H16                                               0.000     0.000 r  sys_clock (IN)
                         net (fo=0)                   0.000     0.000    design_1_i/clk_wiz_0/inst/clk_in1
    H16                  IBUF (Prop_ibuf_I_O)         1.380     1.380 r  design_1_i/clk_wiz_0/inst/clkin1_ibufg/O
                         net (fo=1, routed)           1.162     2.542    design_1_i/clk_wiz_0/inst/clk_in1_design_1_clk_wiz_0_0
    MMCME2_ADV_X1Y2      MMCME2_ADV (Prop_mmcme2_adv_CLKIN1_CLKOUT0)
                                                     -7.814    -5.272 r  design_1_i/clk_wiz_0/inst/mmcm_adv_inst/CLKOUT0
                         net (fo=1, routed)           2.012    -3.260    design_1_i/clk_wiz_0/inst/clk_out1_design_1_clk_wiz_0_0
    BUFGCTRL_X0Y17       BUFG (Prop_bufg_I_O)         0.091    -3.169 r  design_1_i/clk_wiz_0/inst/clkout1_buf/O
                         net (fo=180, routed)         1.479    -1.690    design_1_i/SpeedSensor_1/U0/SpeedSensor_slave_lite_v1_0_S00_AXI_inst/Core1/Clk
    SLICE_X42Y93         FDRE                                         r  design_1_i/SpeedSensor_1/U0/SpeedSensor_slave_lite_v1_0_S00_AXI_inst/Core1/pulse_count_reg[18]/C
  -------------------------------------------------------------------    -------------------
    SLICE_X42Y93         FDRE (Prop_fdre_C_Q)         0.418    -1.272 r  design_1_i/SpeedSensor_1/U0/SpeedSensor_slave_lite_v1_0_S00_AXI_inst/Core1/pulse_count_reg[18]/Q
                         net (fo=2, routed)           0.496    -0.776    design_1_i/SpeedSensor_1/U0/SpeedSensor_slave_lite_v1_0_S00_AXI_inst/pulse_count_reg[18]
    SLICE_X43Y94         LUT6 (Prop_lut6_I5_O)        0.100    -0.676 r  design_1_i/SpeedSensor_1/U0/SpeedSensor_slave_lite_v1_0_S00_AXI_inst/s00_axi_rdata[18]_INST_0/O
                         net (fo=1, routed)           0.475    -0.201    design_1_i/ps7_0_axi_periph/xbar/inst/gen_sasd.crossbar_sasd_0/reg_slice_r/m_axi_rdata[114]
    SLICE_X44Y93         LUT6 (Prop_lut6_I3_O)        0.100    -0.101 r  design_1_i/ps7_0_axi_periph/xbar/inst/gen_sasd.crossbar_sasd_0/reg_slice_r/m_payload_i[21]_i_2/O
                         net (fo=1, routed)           0.629     0.528    design_1_i/ps7_0_axi_periph/xbar/inst/gen_sasd.crossbar_sasd_0/reg_slice_r/m_payload_i[21]_i_2_n_0
    SLICE_X44Y93         LUT4 (Prop_lut4_I2_O)        0.100     0.628 r  design_1_i/ps7_0_axi_periph/xbar/inst/gen_sasd.crossbar_sasd_0/reg_slice_r/m_payload_i[21]_i_1/O
                         net (fo=2, routed)           2.991     3.619    design_1_i/ps7_0_axi_periph/xbar/inst/gen_sasd.crossbar_sasd_0/reg_slice_r/skid_buffer[21]
    SLICE_X44Y93         FDRE                                         r  design_1_i/ps7_0_axi_periph/xbar/inst/gen_sasd.crossbar_sasd_0/reg_slice_r/skid_buffer_reg[21]/D
  -------------------------------------------------------------------    -------------------

                         (clock clk_fpga_0 rise edge)
                                                      0.000     0.000 r  
    PS7_X0Y0             PS7                          0.000     0.000 r  design_1_i/processing_system7_0/inst/PS7_i/FCLKCLK[0]
                         net (fo=1, routed)           1.193     1.193    design_1_i/processing_system7_0/inst/FCLK_CLK_unbuffered[0]
    BUFGCTRL_X0Y16       BUFG (Prop_bufg_I_O)         0.101     1.294 r  design_1_i/processing_system7_0/inst/buffer_fclk_clk_0.FCLK_CLK_0_BUFG/O
                         net (fo=2496, routed)        1.651     2.945    design_1_i/ps7_0_axi_periph/xbar/inst/gen_sasd.crossbar_sasd_0/reg_slice_r/aclk
    SLICE_X44Y93         FDRE                                         r  design_1_i/ps7_0_axi_periph/xbar/inst/gen_sasd.crossbar_sasd_0/reg_slice_r/skid_buffer_reg[21]/C
                         clock pessimism              0.000     2.945    
                         clock uncertainty            0.263     3.208    
    SLICE_X44Y93         FDRE (Hold_fdre_C_D)         0.192     3.400    design_1_i/ps7_0_axi_periph/xbar/inst/gen_sasd.crossbar_sasd_0/reg_slice_r/skid_buffer_reg[21]
  -------------------------------------------------------------------
                         required time                         -3.400    
                         arrival time                           3.619    
  -------------------------------------------------------------------
                         slack                                  0.219    

Slack (MET) :             0.317ns  (arrival time - required time)
  Source:                 design_1_i/SpeedSensor_1/U0/SpeedSensor_slave_lite_v1_0_S00_AXI_inst/Core1/pulse_count_reg[0]/C
                            (rising edge-triggered cell FDRE clocked by clk_out1_design_1_clk_wiz_0_0  {rise@0.000ns fall@5.000ns period=10.000ns})
  Destination:            design_1_i/ps7_0_axi_periph/xbar/inst/gen_sasd.crossbar_sasd_0/reg_slice_r/m_payload_i_reg[3]/D
                            (rising edge-triggered cell FDRE clocked by clk_fpga_0  {rise@0.000ns fall@5.000ns period=10.000ns})
  Path Group:             clk_fpga_0
  Path Type:              Hold (Min at Slow Process Corner)
  Requirement:            0.000ns  (clk_fpga_0 rise@0.000ns - clk_out1_design_1_clk_wiz_0_0 rise@0.000ns)
  Data Path Delay:        5.462ns  (logic 0.718ns (13.147%)  route 4.744ns (86.854%))
  Logic Levels:           3  (LUT6=3)
  Clock Path Skew:        4.635ns (DCD - SCD - CPR)
    Destination Clock Delay (DCD):    2.943ns
    Source Clock Delay      (SCD):    -1.692ns
    Clock Pessimism Removal (CPR):    -0.000ns
  Clock Uncertainty:      0.263ns  ((TSJ^2 + TIJ^2 + DJ^2)^1/2) / 2 + PE
    Total System Jitter     (TSJ):    0.071ns
    Total Input Jitter      (TIJ):    0.300ns
    Discrete Jitter          (DJ):    0.125ns
    Phase Error              (PE):    0.097ns
  Clock Domain Crossing:  Inter clock paths are considered valid unless explicitly excluded by timing constraints such as set_clock_groups or set_false_path.

    Location             Delay type                Incr(ns)  Path(ns)    Netlist Resource(s)
  -------------------------------------------------------------------    -------------------
                         (clock clk_out1_design_1_clk_wiz_0_0 rise edge)
                                                      0.000     0.000 r  
    H16                                               0.000     0.000 r  sys_clock (IN)
                         net (fo=0)                   0.000     0.000    design_1_i/clk_wiz_0/inst/clk_in1
    H16                  IBUF (Prop_ibuf_I_O)         1.380     1.380 r  design_1_i/clk_wiz_0/inst/clkin1_ibufg/O
                         net (fo=1, routed)           1.162     2.542    design_1_i/clk_wiz_0/inst/clk_in1_design_1_clk_wiz_0_0
    MMCME2_ADV_X1Y2      MMCME2_ADV (Prop_mmcme2_adv_CLKIN1_CLKOUT0)
                                                     -7.814    -5.272 r  design_1_i/clk_wiz_0/inst/mmcm_adv_inst/CLKOUT0
                         net (fo=1, routed)           2.012    -3.260    design_1_i/clk_wiz_0/inst/clk_out1_design_1_clk_wiz_0_0
    BUFGCTRL_X0Y17       BUFG (Prop_bufg_I_O)         0.091    -3.169 r  design_1_i/clk_wiz_0/inst/clkout1_buf/O
                         net (fo=180, routed)         1.477    -1.692    design_1_i/SpeedSensor_1/U0/SpeedSensor_slave_lite_v1_0_S00_AXI_inst/Core1/Clk
    SLICE_X42Y89         FDRE                                         r  design_1_i/SpeedSensor_1/U0/SpeedSensor_slave_lite_v1_0_S00_AXI_inst/Core1/pulse_count_reg[0]/C
  -------------------------------------------------------------------    -------------------
    SLICE_X42Y89         FDRE (Prop_fdre_C_Q)         0.418    -1.274 r  design_1_i/SpeedSensor_1/U0/SpeedSensor_slave_lite_v1_0_S00_AXI_inst/Core1/pulse_count_reg[0]/Q
                         net (fo=2, routed)           0.585    -0.689    design_1_i/SpeedSensor_1/U0/SpeedSensor_slave_lite_v1_0_S00_AXI_inst/pulse_count_reg[0]
    SLICE_X43Y87         LUT6 (Prop_lut6_I5_O)        0.100    -0.589 r  design_1_i/SpeedSensor_1/U0/SpeedSensor_slave_lite_v1_0_S00_AXI_inst/s00_axi_rdata[0]_INST_0/O
                         net (fo=1, routed)           0.652     0.063    design_1_i/ps7_0_axi_periph/xbar/inst/gen_sasd.crossbar_sasd_0/reg_slice_r/m_axi_rdata[96]
    SLICE_X43Y88         LUT6 (Prop_lut6_I3_O)        0.100     0.163 r  design_1_i/ps7_0_axi_periph/xbar/inst/gen_sasd.crossbar_sasd_0/reg_slice_r/m_payload_i[3]_i_2/O
                         net (fo=1, routed)           0.474     0.637    design_1_i/ps7_0_axi_periph/xbar/inst/gen_sasd.crossbar_sasd_0/reg_slice_r/m_payload_i[3]_i_2_n_0
    SLICE_X43Y90         LUT6 (Prop_lut6_I4_O)        0.100     0.737 r  design_1_i/ps7_0_axi_periph/xbar/inst/gen_sasd.crossbar_sasd_0/reg_slice_r/m_payload_i[3]_i_1/O
                         net (fo=2, routed)           3.032     3.769    design_1_i/ps7_0_axi_periph/xbar/inst/gen_sasd.crossbar_sasd_0/reg_slice_r/skid_buffer[3]
    SLICE_X36Y88         FDRE                                         r  design_1_i/ps7_0_axi_periph/xbar/inst/gen_sasd.crossbar_sasd_0/reg_slice_r/m_payload_i_reg[3]/D
  -------------------------------------------------------------------    -------------------

                         (clock clk_fpga_0 rise edge)
                                                      0.000     0.000 r  
    PS7_X0Y0             PS7                          0.000     0.000 r  design_1_i/processing_system7_0/inst/PS7_i/FCLKCLK[0]
                         net (fo=1, routed)           1.193     1.193    design_1_i/processing_system7_0/inst/FCLK_CLK_unbuffered[0]
    BUFGCTRL_X0Y16       BUFG (Prop_bufg_I_O)         0.101     1.294 r  design_1_i/processing_system7_0/inst/buffer_fclk_clk_0.FCLK_CLK_0_BUFG/O
                         net (fo=2496, routed)        1.649     2.943    design_1_i/ps7_0_axi_periph/xbar/inst/gen_sasd.crossbar_sasd_0/reg_slice_r/aclk
    SLICE_X36Y88         FDRE                                         r  design_1_i/ps7_0_axi_periph/xbar/inst/gen_sasd.crossbar_sasd_0/reg_slice_r/m_payload_i_reg[3]/C
                         clock pessimism              0.000     2.943    
                         clock uncertainty            0.263     3.206    
    SLICE_X36Y88         FDRE (Hold_fdre_C_D)         0.246     3.452    design_1_i/ps7_0_axi_periph/xbar/inst/gen_sasd.crossbar_sasd_0/reg_slice_r/m_payload_i_reg[3]
  -------------------------------------------------------------------
                         required time                         -3.452    
                         arrival time                           3.769    
  -------------------------------------------------------------------
                         slack                                  0.317    

Slack (MET) :             0.319ns  (arrival time - required time)
  Source:                 design_1_i/SpeedSensor_1/U0/SpeedSensor_slave_lite_v1_0_S00_AXI_inst/Core1/pulse_count_reg[5]/C
                            (rising edge-triggered cell FDRE clocked by clk_out1_design_1_clk_wiz_0_0  {rise@0.000ns fall@5.000ns period=10.000ns})
  Destination:            design_1_i/ps7_0_axi_periph/xbar/inst/gen_sasd.crossbar_sasd_0/reg_slice_r/m_payload_i_reg[8]/D
                            (rising edge-triggered cell FDRE clocked by clk_fpga_0  {rise@0.000ns fall@5.000ns period=10.000ns})
  Path Group:             clk_fpga_0
  Path Type:              Hold (Min at Slow Process Corner)
  Requirement:            0.000ns  (clk_fpga_0 rise@0.000ns - clk_out1_design_1_clk_wiz_0_0 rise@0.000ns)
  Data Path Delay:        5.411ns  (logic 0.718ns (13.269%)  route 4.693ns (86.731%))
  Logic Levels:           3  (LUT6=3)
  Clock Path Skew:        4.635ns (DCD - SCD - CPR)
    Destination Clock Delay (DCD):    2.943ns
    Source Clock Delay      (SCD):    -1.692ns
    Clock Pessimism Removal (CPR):    -0.000ns
  Clock Uncertainty:      0.263ns  ((TSJ^2 + TIJ^2 + DJ^2)^1/2) / 2 + PE
    Total System Jitter     (TSJ):    0.071ns
    Total Input Jitter      (TIJ):    0.300ns
    Discrete Jitter          (DJ):    0.125ns
    Phase Error              (PE):    0.097ns
  Clock Domain Crossing:  Inter clock paths are considered valid unless explicitly excluded by timing constraints such as set_clock_groups or set_false_path.

    Location             Delay type                Incr(ns)  Path(ns)    Netlist Resource(s)
  -------------------------------------------------------------------    -------------------
                         (clock clk_out1_design_1_clk_wiz_0_0 rise edge)
                                                      0.000     0.000 r  
    H16                                               0.000     0.000 r  sys_clock (IN)
                         net (fo=0)                   0.000     0.000    design_1_i/clk_wiz_0/inst/clk_in1
    H16                  IBUF (Prop_ibuf_I_O)         1.380     1.380 r  design_1_i/clk_wiz_0/inst/clkin1_ibufg/O
                         net (fo=1, routed)           1.162     2.542    design_1_i/clk_wiz_0/inst/clk_in1_design_1_clk_wiz_0_0
    MMCME2_ADV_X1Y2      MMCME2_ADV (Prop_mmcme2_adv_CLKIN1_CLKOUT0)
                                                     -7.814    -5.272 r  design_1_i/clk_wiz_0/inst/mmcm_adv_inst/CLKOUT0
                         net (fo=1, routed)           2.012    -3.260    design_1_i/clk_wiz_0/inst/clk_out1_design_1_clk_wiz_0_0
    BUFGCTRL_X0Y17       BUFG (Prop_bufg_I_O)         0.091    -3.169 r  design_1_i/clk_wiz_0/inst/clkout1_buf/O
                         net (fo=180, routed)         1.477    -1.692    design_1_i/SpeedSensor_1/U0/SpeedSensor_slave_lite_v1_0_S00_AXI_inst/Core1/Clk
    SLICE_X42Y90         FDRE                                         r  design_1_i/SpeedSensor_1/U0/SpeedSensor_slave_lite_v1_0_S00_AXI_inst/Core1/pulse_count_reg[5]/C
  -------------------------------------------------------------------    -------------------
    SLICE_X42Y90         FDRE (Prop_fdre_C_Q)         0.418    -1.274 r  design_1_i/SpeedSensor_1/U0/SpeedSensor_slave_lite_v1_0_S00_AXI_inst/Core1/pulse_count_reg[5]/Q
                         net (fo=2, routed)           0.902    -0.372    design_1_i/SpeedSensor_1/U0/SpeedSensor_slave_lite_v1_0_S00_AXI_inst/pulse_count_reg[5]
    SLICE_X42Y87         LUT6 (Prop_lut6_I5_O)        0.100    -0.272 r  design_1_i/SpeedSensor_1/U0/SpeedSensor_slave_lite_v1_0_S00_AXI_inst/s00_axi_rdata[5]_INST_0/O
                         net (fo=1, routed)           0.373     0.101    design_1_i/ps7_0_axi_periph/xbar/inst/gen_sasd.crossbar_sasd_0/reg_slice_r/m_axi_rdata[101]
    SLICE_X42Y87         LUT6 (Prop_lut6_I3_O)        0.100     0.201 r  design_1_i/ps7_0_axi_periph/xbar/inst/gen_sasd.crossbar_sasd_0/reg_slice_r/m_payload_i[8]_i_2/O
                         net (fo=1, routed)           0.526     0.727    design_1_i/ps7_0_axi_periph/xbar/inst/gen_sasd.crossbar_sasd_0/reg_slice_r/m_payload_i[8]_i_2_n_0
    SLICE_X42Y87         LUT6 (Prop_lut6_I4_O)        0.100     0.827 r  design_1_i/ps7_0_axi_periph/xbar/inst/gen_sasd.crossbar_sasd_0/reg_slice_r/m_payload_i[8]_i_1/O
                         net (fo=2, routed)           2.892     3.719    design_1_i/ps7_0_axi_periph/xbar/inst/gen_sasd.crossbar_sasd_0/reg_slice_r/skid_buffer[8]
    SLICE_X37Y88         FDRE                                         r  design_1_i/ps7_0_axi_periph/xbar/inst/gen_sasd.crossbar_sasd_0/reg_slice_r/m_payload_i_reg[8]/D
  -------------------------------------------------------------------    -------------------

                         (clock clk_fpga_0 rise edge)
                                                      0.000     0.000 r  
    PS7_X0Y0             PS7                          0.000     0.000 r  design_1_i/processing_system7_0/inst/PS7_i/FCLKCLK[0]
                         net (fo=1, routed)           1.193     1.193    design_1_i/processing_system7_0/inst/FCLK_CLK_unbuffered[0]
    BUFGCTRL_X0Y16       BUFG (Prop_bufg_I_O)         0.101     1.294 r  design_1_i/processing_system7_0/inst/buffer_fclk_clk_0.FCLK_CLK_0_BUFG/O
                         net (fo=2496, routed)        1.649     2.943    design_1_i/ps7_0_axi_periph/xbar/inst/gen_sasd.crossbar_sasd_0/reg_slice_r/aclk
    SLICE_X37Y88         FDRE                                         r  design_1_i/ps7_0_axi_periph/xbar/inst/gen_sasd.crossbar_sasd_0/reg_slice_r/m_payload_i_reg[8]/C
                         clock pessimism              0.000     2.943    
                         clock uncertainty            0.263     3.206    
    SLICE_X37Y88         FDRE (Hold_fdre_C_D)         0.194     3.400    design_1_i/ps7_0_axi_periph/xbar/inst/gen_sasd.crossbar_sasd_0/reg_slice_r/m_payload_i_reg[8]
  -------------------------------------------------------------------
                         required time                         -3.400    
                         arrival time                           3.719    
  -------------------------------------------------------------------
                         slack                                  0.319    

Slack (MET) :             0.335ns  (arrival time - required time)
  Source:                 design_1_i/SpeedSensor_0/U0/SpeedSensor_slave_lite_v1_0_S00_AXI_inst/Core1/pulse_count_reg[8]/C
                            (rising edge-triggered cell FDRE clocked by clk_out1_design_1_clk_wiz_0_0  {rise@0.000ns fall@5.000ns period=10.000ns})
  Destination:            design_1_i/ps7_0_axi_periph/xbar/inst/gen_sasd.crossbar_sasd_0/reg_slice_r/m_payload_i_reg[11]/D
                            (rising edge-triggered cell FDRE clocked by clk_fpga_0  {rise@0.000ns fall@5.000ns period=10.000ns})
  Path Group:             clk_fpga_0
  Path Type:              Hold (Min at Slow Process Corner)
  Requirement:            0.000ns  (clk_fpga_0 rise@0.000ns - clk_out1_design_1_clk_wiz_0_0 rise@0.000ns)
  Data Path Delay:        5.438ns  (logic 0.667ns (12.266%)  route 4.771ns (87.734%))
  Logic Levels:           3  (LUT5=1 LUT6=2)
  Clock Path Skew:        4.647ns (DCD - SCD - CPR)
    Destination Clock Delay (DCD):    2.943ns
    Source Clock Delay      (SCD):    -1.704ns
    Clock Pessimism Removal (CPR):    -0.000ns
  Clock Uncertainty:      0.263ns  ((TSJ^2 + TIJ^2 + DJ^2)^1/2) / 2 + PE
    Total System Jitter     (TSJ):    0.071ns
    Total Input Jitter      (TIJ):    0.300ns
    Discrete Jitter          (DJ):    0.125ns
    Phase Error              (PE):    0.097ns
  Clock Domain Crossing:  Inter clock paths are considered valid unless explicitly excluded by timing constraints such as set_clock_groups or set_false_path.

    Location             Delay type                Incr(ns)  Path(ns)    Netlist Resource(s)
  -------------------------------------------------------------------    -------------------
                         (clock clk_out1_design_1_clk_wiz_0_0 rise edge)
                                                      0.000     0.000 r  
    H16                                               0.000     0.000 r  sys_clock (IN)
                         net (fo=0)                   0.000     0.000    design_1_i/clk_wiz_0/inst/clk_in1
    H16                  IBUF (Prop_ibuf_I_O)         1.380     1.380 r  design_1_i/clk_wiz_0/inst/clkin1_ibufg/O
                         net (fo=1, routed)           1.162     2.542    design_1_i/clk_wiz_0/inst/clk_in1_design_1_clk_wiz_0_0
    MMCME2_ADV_X1Y2      MMCME2_ADV (Prop_mmcme2_adv_CLKIN1_CLKOUT0)
                                                     -7.814    -5.272 r  design_1_i/clk_wiz_0/inst/mmcm_adv_inst/CLKOUT0
                         net (fo=1, routed)           2.012    -3.260    design_1_i/clk_wiz_0/inst/clk_out1_design_1_clk_wiz_0_0
    BUFGCTRL_X0Y17       BUFG (Prop_bufg_I_O)         0.091    -3.169 r  design_1_i/clk_wiz_0/inst/clkout1_buf/O
                         net (fo=180, routed)         1.465    -1.704    design_1_i/SpeedSensor_0/U0/SpeedSensor_slave_lite_v1_0_S00_AXI_inst/Core1/Clk
    SLICE_X52Y92         FDRE                                         r  design_1_i/SpeedSensor_0/U0/SpeedSensor_slave_lite_v1_0_S00_AXI_inst/Core1/pulse_count_reg[8]/C
  -------------------------------------------------------------------    -------------------
    SLICE_X52Y92         FDRE (Prop_fdre_C_Q)         0.367    -1.337 r  design_1_i/SpeedSensor_0/U0/SpeedSensor_slave_lite_v1_0_S00_AXI_inst/Core1/pulse_count_reg[8]/Q
                         net (fo=2, routed)           1.007    -0.330    design_1_i/SpeedSensor_0/U0/SpeedSensor_slave_lite_v1_0_S00_AXI_inst/pulse_count_reg[8]
    SLICE_X50Y93         LUT6 (Prop_lut6_I5_O)        0.100    -0.230 r  design_1_i/SpeedSensor_0/U0/SpeedSensor_slave_lite_v1_0_S00_AXI_inst/s00_axi_rdata[8]_INST_0/O
                         net (fo=1, routed)           0.373     0.143    design_1_i/ps7_0_axi_periph/xbar/inst/gen_sasd.crossbar_sasd_0/reg_slice_r/m_axi_rdata[72]
    SLICE_X50Y93         LUT5 (Prop_lut5_I3_O)        0.100     0.243 r  design_1_i/ps7_0_axi_periph/xbar/inst/gen_sasd.crossbar_sasd_0/reg_slice_r/m_payload_i[11]_i_3/O
                         net (fo=1, routed)           0.574     0.817    design_1_i/ps7_0_axi_periph/xbar/inst/gen_sasd.crossbar_sasd_0/reg_slice_r/m_payload_i[11]_i_3_n_0
    SLICE_X45Y93         LUT6 (Prop_lut6_I5_O)        0.100     0.917 r  design_1_i/ps7_0_axi_periph/xbar/inst/gen_sasd.crossbar_sasd_0/reg_slice_r/m_payload_i[11]_i_1/O
                         net (fo=2, routed)           2.817     3.734    design_1_i/ps7_0_axi_periph/xbar/inst/gen_sasd.crossbar_sasd_0/reg_slice_r/skid_buffer[11]
    SLICE_X37Y88         FDRE                                         r  design_1_i/ps7_0_axi_periph/xbar/inst/gen_sasd.crossbar_sasd_0/reg_slice_r/m_payload_i_reg[11]/D
  -------------------------------------------------------------------    -------------------

                         (clock clk_fpga_0 rise edge)
                                                      0.000     0.000 r  
    PS7_X0Y0             PS7                          0.000     0.000 r  design_1_i/processing_system7_0/inst/PS7_i/FCLKCLK[0]
                         net (fo=1, routed)           1.193     1.193    design_1_i/processing_system7_0/inst/FCLK_CLK_unbuffered[0]
    BUFGCTRL_X0Y16       BUFG (Prop_bufg_I_O)         0.101     1.294 r  design_1_i/processing_system7_0/inst/buffer_fclk_clk_0.FCLK_CLK_0_BUFG/O
                         net (fo=2496, routed)        1.649     2.943    design_1_i/ps7_0_axi_periph/xbar/inst/gen_sasd.crossbar_sasd_0/reg_slice_r/aclk
    SLICE_X37Y88         FDRE                                         r  design_1_i/ps7_0_axi_periph/xbar/inst/gen_sasd.crossbar_sasd_0/reg_slice_r/m_payload_i_reg[11]/C
                         clock pessimism              0.000     2.943    
                         clock uncertainty            0.263     3.206    
    SLICE_X37Y88         FDRE (Hold_fdre_C_D)         0.192     3.398    design_1_i/ps7_0_axi_periph/xbar/inst/gen_sasd.crossbar_sasd_0/reg_slice_r/m_payload_i_reg[11]
  -------------------------------------------------------------------
                         required time                         -3.398    
                         arrival time                           3.734    
  -------------------------------------------------------------------
                         slack                                  0.335    

Slack (MET) :             0.347ns  (arrival time - required time)
  Source:                 design_1_i/SpeedSensor_1/U0/SpeedSensor_slave_lite_v1_0_S00_AXI_inst/Core1/pulse_count_reg[4]/C
                            (rising edge-triggered cell FDRE clocked by clk_out1_design_1_clk_wiz_0_0  {rise@0.000ns fall@5.000ns period=10.000ns})
  Destination:            design_1_i/ps7_0_axi_periph/xbar/inst/gen_sasd.crossbar_sasd_0/reg_slice_r/skid_buffer_reg[7]/D
                            (rising edge-triggered cell FDRE clocked by clk_fpga_0  {rise@0.000ns fall@5.000ns period=10.000ns})
  Path Group:             clk_fpga_0
  Path Type:              Hold (Min at Fast Process Corner)
  Requirement:            0.000ns  (clk_fpga_0 rise@0.000ns - clk_out1_design_1_clk_wiz_0_0 rise@0.000ns)
  Data Path Delay:        2.567ns  (logic 0.299ns (11.650%)  route 2.268ns (88.350%))
  Logic Levels:           3  (LUT6=3)
  Clock Path Skew:        1.864ns (DCD - SCD - CPR)
    Destination Clock Delay (DCD):    1.188ns
    Source Clock Delay      (SCD):    -0.676ns
    Clock Pessimism Removal (CPR):    -0.000ns
  Clock Uncertainty:      0.263ns  ((TSJ^2 + TIJ^2 + DJ^2)^1/2) / 2 + PE
    Total System Jitter     (TSJ):    0.071ns
    Total Input Jitter      (TIJ):    0.300ns
    Discrete Jitter          (DJ):    0.125ns
    Phase Error              (PE):    0.097ns
  Clock Domain Crossing:  Inter clock paths are considered valid unless explicitly excluded by timing constraints such as set_clock_groups or set_false_path.

    Location             Delay type                Incr(ns)  Path(ns)    Netlist Resource(s)
  -------------------------------------------------------------------    -------------------
                         (clock clk_out1_design_1_clk_wiz_0_0 rise edge)
                                                      0.000     0.000 r  
    H16                                               0.000     0.000 r  sys_clock (IN)
                         net (fo=0)                   0.000     0.000    design_1_i/clk_wiz_0/inst/clk_in1
    H16                  IBUF (Prop_ibuf_I_O)         0.219     0.219 r  design_1_i/clk_wiz_0/inst/clkin1_ibufg/O
                         net (fo=1, routed)           0.440     0.659    design_1_i/clk_wiz_0/inst/clk_in1_design_1_clk_wiz_0_0
    MMCME2_ADV_X1Y2      MMCME2_ADV (Prop_mmcme2_adv_CLKIN1_CLKOUT0)
                                                     -2.613    -1.954 r  design_1_i/clk_wiz_0/inst/mmcm_adv_inst/CLKOUT0
                         net (fo=1, routed)           0.696    -1.257    design_1_i/clk_wiz_0/inst/clk_out1_design_1_clk_wiz_0_0
    BUFGCTRL_X0Y17       BUFG (Prop_bufg_I_O)         0.026    -1.231 r  design_1_i/clk_wiz_0/inst/clkout1_buf/O
                         net (fo=180, routed)         0.555    -0.676    design_1_i/SpeedSensor_1/U0/SpeedSensor_slave_lite_v1_0_S00_AXI_inst/Core1/Clk
    SLICE_X42Y90         FDRE                                         r  design_1_i/SpeedSensor_1/U0/SpeedSensor_slave_lite_v1_0_S00_AXI_inst/Core1/pulse_count_reg[4]/C
  -------------------------------------------------------------------    -------------------
    SLICE_X42Y90         FDRE (Prop_fdre_C_Q)         0.164    -0.512 r  design_1_i/SpeedSensor_1/U0/SpeedSensor_slave_lite_v1_0_S00_AXI_inst/Core1/pulse_count_reg[4]/Q
                         net (fo=2, routed)           0.928     0.416    design_1_i/SpeedSensor_1/U0/SpeedSensor_slave_lite_v1_0_S00_AXI_inst/pulse_count_reg[4]
    SLICE_X42Y88         LUT6 (Prop_lut6_I5_O)        0.045     0.461 r  design_1_i/SpeedSensor_1/U0/SpeedSensor_slave_lite_v1_0_S00_AXI_inst/s00_axi_rdata[4]_INST_0/O
                         net (fo=1, routed)           0.599     1.060    design_1_i/ps7_0_axi_periph/xbar/inst/gen_sasd.crossbar_sasd_0/reg_slice_r/m_axi_rdata[100]
    SLICE_X42Y88         LUT6 (Prop_lut6_I3_O)        0.045     1.105 r  design_1_i/ps7_0_axi_periph/xbar/inst/gen_sasd.crossbar_sasd_0/reg_slice_r/m_payload_i[7]_i_2/O
                         net (fo=1, routed)           0.741     1.845    design_1_i/ps7_0_axi_periph/xbar/inst/gen_sasd.crossbar_sasd_0/reg_slice_r/m_payload_i[7]_i_2_n_0
    SLICE_X44Y88         LUT6 (Prop_lut6_I0_O)        0.045     1.890 r  design_1_i/ps7_0_axi_periph/xbar/inst/gen_sasd.crossbar_sasd_0/reg_slice_r/m_payload_i[7]_i_1/O
                         net (fo=2, routed)           0.000     1.890    design_1_i/ps7_0_axi_periph/xbar/inst/gen_sasd.crossbar_sasd_0/reg_slice_r/skid_buffer[7]
    SLICE_X44Y88         FDRE                                         r  design_1_i/ps7_0_axi_periph/xbar/inst/gen_sasd.crossbar_sasd_0/reg_slice_r/skid_buffer_reg[7]/D
  -------------------------------------------------------------------    -------------------

                         (clock clk_fpga_0 rise edge)
                                                      0.000     0.000 r  
    PS7_X0Y0             PS7                          0.000     0.000 r  design_1_i/processing_system7_0/inst/PS7_i/FCLKCLK[0]
                         net (fo=1, routed)           0.337     0.337    design_1_i/processing_system7_0/inst/FCLK_CLK_unbuffered[0]
    BUFGCTRL_X0Y16       BUFG (Prop_bufg_I_O)         0.029     0.366 r  design_1_i/processing_system7_0/inst/buffer_fclk_clk_0.FCLK_CLK_0_BUFG/O
                         net (fo=2496, routed)        0.822     1.188    design_1_i/ps7_0_axi_periph/xbar/inst/gen_sasd.crossbar_sasd_0/reg_slice_r/aclk
    SLICE_X44Y88         FDRE                                         r  design_1_i/ps7_0_axi_periph/xbar/inst/gen_sasd.crossbar_sasd_0/reg_slice_r/skid_buffer_reg[7]/C
                         clock pessimism              0.000     1.188    
                         clock uncertainty            0.263     1.451    
    SLICE_X44Y88         FDRE (Hold_fdre_C_D)         0.092     1.543    design_1_i/ps7_0_axi_periph/xbar/inst/gen_sasd.crossbar_sasd_0/reg_slice_r/skid_buffer_reg[7]
  -------------------------------------------------------------------
                         required time                         -1.543    
                         arrival time                           1.890    
  -------------------------------------------------------------------
                         slack                                  0.347    

Slack (MET) :             0.358ns  (arrival time - required time)
  Source:                 design_1_i/SpeedSensor_0/U0/SpeedSensor_slave_lite_v1_0_S00_AXI_inst/Core1/pulse_count_reg[23]/C
                            (rising edge-triggered cell FDRE clocked by clk_out1_design_1_clk_wiz_0_0  {rise@0.000ns fall@5.000ns period=10.000ns})
  Destination:            design_1_i/ps7_0_axi_periph/xbar/inst/gen_sasd.crossbar_sasd_0/reg_slice_r/skid_buffer_reg[26]/D
                            (rising edge-triggered cell FDRE clocked by clk_fpga_0  {rise@0.000ns fall@5.000ns period=10.000ns})
  Path Group:             clk_fpga_0
  Path Type:              Hold (Min at Fast Process Corner)
  Requirement:            0.000ns  (clk_fpga_0 rise@0.000ns - clk_out1_design_1_clk_wiz_0_0 rise@0.000ns)
  Data Path Delay:        2.561ns  (logic 0.276ns (10.776%)  route 2.285ns (89.224%))
  Logic Levels:           3  (LUT4=1 LUT5=1 LUT6=1)
  Clock Path Skew:        1.870ns (DCD - SCD - CPR)
    Destination Clock Delay (DCD):    1.191ns
    Source Clock Delay      (SCD):    -0.679ns
    Clock Pessimism Removal (CPR):    -0.000ns
  Clock Uncertainty:      0.263ns  ((TSJ^2 + TIJ^2 + DJ^2)^1/2) / 2 + PE
    Total System Jitter     (TSJ):    0.071ns
    Total Input Jitter      (TIJ):    0.300ns
    Discrete Jitter          (DJ):    0.125ns
    Phase Error              (PE):    0.097ns
  Clock Domain Crossing:  Inter clock paths are considered valid unless explicitly excluded by timing constraints such as set_clock_groups or set_false_path.

    Location             Delay type                Incr(ns)  Path(ns)    Netlist Resource(s)
  -------------------------------------------------------------------    -------------------
                         (clock clk_out1_design_1_clk_wiz_0_0 rise edge)
                                                      0.000     0.000 r  
    H16                                               0.000     0.000 r  sys_clock (IN)
                         net (fo=0)                   0.000     0.000    design_1_i/clk_wiz_0/inst/clk_in1
    H16                  IBUF (Prop_ibuf_I_O)         0.219     0.219 r  design_1_i/clk_wiz_0/inst/clkin1_ibufg/O
                         net (fo=1, routed)           0.440     0.659    design_1_i/clk_wiz_0/inst/clk_in1_design_1_clk_wiz_0_0
    MMCME2_ADV_X1Y2      MMCME2_ADV (Prop_mmcme2_adv_CLKIN1_CLKOUT0)
                                                     -2.613    -1.954 r  design_1_i/clk_wiz_0/inst/mmcm_adv_inst/CLKOUT0
                         net (fo=1, routed)           0.696    -1.257    design_1_i/clk_wiz_0/inst/clk_out1_design_1_clk_wiz_0_0
    BUFGCTRL_X0Y17       BUFG (Prop_bufg_I_O)         0.026    -1.231 r  design_1_i/clk_wiz_0/inst/clkout1_buf/O
                         net (fo=180, routed)         0.552    -0.679    design_1_i/SpeedSensor_0/U0/SpeedSensor_slave_lite_v1_0_S00_AXI_inst/Core1/Clk
    SLICE_X52Y95         FDRE                                         r  design_1_i/SpeedSensor_0/U0/SpeedSensor_slave_lite_v1_0_S00_AXI_inst/Core1/pulse_count_reg[23]/C
  -------------------------------------------------------------------    -------------------
    SLICE_X52Y95         FDRE (Prop_fdre_C_Q)         0.141    -0.538 r  design_1_i/SpeedSensor_0/U0/SpeedSensor_slave_lite_v1_0_S00_AXI_inst/Core1/pulse_count_reg[23]/Q
                         net (fo=2, routed)           0.293    -0.246    design_1_i/SpeedSensor_0/U0/SpeedSensor_slave_lite_v1_0_S00_AXI_inst/pulse_count_reg[23]
    SLICE_X49Y97         LUT6 (Prop_lut6_I5_O)        0.045    -0.201 r  design_1_i/SpeedSensor_0/U0/SpeedSensor_slave_lite_v1_0_S00_AXI_inst/s00_axi_rdata[23]_INST_0/O
                         net (fo=1, routed)           0.237     0.037    design_1_i/ps7_0_axi_periph/xbar/inst/gen_sasd.crossbar_sasd_0/reg_slice_r/m_axi_rdata[87]
    SLICE_X48Y97         LUT5 (Prop_lut5_I1_O)        0.045     0.082 r  design_1_i/ps7_0_axi_periph/xbar/inst/gen_sasd.crossbar_sasd_0/reg_slice_r/m_payload_i[26]_i_3/O
                         net (fo=1, routed)           0.209     0.290    design_1_i/ps7_0_axi_periph/xbar/inst/gen_sasd.crossbar_sasd_0/reg_slice_r/m_payload_i[26]_i_3_n_0
    SLICE_X49Y97         LUT4 (Prop_lut4_I3_O)        0.045     0.335 r  design_1_i/ps7_0_axi_periph/xbar/inst/gen_sasd.crossbar_sasd_0/reg_slice_r/m_payload_i[26]_i_1/O
                         net (fo=2, routed)           1.546     1.882    design_1_i/ps7_0_axi_periph/xbar/inst/gen_sasd.crossbar_sasd_0/reg_slice_r/skid_buffer[26]
    SLICE_X45Y98         FDRE                                         r  design_1_i/ps7_0_axi_periph/xbar/inst/gen_sasd.crossbar_sasd_0/reg_slice_r/skid_buffer_reg[26]/D
  -------------------------------------------------------------------    -------------------

                         (clock clk_fpga_0 rise edge)
                                                      0.000     0.000 r  
    PS7_X0Y0             PS7                          0.000     0.000 r  design_1_i/processing_system7_0/inst/PS7_i/FCLKCLK[0]
                         net (fo=1, routed)           0.337     0.337    design_1_i/processing_system7_0/inst/FCLK_CLK_unbuffered[0]
    BUFGCTRL_X0Y16       BUFG (Prop_bufg_I_O)         0.029     0.366 r  design_1_i/processing_system7_0/inst/buffer_fclk_clk_0.FCLK_CLK_0_BUFG/O
                         net (fo=2496, routed)        0.825     1.191    design_1_i/ps7_0_axi_periph/xbar/inst/gen_sasd.crossbar_sasd_0/reg_slice_r/aclk
    SLICE_X45Y98         FDRE                                         r  design_1_i/ps7_0_axi_periph/xbar/inst/gen_sasd.crossbar_sasd_0/reg_slice_r/skid_buffer_reg[26]/C
                         clock pessimism              0.000     1.191    
                         clock uncertainty            0.263     1.454    
    SLICE_X45Y98         FDRE (Hold_fdre_C_D)         0.070     1.524    design_1_i/ps7_0_axi_periph/xbar/inst/gen_sasd.crossbar_sasd_0/reg_slice_r/skid_buffer_reg[26]
  -------------------------------------------------------------------
                         required time                         -1.524    
                         arrival time                           1.882    
  -------------------------------------------------------------------
                         slack                                  0.358    





---------------------------------------------------------------------------------------------------
From Clock:  clk_fpga_0
  To Clock:  clk_out1_design_1_clk_wiz_0_0

Setup :            0  Failing Endpoints,  Worst Slack        2.350ns,  Total Violation        0.000ns
Hold  :            0  Failing Endpoints,  Worst Slack        1.869ns,  Total Violation        0.000ns
---------------------------------------------------------------------------------------------------


Max Delay Paths
--------------------------------------------------------------------------------------
Slack (MET) :             2.350ns  (required time - arrival time)
  Source:                 design_1_i/SpeedSensor_0/U0/SpeedSensor_slave_lite_v1_0_S00_AXI_inst/slv_reg0_reg[0]/C
                            (rising edge-triggered cell FDRE clocked by clk_fpga_0  {rise@0.000ns fall@5.000ns period=10.000ns})
  Destination:            design_1_i/SpeedSensor_0/U0/SpeedSensor_slave_lite_v1_0_S00_AXI_inst/Core1/pulse_count_reg[24]/R
                            (rising edge-triggered cell FDRE clocked by clk_out1_design_1_clk_wiz_0_0  {rise@0.000ns fall@5.000ns period=10.000ns})
  Path Group:             clk_out1_design_1_clk_wiz_0_0
  Path Type:              Setup (Max at Slow Process Corner)
  Requirement:            10.000ns  (clk_out1_design_1_clk_wiz_0_0 rise@10.000ns - clk_fpga_0 rise@0.000ns)
  Data Path Delay:        2.324ns  (logic 0.456ns (19.624%)  route 1.868ns (80.376%))
  Logic Levels:           0  
  Clock Path Skew:        -4.634ns (DCD - SCD + CPR)
    Destination Clock Delay (DCD):    -1.703ns = ( 8.297 - 10.000 ) 
    Source Clock Delay      (SCD):    2.931ns
    Clock Pessimism Removal (CPR):    0.000ns
  Clock Uncertainty:      0.263ns  ((TSJ^2 + TIJ^2 + DJ^2)^1/2) / 2 + PE
    Total System Jitter     (TSJ):    0.071ns
    Total Input Jitter      (TIJ):    0.300ns
    Discrete Jitter          (DJ):    0.125ns
    Phase Error              (PE):    0.097ns
  Clock Domain Crossing:  Inter clock paths are considered valid unless explicitly excluded by timing constraints such as set_clock_groups or set_false_path.

    Location             Delay type                Incr(ns)  Path(ns)    Netlist Resource(s)
  -------------------------------------------------------------------    -------------------
                         (clock clk_fpga_0 rise edge)
                                                      0.000     0.000 r  
    PS7_X0Y0             PS7                          0.000     0.000 r  design_1_i/processing_system7_0/inst/PS7_i/FCLKCLK[0]
                         net (fo=1, routed)           1.193     1.193    design_1_i/processing_system7_0/inst/FCLK_CLK_unbuffered[0]
    BUFGCTRL_X0Y16       BUFG (Prop_bufg_I_O)         0.101     1.294 r  design_1_i/processing_system7_0/inst/buffer_fclk_clk_0.FCLK_CLK_0_BUFG/O
                         net (fo=2496, routed)        1.637     2.931    design_1_i/SpeedSensor_0/U0/SpeedSensor_slave_lite_v1_0_S00_AXI_inst/s00_axi_aclk
    SLICE_X52Y89         FDRE                                         r  design_1_i/SpeedSensor_0/U0/SpeedSensor_slave_lite_v1_0_S00_AXI_inst/slv_reg0_reg[0]/C
  -------------------------------------------------------------------    -------------------
    SLICE_X52Y89         FDRE (Prop_fdre_C_Q)         0.456     3.387 r  design_1_i/SpeedSensor_0/U0/SpeedSensor_slave_lite_v1_0_S00_AXI_inst/slv_reg0_reg[0]/Q
                         net (fo=34, routed)          1.868     5.255    design_1_i/SpeedSensor_0/U0/SpeedSensor_slave_lite_v1_0_S00_AXI_inst/Core1/Q[0]
    SLICE_X52Y96         FDRE                                         r  design_1_i/SpeedSensor_0/U0/SpeedSensor_slave_lite_v1_0_S00_AXI_inst/Core1/pulse_count_reg[24]/R
  -------------------------------------------------------------------    -------------------

                         (clock clk_out1_design_1_clk_wiz_0_0 rise edge)
                                                     10.000    10.000 r  
    H16                                               0.000    10.000 r  sys_clock (IN)
                         net (fo=0)                   0.000    10.000    design_1_i/clk_wiz_0/inst/clk_in1
    H16                  IBUF (Prop_ibuf_I_O)         1.380    11.380 r  design_1_i/clk_wiz_0/inst/clkin1_ibufg/O
                         net (fo=1, routed)           1.162    12.542    design_1_i/clk_wiz_0/inst/clk_in1_design_1_clk_wiz_0_0
    MMCME2_ADV_X1Y2      MMCME2_ADV (Prop_mmcme2_adv_CLKIN1_CLKOUT0)
                                                     -7.814     4.728 r  design_1_i/clk_wiz_0/inst/mmcm_adv_inst/CLKOUT0
                         net (fo=1, routed)           2.012     6.740    design_1_i/clk_wiz_0/inst/clk_out1_design_1_clk_wiz_0_0
    BUFGCTRL_X0Y17       BUFG (Prop_bufg_I_O)         0.091     6.831 r  design_1_i/clk_wiz_0/inst/clkout1_buf/O
                         net (fo=180, routed)         1.466     8.297    design_1_i/SpeedSensor_0/U0/SpeedSensor_slave_lite_v1_0_S00_AXI_inst/Core1/Clk
    SLICE_X52Y96         FDRE                                         r  design_1_i/SpeedSensor_0/U0/SpeedSensor_slave_lite_v1_0_S00_AXI_inst/Core1/pulse_count_reg[24]/C
                         clock pessimism              0.000     8.297    
                         clock uncertainty           -0.263     8.034    
    SLICE_X52Y96         FDRE (Setup_fdre_C_R)       -0.429     7.605    design_1_i/SpeedSensor_0/U0/SpeedSensor_slave_lite_v1_0_S00_AXI_inst/Core1/pulse_count_reg[24]
  -------------------------------------------------------------------
                         required time                          7.605    
                         arrival time                          -5.255    
  -------------------------------------------------------------------
                         slack                                  2.350    

Slack (MET) :             2.350ns  (required time - arrival time)
  Source:                 design_1_i/SpeedSensor_0/U0/SpeedSensor_slave_lite_v1_0_S00_AXI_inst/slv_reg0_reg[0]/C
                            (rising edge-triggered cell FDRE clocked by clk_fpga_0  {rise@0.000ns fall@5.000ns period=10.000ns})
  Destination:            design_1_i/SpeedSensor_0/U0/SpeedSensor_slave_lite_v1_0_S00_AXI_inst/Core1/pulse_count_reg[25]/R
                            (rising edge-triggered cell FDRE clocked by clk_out1_design_1_clk_wiz_0_0  {rise@0.000ns fall@5.000ns period=10.000ns})
  Path Group:             clk_out1_design_1_clk_wiz_0_0
  Path Type:              Setup (Max at Slow Process Corner)
  Requirement:            10.000ns  (clk_out1_design_1_clk_wiz_0_0 rise@10.000ns - clk_fpga_0 rise@0.000ns)
  Data Path Delay:        2.324ns  (logic 0.456ns (19.624%)  route 1.868ns (80.376%))
  Logic Levels:           0  
  Clock Path Skew:        -4.634ns (DCD - SCD + CPR)
    Destination Clock Delay (DCD):    -1.703ns = ( 8.297 - 10.000 ) 
    Source Clock Delay      (SCD):    2.931ns
    Clock Pessimism Removal (CPR):    0.000ns
  Clock Uncertainty:      0.263ns  ((TSJ^2 + TIJ^2 + DJ^2)^1/2) / 2 + PE
    Total System Jitter     (TSJ):    0.071ns
    Total Input Jitter      (TIJ):    0.300ns
    Discrete Jitter          (DJ):    0.125ns
    Phase Error              (PE):    0.097ns
  Clock Domain Crossing:  Inter clock paths are considered valid unless explicitly excluded by timing constraints such as set_clock_groups or set_false_path.

    Location             Delay type                Incr(ns)  Path(ns)    Netlist Resource(s)
  -------------------------------------------------------------------    -------------------
                         (clock clk_fpga_0 rise edge)
                                                      0.000     0.000 r  
    PS7_X0Y0             PS7                          0.000     0.000 r  design_1_i/processing_system7_0/inst/PS7_i/FCLKCLK[0]
                         net (fo=1, routed)           1.193     1.193    design_1_i/processing_system7_0/inst/FCLK_CLK_unbuffered[0]
    BUFGCTRL_X0Y16       BUFG (Prop_bufg_I_O)         0.101     1.294 r  design_1_i/processing_system7_0/inst/buffer_fclk_clk_0.FCLK_CLK_0_BUFG/O
                         net (fo=2496, routed)        1.637     2.931    design_1_i/SpeedSensor_0/U0/SpeedSensor_slave_lite_v1_0_S00_AXI_inst/s00_axi_aclk
    SLICE_X52Y89         FDRE                                         r  design_1_i/SpeedSensor_0/U0/SpeedSensor_slave_lite_v1_0_S00_AXI_inst/slv_reg0_reg[0]/C
  -------------------------------------------------------------------    -------------------
    SLICE_X52Y89         FDRE (Prop_fdre_C_Q)         0.456     3.387 r  design_1_i/SpeedSensor_0/U0/SpeedSensor_slave_lite_v1_0_S00_AXI_inst/slv_reg0_reg[0]/Q
                         net (fo=34, routed)          1.868     5.255    design_1_i/SpeedSensor_0/U0/SpeedSensor_slave_lite_v1_0_S00_AXI_inst/Core1/Q[0]
    SLICE_X52Y96         FDRE                                         r  design_1_i/SpeedSensor_0/U0/SpeedSensor_slave_lite_v1_0_S00_AXI_inst/Core1/pulse_count_reg[25]/R
  -------------------------------------------------------------------    -------------------

                         (clock clk_out1_design_1_clk_wiz_0_0 rise edge)
                                                     10.000    10.000 r  
    H16                                               0.000    10.000 r  sys_clock (IN)
                         net (fo=0)                   0.000    10.000    design_1_i/clk_wiz_0/inst/clk_in1
    H16                  IBUF (Prop_ibuf_I_O)         1.380    11.380 r  design_1_i/clk_wiz_0/inst/clkin1_ibufg/O
                         net (fo=1, routed)           1.162    12.542    design_1_i/clk_wiz_0/inst/clk_in1_design_1_clk_wiz_0_0
    MMCME2_ADV_X1Y2      MMCME2_ADV (Prop_mmcme2_adv_CLKIN1_CLKOUT0)
                                                     -7.814     4.728 r  design_1_i/clk_wiz_0/inst/mmcm_adv_inst/CLKOUT0
                         net (fo=1, routed)           2.012     6.740    design_1_i/clk_wiz_0/inst/clk_out1_design_1_clk_wiz_0_0
    BUFGCTRL_X0Y17       BUFG (Prop_bufg_I_O)         0.091     6.831 r  design_1_i/clk_wiz_0/inst/clkout1_buf/O
                         net (fo=180, routed)         1.466     8.297    design_1_i/SpeedSensor_0/U0/SpeedSensor_slave_lite_v1_0_S00_AXI_inst/Core1/Clk
    SLICE_X52Y96         FDRE                                         r  design_1_i/SpeedSensor_0/U0/SpeedSensor_slave_lite_v1_0_S00_AXI_inst/Core1/pulse_count_reg[25]/C
                         clock pessimism              0.000     8.297    
                         clock uncertainty           -0.263     8.034    
    SLICE_X52Y96         FDRE (Setup_fdre_C_R)       -0.429     7.605    design_1_i/SpeedSensor_0/U0/SpeedSensor_slave_lite_v1_0_S00_AXI_inst/Core1/pulse_count_reg[25]
  -------------------------------------------------------------------
                         required time                          7.605    
                         arrival time                          -5.255    
  -------------------------------------------------------------------
                         slack                                  2.350    

Slack (MET) :             2.350ns  (required time - arrival time)
  Source:                 design_1_i/SpeedSensor_0/U0/SpeedSensor_slave_lite_v1_0_S00_AXI_inst/slv_reg0_reg[0]/C
                            (rising edge-triggered cell FDRE clocked by clk_fpga_0  {rise@0.000ns fall@5.000ns period=10.000ns})
  Destination:            design_1_i/SpeedSensor_0/U0/SpeedSensor_slave_lite_v1_0_S00_AXI_inst/Core1/pulse_count_reg[26]/R
                            (rising edge-triggered cell FDRE clocked by clk_out1_design_1_clk_wiz_0_0  {rise@0.000ns fall@5.000ns period=10.000ns})
  Path Group:             clk_out1_design_1_clk_wiz_0_0
  Path Type:              Setup (Max at Slow Process Corner)
  Requirement:            10.000ns  (clk_out1_design_1_clk_wiz_0_0 rise@10.000ns - clk_fpga_0 rise@0.000ns)
  Data Path Delay:        2.324ns  (logic 0.456ns (19.624%)  route 1.868ns (80.376%))
  Logic Levels:           0  
  Clock Path Skew:        -4.634ns (DCD - SCD + CPR)
    Destination Clock Delay (DCD):    -1.703ns = ( 8.297 - 10.000 ) 
    Source Clock Delay      (SCD):    2.931ns
    Clock Pessimism Removal (CPR):    0.000ns
  Clock Uncertainty:      0.263ns  ((TSJ^2 + TIJ^2 + DJ^2)^1/2) / 2 + PE
    Total System Jitter     (TSJ):    0.071ns
    Total Input Jitter      (TIJ):    0.300ns
    Discrete Jitter          (DJ):    0.125ns
    Phase Error              (PE):    0.097ns
  Clock Domain Crossing:  Inter clock paths are considered valid unless explicitly excluded by timing constraints such as set_clock_groups or set_false_path.

    Location             Delay type                Incr(ns)  Path(ns)    Netlist Resource(s)
  -------------------------------------------------------------------    -------------------
                         (clock clk_fpga_0 rise edge)
                                                      0.000     0.000 r  
    PS7_X0Y0             PS7                          0.000     0.000 r  design_1_i/processing_system7_0/inst/PS7_i/FCLKCLK[0]
                         net (fo=1, routed)           1.193     1.193    design_1_i/processing_system7_0/inst/FCLK_CLK_unbuffered[0]
    BUFGCTRL_X0Y16       BUFG (Prop_bufg_I_O)         0.101     1.294 r  design_1_i/processing_system7_0/inst/buffer_fclk_clk_0.FCLK_CLK_0_BUFG/O
                         net (fo=2496, routed)        1.637     2.931    design_1_i/SpeedSensor_0/U0/SpeedSensor_slave_lite_v1_0_S00_AXI_inst/s00_axi_aclk
    SLICE_X52Y89         FDRE                                         r  design_1_i/SpeedSensor_0/U0/SpeedSensor_slave_lite_v1_0_S00_AXI_inst/slv_reg0_reg[0]/C
  -------------------------------------------------------------------    -------------------
    SLICE_X52Y89         FDRE (Prop_fdre_C_Q)         0.456     3.387 r  design_1_i/SpeedSensor_0/U0/SpeedSensor_slave_lite_v1_0_S00_AXI_inst/slv_reg0_reg[0]/Q
                         net (fo=34, routed)          1.868     5.255    design_1_i/SpeedSensor_0/U0/SpeedSensor_slave_lite_v1_0_S00_AXI_inst/Core1/Q[0]
    SLICE_X52Y96         FDRE                                         r  design_1_i/SpeedSensor_0/U0/SpeedSensor_slave_lite_v1_0_S00_AXI_inst/Core1/pulse_count_reg[26]/R
  -------------------------------------------------------------------    -------------------

                         (clock clk_out1_design_1_clk_wiz_0_0 rise edge)
                                                     10.000    10.000 r  
    H16                                               0.000    10.000 r  sys_clock (IN)
                         net (fo=0)                   0.000    10.000    design_1_i/clk_wiz_0/inst/clk_in1
    H16                  IBUF (Prop_ibuf_I_O)         1.380    11.380 r  design_1_i/clk_wiz_0/inst/clkin1_ibufg/O
                         net (fo=1, routed)           1.162    12.542    design_1_i/clk_wiz_0/inst/clk_in1_design_1_clk_wiz_0_0
    MMCME2_ADV_X1Y2      MMCME2_ADV (Prop_mmcme2_adv_CLKIN1_CLKOUT0)
                                                     -7.814     4.728 r  design_1_i/clk_wiz_0/inst/mmcm_adv_inst/CLKOUT0
                         net (fo=1, routed)           2.012     6.740    design_1_i/clk_wiz_0/inst/clk_out1_design_1_clk_wiz_0_0
    BUFGCTRL_X0Y17       BUFG (Prop_bufg_I_O)         0.091     6.831 r  design_1_i/clk_wiz_0/inst/clkout1_buf/O
                         net (fo=180, routed)         1.466     8.297    design_1_i/SpeedSensor_0/U0/SpeedSensor_slave_lite_v1_0_S00_AXI_inst/Core1/Clk
    SLICE_X52Y96         FDRE                                         r  design_1_i/SpeedSensor_0/U0/SpeedSensor_slave_lite_v1_0_S00_AXI_inst/Core1/pulse_count_reg[26]/C
                         clock pessimism              0.000     8.297    
                         clock uncertainty           -0.263     8.034    
    SLICE_X52Y96         FDRE (Setup_fdre_C_R)       -0.429     7.605    design_1_i/SpeedSensor_0/U0/SpeedSensor_slave_lite_v1_0_S00_AXI_inst/Core1/pulse_count_reg[26]
  -------------------------------------------------------------------
                         required time                          7.605    
                         arrival time                          -5.255    
  -------------------------------------------------------------------
                         slack                                  2.350    

Slack (MET) :             2.350ns  (required time - arrival time)
  Source:                 design_1_i/SpeedSensor_0/U0/SpeedSensor_slave_lite_v1_0_S00_AXI_inst/slv_reg0_reg[0]/C
                            (rising edge-triggered cell FDRE clocked by clk_fpga_0  {rise@0.000ns fall@5.000ns period=10.000ns})
  Destination:            design_1_i/SpeedSensor_0/U0/SpeedSensor_slave_lite_v1_0_S00_AXI_inst/Core1/pulse_count_reg[27]/R
                            (rising edge-triggered cell FDRE clocked by clk_out1_design_1_clk_wiz_0_0  {rise@0.000ns fall@5.000ns period=10.000ns})
  Path Group:             clk_out1_design_1_clk_wiz_0_0
  Path Type:              Setup (Max at Slow Process Corner)
  Requirement:            10.000ns  (clk_out1_design_1_clk_wiz_0_0 rise@10.000ns - clk_fpga_0 rise@0.000ns)
  Data Path Delay:        2.324ns  (logic 0.456ns (19.624%)  route 1.868ns (80.376%))
  Logic Levels:           0  
  Clock Path Skew:        -4.634ns (DCD - SCD + CPR)
    Destination Clock Delay (DCD):    -1.703ns = ( 8.297 - 10.000 ) 
    Source Clock Delay      (SCD):    2.931ns
    Clock Pessimism Removal (CPR):    0.000ns
  Clock Uncertainty:      0.263ns  ((TSJ^2 + TIJ^2 + DJ^2)^1/2) / 2 + PE
    Total System Jitter     (TSJ):    0.071ns
    Total Input Jitter      (TIJ):    0.300ns
    Discrete Jitter          (DJ):    0.125ns
    Phase Error              (PE):    0.097ns
  Clock Domain Crossing:  Inter clock paths are considered valid unless explicitly excluded by timing constraints such as set_clock_groups or set_false_path.

    Location             Delay type                Incr(ns)  Path(ns)    Netlist Resource(s)
  -------------------------------------------------------------------    -------------------
                         (clock clk_fpga_0 rise edge)
                                                      0.000     0.000 r  
    PS7_X0Y0             PS7                          0.000     0.000 r  design_1_i/processing_system7_0/inst/PS7_i/FCLKCLK[0]
                         net (fo=1, routed)           1.193     1.193    design_1_i/processing_system7_0/inst/FCLK_CLK_unbuffered[0]
    BUFGCTRL_X0Y16       BUFG (Prop_bufg_I_O)         0.101     1.294 r  design_1_i/processing_system7_0/inst/buffer_fclk_clk_0.FCLK_CLK_0_BUFG/O
                         net (fo=2496, routed)        1.637     2.931    design_1_i/SpeedSensor_0/U0/SpeedSensor_slave_lite_v1_0_S00_AXI_inst/s00_axi_aclk
    SLICE_X52Y89         FDRE                                         r  design_1_i/SpeedSensor_0/U0/SpeedSensor_slave_lite_v1_0_S00_AXI_inst/slv_reg0_reg[0]/C
  -------------------------------------------------------------------    -------------------
    SLICE_X52Y89         FDRE (Prop_fdre_C_Q)         0.456     3.387 r  design_1_i/SpeedSensor_0/U0/SpeedSensor_slave_lite_v1_0_S00_AXI_inst/slv_reg0_reg[0]/Q
                         net (fo=34, routed)          1.868     5.255    design_1_i/SpeedSensor_0/U0/SpeedSensor_slave_lite_v1_0_S00_AXI_inst/Core1/Q[0]
    SLICE_X52Y96         FDRE                                         r  design_1_i/SpeedSensor_0/U0/SpeedSensor_slave_lite_v1_0_S00_AXI_inst/Core1/pulse_count_reg[27]/R
  -------------------------------------------------------------------    -------------------

                         (clock clk_out1_design_1_clk_wiz_0_0 rise edge)
                                                     10.000    10.000 r  
    H16                                               0.000    10.000 r  sys_clock (IN)
                         net (fo=0)                   0.000    10.000    design_1_i/clk_wiz_0/inst/clk_in1
    H16                  IBUF (Prop_ibuf_I_O)         1.380    11.380 r  design_1_i/clk_wiz_0/inst/clkin1_ibufg/O
                         net (fo=1, routed)           1.162    12.542    design_1_i/clk_wiz_0/inst/clk_in1_design_1_clk_wiz_0_0
    MMCME2_ADV_X1Y2      MMCME2_ADV (Prop_mmcme2_adv_CLKIN1_CLKOUT0)
                                                     -7.814     4.728 r  design_1_i/clk_wiz_0/inst/mmcm_adv_inst/CLKOUT0
                         net (fo=1, routed)           2.012     6.740    design_1_i/clk_wiz_0/inst/clk_out1_design_1_clk_wiz_0_0
    BUFGCTRL_X0Y17       BUFG (Prop_bufg_I_O)         0.091     6.831 r  design_1_i/clk_wiz_0/inst/clkout1_buf/O
                         net (fo=180, routed)         1.466     8.297    design_1_i/SpeedSensor_0/U0/SpeedSensor_slave_lite_v1_0_S00_AXI_inst/Core1/Clk
    SLICE_X52Y96         FDRE                                         r  design_1_i/SpeedSensor_0/U0/SpeedSensor_slave_lite_v1_0_S00_AXI_inst/Core1/pulse_count_reg[27]/C
                         clock pessimism              0.000     8.297    
                         clock uncertainty           -0.263     8.034    
    SLICE_X52Y96         FDRE (Setup_fdre_C_R)       -0.429     7.605    design_1_i/SpeedSensor_0/U0/SpeedSensor_slave_lite_v1_0_S00_AXI_inst/Core1/pulse_count_reg[27]
  -------------------------------------------------------------------
                         required time                          7.605    
                         arrival time                          -5.255    
  -------------------------------------------------------------------
                         slack                                  2.350    

Slack (MET) :             2.358ns  (required time - arrival time)
  Source:                 design_1_i/SpeedSensor_1/U0/SpeedSensor_slave_lite_v1_0_S00_AXI_inst/slv_reg0_reg[0]/C
                            (rising edge-triggered cell FDRE clocked by clk_fpga_0  {rise@0.000ns fall@5.000ns period=10.000ns})
  Destination:            design_1_i/SpeedSensor_1/U0/SpeedSensor_slave_lite_v1_0_S00_AXI_inst/Core1/pulse_count_reg[4]/R
                            (rising edge-triggered cell FDRE clocked by clk_out1_design_1_clk_wiz_0_0  {rise@0.000ns fall@5.000ns period=10.000ns})
  Path Group:             clk_out1_design_1_clk_wiz_0_0
  Path Type:              Setup (Max at Slow Process Corner)
  Requirement:            10.000ns  (clk_out1_design_1_clk_wiz_0_0 rise@10.000ns - clk_fpga_0 rise@0.000ns)
  Data Path Delay:        2.219ns  (logic 0.456ns (20.546%)  route 1.763ns (79.454%))
  Logic Levels:           0  
  Clock Path Skew:        -4.635ns (DCD - SCD + CPR)
    Destination Clock Delay (DCD):    -1.692ns = ( 8.308 - 10.000 ) 
    Source Clock Delay      (SCD):    2.943ns
    Clock Pessimism Removal (CPR):    0.000ns
  Clock Uncertainty:      0.263ns  ((TSJ^2 + TIJ^2 + DJ^2)^1/2) / 2 + PE
    Total System Jitter     (TSJ):    0.071ns
    Total Input Jitter      (TIJ):    0.300ns
    Discrete Jitter          (DJ):    0.125ns
    Phase Error              (PE):    0.097ns
  Clock Domain Crossing:  Inter clock paths are considered valid unless explicitly excluded by timing constraints such as set_clock_groups or set_false_path.

    Location             Delay type                Incr(ns)  Path(ns)    Netlist Resource(s)
  -------------------------------------------------------------------    -------------------
                         (clock clk_fpga_0 rise edge)
                                                      0.000     0.000 r  
    PS7_X0Y0             PS7                          0.000     0.000 r  design_1_i/processing_system7_0/inst/PS7_i/FCLKCLK[0]
                         net (fo=1, routed)           1.193     1.193    design_1_i/processing_system7_0/inst/FCLK_CLK_unbuffered[0]
    BUFGCTRL_X0Y16       BUFG (Prop_bufg_I_O)         0.101     1.294 r  design_1_i/processing_system7_0/inst/buffer_fclk_clk_0.FCLK_CLK_0_BUFG/O
                         net (fo=2496, routed)        1.649     2.943    design_1_i/SpeedSensor_1/U0/SpeedSensor_slave_lite_v1_0_S00_AXI_inst/s00_axi_aclk
    SLICE_X44Y89         FDRE                                         r  design_1_i/SpeedSensor_1/U0/SpeedSensor_slave_lite_v1_0_S00_AXI_inst/slv_reg0_reg[0]/C
  -------------------------------------------------------------------    -------------------
    SLICE_X44Y89         FDRE (Prop_fdre_C_Q)         0.456     3.399 r  design_1_i/SpeedSensor_1/U0/SpeedSensor_slave_lite_v1_0_S00_AXI_inst/slv_reg0_reg[0]/Q
                         net (fo=34, routed)          1.763     5.162    design_1_i/SpeedSensor_1/U0/SpeedSensor_slave_lite_v1_0_S00_AXI_inst/Core1/Q[0]
    SLICE_X42Y90         FDRE                                         r  design_1_i/SpeedSensor_1/U0/SpeedSensor_slave_lite_v1_0_S00_AXI_inst/Core1/pulse_count_reg[4]/R
  -------------------------------------------------------------------    -------------------

                         (clock clk_out1_design_1_clk_wiz_0_0 rise edge)
                                                     10.000    10.000 r  
    H16                                               0.000    10.000 r  sys_clock (IN)
                         net (fo=0)                   0.000    10.000    design_1_i/clk_wiz_0/inst/clk_in1
    H16                  IBUF (Prop_ibuf_I_O)         1.380    11.380 r  design_1_i/clk_wiz_0/inst/clkin1_ibufg/O
                         net (fo=1, routed)           1.162    12.542    design_1_i/clk_wiz_0/inst/clk_in1_design_1_clk_wiz_0_0
    MMCME2_ADV_X1Y2      MMCME2_ADV (Prop_mmcme2_adv_CLKIN1_CLKOUT0)
                                                     -7.814     4.728 r  design_1_i/clk_wiz_0/inst/mmcm_adv_inst/CLKOUT0
                         net (fo=1, routed)           2.012     6.740    design_1_i/clk_wiz_0/inst/clk_out1_design_1_clk_wiz_0_0
    BUFGCTRL_X0Y17       BUFG (Prop_bufg_I_O)         0.091     6.831 r  design_1_i/clk_wiz_0/inst/clkout1_buf/O
                         net (fo=180, routed)         1.477     8.308    design_1_i/SpeedSensor_1/U0/SpeedSensor_slave_lite_v1_0_S00_AXI_inst/Core1/Clk
    SLICE_X42Y90         FDRE                                         r  design_1_i/SpeedSensor_1/U0/SpeedSensor_slave_lite_v1_0_S00_AXI_inst/Core1/pulse_count_reg[4]/C
                         clock pessimism              0.000     8.308    
                         clock uncertainty           -0.263     8.045    
    SLICE_X42Y90         FDRE (Setup_fdre_C_R)       -0.524     7.521    design_1_i/SpeedSensor_1/U0/SpeedSensor_slave_lite_v1_0_S00_AXI_inst/Core1/pulse_count_reg[4]
  -------------------------------------------------------------------
                         required time                          7.521    
                         arrival time                          -5.162    
  -------------------------------------------------------------------
                         slack                                  2.358    

Slack (MET) :             2.358ns  (required time - arrival time)
  Source:                 design_1_i/SpeedSensor_1/U0/SpeedSensor_slave_lite_v1_0_S00_AXI_inst/slv_reg0_reg[0]/C
                            (rising edge-triggered cell FDRE clocked by clk_fpga_0  {rise@0.000ns fall@5.000ns period=10.000ns})
  Destination:            design_1_i/SpeedSensor_1/U0/SpeedSensor_slave_lite_v1_0_S00_AXI_inst/Core1/pulse_count_reg[5]/R
                            (rising edge-triggered cell FDRE clocked by clk_out1_design_1_clk_wiz_0_0  {rise@0.000ns fall@5.000ns period=10.000ns})
  Path Group:             clk_out1_design_1_clk_wiz_0_0
  Path Type:              Setup (Max at Slow Process Corner)
  Requirement:            10.000ns  (clk_out1_design_1_clk_wiz_0_0 rise@10.000ns - clk_fpga_0 rise@0.000ns)
  Data Path Delay:        2.219ns  (logic 0.456ns (20.546%)  route 1.763ns (79.454%))
  Logic Levels:           0  
  Clock Path Skew:        -4.635ns (DCD - SCD + CPR)
    Destination Clock Delay (DCD):    -1.692ns = ( 8.308 - 10.000 ) 
    Source Clock Delay      (SCD):    2.943ns
    Clock Pessimism Removal (CPR):    0.000ns
  Clock Uncertainty:      0.263ns  ((TSJ^2 + TIJ^2 + DJ^2)^1/2) / 2 + PE
    Total System Jitter     (TSJ):    0.071ns
    Total Input Jitter      (TIJ):    0.300ns
    Discrete Jitter          (DJ):    0.125ns
    Phase Error              (PE):    0.097ns
  Clock Domain Crossing:  Inter clock paths are considered valid unless explicitly excluded by timing constraints such as set_clock_groups or set_false_path.

    Location             Delay type                Incr(ns)  Path(ns)    Netlist Resource(s)
  -------------------------------------------------------------------    -------------------
                         (clock clk_fpga_0 rise edge)
                                                      0.000     0.000 r  
    PS7_X0Y0             PS7                          0.000     0.000 r  design_1_i/processing_system7_0/inst/PS7_i/FCLKCLK[0]
                         net (fo=1, routed)           1.193     1.193    design_1_i/processing_system7_0/inst/FCLK_CLK_unbuffered[0]
    BUFGCTRL_X0Y16       BUFG (Prop_bufg_I_O)         0.101     1.294 r  design_1_i/processing_system7_0/inst/buffer_fclk_clk_0.FCLK_CLK_0_BUFG/O
                         net (fo=2496, routed)        1.649     2.943    design_1_i/SpeedSensor_1/U0/SpeedSensor_slave_lite_v1_0_S00_AXI_inst/s00_axi_aclk
    SLICE_X44Y89         FDRE                                         r  design_1_i/SpeedSensor_1/U0/SpeedSensor_slave_lite_v1_0_S00_AXI_inst/slv_reg0_reg[0]/C
  -------------------------------------------------------------------    -------------------
    SLICE_X44Y89         FDRE (Prop_fdre_C_Q)         0.456     3.399 r  design_1_i/SpeedSensor_1/U0/SpeedSensor_slave_lite_v1_0_S00_AXI_inst/slv_reg0_reg[0]/Q
                         net (fo=34, routed)          1.763     5.162    design_1_i/SpeedSensor_1/U0/SpeedSensor_slave_lite_v1_0_S00_AXI_inst/Core1/Q[0]
    SLICE_X42Y90         FDRE                                         r  design_1_i/SpeedSensor_1/U0/SpeedSensor_slave_lite_v1_0_S00_AXI_inst/Core1/pulse_count_reg[5]/R
  -------------------------------------------------------------------    -------------------

                         (clock clk_out1_design_1_clk_wiz_0_0 rise edge)
                                                     10.000    10.000 r  
    H16                                               0.000    10.000 r  sys_clock (IN)
                         net (fo=0)                   0.000    10.000    design_1_i/clk_wiz_0/inst/clk_in1
    H16                  IBUF (Prop_ibuf_I_O)         1.380    11.380 r  design_1_i/clk_wiz_0/inst/clkin1_ibufg/O
                         net (fo=1, routed)           1.162    12.542    design_1_i/clk_wiz_0/inst/clk_in1_design_1_clk_wiz_0_0
    MMCME2_ADV_X1Y2      MMCME2_ADV (Prop_mmcme2_adv_CLKIN1_CLKOUT0)
                                                     -7.814     4.728 r  design_1_i/clk_wiz_0/inst/mmcm_adv_inst/CLKOUT0
                         net (fo=1, routed)           2.012     6.740    design_1_i/clk_wiz_0/inst/clk_out1_design_1_clk_wiz_0_0
    BUFGCTRL_X0Y17       BUFG (Prop_bufg_I_O)         0.091     6.831 r  design_1_i/clk_wiz_0/inst/clkout1_buf/O
                         net (fo=180, routed)         1.477     8.308    design_1_i/SpeedSensor_1/U0/SpeedSensor_slave_lite_v1_0_S00_AXI_inst/Core1/Clk
    SLICE_X42Y90         FDRE                                         r  design_1_i/SpeedSensor_1/U0/SpeedSensor_slave_lite_v1_0_S00_AXI_inst/Core1/pulse_count_reg[5]/C
                         clock pessimism              0.000     8.308    
                         clock uncertainty           -0.263     8.045    
    SLICE_X42Y90         FDRE (Setup_fdre_C_R)       -0.524     7.521    design_1_i/SpeedSensor_1/U0/SpeedSensor_slave_lite_v1_0_S00_AXI_inst/Core1/pulse_count_reg[5]
  -------------------------------------------------------------------
                         required time                          7.521    
                         arrival time                          -5.162    
  -------------------------------------------------------------------
                         slack                                  2.358    

Slack (MET) :             2.358ns  (required time - arrival time)
  Source:                 design_1_i/SpeedSensor_1/U0/SpeedSensor_slave_lite_v1_0_S00_AXI_inst/slv_reg0_reg[0]/C
                            (rising edge-triggered cell FDRE clocked by clk_fpga_0  {rise@0.000ns fall@5.000ns period=10.000ns})
  Destination:            design_1_i/SpeedSensor_1/U0/SpeedSensor_slave_lite_v1_0_S00_AXI_inst/Core1/pulse_count_reg[6]/R
                            (rising edge-triggered cell FDRE clocked by clk_out1_design_1_clk_wiz_0_0  {rise@0.000ns fall@5.000ns period=10.000ns})
  Path Group:             clk_out1_design_1_clk_wiz_0_0
  Path Type:              Setup (Max at Slow Process Corner)
  Requirement:            10.000ns  (clk_out1_design_1_clk_wiz_0_0 rise@10.000ns - clk_fpga_0 rise@0.000ns)
  Data Path Delay:        2.219ns  (logic 0.456ns (20.546%)  route 1.763ns (79.454%))
  Logic Levels:           0  
  Clock Path Skew:        -4.635ns (DCD - SCD + CPR)
    Destination Clock Delay (DCD):    -1.692ns = ( 8.308 - 10.000 ) 
    Source Clock Delay      (SCD):    2.943ns
    Clock Pessimism Removal (CPR):    0.000ns
  Clock Uncertainty:      0.263ns  ((TSJ^2 + TIJ^2 + DJ^2)^1/2) / 2 + PE
    Total System Jitter     (TSJ):    0.071ns
    Total Input Jitter      (TIJ):    0.300ns
    Discrete Jitter          (DJ):    0.125ns
    Phase Error              (PE):    0.097ns
  Clock Domain Crossing:  Inter clock paths are considered valid unless explicitly excluded by timing constraints such as set_clock_groups or set_false_path.

    Location             Delay type                Incr(ns)  Path(ns)    Netlist Resource(s)
  -------------------------------------------------------------------    -------------------
                         (clock clk_fpga_0 rise edge)
                                                      0.000     0.000 r  
    PS7_X0Y0             PS7                          0.000     0.000 r  design_1_i/processing_system7_0/inst/PS7_i/FCLKCLK[0]
                         net (fo=1, routed)           1.193     1.193    design_1_i/processing_system7_0/inst/FCLK_CLK_unbuffered[0]
    BUFGCTRL_X0Y16       BUFG (Prop_bufg_I_O)         0.101     1.294 r  design_1_i/processing_system7_0/inst/buffer_fclk_clk_0.FCLK_CLK_0_BUFG/O
                         net (fo=2496, routed)        1.649     2.943    design_1_i/SpeedSensor_1/U0/SpeedSensor_slave_lite_v1_0_S00_AXI_inst/s00_axi_aclk
    SLICE_X44Y89         FDRE                                         r  design_1_i/SpeedSensor_1/U0/SpeedSensor_slave_lite_v1_0_S00_AXI_inst/slv_reg0_reg[0]/C
  -------------------------------------------------------------------    -------------------
    SLICE_X44Y89         FDRE (Prop_fdre_C_Q)         0.456     3.399 r  design_1_i/SpeedSensor_1/U0/SpeedSensor_slave_lite_v1_0_S00_AXI_inst/slv_reg0_reg[0]/Q
                         net (fo=34, routed)          1.763     5.162    design_1_i/SpeedSensor_1/U0/SpeedSensor_slave_lite_v1_0_S00_AXI_inst/Core1/Q[0]
    SLICE_X42Y90         FDRE                                         r  design_1_i/SpeedSensor_1/U0/SpeedSensor_slave_lite_v1_0_S00_AXI_inst/Core1/pulse_count_reg[6]/R
  -------------------------------------------------------------------    -------------------

                         (clock clk_out1_design_1_clk_wiz_0_0 rise edge)
                                                     10.000    10.000 r  
    H16                                               0.000    10.000 r  sys_clock (IN)
                         net (fo=0)                   0.000    10.000    design_1_i/clk_wiz_0/inst/clk_in1
    H16                  IBUF (Prop_ibuf_I_O)         1.380    11.380 r  design_1_i/clk_wiz_0/inst/clkin1_ibufg/O
                         net (fo=1, routed)           1.162    12.542    design_1_i/clk_wiz_0/inst/clk_in1_design_1_clk_wiz_0_0
    MMCME2_ADV_X1Y2      MMCME2_ADV (Prop_mmcme2_adv_CLKIN1_CLKOUT0)
                                                     -7.814     4.728 r  design_1_i/clk_wiz_0/inst/mmcm_adv_inst/CLKOUT0
                         net (fo=1, routed)           2.012     6.740    design_1_i/clk_wiz_0/inst/clk_out1_design_1_clk_wiz_0_0
    BUFGCTRL_X0Y17       BUFG (Prop_bufg_I_O)         0.091     6.831 r  design_1_i/clk_wiz_0/inst/clkout1_buf/O
                         net (fo=180, routed)         1.477     8.308    design_1_i/SpeedSensor_1/U0/SpeedSensor_slave_lite_v1_0_S00_AXI_inst/Core1/Clk
    SLICE_X42Y90         FDRE                                         r  design_1_i/SpeedSensor_1/U0/SpeedSensor_slave_lite_v1_0_S00_AXI_inst/Core1/pulse_count_reg[6]/C
                         clock pessimism              0.000     8.308    
                         clock uncertainty           -0.263     8.045    
    SLICE_X42Y90         FDRE (Setup_fdre_C_R)       -0.524     7.521    design_1_i/SpeedSensor_1/U0/SpeedSensor_slave_lite_v1_0_S00_AXI_inst/Core1/pulse_count_reg[6]
  -------------------------------------------------------------------
                         required time                          7.521    
                         arrival time                          -5.162    
  -------------------------------------------------------------------
                         slack                                  2.358    

Slack (MET) :             2.358ns  (required time - arrival time)
  Source:                 design_1_i/SpeedSensor_1/U0/SpeedSensor_slave_lite_v1_0_S00_AXI_inst/slv_reg0_reg[0]/C
                            (rising edge-triggered cell FDRE clocked by clk_fpga_0  {rise@0.000ns fall@5.000ns period=10.000ns})
  Destination:            design_1_i/SpeedSensor_1/U0/SpeedSensor_slave_lite_v1_0_S00_AXI_inst/Core1/pulse_count_reg[7]/R
                            (rising edge-triggered cell FDRE clocked by clk_out1_design_1_clk_wiz_0_0  {rise@0.000ns fall@5.000ns period=10.000ns})
  Path Group:             clk_out1_design_1_clk_wiz_0_0
  Path Type:              Setup (Max at Slow Process Corner)
  Requirement:            10.000ns  (clk_out1_design_1_clk_wiz_0_0 rise@10.000ns - clk_fpga_0 rise@0.000ns)
  Data Path Delay:        2.219ns  (logic 0.456ns (20.546%)  route 1.763ns (79.454%))
  Logic Levels:           0  
  Clock Path Skew:        -4.635ns (DCD - SCD + CPR)
    Destination Clock Delay (DCD):    -1.692ns = ( 8.308 - 10.000 ) 
    Source Clock Delay      (SCD):    2.943ns
    Clock Pessimism Removal (CPR):    0.000ns
  Clock Uncertainty:      0.263ns  ((TSJ^2 + TIJ^2 + DJ^2)^1/2) / 2 + PE
    Total System Jitter     (TSJ):    0.071ns
    Total Input Jitter      (TIJ):    0.300ns
    Discrete Jitter          (DJ):    0.125ns
    Phase Error              (PE):    0.097ns
  Clock Domain Crossing:  Inter clock paths are considered valid unless explicitly excluded by timing constraints such as set_clock_groups or set_false_path.

    Location             Delay type                Incr(ns)  Path(ns)    Netlist Resource(s)
  -------------------------------------------------------------------    -------------------
                         (clock clk_fpga_0 rise edge)
                                                      0.000     0.000 r  
    PS7_X0Y0             PS7                          0.000     0.000 r  design_1_i/processing_system7_0/inst/PS7_i/FCLKCLK[0]
                         net (fo=1, routed)           1.193     1.193    design_1_i/processing_system7_0/inst/FCLK_CLK_unbuffered[0]
    BUFGCTRL_X0Y16       BUFG (Prop_bufg_I_O)         0.101     1.294 r  design_1_i/processing_system7_0/inst/buffer_fclk_clk_0.FCLK_CLK_0_BUFG/O
                         net (fo=2496, routed)        1.649     2.943    design_1_i/SpeedSensor_1/U0/SpeedSensor_slave_lite_v1_0_S00_AXI_inst/s00_axi_aclk
    SLICE_X44Y89         FDRE                                         r  design_1_i/SpeedSensor_1/U0/SpeedSensor_slave_lite_v1_0_S00_AXI_inst/slv_reg0_reg[0]/C
  -------------------------------------------------------------------    -------------------
    SLICE_X44Y89         FDRE (Prop_fdre_C_Q)         0.456     3.399 r  design_1_i/SpeedSensor_1/U0/SpeedSensor_slave_lite_v1_0_S00_AXI_inst/slv_reg0_reg[0]/Q
                         net (fo=34, routed)          1.763     5.162    design_1_i/SpeedSensor_1/U0/SpeedSensor_slave_lite_v1_0_S00_AXI_inst/Core1/Q[0]
    SLICE_X42Y90         FDRE                                         r  design_1_i/SpeedSensor_1/U0/SpeedSensor_slave_lite_v1_0_S00_AXI_inst/Core1/pulse_count_reg[7]/R
  -------------------------------------------------------------------    -------------------

                         (clock clk_out1_design_1_clk_wiz_0_0 rise edge)
                                                     10.000    10.000 r  
    H16                                               0.000    10.000 r  sys_clock (IN)
                         net (fo=0)                   0.000    10.000    design_1_i/clk_wiz_0/inst/clk_in1
    H16                  IBUF (Prop_ibuf_I_O)         1.380    11.380 r  design_1_i/clk_wiz_0/inst/clkin1_ibufg/O
                         net (fo=1, routed)           1.162    12.542    design_1_i/clk_wiz_0/inst/clk_in1_design_1_clk_wiz_0_0
    MMCME2_ADV_X1Y2      MMCME2_ADV (Prop_mmcme2_adv_CLKIN1_CLKOUT0)
                                                     -7.814     4.728 r  design_1_i/clk_wiz_0/inst/mmcm_adv_inst/CLKOUT0
                         net (fo=1, routed)           2.012     6.740    design_1_i/clk_wiz_0/inst/clk_out1_design_1_clk_wiz_0_0
    BUFGCTRL_X0Y17       BUFG (Prop_bufg_I_O)         0.091     6.831 r  design_1_i/clk_wiz_0/inst/clkout1_buf/O
                         net (fo=180, routed)         1.477     8.308    design_1_i/SpeedSensor_1/U0/SpeedSensor_slave_lite_v1_0_S00_AXI_inst/Core1/Clk
    SLICE_X42Y90         FDRE                                         r  design_1_i/SpeedSensor_1/U0/SpeedSensor_slave_lite_v1_0_S00_AXI_inst/Core1/pulse_count_reg[7]/C
                         clock pessimism              0.000     8.308    
                         clock uncertainty           -0.263     8.045    
    SLICE_X42Y90         FDRE (Setup_fdre_C_R)       -0.524     7.521    design_1_i/SpeedSensor_1/U0/SpeedSensor_slave_lite_v1_0_S00_AXI_inst/Core1/pulse_count_reg[7]
  -------------------------------------------------------------------
                         required time                          7.521    
                         arrival time                          -5.162    
  -------------------------------------------------------------------
                         slack                                  2.358    

Slack (MET) :             2.403ns  (required time - arrival time)
  Source:                 design_1_i/SpeedSensor_1/U0/SpeedSensor_slave_lite_v1_0_S00_AXI_inst/slv_reg0_reg[0]/C
                            (rising edge-triggered cell FDRE clocked by clk_fpga_0  {rise@0.000ns fall@5.000ns period=10.000ns})
  Destination:            design_1_i/SpeedSensor_1/U0/SpeedSensor_slave_lite_v1_0_S00_AXI_inst/Core1/pulse_count_reg[28]/R
                            (rising edge-triggered cell FDRE clocked by clk_out1_design_1_clk_wiz_0_0  {rise@0.000ns fall@5.000ns period=10.000ns})
  Path Group:             clk_out1_design_1_clk_wiz_0_0
  Path Type:              Setup (Max at Slow Process Corner)
  Requirement:            10.000ns  (clk_out1_design_1_clk_wiz_0_0 rise@10.000ns - clk_fpga_0 rise@0.000ns)
  Data Path Delay:        2.176ns  (logic 0.456ns (20.952%)  route 1.720ns (79.048%))
  Logic Levels:           0  
  Clock Path Skew:        -4.633ns (DCD - SCD + CPR)
    Destination Clock Delay (DCD):    -1.690ns = ( 8.310 - 10.000 ) 
    Source Clock Delay      (SCD):    2.943ns
    Clock Pessimism Removal (CPR):    0.000ns
  Clock Uncertainty:      0.263ns  ((TSJ^2 + TIJ^2 + DJ^2)^1/2) / 2 + PE
    Total System Jitter     (TSJ):    0.071ns
    Total Input Jitter      (TIJ):    0.300ns
    Discrete Jitter          (DJ):    0.125ns
    Phase Error              (PE):    0.097ns
  Clock Domain Crossing:  Inter clock paths are considered valid unless explicitly excluded by timing constraints such as set_clock_groups or set_false_path.

    Location             Delay type                Incr(ns)  Path(ns)    Netlist Resource(s)
  -------------------------------------------------------------------    -------------------
                         (clock clk_fpga_0 rise edge)
                                                      0.000     0.000 r  
    PS7_X0Y0             PS7                          0.000     0.000 r  design_1_i/processing_system7_0/inst/PS7_i/FCLKCLK[0]
                         net (fo=1, routed)           1.193     1.193    design_1_i/processing_system7_0/inst/FCLK_CLK_unbuffered[0]
    BUFGCTRL_X0Y16       BUFG (Prop_bufg_I_O)         0.101     1.294 r  design_1_i/processing_system7_0/inst/buffer_fclk_clk_0.FCLK_CLK_0_BUFG/O
                         net (fo=2496, routed)        1.649     2.943    design_1_i/SpeedSensor_1/U0/SpeedSensor_slave_lite_v1_0_S00_AXI_inst/s00_axi_aclk
    SLICE_X44Y89         FDRE                                         r  design_1_i/SpeedSensor_1/U0/SpeedSensor_slave_lite_v1_0_S00_AXI_inst/slv_reg0_reg[0]/C
  -------------------------------------------------------------------    -------------------
    SLICE_X44Y89         FDRE (Prop_fdre_C_Q)         0.456     3.399 r  design_1_i/SpeedSensor_1/U0/SpeedSensor_slave_lite_v1_0_S00_AXI_inst/slv_reg0_reg[0]/Q
                         net (fo=34, routed)          1.720     5.119    design_1_i/SpeedSensor_1/U0/SpeedSensor_slave_lite_v1_0_S00_AXI_inst/Core1/Q[0]
    SLICE_X42Y96         FDRE                                         r  design_1_i/SpeedSensor_1/U0/SpeedSensor_slave_lite_v1_0_S00_AXI_inst/Core1/pulse_count_reg[28]/R
  -------------------------------------------------------------------    -------------------

                         (clock clk_out1_design_1_clk_wiz_0_0 rise edge)
                                                     10.000    10.000 r  
    H16                                               0.000    10.000 r  sys_clock (IN)
                         net (fo=0)                   0.000    10.000    design_1_i/clk_wiz_0/inst/clk_in1
    H16                  IBUF (Prop_ibuf_I_O)         1.380    11.380 r  design_1_i/clk_wiz_0/inst/clkin1_ibufg/O
                         net (fo=1, routed)           1.162    12.542    design_1_i/clk_wiz_0/inst/clk_in1_design_1_clk_wiz_0_0
    MMCME2_ADV_X1Y2      MMCME2_ADV (Prop_mmcme2_adv_CLKIN1_CLKOUT0)
                                                     -7.814     4.728 r  design_1_i/clk_wiz_0/inst/mmcm_adv_inst/CLKOUT0
                         net (fo=1, routed)           2.012     6.740    design_1_i/clk_wiz_0/inst/clk_out1_design_1_clk_wiz_0_0
    BUFGCTRL_X0Y17       BUFG (Prop_bufg_I_O)         0.091     6.831 r  design_1_i/clk_wiz_0/inst/clkout1_buf/O
                         net (fo=180, routed)         1.479     8.310    design_1_i/SpeedSensor_1/U0/SpeedSensor_slave_lite_v1_0_S00_AXI_inst/Core1/Clk
    SLICE_X42Y96         FDRE                                         r  design_1_i/SpeedSensor_1/U0/SpeedSensor_slave_lite_v1_0_S00_AXI_inst/Core1/pulse_count_reg[28]/C
                         clock pessimism              0.000     8.310    
                         clock uncertainty           -0.263     8.047    
    SLICE_X42Y96         FDRE (Setup_fdre_C_R)       -0.524     7.523    design_1_i/SpeedSensor_1/U0/SpeedSensor_slave_lite_v1_0_S00_AXI_inst/Core1/pulse_count_reg[28]
  -------------------------------------------------------------------
                         required time                          7.523    
                         arrival time                          -5.119    
  -------------------------------------------------------------------
                         slack                                  2.403    

Slack (MET) :             2.403ns  (required time - arrival time)
  Source:                 design_1_i/SpeedSensor_1/U0/SpeedSensor_slave_lite_v1_0_S00_AXI_inst/slv_reg0_reg[0]/C
                            (rising edge-triggered cell FDRE clocked by clk_fpga_0  {rise@0.000ns fall@5.000ns period=10.000ns})
  Destination:            design_1_i/SpeedSensor_1/U0/SpeedSensor_slave_lite_v1_0_S00_AXI_inst/Core1/pulse_count_reg[29]/R
                            (rising edge-triggered cell FDRE clocked by clk_out1_design_1_clk_wiz_0_0  {rise@0.000ns fall@5.000ns period=10.000ns})
  Path Group:             clk_out1_design_1_clk_wiz_0_0
  Path Type:              Setup (Max at Slow Process Corner)
  Requirement:            10.000ns  (clk_out1_design_1_clk_wiz_0_0 rise@10.000ns - clk_fpga_0 rise@0.000ns)
  Data Path Delay:        2.176ns  (logic 0.456ns (20.952%)  route 1.720ns (79.048%))
  Logic Levels:           0  
  Clock Path Skew:        -4.633ns (DCD - SCD + CPR)
    Destination Clock Delay (DCD):    -1.690ns = ( 8.310 - 10.000 ) 
    Source Clock Delay      (SCD):    2.943ns
    Clock Pessimism Removal (CPR):    0.000ns
  Clock Uncertainty:      0.263ns  ((TSJ^2 + TIJ^2 + DJ^2)^1/2) / 2 + PE
    Total System Jitter     (TSJ):    0.071ns
    Total Input Jitter      (TIJ):    0.300ns
    Discrete Jitter          (DJ):    0.125ns
    Phase Error              (PE):    0.097ns
  Clock Domain Crossing:  Inter clock paths are considered valid unless explicitly excluded by timing constraints such as set_clock_groups or set_false_path.

    Location             Delay type                Incr(ns)  Path(ns)    Netlist Resource(s)
  -------------------------------------------------------------------    -------------------
                         (clock clk_fpga_0 rise edge)
                                                      0.000     0.000 r  
    PS7_X0Y0             PS7                          0.000     0.000 r  design_1_i/processing_system7_0/inst/PS7_i/FCLKCLK[0]
                         net (fo=1, routed)           1.193     1.193    design_1_i/processing_system7_0/inst/FCLK_CLK_unbuffered[0]
    BUFGCTRL_X0Y16       BUFG (Prop_bufg_I_O)         0.101     1.294 r  design_1_i/processing_system7_0/inst/buffer_fclk_clk_0.FCLK_CLK_0_BUFG/O
                         net (fo=2496, routed)        1.649     2.943    design_1_i/SpeedSensor_1/U0/SpeedSensor_slave_lite_v1_0_S00_AXI_inst/s00_axi_aclk
    SLICE_X44Y89         FDRE                                         r  design_1_i/SpeedSensor_1/U0/SpeedSensor_slave_lite_v1_0_S00_AXI_inst/slv_reg0_reg[0]/C
  -------------------------------------------------------------------    -------------------
    SLICE_X44Y89         FDRE (Prop_fdre_C_Q)         0.456     3.399 r  design_1_i/SpeedSensor_1/U0/SpeedSensor_slave_lite_v1_0_S00_AXI_inst/slv_reg0_reg[0]/Q
                         net (fo=34, routed)          1.720     5.119    design_1_i/SpeedSensor_1/U0/SpeedSensor_slave_lite_v1_0_S00_AXI_inst/Core1/Q[0]
    SLICE_X42Y96         FDRE                                         r  design_1_i/SpeedSensor_1/U0/SpeedSensor_slave_lite_v1_0_S00_AXI_inst/Core1/pulse_count_reg[29]/R
  -------------------------------------------------------------------    -------------------

                         (clock clk_out1_design_1_clk_wiz_0_0 rise edge)
                                                     10.000    10.000 r  
    H16                                               0.000    10.000 r  sys_clock (IN)
                         net (fo=0)                   0.000    10.000    design_1_i/clk_wiz_0/inst/clk_in1
    H16                  IBUF (Prop_ibuf_I_O)         1.380    11.380 r  design_1_i/clk_wiz_0/inst/clkin1_ibufg/O
                         net (fo=1, routed)           1.162    12.542    design_1_i/clk_wiz_0/inst/clk_in1_design_1_clk_wiz_0_0
    MMCME2_ADV_X1Y2      MMCME2_ADV (Prop_mmcme2_adv_CLKIN1_CLKOUT0)
                                                     -7.814     4.728 r  design_1_i/clk_wiz_0/inst/mmcm_adv_inst/CLKOUT0
                         net (fo=1, routed)           2.012     6.740    design_1_i/clk_wiz_0/inst/clk_out1_design_1_clk_wiz_0_0
    BUFGCTRL_X0Y17       BUFG (Prop_bufg_I_O)         0.091     6.831 r  design_1_i/clk_wiz_0/inst/clkout1_buf/O
                         net (fo=180, routed)         1.479     8.310    design_1_i/SpeedSensor_1/U0/SpeedSensor_slave_lite_v1_0_S00_AXI_inst/Core1/Clk
    SLICE_X42Y96         FDRE                                         r  design_1_i/SpeedSensor_1/U0/SpeedSensor_slave_lite_v1_0_S00_AXI_inst/Core1/pulse_count_reg[29]/C
                         clock pessimism              0.000     8.310    
                         clock uncertainty           -0.263     8.047    
    SLICE_X42Y96         FDRE (Setup_fdre_C_R)       -0.524     7.523    design_1_i/SpeedSensor_1/U0/SpeedSensor_slave_lite_v1_0_S00_AXI_inst/Core1/pulse_count_reg[29]
  -------------------------------------------------------------------
                         required time                          7.523    
                         arrival time                          -5.119    
  -------------------------------------------------------------------
                         slack                                  2.403    





Min Delay Paths
--------------------------------------------------------------------------------------
Slack (MET) :             1.869ns  (arrival time - required time)
  Source:                 design_1_i/SpeedSensor_0/U0/SpeedSensor_slave_lite_v1_0_S00_AXI_inst/slv_reg1_reg[0]/C
                            (rising edge-triggered cell FDRE clocked by clk_fpga_0  {rise@0.000ns fall@5.000ns period=10.000ns})
  Destination:            design_1_i/SpeedSensor_0/U0/SpeedSensor_slave_lite_v1_0_S00_AXI_inst/Core1/last_sensor_state_reg/D
                            (rising edge-triggered cell FDRE clocked by clk_out1_design_1_clk_wiz_0_0  {rise@0.000ns fall@5.000ns period=10.000ns})
  Path Group:             clk_out1_design_1_clk_wiz_0_0
  Path Type:              Hold (Min at Fast Process Corner)
  Requirement:            0.000ns  (clk_out1_design_1_clk_wiz_0_0 rise@0.000ns - clk_fpga_0 rise@0.000ns)
  Data Path Delay:        0.417ns  (logic 0.209ns (50.143%)  route 0.208ns (49.857%))
  Logic Levels:           1  (LUT4=1)
  Clock Path Skew:        -1.806ns (DCD - SCD - CPR)
    Destination Clock Delay (DCD):    -0.920ns
    Source Clock Delay      (SCD):    0.887ns
    Clock Pessimism Removal (CPR):    -0.000ns
  Clock Uncertainty:      0.263ns  ((TSJ^2 + TIJ^2 + DJ^2)^1/2) / 2 + PE
    Total System Jitter     (TSJ):    0.071ns
    Total Input Jitter      (TIJ):    0.300ns
    Discrete Jitter          (DJ):    0.125ns
    Phase Error              (PE):    0.097ns
  Clock Domain Crossing:  Inter clock paths are considered valid unless explicitly excluded by timing constraints such as set_clock_groups or set_false_path.

    Location             Delay type                Incr(ns)  Path(ns)    Netlist Resource(s)
  -------------------------------------------------------------------    -------------------
                         (clock clk_fpga_0 rise edge)
                                                      0.000     0.000 r  
    PS7_X0Y0             PS7                          0.000     0.000 r  design_1_i/processing_system7_0/inst/PS7_i/FCLKCLK[0]
                         net (fo=1, routed)           0.310     0.310    design_1_i/processing_system7_0/inst/FCLK_CLK_unbuffered[0]
    BUFGCTRL_X0Y16       BUFG (Prop_bufg_I_O)         0.026     0.336 r  design_1_i/processing_system7_0/inst/buffer_fclk_clk_0.FCLK_CLK_0_BUFG/O
                         net (fo=2496, routed)        0.551     0.887    design_1_i/SpeedSensor_0/U0/SpeedSensor_slave_lite_v1_0_S00_AXI_inst/s00_axi_aclk
    SLICE_X50Y92         FDRE                                         r  design_1_i/SpeedSensor_0/U0/SpeedSensor_slave_lite_v1_0_S00_AXI_inst/slv_reg1_reg[0]/C
  -------------------------------------------------------------------    -------------------
    SLICE_X50Y92         FDRE (Prop_fdre_C_Q)         0.164     1.051 r  design_1_i/SpeedSensor_0/U0/SpeedSensor_slave_lite_v1_0_S00_AXI_inst/slv_reg1_reg[0]/Q
                         net (fo=3, routed)           0.208     1.258    design_1_i/SpeedSensor_0/U0/SpeedSensor_slave_lite_v1_0_S00_AXI_inst/Core1/last_sensor_state_reg_0[0]
    SLICE_X53Y95         LUT4 (Prop_lut4_I1_O)        0.045     1.303 r  design_1_i/SpeedSensor_0/U0/SpeedSensor_slave_lite_v1_0_S00_AXI_inst/Core1/last_sensor_state_i_1/O
                         net (fo=1, routed)           0.000     1.303    design_1_i/SpeedSensor_0/U0/SpeedSensor_slave_lite_v1_0_S00_AXI_inst/Core1/last_sensor_state_i_1_n_0
    SLICE_X53Y95         FDRE                                         r  design_1_i/SpeedSensor_0/U0/SpeedSensor_slave_lite_v1_0_S00_AXI_inst/Core1/last_sensor_state_reg/D
  -------------------------------------------------------------------    -------------------

                         (clock clk_out1_design_1_clk_wiz_0_0 rise edge)
                                                      0.000     0.000 r  
    H16                                               0.000     0.000 r  sys_clock (IN)
                         net (fo=0)                   0.000     0.000    design_1_i/clk_wiz_0/inst/clk_in1
    H16                  IBUF (Prop_ibuf_I_O)         0.406     0.406 r  design_1_i/clk_wiz_0/inst/clkin1_ibufg/O
                         net (fo=1, routed)           0.480     0.886    design_1_i/clk_wiz_0/inst/clk_in1_design_1_clk_wiz_0_0
    MMCME2_ADV_X1Y2      MMCME2_ADV (Prop_mmcme2_adv_CLKIN1_CLKOUT0)
                                                     -3.407    -2.521 r  design_1_i/clk_wiz_0/inst/mmcm_adv_inst/CLKOUT0
                         net (fo=1, routed)           0.752    -1.769    design_1_i/clk_wiz_0/inst/clk_out1_design_1_clk_wiz_0_0
    BUFGCTRL_X0Y17       BUFG (Prop_bufg_I_O)         0.029    -1.740 r  design_1_i/clk_wiz_0/inst/clkout1_buf/O
                         net (fo=180, routed)         0.820    -0.920    design_1_i/SpeedSensor_0/U0/SpeedSensor_slave_lite_v1_0_S00_AXI_inst/Core1/Clk
    SLICE_X53Y95         FDRE                                         r  design_1_i/SpeedSensor_0/U0/SpeedSensor_slave_lite_v1_0_S00_AXI_inst/Core1/last_sensor_state_reg/C
                         clock pessimism              0.000    -0.920    
                         clock uncertainty            0.263    -0.656    
    SLICE_X53Y95         FDRE (Hold_fdre_C_D)         0.091    -0.565    design_1_i/SpeedSensor_0/U0/SpeedSensor_slave_lite_v1_0_S00_AXI_inst/Core1/last_sensor_state_reg
  -------------------------------------------------------------------
                         required time                          0.565    
                         arrival time                           1.303    
  -------------------------------------------------------------------
                         slack                                  1.869    

Slack (MET) :             1.925ns  (arrival time - required time)
  Source:                 design_1_i/SpeedSensor_1/U0/SpeedSensor_slave_lite_v1_0_S00_AXI_inst/slv_reg1_reg[0]/C
                            (rising edge-triggered cell FDRE clocked by clk_fpga_0  {rise@0.000ns fall@5.000ns period=10.000ns})
  Destination:            design_1_i/SpeedSensor_1/U0/SpeedSensor_slave_lite_v1_0_S00_AXI_inst/Core1/last_sensor_state_reg/D
                            (rising edge-triggered cell FDRE clocked by clk_out1_design_1_clk_wiz_0_0  {rise@0.000ns fall@5.000ns period=10.000ns})
  Path Group:             clk_out1_design_1_clk_wiz_0_0
  Path Type:              Hold (Min at Fast Process Corner)
  Requirement:            0.000ns  (clk_out1_design_1_clk_wiz_0_0 rise@0.000ns - clk_fpga_0 rise@0.000ns)
  Data Path Delay:        0.470ns  (logic 0.186ns (39.568%)  route 0.284ns (60.432%))
  Logic Levels:           1  (LUT4=1)
  Clock Path Skew:        -1.809ns (DCD - SCD - CPR)
    Destination Clock Delay (DCD):    -0.921ns
    Source Clock Delay      (SCD):    0.889ns
    Clock Pessimism Removal (CPR):    -0.000ns
  Clock Uncertainty:      0.263ns  ((TSJ^2 + TIJ^2 + DJ^2)^1/2) / 2 + PE
    Total System Jitter     (TSJ):    0.071ns
    Total Input Jitter      (TIJ):    0.300ns
    Discrete Jitter          (DJ):    0.125ns
    Phase Error              (PE):    0.097ns
  Clock Domain Crossing:  Inter clock paths are considered valid unless explicitly excluded by timing constraints such as set_clock_groups or set_false_path.

    Location             Delay type                Incr(ns)  Path(ns)    Netlist Resource(s)
  -------------------------------------------------------------------    -------------------
                         (clock clk_fpga_0 rise edge)
                                                      0.000     0.000 r  
    PS7_X0Y0             PS7                          0.000     0.000 r  design_1_i/processing_system7_0/inst/PS7_i/FCLKCLK[0]
                         net (fo=1, routed)           0.310     0.310    design_1_i/processing_system7_0/inst/FCLK_CLK_unbuffered[0]
    BUFGCTRL_X0Y16       BUFG (Prop_bufg_I_O)         0.026     0.336 r  design_1_i/processing_system7_0/inst/buffer_fclk_clk_0.FCLK_CLK_0_BUFG/O
                         net (fo=2496, routed)        0.553     0.889    design_1_i/SpeedSensor_1/U0/SpeedSensor_slave_lite_v1_0_S00_AXI_inst/s00_axi_aclk
    SLICE_X41Y87         FDRE                                         r  design_1_i/SpeedSensor_1/U0/SpeedSensor_slave_lite_v1_0_S00_AXI_inst/slv_reg1_reg[0]/C
  -------------------------------------------------------------------    -------------------
    SLICE_X41Y87         FDRE (Prop_fdre_C_Q)         0.141     1.030 r  design_1_i/SpeedSensor_1/U0/SpeedSensor_slave_lite_v1_0_S00_AXI_inst/slv_reg1_reg[0]/Q
                         net (fo=3, routed)           0.284     1.314    design_1_i/SpeedSensor_1/U0/SpeedSensor_slave_lite_v1_0_S00_AXI_inst/Core1/last_sensor_state_reg_0[0]
    SLICE_X43Y86         LUT4 (Prop_lut4_I1_O)        0.045     1.359 r  design_1_i/SpeedSensor_1/U0/SpeedSensor_slave_lite_v1_0_S00_AXI_inst/Core1/last_sensor_state_i_1/O
                         net (fo=1, routed)           0.000     1.359    design_1_i/SpeedSensor_1/U0/SpeedSensor_slave_lite_v1_0_S00_AXI_inst/Core1/last_sensor_state_i_1_n_0
    SLICE_X43Y86         FDRE                                         r  design_1_i/SpeedSensor_1/U0/SpeedSensor_slave_lite_v1_0_S00_AXI_inst/Core1/last_sensor_state_reg/D
  -------------------------------------------------------------------    -------------------

                         (clock clk_out1_design_1_clk_wiz_0_0 rise edge)
                                                      0.000     0.000 r  
    H16                                               0.000     0.000 r  sys_clock (IN)
                         net (fo=0)                   0.000     0.000    design_1_i/clk_wiz_0/inst/clk_in1
    H16                  IBUF (Prop_ibuf_I_O)         0.406     0.406 r  design_1_i/clk_wiz_0/inst/clkin1_ibufg/O
                         net (fo=1, routed)           0.480     0.886    design_1_i/clk_wiz_0/inst/clk_in1_design_1_clk_wiz_0_0
    MMCME2_ADV_X1Y2      MMCME2_ADV (Prop_mmcme2_adv_CLKIN1_CLKOUT0)
                                                     -3.407    -2.521 r  design_1_i/clk_wiz_0/inst/mmcm_adv_inst/CLKOUT0
                         net (fo=1, routed)           0.752    -1.769    design_1_i/clk_wiz_0/inst/clk_out1_design_1_clk_wiz_0_0
    BUFGCTRL_X0Y17       BUFG (Prop_bufg_I_O)         0.029    -1.740 r  design_1_i/clk_wiz_0/inst/clkout1_buf/O
                         net (fo=180, routed)         0.819    -0.921    design_1_i/SpeedSensor_1/U0/SpeedSensor_slave_lite_v1_0_S00_AXI_inst/Core1/Clk
    SLICE_X43Y86         FDRE                                         r  design_1_i/SpeedSensor_1/U0/SpeedSensor_slave_lite_v1_0_S00_AXI_inst/Core1/last_sensor_state_reg/C
                         clock pessimism              0.000    -0.921    
                         clock uncertainty            0.263    -0.657    
    SLICE_X43Y86         FDRE (Hold_fdre_C_D)         0.091    -0.566    design_1_i/SpeedSensor_1/U0/SpeedSensor_slave_lite_v1_0_S00_AXI_inst/Core1/last_sensor_state_reg
  -------------------------------------------------------------------
                         required time                          0.566    
                         arrival time                           1.359    
  -------------------------------------------------------------------
                         slack                                  1.925    

Slack (MET) :             2.007ns  (arrival time - required time)
  Source:                 design_1_i/SpeedSensor_1/U0/SpeedSensor_slave_lite_v1_0_S00_AXI_inst/slv_reg0_reg[0]/C
                            (rising edge-triggered cell FDRE clocked by clk_fpga_0  {rise@0.000ns fall@5.000ns period=10.000ns})
  Destination:            design_1_i/SpeedSensor_1/U0/SpeedSensor_slave_lite_v1_0_S00_AXI_inst/Core1/pulse_count_reg[0]/R
                            (rising edge-triggered cell FDRE clocked by clk_out1_design_1_clk_wiz_0_0  {rise@0.000ns fall@5.000ns period=10.000ns})
  Path Group:             clk_out1_design_1_clk_wiz_0_0
  Path Type:              Hold (Min at Fast Process Corner)
  Requirement:            0.000ns  (clk_out1_design_1_clk_wiz_0_0 rise@0.000ns - clk_fpga_0 rise@0.000ns)
  Data Path Delay:        0.472ns  (logic 0.141ns (29.878%)  route 0.331ns (70.122%))
  Logic Levels:           0  
  Clock Path Skew:        -1.807ns (DCD - SCD - CPR)
    Destination Clock Delay (DCD):    -0.918ns
    Source Clock Delay      (SCD):    0.890ns
    Clock Pessimism Removal (CPR):    -0.000ns
  Clock Uncertainty:      0.263ns  ((TSJ^2 + TIJ^2 + DJ^2)^1/2) / 2 + PE
    Total System Jitter     (TSJ):    0.071ns
    Total Input Jitter      (TIJ):    0.300ns
    Discrete Jitter          (DJ):    0.125ns
    Phase Error              (PE):    0.097ns
  Clock Domain Crossing:  Inter clock paths are considered valid unless explicitly excluded by timing constraints such as set_clock_groups or set_false_path.

    Location             Delay type                Incr(ns)  Path(ns)    Netlist Resource(s)
  -------------------------------------------------------------------    -------------------
                         (clock clk_fpga_0 rise edge)
                                                      0.000     0.000 r  
    PS7_X0Y0             PS7                          0.000     0.000 r  design_1_i/processing_system7_0/inst/PS7_i/FCLKCLK[0]
                         net (fo=1, routed)           0.310     0.310    design_1_i/processing_system7_0/inst/FCLK_CLK_unbuffered[0]
    BUFGCTRL_X0Y16       BUFG (Prop_bufg_I_O)         0.026     0.336 r  design_1_i/processing_system7_0/inst/buffer_fclk_clk_0.FCLK_CLK_0_BUFG/O
                         net (fo=2496, routed)        0.554     0.890    design_1_i/SpeedSensor_1/U0/SpeedSensor_slave_lite_v1_0_S00_AXI_inst/s00_axi_aclk
    SLICE_X44Y89         FDRE                                         r  design_1_i/SpeedSensor_1/U0/SpeedSensor_slave_lite_v1_0_S00_AXI_inst/slv_reg0_reg[0]/C
  -------------------------------------------------------------------    -------------------
    SLICE_X44Y89         FDRE (Prop_fdre_C_Q)         0.141     1.031 r  design_1_i/SpeedSensor_1/U0/SpeedSensor_slave_lite_v1_0_S00_AXI_inst/slv_reg0_reg[0]/Q
                         net (fo=34, routed)          0.331     1.362    design_1_i/SpeedSensor_1/U0/SpeedSensor_slave_lite_v1_0_S00_AXI_inst/Core1/Q[0]
    SLICE_X42Y89         FDRE                                         r  design_1_i/SpeedSensor_1/U0/SpeedSensor_slave_lite_v1_0_S00_AXI_inst/Core1/pulse_count_reg[0]/R
  -------------------------------------------------------------------    -------------------

                         (clock clk_out1_design_1_clk_wiz_0_0 rise edge)
                                                      0.000     0.000 r  
    H16                                               0.000     0.000 r  sys_clock (IN)
                         net (fo=0)                   0.000     0.000    design_1_i/clk_wiz_0/inst/clk_in1
    H16                  IBUF (Prop_ibuf_I_O)         0.406     0.406 r  design_1_i/clk_wiz_0/inst/clkin1_ibufg/O
                         net (fo=1, routed)           0.480     0.886    design_1_i/clk_wiz_0/inst/clk_in1_design_1_clk_wiz_0_0
    MMCME2_ADV_X1Y2      MMCME2_ADV (Prop_mmcme2_adv_CLKIN1_CLKOUT0)
                                                     -3.407    -2.521 r  design_1_i/clk_wiz_0/inst/mmcm_adv_inst/CLKOUT0
                         net (fo=1, routed)           0.752    -1.769    design_1_i/clk_wiz_0/inst/clk_out1_design_1_clk_wiz_0_0
    BUFGCTRL_X0Y17       BUFG (Prop_bufg_I_O)         0.029    -1.740 r  design_1_i/clk_wiz_0/inst/clkout1_buf/O
                         net (fo=180, routed)         0.822    -0.918    design_1_i/SpeedSensor_1/U0/SpeedSensor_slave_lite_v1_0_S00_AXI_inst/Core1/Clk
    SLICE_X42Y89         FDRE                                         r  design_1_i/SpeedSensor_1/U0/SpeedSensor_slave_lite_v1_0_S00_AXI_inst/Core1/pulse_count_reg[0]/C
                         clock pessimism              0.000    -0.918    
                         clock uncertainty            0.263    -0.654    
    SLICE_X42Y89         FDRE (Hold_fdre_C_R)         0.009    -0.645    design_1_i/SpeedSensor_1/U0/SpeedSensor_slave_lite_v1_0_S00_AXI_inst/Core1/pulse_count_reg[0]
  -------------------------------------------------------------------
                         required time                          0.645    
                         arrival time                           1.362    
  -------------------------------------------------------------------
                         slack                                  2.007    

Slack (MET) :             2.007ns  (arrival time - required time)
  Source:                 design_1_i/SpeedSensor_1/U0/SpeedSensor_slave_lite_v1_0_S00_AXI_inst/slv_reg0_reg[0]/C
                            (rising edge-triggered cell FDRE clocked by clk_fpga_0  {rise@0.000ns fall@5.000ns period=10.000ns})
  Destination:            design_1_i/SpeedSensor_1/U0/SpeedSensor_slave_lite_v1_0_S00_AXI_inst/Core1/pulse_count_reg[1]/R
                            (rising edge-triggered cell FDRE clocked by clk_out1_design_1_clk_wiz_0_0  {rise@0.000ns fall@5.000ns period=10.000ns})
  Path Group:             clk_out1_design_1_clk_wiz_0_0
  Path Type:              Hold (Min at Fast Process Corner)
  Requirement:            0.000ns  (clk_out1_design_1_clk_wiz_0_0 rise@0.000ns - clk_fpga_0 rise@0.000ns)
  Data Path Delay:        0.472ns  (logic 0.141ns (29.878%)  route 0.331ns (70.122%))
  Logic Levels:           0  
  Clock Path Skew:        -1.807ns (DCD - SCD - CPR)
    Destination Clock Delay (DCD):    -0.918ns
    Source Clock Delay      (SCD):    0.890ns
    Clock Pessimism Removal (CPR):    -0.000ns
  Clock Uncertainty:      0.263ns  ((TSJ^2 + TIJ^2 + DJ^2)^1/2) / 2 + PE
    Total System Jitter     (TSJ):    0.071ns
    Total Input Jitter      (TIJ):    0.300ns
    Discrete Jitter          (DJ):    0.125ns
    Phase Error              (PE):    0.097ns
  Clock Domain Crossing:  Inter clock paths are considered valid unless explicitly excluded by timing constraints such as set_clock_groups or set_false_path.

    Location             Delay type                Incr(ns)  Path(ns)    Netlist Resource(s)
  -------------------------------------------------------------------    -------------------
                         (clock clk_fpga_0 rise edge)
                                                      0.000     0.000 r  
    PS7_X0Y0             PS7                          0.000     0.000 r  design_1_i/processing_system7_0/inst/PS7_i/FCLKCLK[0]
                         net (fo=1, routed)           0.310     0.310    design_1_i/processing_system7_0/inst/FCLK_CLK_unbuffered[0]
    BUFGCTRL_X0Y16       BUFG (Prop_bufg_I_O)         0.026     0.336 r  design_1_i/processing_system7_0/inst/buffer_fclk_clk_0.FCLK_CLK_0_BUFG/O
                         net (fo=2496, routed)        0.554     0.890    design_1_i/SpeedSensor_1/U0/SpeedSensor_slave_lite_v1_0_S00_AXI_inst/s00_axi_aclk
    SLICE_X44Y89         FDRE                                         r  design_1_i/SpeedSensor_1/U0/SpeedSensor_slave_lite_v1_0_S00_AXI_inst/slv_reg0_reg[0]/C
  -------------------------------------------------------------------    -------------------
    SLICE_X44Y89         FDRE (Prop_fdre_C_Q)         0.141     1.031 r  design_1_i/SpeedSensor_1/U0/SpeedSensor_slave_lite_v1_0_S00_AXI_inst/slv_reg0_reg[0]/Q
                         net (fo=34, routed)          0.331     1.362    design_1_i/SpeedSensor_1/U0/SpeedSensor_slave_lite_v1_0_S00_AXI_inst/Core1/Q[0]
    SLICE_X42Y89         FDRE                                         r  design_1_i/SpeedSensor_1/U0/SpeedSensor_slave_lite_v1_0_S00_AXI_inst/Core1/pulse_count_reg[1]/R
  -------------------------------------------------------------------    -------------------

                         (clock clk_out1_design_1_clk_wiz_0_0 rise edge)
                                                      0.000     0.000 r  
    H16                                               0.000     0.000 r  sys_clock (IN)
                         net (fo=0)                   0.000     0.000    design_1_i/clk_wiz_0/inst/clk_in1
    H16                  IBUF (Prop_ibuf_I_O)         0.406     0.406 r  design_1_i/clk_wiz_0/inst/clkin1_ibufg/O
                         net (fo=1, routed)           0.480     0.886    design_1_i/clk_wiz_0/inst/clk_in1_design_1_clk_wiz_0_0
    MMCME2_ADV_X1Y2      MMCME2_ADV (Prop_mmcme2_adv_CLKIN1_CLKOUT0)
                                                     -3.407    -2.521 r  design_1_i/clk_wiz_0/inst/mmcm_adv_inst/CLKOUT0
                         net (fo=1, routed)           0.752    -1.769    design_1_i/clk_wiz_0/inst/clk_out1_design_1_clk_wiz_0_0
    BUFGCTRL_X0Y17       BUFG (Prop_bufg_I_O)         0.029    -1.740 r  design_1_i/clk_wiz_0/inst/clkout1_buf/O
                         net (fo=180, routed)         0.822    -0.918    design_1_i/SpeedSensor_1/U0/SpeedSensor_slave_lite_v1_0_S00_AXI_inst/Core1/Clk
    SLICE_X42Y89         FDRE                                         r  design_1_i/SpeedSensor_1/U0/SpeedSensor_slave_lite_v1_0_S00_AXI_inst/Core1/pulse_count_reg[1]/C
                         clock pessimism              0.000    -0.918    
                         clock uncertainty            0.263    -0.654    
    SLICE_X42Y89         FDRE (Hold_fdre_C_R)         0.009    -0.645    design_1_i/SpeedSensor_1/U0/SpeedSensor_slave_lite_v1_0_S00_AXI_inst/Core1/pulse_count_reg[1]
  -------------------------------------------------------------------
                         required time                          0.645    
                         arrival time                           1.362    
  -------------------------------------------------------------------
                         slack                                  2.007    

Slack (MET) :             2.007ns  (arrival time - required time)
  Source:                 design_1_i/SpeedSensor_1/U0/SpeedSensor_slave_lite_v1_0_S00_AXI_inst/slv_reg0_reg[0]/C
                            (rising edge-triggered cell FDRE clocked by clk_fpga_0  {rise@0.000ns fall@5.000ns period=10.000ns})
  Destination:            design_1_i/SpeedSensor_1/U0/SpeedSensor_slave_lite_v1_0_S00_AXI_inst/Core1/pulse_count_reg[2]/R
                            (rising edge-triggered cell FDRE clocked by clk_out1_design_1_clk_wiz_0_0  {rise@0.000ns fall@5.000ns period=10.000ns})
  Path Group:             clk_out1_design_1_clk_wiz_0_0
  Path Type:              Hold (Min at Fast Process Corner)
  Requirement:            0.000ns  (clk_out1_design_1_clk_wiz_0_0 rise@0.000ns - clk_fpga_0 rise@0.000ns)
  Data Path Delay:        0.472ns  (logic 0.141ns (29.878%)  route 0.331ns (70.122%))
  Logic Levels:           0  
  Clock Path Skew:        -1.807ns (DCD - SCD - CPR)
    Destination Clock Delay (DCD):    -0.918ns
    Source Clock Delay      (SCD):    0.890ns
    Clock Pessimism Removal (CPR):    -0.000ns
  Clock Uncertainty:      0.263ns  ((TSJ^2 + TIJ^2 + DJ^2)^1/2) / 2 + PE
    Total System Jitter     (TSJ):    0.071ns
    Total Input Jitter      (TIJ):    0.300ns
    Discrete Jitter          (DJ):    0.125ns
    Phase Error              (PE):    0.097ns
  Clock Domain Crossing:  Inter clock paths are considered valid unless explicitly excluded by timing constraints such as set_clock_groups or set_false_path.

    Location             Delay type                Incr(ns)  Path(ns)    Netlist Resource(s)
  -------------------------------------------------------------------    -------------------
                         (clock clk_fpga_0 rise edge)
                                                      0.000     0.000 r  
    PS7_X0Y0             PS7                          0.000     0.000 r  design_1_i/processing_system7_0/inst/PS7_i/FCLKCLK[0]
                         net (fo=1, routed)           0.310     0.310    design_1_i/processing_system7_0/inst/FCLK_CLK_unbuffered[0]
    BUFGCTRL_X0Y16       BUFG (Prop_bufg_I_O)         0.026     0.336 r  design_1_i/processing_system7_0/inst/buffer_fclk_clk_0.FCLK_CLK_0_BUFG/O
                         net (fo=2496, routed)        0.554     0.890    design_1_i/SpeedSensor_1/U0/SpeedSensor_slave_lite_v1_0_S00_AXI_inst/s00_axi_aclk
    SLICE_X44Y89         FDRE                                         r  design_1_i/SpeedSensor_1/U0/SpeedSensor_slave_lite_v1_0_S00_AXI_inst/slv_reg0_reg[0]/C
  -------------------------------------------------------------------    -------------------
    SLICE_X44Y89         FDRE (Prop_fdre_C_Q)         0.141     1.031 r  design_1_i/SpeedSensor_1/U0/SpeedSensor_slave_lite_v1_0_S00_AXI_inst/slv_reg0_reg[0]/Q
                         net (fo=34, routed)          0.331     1.362    design_1_i/SpeedSensor_1/U0/SpeedSensor_slave_lite_v1_0_S00_AXI_inst/Core1/Q[0]
    SLICE_X42Y89         FDRE                                         r  design_1_i/SpeedSensor_1/U0/SpeedSensor_slave_lite_v1_0_S00_AXI_inst/Core1/pulse_count_reg[2]/R
  -------------------------------------------------------------------    -------------------

                         (clock clk_out1_design_1_clk_wiz_0_0 rise edge)
                                                      0.000     0.000 r  
    H16                                               0.000     0.000 r  sys_clock (IN)
                         net (fo=0)                   0.000     0.000    design_1_i/clk_wiz_0/inst/clk_in1
    H16                  IBUF (Prop_ibuf_I_O)         0.406     0.406 r  design_1_i/clk_wiz_0/inst/clkin1_ibufg/O
                         net (fo=1, routed)           0.480     0.886    design_1_i/clk_wiz_0/inst/clk_in1_design_1_clk_wiz_0_0
    MMCME2_ADV_X1Y2      MMCME2_ADV (Prop_mmcme2_adv_CLKIN1_CLKOUT0)
                                                     -3.407    -2.521 r  design_1_i/clk_wiz_0/inst/mmcm_adv_inst/CLKOUT0
                         net (fo=1, routed)           0.752    -1.769    design_1_i/clk_wiz_0/inst/clk_out1_design_1_clk_wiz_0_0
    BUFGCTRL_X0Y17       BUFG (Prop_bufg_I_O)         0.029    -1.740 r  design_1_i/clk_wiz_0/inst/clkout1_buf/O
                         net (fo=180, routed)         0.822    -0.918    design_1_i/SpeedSensor_1/U0/SpeedSensor_slave_lite_v1_0_S00_AXI_inst/Core1/Clk
    SLICE_X42Y89         FDRE                                         r  design_1_i/SpeedSensor_1/U0/SpeedSensor_slave_lite_v1_0_S00_AXI_inst/Core1/pulse_count_reg[2]/C
                         clock pessimism              0.000    -0.918    
                         clock uncertainty            0.263    -0.654    
    SLICE_X42Y89         FDRE (Hold_fdre_C_R)         0.009    -0.645    design_1_i/SpeedSensor_1/U0/SpeedSensor_slave_lite_v1_0_S00_AXI_inst/Core1/pulse_count_reg[2]
  -------------------------------------------------------------------
                         required time                          0.645    
                         arrival time                           1.362    
  -------------------------------------------------------------------
                         slack                                  2.007    

Slack (MET) :             2.007ns  (arrival time - required time)
  Source:                 design_1_i/SpeedSensor_1/U0/SpeedSensor_slave_lite_v1_0_S00_AXI_inst/slv_reg0_reg[0]/C
                            (rising edge-triggered cell FDRE clocked by clk_fpga_0  {rise@0.000ns fall@5.000ns period=10.000ns})
  Destination:            design_1_i/SpeedSensor_1/U0/SpeedSensor_slave_lite_v1_0_S00_AXI_inst/Core1/pulse_count_reg[3]/R
                            (rising edge-triggered cell FDRE clocked by clk_out1_design_1_clk_wiz_0_0  {rise@0.000ns fall@5.000ns period=10.000ns})
  Path Group:             clk_out1_design_1_clk_wiz_0_0
  Path Type:              Hold (Min at Fast Process Corner)
  Requirement:            0.000ns  (clk_out1_design_1_clk_wiz_0_0 rise@0.000ns - clk_fpga_0 rise@0.000ns)
  Data Path Delay:        0.472ns  (logic 0.141ns (29.878%)  route 0.331ns (70.122%))
  Logic Levels:           0  
  Clock Path Skew:        -1.807ns (DCD - SCD - CPR)
    Destination Clock Delay (DCD):    -0.918ns
    Source Clock Delay      (SCD):    0.890ns
    Clock Pessimism Removal (CPR):    -0.000ns
  Clock Uncertainty:      0.263ns  ((TSJ^2 + TIJ^2 + DJ^2)^1/2) / 2 + PE
    Total System Jitter     (TSJ):    0.071ns
    Total Input Jitter      (TIJ):    0.300ns
    Discrete Jitter          (DJ):    0.125ns
    Phase Error              (PE):    0.097ns
  Clock Domain Crossing:  Inter clock paths are considered valid unless explicitly excluded by timing constraints such as set_clock_groups or set_false_path.

    Location             Delay type                Incr(ns)  Path(ns)    Netlist Resource(s)
  -------------------------------------------------------------------    -------------------
                         (clock clk_fpga_0 rise edge)
                                                      0.000     0.000 r  
    PS7_X0Y0             PS7                          0.000     0.000 r  design_1_i/processing_system7_0/inst/PS7_i/FCLKCLK[0]
                         net (fo=1, routed)           0.310     0.310    design_1_i/processing_system7_0/inst/FCLK_CLK_unbuffered[0]
    BUFGCTRL_X0Y16       BUFG (Prop_bufg_I_O)         0.026     0.336 r  design_1_i/processing_system7_0/inst/buffer_fclk_clk_0.FCLK_CLK_0_BUFG/O
                         net (fo=2496, routed)        0.554     0.890    design_1_i/SpeedSensor_1/U0/SpeedSensor_slave_lite_v1_0_S00_AXI_inst/s00_axi_aclk
    SLICE_X44Y89         FDRE                                         r  design_1_i/SpeedSensor_1/U0/SpeedSensor_slave_lite_v1_0_S00_AXI_inst/slv_reg0_reg[0]/C
  -------------------------------------------------------------------    -------------------
    SLICE_X44Y89         FDRE (Prop_fdre_C_Q)         0.141     1.031 r  design_1_i/SpeedSensor_1/U0/SpeedSensor_slave_lite_v1_0_S00_AXI_inst/slv_reg0_reg[0]/Q
                         net (fo=34, routed)          0.331     1.362    design_1_i/SpeedSensor_1/U0/SpeedSensor_slave_lite_v1_0_S00_AXI_inst/Core1/Q[0]
    SLICE_X42Y89         FDRE                                         r  design_1_i/SpeedSensor_1/U0/SpeedSensor_slave_lite_v1_0_S00_AXI_inst/Core1/pulse_count_reg[3]/R
  -------------------------------------------------------------------    -------------------

                         (clock clk_out1_design_1_clk_wiz_0_0 rise edge)
                                                      0.000     0.000 r  
    H16                                               0.000     0.000 r  sys_clock (IN)
                         net (fo=0)                   0.000     0.000    design_1_i/clk_wiz_0/inst/clk_in1
    H16                  IBUF (Prop_ibuf_I_O)         0.406     0.406 r  design_1_i/clk_wiz_0/inst/clkin1_ibufg/O
                         net (fo=1, routed)           0.480     0.886    design_1_i/clk_wiz_0/inst/clk_in1_design_1_clk_wiz_0_0
    MMCME2_ADV_X1Y2      MMCME2_ADV (Prop_mmcme2_adv_CLKIN1_CLKOUT0)
                                                     -3.407    -2.521 r  design_1_i/clk_wiz_0/inst/mmcm_adv_inst/CLKOUT0
                         net (fo=1, routed)           0.752    -1.769    design_1_i/clk_wiz_0/inst/clk_out1_design_1_clk_wiz_0_0
    BUFGCTRL_X0Y17       BUFG (Prop_bufg_I_O)         0.029    -1.740 r  design_1_i/clk_wiz_0/inst/clkout1_buf/O
                         net (fo=180, routed)         0.822    -0.918    design_1_i/SpeedSensor_1/U0/SpeedSensor_slave_lite_v1_0_S00_AXI_inst/Core1/Clk
    SLICE_X42Y89         FDRE                                         r  design_1_i/SpeedSensor_1/U0/SpeedSensor_slave_lite_v1_0_S00_AXI_inst/Core1/pulse_count_reg[3]/C
                         clock pessimism              0.000    -0.918    
                         clock uncertainty            0.263    -0.654    
    SLICE_X42Y89         FDRE (Hold_fdre_C_R)         0.009    -0.645    design_1_i/SpeedSensor_1/U0/SpeedSensor_slave_lite_v1_0_S00_AXI_inst/Core1/pulse_count_reg[3]
  -------------------------------------------------------------------
                         required time                          0.645    
                         arrival time                           1.362    
  -------------------------------------------------------------------
                         slack                                  2.007    

Slack (MET) :             2.055ns  (arrival time - required time)
  Source:                 design_1_i/SpeedSensor_1/U0/SpeedSensor_slave_lite_v1_0_S00_AXI_inst/slv_reg0_reg[0]/C
                            (rising edge-triggered cell FDRE clocked by clk_fpga_0  {rise@0.000ns fall@5.000ns period=10.000ns})
  Destination:            design_1_i/SpeedSensor_1/U0/SpeedSensor_slave_lite_v1_0_S00_AXI_inst/Core1/pulse_count_reg[10]/R
                            (rising edge-triggered cell FDRE clocked by clk_out1_design_1_clk_wiz_0_0  {rise@0.000ns fall@5.000ns period=10.000ns})
  Path Group:             clk_out1_design_1_clk_wiz_0_0
  Path Type:              Hold (Min at Fast Process Corner)
  Requirement:            0.000ns  (clk_out1_design_1_clk_wiz_0_0 rise@0.000ns - clk_fpga_0 rise@0.000ns)
  Data Path Delay:        0.521ns  (logic 0.141ns (27.063%)  route 0.380ns (72.937%))
  Logic Levels:           0  
  Clock Path Skew:        -1.806ns (DCD - SCD - CPR)
    Destination Clock Delay (DCD):    -0.917ns
    Source Clock Delay      (SCD):    0.890ns
    Clock Pessimism Removal (CPR):    -0.000ns
  Clock Uncertainty:      0.263ns  ((TSJ^2 + TIJ^2 + DJ^2)^1/2) / 2 + PE
    Total System Jitter     (TSJ):    0.071ns
    Total Input Jitter      (TIJ):    0.300ns
    Discrete Jitter          (DJ):    0.125ns
    Phase Error              (PE):    0.097ns
  Clock Domain Crossing:  Inter clock paths are considered valid unless explicitly excluded by timing constraints such as set_clock_groups or set_false_path.

    Location             Delay type                Incr(ns)  Path(ns)    Netlist Resource(s)
  -------------------------------------------------------------------    -------------------
                         (clock clk_fpga_0 rise edge)
                                                      0.000     0.000 r  
    PS7_X0Y0             PS7                          0.000     0.000 r  design_1_i/processing_system7_0/inst/PS7_i/FCLKCLK[0]
                         net (fo=1, routed)           0.310     0.310    design_1_i/processing_system7_0/inst/FCLK_CLK_unbuffered[0]
    BUFGCTRL_X0Y16       BUFG (Prop_bufg_I_O)         0.026     0.336 r  design_1_i/processing_system7_0/inst/buffer_fclk_clk_0.FCLK_CLK_0_BUFG/O
                         net (fo=2496, routed)        0.554     0.890    design_1_i/SpeedSensor_1/U0/SpeedSensor_slave_lite_v1_0_S00_AXI_inst/s00_axi_aclk
    SLICE_X44Y89         FDRE                                         r  design_1_i/SpeedSensor_1/U0/SpeedSensor_slave_lite_v1_0_S00_AXI_inst/slv_reg0_reg[0]/C
  -------------------------------------------------------------------    -------------------
    SLICE_X44Y89         FDRE (Prop_fdre_C_Q)         0.141     1.031 r  design_1_i/SpeedSensor_1/U0/SpeedSensor_slave_lite_v1_0_S00_AXI_inst/slv_reg0_reg[0]/Q
                         net (fo=34, routed)          0.380     1.411    design_1_i/SpeedSensor_1/U0/SpeedSensor_slave_lite_v1_0_S00_AXI_inst/Core1/Q[0]
    SLICE_X42Y91         FDRE                                         r  design_1_i/SpeedSensor_1/U0/SpeedSensor_slave_lite_v1_0_S00_AXI_inst/Core1/pulse_count_reg[10]/R
  -------------------------------------------------------------------    -------------------

                         (clock clk_out1_design_1_clk_wiz_0_0 rise edge)
                                                      0.000     0.000 r  
    H16                                               0.000     0.000 r  sys_clock (IN)
                         net (fo=0)                   0.000     0.000    design_1_i/clk_wiz_0/inst/clk_in1
    H16                  IBUF (Prop_ibuf_I_O)         0.406     0.406 r  design_1_i/clk_wiz_0/inst/clkin1_ibufg/O
                         net (fo=1, routed)           0.480     0.886    design_1_i/clk_wiz_0/inst/clk_in1_design_1_clk_wiz_0_0
    MMCME2_ADV_X1Y2      MMCME2_ADV (Prop_mmcme2_adv_CLKIN1_CLKOUT0)
                                                     -3.407    -2.521 r  design_1_i/clk_wiz_0/inst/mmcm_adv_inst/CLKOUT0
                         net (fo=1, routed)           0.752    -1.769    design_1_i/clk_wiz_0/inst/clk_out1_design_1_clk_wiz_0_0
    BUFGCTRL_X0Y17       BUFG (Prop_bufg_I_O)         0.029    -1.740 r  design_1_i/clk_wiz_0/inst/clkout1_buf/O
                         net (fo=180, routed)         0.823    -0.917    design_1_i/SpeedSensor_1/U0/SpeedSensor_slave_lite_v1_0_S00_AXI_inst/Core1/Clk
    SLICE_X42Y91         FDRE                                         r  design_1_i/SpeedSensor_1/U0/SpeedSensor_slave_lite_v1_0_S00_AXI_inst/Core1/pulse_count_reg[10]/C
                         clock pessimism              0.000    -0.917    
                         clock uncertainty            0.263    -0.653    
    SLICE_X42Y91         FDRE (Hold_fdre_C_R)         0.009    -0.644    design_1_i/SpeedSensor_1/U0/SpeedSensor_slave_lite_v1_0_S00_AXI_inst/Core1/pulse_count_reg[10]
  -------------------------------------------------------------------
                         required time                          0.644    
                         arrival time                           1.411    
  -------------------------------------------------------------------
                         slack                                  2.055    

Slack (MET) :             2.055ns  (arrival time - required time)
  Source:                 design_1_i/SpeedSensor_1/U0/SpeedSensor_slave_lite_v1_0_S00_AXI_inst/slv_reg0_reg[0]/C
                            (rising edge-triggered cell FDRE clocked by clk_fpga_0  {rise@0.000ns fall@5.000ns period=10.000ns})
  Destination:            design_1_i/SpeedSensor_1/U0/SpeedSensor_slave_lite_v1_0_S00_AXI_inst/Core1/pulse_count_reg[11]/R
                            (rising edge-triggered cell FDRE clocked by clk_out1_design_1_clk_wiz_0_0  {rise@0.000ns fall@5.000ns period=10.000ns})
  Path Group:             clk_out1_design_1_clk_wiz_0_0
  Path Type:              Hold (Min at Fast Process Corner)
  Requirement:            0.000ns  (clk_out1_design_1_clk_wiz_0_0 rise@0.000ns - clk_fpga_0 rise@0.000ns)
  Data Path Delay:        0.521ns  (logic 0.141ns (27.063%)  route 0.380ns (72.937%))
  Logic Levels:           0  
  Clock Path Skew:        -1.806ns (DCD - SCD - CPR)
    Destination Clock Delay (DCD):    -0.917ns
    Source Clock Delay      (SCD):    0.890ns
    Clock Pessimism Removal (CPR):    -0.000ns
  Clock Uncertainty:      0.263ns  ((TSJ^2 + TIJ^2 + DJ^2)^1/2) / 2 + PE
    Total System Jitter     (TSJ):    0.071ns
    Total Input Jitter      (TIJ):    0.300ns
    Discrete Jitter          (DJ):    0.125ns
    Phase Error              (PE):    0.097ns
  Clock Domain Crossing:  Inter clock paths are considered valid unless explicitly excluded by timing constraints such as set_clock_groups or set_false_path.

    Location             Delay type                Incr(ns)  Path(ns)    Netlist Resource(s)
  -------------------------------------------------------------------    -------------------
                         (clock clk_fpga_0 rise edge)
                                                      0.000     0.000 r  
    PS7_X0Y0             PS7                          0.000     0.000 r  design_1_i/processing_system7_0/inst/PS7_i/FCLKCLK[0]
                         net (fo=1, routed)           0.310     0.310    design_1_i/processing_system7_0/inst/FCLK_CLK_unbuffered[0]
    BUFGCTRL_X0Y16       BUFG (Prop_bufg_I_O)         0.026     0.336 r  design_1_i/processing_system7_0/inst/buffer_fclk_clk_0.FCLK_CLK_0_BUFG/O
                         net (fo=2496, routed)        0.554     0.890    design_1_i/SpeedSensor_1/U0/SpeedSensor_slave_lite_v1_0_S00_AXI_inst/s00_axi_aclk
    SLICE_X44Y89         FDRE                                         r  design_1_i/SpeedSensor_1/U0/SpeedSensor_slave_lite_v1_0_S00_AXI_inst/slv_reg0_reg[0]/C
  -------------------------------------------------------------------    -------------------
    SLICE_X44Y89         FDRE (Prop_fdre_C_Q)         0.141     1.031 r  design_1_i/SpeedSensor_1/U0/SpeedSensor_slave_lite_v1_0_S00_AXI_inst/slv_reg0_reg[0]/Q
                         net (fo=34, routed)          0.380     1.411    design_1_i/SpeedSensor_1/U0/SpeedSensor_slave_lite_v1_0_S00_AXI_inst/Core1/Q[0]
    SLICE_X42Y91         FDRE                                         r  design_1_i/SpeedSensor_1/U0/SpeedSensor_slave_lite_v1_0_S00_AXI_inst/Core1/pulse_count_reg[11]/R
  -------------------------------------------------------------------    -------------------

                         (clock clk_out1_design_1_clk_wiz_0_0 rise edge)
                                                      0.000     0.000 r  
    H16                                               0.000     0.000 r  sys_clock (IN)
                         net (fo=0)                   0.000     0.000    design_1_i/clk_wiz_0/inst/clk_in1
    H16                  IBUF (Prop_ibuf_I_O)         0.406     0.406 r  design_1_i/clk_wiz_0/inst/clkin1_ibufg/O
                         net (fo=1, routed)           0.480     0.886    design_1_i/clk_wiz_0/inst/clk_in1_design_1_clk_wiz_0_0
    MMCME2_ADV_X1Y2      MMCME2_ADV (Prop_mmcme2_adv_CLKIN1_CLKOUT0)
                                                     -3.407    -2.521 r  design_1_i/clk_wiz_0/inst/mmcm_adv_inst/CLKOUT0
                         net (fo=1, routed)           0.752    -1.769    design_1_i/clk_wiz_0/inst/clk_out1_design_1_clk_wiz_0_0
    BUFGCTRL_X0Y17       BUFG (Prop_bufg_I_O)         0.029    -1.740 r  design_1_i/clk_wiz_0/inst/clkout1_buf/O
                         net (fo=180, routed)         0.823    -0.917    design_1_i/SpeedSensor_1/U0/SpeedSensor_slave_lite_v1_0_S00_AXI_inst/Core1/Clk
    SLICE_X42Y91         FDRE                                         r  design_1_i/SpeedSensor_1/U0/SpeedSensor_slave_lite_v1_0_S00_AXI_inst/Core1/pulse_count_reg[11]/C
                         clock pessimism              0.000    -0.917    
                         clock uncertainty            0.263    -0.653    
    SLICE_X42Y91         FDRE (Hold_fdre_C_R)         0.009    -0.644    design_1_i/SpeedSensor_1/U0/SpeedSensor_slave_lite_v1_0_S00_AXI_inst/Core1/pulse_count_reg[11]
  -------------------------------------------------------------------
                         required time                          0.644    
                         arrival time                           1.411    
  -------------------------------------------------------------------
                         slack                                  2.055    

Slack (MET) :             2.055ns  (arrival time - required time)
  Source:                 design_1_i/SpeedSensor_1/U0/SpeedSensor_slave_lite_v1_0_S00_AXI_inst/slv_reg0_reg[0]/C
                            (rising edge-triggered cell FDRE clocked by clk_fpga_0  {rise@0.000ns fall@5.000ns period=10.000ns})
  Destination:            design_1_i/SpeedSensor_1/U0/SpeedSensor_slave_lite_v1_0_S00_AXI_inst/Core1/pulse_count_reg[8]/R
                            (rising edge-triggered cell FDRE clocked by clk_out1_design_1_clk_wiz_0_0  {rise@0.000ns fall@5.000ns period=10.000ns})
  Path Group:             clk_out1_design_1_clk_wiz_0_0
  Path Type:              Hold (Min at Fast Process Corner)
  Requirement:            0.000ns  (clk_out1_design_1_clk_wiz_0_0 rise@0.000ns - clk_fpga_0 rise@0.000ns)
  Data Path Delay:        0.521ns  (logic 0.141ns (27.063%)  route 0.380ns (72.937%))
  Logic Levels:           0  
  Clock Path Skew:        -1.806ns (DCD - SCD - CPR)
    Destination Clock Delay (DCD):    -0.917ns
    Source Clock Delay      (SCD):    0.890ns
    Clock Pessimism Removal (CPR):    -0.000ns
  Clock Uncertainty:      0.263ns  ((TSJ^2 + TIJ^2 + DJ^2)^1/2) / 2 + PE
    Total System Jitter     (TSJ):    0.071ns
    Total Input Jitter      (TIJ):    0.300ns
    Discrete Jitter          (DJ):    0.125ns
    Phase Error              (PE):    0.097ns
  Clock Domain Crossing:  Inter clock paths are considered valid unless explicitly excluded by timing constraints such as set_clock_groups or set_false_path.

    Location             Delay type                Incr(ns)  Path(ns)    Netlist Resource(s)
  -------------------------------------------------------------------    -------------------
                         (clock clk_fpga_0 rise edge)
                                                      0.000     0.000 r  
    PS7_X0Y0             PS7                          0.000     0.000 r  design_1_i/processing_system7_0/inst/PS7_i/FCLKCLK[0]
                         net (fo=1, routed)           0.310     0.310    design_1_i/processing_system7_0/inst/FCLK_CLK_unbuffered[0]
    BUFGCTRL_X0Y16       BUFG (Prop_bufg_I_O)         0.026     0.336 r  design_1_i/processing_system7_0/inst/buffer_fclk_clk_0.FCLK_CLK_0_BUFG/O
                         net (fo=2496, routed)        0.554     0.890    design_1_i/SpeedSensor_1/U0/SpeedSensor_slave_lite_v1_0_S00_AXI_inst/s00_axi_aclk
    SLICE_X44Y89         FDRE                                         r  design_1_i/SpeedSensor_1/U0/SpeedSensor_slave_lite_v1_0_S00_AXI_inst/slv_reg0_reg[0]/C
  -------------------------------------------------------------------    -------------------
    SLICE_X44Y89         FDRE (Prop_fdre_C_Q)         0.141     1.031 r  design_1_i/SpeedSensor_1/U0/SpeedSensor_slave_lite_v1_0_S00_AXI_inst/slv_reg0_reg[0]/Q
                         net (fo=34, routed)          0.380     1.411    design_1_i/SpeedSensor_1/U0/SpeedSensor_slave_lite_v1_0_S00_AXI_inst/Core1/Q[0]
    SLICE_X42Y91         FDRE                                         r  design_1_i/SpeedSensor_1/U0/SpeedSensor_slave_lite_v1_0_S00_AXI_inst/Core1/pulse_count_reg[8]/R
  -------------------------------------------------------------------    -------------------

                         (clock clk_out1_design_1_clk_wiz_0_0 rise edge)
                                                      0.000     0.000 r  
    H16                                               0.000     0.000 r  sys_clock (IN)
                         net (fo=0)                   0.000     0.000    design_1_i/clk_wiz_0/inst/clk_in1
    H16                  IBUF (Prop_ibuf_I_O)         0.406     0.406 r  design_1_i/clk_wiz_0/inst/clkin1_ibufg/O
                         net (fo=1, routed)           0.480     0.886    design_1_i/clk_wiz_0/inst/clk_in1_design_1_clk_wiz_0_0
    MMCME2_ADV_X1Y2      MMCME2_ADV (Prop_mmcme2_adv_CLKIN1_CLKOUT0)
                                                     -3.407    -2.521 r  design_1_i/clk_wiz_0/inst/mmcm_adv_inst/CLKOUT0
                         net (fo=1, routed)           0.752    -1.769    design_1_i/clk_wiz_0/inst/clk_out1_design_1_clk_wiz_0_0
    BUFGCTRL_X0Y17       BUFG (Prop_bufg_I_O)         0.029    -1.740 r  design_1_i/clk_wiz_0/inst/clkout1_buf/O
                         net (fo=180, routed)         0.823    -0.917    design_1_i/SpeedSensor_1/U0/SpeedSensor_slave_lite_v1_0_S00_AXI_inst/Core1/Clk
    SLICE_X42Y91         FDRE                                         r  design_1_i/SpeedSensor_1/U0/SpeedSensor_slave_lite_v1_0_S00_AXI_inst/Core1/pulse_count_reg[8]/C
                         clock pessimism              0.000    -0.917    
                         clock uncertainty            0.263    -0.653    
    SLICE_X42Y91         FDRE (Hold_fdre_C_R)         0.009    -0.644    design_1_i/SpeedSensor_1/U0/SpeedSensor_slave_lite_v1_0_S00_AXI_inst/Core1/pulse_count_reg[8]
  -------------------------------------------------------------------
                         required time                          0.644    
                         arrival time                           1.411    
  -------------------------------------------------------------------
                         slack                                  2.055    

Slack (MET) :             2.055ns  (arrival time - required time)
  Source:                 design_1_i/SpeedSensor_1/U0/SpeedSensor_slave_lite_v1_0_S00_AXI_inst/slv_reg0_reg[0]/C
                            (rising edge-triggered cell FDRE clocked by clk_fpga_0  {rise@0.000ns fall@5.000ns period=10.000ns})
  Destination:            design_1_i/SpeedSensor_1/U0/SpeedSensor_slave_lite_v1_0_S00_AXI_inst/Core1/pulse_count_reg[9]/R
                            (rising edge-triggered cell FDRE clocked by clk_out1_design_1_clk_wiz_0_0  {rise@0.000ns fall@5.000ns period=10.000ns})
  Path Group:             clk_out1_design_1_clk_wiz_0_0
  Path Type:              Hold (Min at Fast Process Corner)
  Requirement:            0.000ns  (clk_out1_design_1_clk_wiz_0_0 rise@0.000ns - clk_fpga_0 rise@0.000ns)
  Data Path Delay:        0.521ns  (logic 0.141ns (27.063%)  route 0.380ns (72.937%))
  Logic Levels:           0  
  Clock Path Skew:        -1.806ns (DCD - SCD - CPR)
    Destination Clock Delay (DCD):    -0.917ns
    Source Clock Delay      (SCD):    0.890ns
    Clock Pessimism Removal (CPR):    -0.000ns
  Clock Uncertainty:      0.263ns  ((TSJ^2 + TIJ^2 + DJ^2)^1/2) / 2 + PE
    Total System Jitter     (TSJ):    0.071ns
    Total Input Jitter      (TIJ):    0.300ns
    Discrete Jitter          (DJ):    0.125ns
    Phase Error              (PE):    0.097ns
  Clock Domain Crossing:  Inter clock paths are considered valid unless explicitly excluded by timing constraints such as set_clock_groups or set_false_path.

    Location             Delay type                Incr(ns)  Path(ns)    Netlist Resource(s)
  -------------------------------------------------------------------    -------------------
                         (clock clk_fpga_0 rise edge)
                                                      0.000     0.000 r  
    PS7_X0Y0             PS7                          0.000     0.000 r  design_1_i/processing_system7_0/inst/PS7_i/FCLKCLK[0]
                         net (fo=1, routed)           0.310     0.310    design_1_i/processing_system7_0/inst/FCLK_CLK_unbuffered[0]
    BUFGCTRL_X0Y16       BUFG (Prop_bufg_I_O)         0.026     0.336 r  design_1_i/processing_system7_0/inst/buffer_fclk_clk_0.FCLK_CLK_0_BUFG/O
                         net (fo=2496, routed)        0.554     0.890    design_1_i/SpeedSensor_1/U0/SpeedSensor_slave_lite_v1_0_S00_AXI_inst/s00_axi_aclk
    SLICE_X44Y89         FDRE                                         r  design_1_i/SpeedSensor_1/U0/SpeedSensor_slave_lite_v1_0_S00_AXI_inst/slv_reg0_reg[0]/C
  -------------------------------------------------------------------    -------------------
    SLICE_X44Y89         FDRE (Prop_fdre_C_Q)         0.141     1.031 r  design_1_i/SpeedSensor_1/U0/SpeedSensor_slave_lite_v1_0_S00_AXI_inst/slv_reg0_reg[0]/Q
                         net (fo=34, routed)          0.380     1.411    design_1_i/SpeedSensor_1/U0/SpeedSensor_slave_lite_v1_0_S00_AXI_inst/Core1/Q[0]
    SLICE_X42Y91         FDRE                                         r  design_1_i/SpeedSensor_1/U0/SpeedSensor_slave_lite_v1_0_S00_AXI_inst/Core1/pulse_count_reg[9]/R
  -------------------------------------------------------------------    -------------------

                         (clock clk_out1_design_1_clk_wiz_0_0 rise edge)
                                                      0.000     0.000 r  
    H16                                               0.000     0.000 r  sys_clock (IN)
                         net (fo=0)                   0.000     0.000    design_1_i/clk_wiz_0/inst/clk_in1
    H16                  IBUF (Prop_ibuf_I_O)         0.406     0.406 r  design_1_i/clk_wiz_0/inst/clkin1_ibufg/O
                         net (fo=1, routed)           0.480     0.886    design_1_i/clk_wiz_0/inst/clk_in1_design_1_clk_wiz_0_0
    MMCME2_ADV_X1Y2      MMCME2_ADV (Prop_mmcme2_adv_CLKIN1_CLKOUT0)
                                                     -3.407    -2.521 r  design_1_i/clk_wiz_0/inst/mmcm_adv_inst/CLKOUT0
                         net (fo=1, routed)           0.752    -1.769    design_1_i/clk_wiz_0/inst/clk_out1_design_1_clk_wiz_0_0
    BUFGCTRL_X0Y17       BUFG (Prop_bufg_I_O)         0.029    -1.740 r  design_1_i/clk_wiz_0/inst/clkout1_buf/O
                         net (fo=180, routed)         0.823    -0.917    design_1_i/SpeedSensor_1/U0/SpeedSensor_slave_lite_v1_0_S00_AXI_inst/Core1/Clk
    SLICE_X42Y91         FDRE                                         r  design_1_i/SpeedSensor_1/U0/SpeedSensor_slave_lite_v1_0_S00_AXI_inst/Core1/pulse_count_reg[9]/C
                         clock pessimism              0.000    -0.917    
                         clock uncertainty            0.263    -0.653    
    SLICE_X42Y91         FDRE (Hold_fdre_C_R)         0.009    -0.644    design_1_i/SpeedSensor_1/U0/SpeedSensor_slave_lite_v1_0_S00_AXI_inst/Core1/pulse_count_reg[9]
  -------------------------------------------------------------------
                         required time                          0.644    
                         arrival time                           1.411    
  -------------------------------------------------------------------
                         slack                                  2.055    





--------------------------------------------------------------------------------------
Path Group:  (none)
From Clock:  
  To Clock:  clk_fpga_0

Max Delay            33 Endpoints
Min Delay            33 Endpoints
--------------------------------------------------------------------------------------


Max Delay Paths
--------------------------------------------------------------------------------------
Slack:                    inf
  Source:                 GPIO_0_tri_io[1]
                            (input port)
  Destination:            design_1_i/axi_gpio_0/U0/gpio_core_1/Not_Dual.INPUT_DOUBLE_REGS3/GENERATE_LEVEL_P_S_CDC.MULTI_BIT.FOR_IN_cdc_to[1].CROSS2_PLEVEL_IN2SCNDRY_IN_cdc_to/D
                            (rising edge-triggered cell FDRE clocked by clk_fpga_0  {rise@0.000ns fall@5.000ns period=10.000ns})
  Path Group:             (none)
  Path Type:              Setup (Max at Slow Process Corner)
  Data Path Delay:        5.698ns  (logic 1.547ns (27.151%)  route 4.151ns (72.849%))
  Logic Levels:           1  (IBUF=1)
  Clock Path Skew:        2.646ns (DCD - SCD + CPR)
    Destination Clock Delay (DCD):    2.646ns
    Source Clock Delay      (SCD):    0.000ns
    Clock Pessimism Removal (CPR):    0.000ns
  Clock Uncertainty:      0.152ns  ((TSJ^2 + TIJ^2)^1/2 + DJ) / 2 + PE
    Total System Jitter     (TSJ):    0.050ns
    Total Input Jitter      (TIJ):    0.300ns
    Discrete Jitter          (DJ):    0.000ns
    Phase Error              (PE):    0.000ns
  Timing Exception:       False Path

    Location             Delay type                Incr(ns)  Path(ns)    Netlist Resource(s)
  -------------------------------------------------------------------    -------------------
    Y12                                               0.000     0.000 r  GPIO_0_tri_io[1] (INOUT)
                         net (fo=1, unset)            0.000     0.000    GPIO_0_tri_iobuf_1/IO
    Y12                  IBUF (Prop_ibuf_I_O)         1.547     1.547 r  GPIO_0_tri_iobuf_1/IBUF/O
                         net (fo=1, routed)           4.151     5.698    design_1_i/axi_gpio_0/U0/gpio_core_1/Not_Dual.INPUT_DOUBLE_REGS3/gpio_io_i[1]
    SLICE_X32Y78         FDRE                                         r  design_1_i/axi_gpio_0/U0/gpio_core_1/Not_Dual.INPUT_DOUBLE_REGS3/GENERATE_LEVEL_P_S_CDC.MULTI_BIT.FOR_IN_cdc_to[1].CROSS2_PLEVEL_IN2SCNDRY_IN_cdc_to/D
  -------------------------------------------------------------------    -------------------

                         (clock clk_fpga_0 rise edge)
                                                      0.000     0.000 r  
    PS7_X0Y0             PS7                          0.000     0.000 r  design_1_i/processing_system7_0/inst/PS7_i/FCLKCLK[0]
                         net (fo=1, routed)           1.088     1.088    design_1_i/processing_system7_0/inst/FCLK_CLK_unbuffered[0]
    BUFGCTRL_X0Y16       BUFG (Prop_bufg_I_O)         0.091     1.179 r  design_1_i/processing_system7_0/inst/buffer_fclk_clk_0.FCLK_CLK_0_BUFG/O
                         net (fo=2496, routed)        1.467     2.646    design_1_i/axi_gpio_0/U0/gpio_core_1/Not_Dual.INPUT_DOUBLE_REGS3/s_axi_aclk
    SLICE_X32Y78         FDRE                                         r  design_1_i/axi_gpio_0/U0/gpio_core_1/Not_Dual.INPUT_DOUBLE_REGS3/GENERATE_LEVEL_P_S_CDC.MULTI_BIT.FOR_IN_cdc_to[1].CROSS2_PLEVEL_IN2SCNDRY_IN_cdc_to/C

Slack:                    inf
  Source:                 GPIO_0_tri_io[4]
                            (input port)
  Destination:            design_1_i/axi_gpio_0/U0/gpio_core_1/Not_Dual.INPUT_DOUBLE_REGS3/GENERATE_LEVEL_P_S_CDC.MULTI_BIT.FOR_IN_cdc_to[4].CROSS2_PLEVEL_IN2SCNDRY_IN_cdc_to/D
                            (rising edge-triggered cell FDRE clocked by clk_fpga_0  {rise@0.000ns fall@5.000ns period=10.000ns})
  Path Group:             (none)
  Path Type:              Setup (Max at Slow Process Corner)
  Data Path Delay:        5.608ns  (logic 1.515ns (27.025%)  route 4.092ns (72.975%))
  Logic Levels:           1  (IBUF=1)
  Clock Path Skew:        2.641ns (DCD - SCD + CPR)
    Destination Clock Delay (DCD):    2.641ns
    Source Clock Delay      (SCD):    0.000ns
    Clock Pessimism Removal (CPR):    0.000ns
  Clock Uncertainty:      0.152ns  ((TSJ^2 + TIJ^2)^1/2 + DJ) / 2 + PE
    Total System Jitter     (TSJ):    0.050ns
    Total Input Jitter      (TIJ):    0.300ns
    Discrete Jitter          (DJ):    0.000ns
    Phase Error              (PE):    0.000ns
  Timing Exception:       False Path

    Location             Delay type                Incr(ns)  Path(ns)    Netlist Resource(s)
  -------------------------------------------------------------------    -------------------
    T5                                                0.000     0.000 r  GPIO_0_tri_io[4] (INOUT)
                         net (fo=1, unset)            0.000     0.000    GPIO_0_tri_iobuf_4/IO
    T5                   IBUF (Prop_ibuf_I_O)         1.515     1.515 r  GPIO_0_tri_iobuf_4/IBUF/O
                         net (fo=1, routed)           4.092     5.608    design_1_i/axi_gpio_0/U0/gpio_core_1/Not_Dual.INPUT_DOUBLE_REGS3/gpio_io_i[4]
    SLICE_X32Y75         FDRE                                         r  design_1_i/axi_gpio_0/U0/gpio_core_1/Not_Dual.INPUT_DOUBLE_REGS3/GENERATE_LEVEL_P_S_CDC.MULTI_BIT.FOR_IN_cdc_to[4].CROSS2_PLEVEL_IN2SCNDRY_IN_cdc_to/D
  -------------------------------------------------------------------    -------------------

                         (clock clk_fpga_0 rise edge)
                                                      0.000     0.000 r  
    PS7_X0Y0             PS7                          0.000     0.000 r  design_1_i/processing_system7_0/inst/PS7_i/FCLKCLK[0]
                         net (fo=1, routed)           1.088     1.088    design_1_i/processing_system7_0/inst/FCLK_CLK_unbuffered[0]
    BUFGCTRL_X0Y16       BUFG (Prop_bufg_I_O)         0.091     1.179 r  design_1_i/processing_system7_0/inst/buffer_fclk_clk_0.FCLK_CLK_0_BUFG/O
                         net (fo=2496, routed)        1.462     2.641    design_1_i/axi_gpio_0/U0/gpio_core_1/Not_Dual.INPUT_DOUBLE_REGS3/s_axi_aclk
    SLICE_X32Y75         FDRE                                         r  design_1_i/axi_gpio_0/U0/gpio_core_1/Not_Dual.INPUT_DOUBLE_REGS3/GENERATE_LEVEL_P_S_CDC.MULTI_BIT.FOR_IN_cdc_to[4].CROSS2_PLEVEL_IN2SCNDRY_IN_cdc_to/C

Slack:                    inf
  Source:                 GPIO_0_tri_io[2]
                            (input port)
  Destination:            design_1_i/axi_gpio_0/U0/gpio_core_1/Not_Dual.INPUT_DOUBLE_REGS3/GENERATE_LEVEL_P_S_CDC.MULTI_BIT.FOR_IN_cdc_to[2].CROSS2_PLEVEL_IN2SCNDRY_IN_cdc_to/D
                            (rising edge-triggered cell FDRE clocked by clk_fpga_0  {rise@0.000ns fall@5.000ns period=10.000ns})
  Path Group:             (none)
  Path Type:              Setup (Max at Slow Process Corner)
  Data Path Delay:        5.508ns  (logic 1.530ns (27.777%)  route 3.978ns (72.223%))
  Logic Levels:           1  (IBUF=1)
  Clock Path Skew:        2.642ns (DCD - SCD + CPR)
    Destination Clock Delay (DCD):    2.642ns
    Source Clock Delay      (SCD):    0.000ns
    Clock Pessimism Removal (CPR):    0.000ns
  Clock Uncertainty:      0.152ns  ((TSJ^2 + TIJ^2)^1/2 + DJ) / 2 + PE
    Total System Jitter     (TSJ):    0.050ns
    Total Input Jitter      (TIJ):    0.300ns
    Discrete Jitter          (DJ):    0.000ns
    Phase Error              (PE):    0.000ns
  Timing Exception:       False Path

    Location             Delay type                Incr(ns)  Path(ns)    Netlist Resource(s)
  -------------------------------------------------------------------    -------------------
    W11                                               0.000     0.000 r  GPIO_0_tri_io[2] (INOUT)
                         net (fo=1, unset)            0.000     0.000    GPIO_0_tri_iobuf_2/IO
    W11                  IBUF (Prop_ibuf_I_O)         1.530     1.530 r  GPIO_0_tri_iobuf_2/IBUF/O
                         net (fo=1, routed)           3.978     5.508    design_1_i/axi_gpio_0/U0/gpio_core_1/Not_Dual.INPUT_DOUBLE_REGS3/gpio_io_i[2]
    SLICE_X34Y75         FDRE                                         r  design_1_i/axi_gpio_0/U0/gpio_core_1/Not_Dual.INPUT_DOUBLE_REGS3/GENERATE_LEVEL_P_S_CDC.MULTI_BIT.FOR_IN_cdc_to[2].CROSS2_PLEVEL_IN2SCNDRY_IN_cdc_to/D
  -------------------------------------------------------------------    -------------------

                         (clock clk_fpga_0 rise edge)
                                                      0.000     0.000 r  
    PS7_X0Y0             PS7                          0.000     0.000 r  design_1_i/processing_system7_0/inst/PS7_i/FCLKCLK[0]
                         net (fo=1, routed)           1.088     1.088    design_1_i/processing_system7_0/inst/FCLK_CLK_unbuffered[0]
    BUFGCTRL_X0Y16       BUFG (Prop_bufg_I_O)         0.091     1.179 r  design_1_i/processing_system7_0/inst/buffer_fclk_clk_0.FCLK_CLK_0_BUFG/O
                         net (fo=2496, routed)        1.463     2.642    design_1_i/axi_gpio_0/U0/gpio_core_1/Not_Dual.INPUT_DOUBLE_REGS3/s_axi_aclk
    SLICE_X34Y75         FDRE                                         r  design_1_i/axi_gpio_0/U0/gpio_core_1/Not_Dual.INPUT_DOUBLE_REGS3/GENERATE_LEVEL_P_S_CDC.MULTI_BIT.FOR_IN_cdc_to[2].CROSS2_PLEVEL_IN2SCNDRY_IN_cdc_to/C

Slack:                    inf
  Source:                 GPIO_0_tri_io[0]
                            (input port)
  Destination:            design_1_i/axi_gpio_0/U0/gpio_core_1/Not_Dual.INPUT_DOUBLE_REGS3/GENERATE_LEVEL_P_S_CDC.MULTI_BIT.FOR_IN_cdc_to[0].CROSS2_PLEVEL_IN2SCNDRY_IN_cdc_to/D
                            (rising edge-triggered cell FDRE clocked by clk_fpga_0  {rise@0.000ns fall@5.000ns period=10.000ns})
  Path Group:             (none)
  Path Type:              Setup (Max at Slow Process Corner)
  Data Path Delay:        5.399ns  (logic 1.533ns (28.400%)  route 3.866ns (71.600%))
  Logic Levels:           1  (IBUF=1)
  Clock Path Skew:        2.690ns (DCD - SCD + CPR)
    Destination Clock Delay (DCD):    2.690ns
    Source Clock Delay      (SCD):    0.000ns
    Clock Pessimism Removal (CPR):    0.000ns
  Clock Uncertainty:      0.152ns  ((TSJ^2 + TIJ^2)^1/2 + DJ) / 2 + PE
    Total System Jitter     (TSJ):    0.050ns
    Total Input Jitter      (TIJ):    0.300ns
    Discrete Jitter          (DJ):    0.000ns
    Phase Error              (PE):    0.000ns
  Timing Exception:       False Path

    Location             Delay type                Incr(ns)  Path(ns)    Netlist Resource(s)
  -------------------------------------------------------------------    -------------------
    Y11                                               0.000     0.000 r  GPIO_0_tri_io[0] (INOUT)
                         net (fo=1, unset)            0.000     0.000    GPIO_0_tri_iobuf_0/IO
    Y11                  IBUF (Prop_ibuf_I_O)         1.533     1.533 r  GPIO_0_tri_iobuf_0/IBUF/O
                         net (fo=1, routed)           3.866     5.399    design_1_i/axi_gpio_0/U0/gpio_core_1/Not_Dual.INPUT_DOUBLE_REGS3/gpio_io_i[0]
    SLICE_X30Y77         FDRE                                         r  design_1_i/axi_gpio_0/U0/gpio_core_1/Not_Dual.INPUT_DOUBLE_REGS3/GENERATE_LEVEL_P_S_CDC.MULTI_BIT.FOR_IN_cdc_to[0].CROSS2_PLEVEL_IN2SCNDRY_IN_cdc_to/D
  -------------------------------------------------------------------    -------------------

                         (clock clk_fpga_0 rise edge)
                                                      0.000     0.000 r  
    PS7_X0Y0             PS7                          0.000     0.000 r  design_1_i/processing_system7_0/inst/PS7_i/FCLKCLK[0]
                         net (fo=1, routed)           1.088     1.088    design_1_i/processing_system7_0/inst/FCLK_CLK_unbuffered[0]
    BUFGCTRL_X0Y16       BUFG (Prop_bufg_I_O)         0.091     1.179 r  design_1_i/processing_system7_0/inst/buffer_fclk_clk_0.FCLK_CLK_0_BUFG/O
                         net (fo=2496, routed)        1.511     2.690    design_1_i/axi_gpio_0/U0/gpio_core_1/Not_Dual.INPUT_DOUBLE_REGS3/s_axi_aclk
    SLICE_X30Y77         FDRE                                         r  design_1_i/axi_gpio_0/U0/gpio_core_1/Not_Dual.INPUT_DOUBLE_REGS3/GENERATE_LEVEL_P_S_CDC.MULTI_BIT.FOR_IN_cdc_to[0].CROSS2_PLEVEL_IN2SCNDRY_IN_cdc_to/C

Slack:                    inf
  Source:                 GPIO_0_tri_io[5]
                            (input port)
  Destination:            design_1_i/axi_gpio_0/U0/gpio_core_1/Not_Dual.INPUT_DOUBLE_REGS3/GENERATE_LEVEL_P_S_CDC.MULTI_BIT.FOR_IN_cdc_to[5].CROSS2_PLEVEL_IN2SCNDRY_IN_cdc_to/D
                            (rising edge-triggered cell FDRE clocked by clk_fpga_0  {rise@0.000ns fall@5.000ns period=10.000ns})
  Path Group:             (none)
  Path Type:              Setup (Max at Slow Process Corner)
  Data Path Delay:        5.330ns  (logic 1.507ns (28.275%)  route 3.823ns (71.725%))
  Logic Levels:           1  (IBUF=1)
  Clock Path Skew:        2.644ns (DCD - SCD + CPR)
    Destination Clock Delay (DCD):    2.644ns
    Source Clock Delay      (SCD):    0.000ns
    Clock Pessimism Removal (CPR):    0.000ns
  Clock Uncertainty:      0.152ns  ((TSJ^2 + TIJ^2)^1/2 + DJ) / 2 + PE
    Total System Jitter     (TSJ):    0.050ns
    Total Input Jitter      (TIJ):    0.300ns
    Discrete Jitter          (DJ):    0.000ns
    Phase Error              (PE):    0.000ns
  Timing Exception:       False Path

    Location             Delay type                Incr(ns)  Path(ns)    Netlist Resource(s)
  -------------------------------------------------------------------    -------------------
    U10                                               0.000     0.000 r  GPIO_0_tri_io[5] (INOUT)
                         net (fo=1, unset)            0.000     0.000    GPIO_0_tri_iobuf_5/IO
    U10                  IBUF (Prop_ibuf_I_O)         1.507     1.507 r  GPIO_0_tri_iobuf_5/IBUF/O
                         net (fo=1, routed)           3.823     5.330    design_1_i/axi_gpio_0/U0/gpio_core_1/Not_Dual.INPUT_DOUBLE_REGS3/gpio_io_i[5]
    SLICE_X37Y77         FDRE                                         r  design_1_i/axi_gpio_0/U0/gpio_core_1/Not_Dual.INPUT_DOUBLE_REGS3/GENERATE_LEVEL_P_S_CDC.MULTI_BIT.FOR_IN_cdc_to[5].CROSS2_PLEVEL_IN2SCNDRY_IN_cdc_to/D
  -------------------------------------------------------------------    -------------------

                         (clock clk_fpga_0 rise edge)
                                                      0.000     0.000 r  
    PS7_X0Y0             PS7                          0.000     0.000 r  design_1_i/processing_system7_0/inst/PS7_i/FCLKCLK[0]
                         net (fo=1, routed)           1.088     1.088    design_1_i/processing_system7_0/inst/FCLK_CLK_unbuffered[0]
    BUFGCTRL_X0Y16       BUFG (Prop_bufg_I_O)         0.091     1.179 r  design_1_i/processing_system7_0/inst/buffer_fclk_clk_0.FCLK_CLK_0_BUFG/O
                         net (fo=2496, routed)        1.465     2.644    design_1_i/axi_gpio_0/U0/gpio_core_1/Not_Dual.INPUT_DOUBLE_REGS3/s_axi_aclk
    SLICE_X37Y77         FDRE                                         r  design_1_i/axi_gpio_0/U0/gpio_core_1/Not_Dual.INPUT_DOUBLE_REGS3/GENERATE_LEVEL_P_S_CDC.MULTI_BIT.FOR_IN_cdc_to[5].CROSS2_PLEVEL_IN2SCNDRY_IN_cdc_to/C

Slack:                    inf
  Source:                 GPIO_0_tri_io[3]
                            (input port)
  Destination:            design_1_i/axi_gpio_0/U0/gpio_core_1/Not_Dual.INPUT_DOUBLE_REGS3/GENERATE_LEVEL_P_S_CDC.MULTI_BIT.FOR_IN_cdc_to[3].CROSS2_PLEVEL_IN2SCNDRY_IN_cdc_to/D
                            (rising edge-triggered cell FDRE clocked by clk_fpga_0  {rise@0.000ns fall@5.000ns period=10.000ns})
  Path Group:             (none)
  Path Type:              Setup (Max at Slow Process Corner)
  Data Path Delay:        5.288ns  (logic 1.507ns (28.494%)  route 3.781ns (71.506%))
  Logic Levels:           1  (IBUF=1)
  Clock Path Skew:        2.643ns (DCD - SCD + CPR)
    Destination Clock Delay (DCD):    2.643ns
    Source Clock Delay      (SCD):    0.000ns
    Clock Pessimism Removal (CPR):    0.000ns
  Clock Uncertainty:      0.152ns  ((TSJ^2 + TIJ^2)^1/2 + DJ) / 2 + PE
    Total System Jitter     (TSJ):    0.050ns
    Total Input Jitter      (TIJ):    0.300ns
    Discrete Jitter          (DJ):    0.000ns
    Phase Error              (PE):    0.000ns
  Timing Exception:       False Path

    Location             Delay type                Incr(ns)  Path(ns)    Netlist Resource(s)
  -------------------------------------------------------------------    -------------------
    V11                                               0.000     0.000 r  GPIO_0_tri_io[3] (INOUT)
                         net (fo=1, unset)            0.000     0.000    GPIO_0_tri_iobuf_3/IO
    V11                  IBUF (Prop_ibuf_I_O)         1.507     1.507 r  GPIO_0_tri_iobuf_3/IBUF/O
                         net (fo=1, routed)           3.781     5.288    design_1_i/axi_gpio_0/U0/gpio_core_1/Not_Dual.INPUT_DOUBLE_REGS3/gpio_io_i[3]
    SLICE_X32Y76         FDRE                                         r  design_1_i/axi_gpio_0/U0/gpio_core_1/Not_Dual.INPUT_DOUBLE_REGS3/GENERATE_LEVEL_P_S_CDC.MULTI_BIT.FOR_IN_cdc_to[3].CROSS2_PLEVEL_IN2SCNDRY_IN_cdc_to/D
  -------------------------------------------------------------------    -------------------

                         (clock clk_fpga_0 rise edge)
                                                      0.000     0.000 r  
    PS7_X0Y0             PS7                          0.000     0.000 r  design_1_i/processing_system7_0/inst/PS7_i/FCLKCLK[0]
                         net (fo=1, routed)           1.088     1.088    design_1_i/processing_system7_0/inst/FCLK_CLK_unbuffered[0]
    BUFGCTRL_X0Y16       BUFG (Prop_bufg_I_O)         0.091     1.179 r  design_1_i/processing_system7_0/inst/buffer_fclk_clk_0.FCLK_CLK_0_BUFG/O
                         net (fo=2496, routed)        1.464     2.643    design_1_i/axi_gpio_0/U0/gpio_core_1/Not_Dual.INPUT_DOUBLE_REGS3/s_axi_aclk
    SLICE_X32Y76         FDRE                                         r  design_1_i/axi_gpio_0/U0/gpio_core_1/Not_Dual.INPUT_DOUBLE_REGS3/GENERATE_LEVEL_P_S_CDC.MULTI_BIT.FOR_IN_cdc_to[3].CROSS2_PLEVEL_IN2SCNDRY_IN_cdc_to/C

Slack:                    inf
  Source:                 GPIO_0_tri_io[25]
                            (input port)
  Destination:            design_1_i/axi_gpio_0/U0/gpio_core_1/Not_Dual.INPUT_DOUBLE_REGS3/GENERATE_LEVEL_P_S_CDC.MULTI_BIT.FOR_IN_cdc_to[25].CROSS2_PLEVEL_IN2SCNDRY_IN_cdc_to/D
                            (rising edge-triggered cell FDRE clocked by clk_fpga_0  {rise@0.000ns fall@5.000ns period=10.000ns})
  Path Group:             (none)
  Path Type:              Setup (Max at Slow Process Corner)
  Data Path Delay:        4.989ns  (logic 1.435ns (28.770%)  route 3.554ns (71.230%))
  Logic Levels:           1  (IBUF=1)
  Clock Path Skew:        2.890ns (DCD - SCD + CPR)
    Destination Clock Delay (DCD):    2.890ns
    Source Clock Delay      (SCD):    0.000ns
    Clock Pessimism Removal (CPR):    0.000ns
  Clock Uncertainty:      0.152ns  ((TSJ^2 + TIJ^2)^1/2 + DJ) / 2 + PE
    Total System Jitter     (TSJ):    0.050ns
    Total Input Jitter      (TIJ):    0.300ns
    Discrete Jitter          (DJ):    0.000ns
    Phase Error              (PE):    0.000ns
  Timing Exception:       False Path

    Location             Delay type                Incr(ns)  Path(ns)    Netlist Resource(s)
  -------------------------------------------------------------------    -------------------
    D18                                               0.000     0.000 r  GPIO_0_tri_io[25] (INOUT)
                         net (fo=1, unset)            0.000     0.000    GPIO_0_tri_iobuf_25/IO
    D18                  IBUF (Prop_ibuf_I_O)         1.435     1.435 r  GPIO_0_tri_iobuf_25/IBUF/O
                         net (fo=1, routed)           3.554     4.989    design_1_i/axi_gpio_0/U0/gpio_core_1/Not_Dual.INPUT_DOUBLE_REGS3/gpio_io_i[25]
    SLICE_X56Y104        FDRE                                         r  design_1_i/axi_gpio_0/U0/gpio_core_1/Not_Dual.INPUT_DOUBLE_REGS3/GENERATE_LEVEL_P_S_CDC.MULTI_BIT.FOR_IN_cdc_to[25].CROSS2_PLEVEL_IN2SCNDRY_IN_cdc_to/D
  -------------------------------------------------------------------    -------------------

                         (clock clk_fpga_0 rise edge)
                                                      0.000     0.000 r  
    PS7_X0Y0             PS7                          0.000     0.000 r  design_1_i/processing_system7_0/inst/PS7_i/FCLKCLK[0]
                         net (fo=1, routed)           1.088     1.088    design_1_i/processing_system7_0/inst/FCLK_CLK_unbuffered[0]
    BUFGCTRL_X0Y16       BUFG (Prop_bufg_I_O)         0.091     1.179 r  design_1_i/processing_system7_0/inst/buffer_fclk_clk_0.FCLK_CLK_0_BUFG/O
                         net (fo=2496, routed)        1.711     2.890    design_1_i/axi_gpio_0/U0/gpio_core_1/Not_Dual.INPUT_DOUBLE_REGS3/s_axi_aclk
    SLICE_X56Y104        FDRE                                         r  design_1_i/axi_gpio_0/U0/gpio_core_1/Not_Dual.INPUT_DOUBLE_REGS3/GENERATE_LEVEL_P_S_CDC.MULTI_BIT.FOR_IN_cdc_to[25].CROSS2_PLEVEL_IN2SCNDRY_IN_cdc_to/C

Slack:                    inf
  Source:                 GPIO_0_tri_io[8]
                            (input port)
  Destination:            design_1_i/axi_gpio_0/U0/gpio_core_1/Not_Dual.INPUT_DOUBLE_REGS3/GENERATE_LEVEL_P_S_CDC.MULTI_BIT.FOR_IN_cdc_to[8].CROSS2_PLEVEL_IN2SCNDRY_IN_cdc_to/D
                            (rising edge-triggered cell FDRE clocked by clk_fpga_0  {rise@0.000ns fall@5.000ns period=10.000ns})
  Path Group:             (none)
  Path Type:              Setup (Max at Slow Process Corner)
  Data Path Delay:        4.961ns  (logic 1.511ns (30.459%)  route 3.450ns (69.541%))
  Logic Levels:           1  (IBUF=1)
  Clock Path Skew:        2.642ns (DCD - SCD + CPR)
    Destination Clock Delay (DCD):    2.642ns
    Source Clock Delay      (SCD):    0.000ns
    Clock Pessimism Removal (CPR):    0.000ns
  Clock Uncertainty:      0.152ns  ((TSJ^2 + TIJ^2)^1/2 + DJ) / 2 + PE
    Total System Jitter     (TSJ):    0.050ns
    Total Input Jitter      (TIJ):    0.300ns
    Discrete Jitter          (DJ):    0.000ns
    Phase Error              (PE):    0.000ns
  Timing Exception:       False Path

    Location             Delay type                Incr(ns)  Path(ns)    Netlist Resource(s)
  -------------------------------------------------------------------    -------------------
    V17                                               0.000     0.000 r  GPIO_0_tri_io[8] (INOUT)
                         net (fo=1, unset)            0.000     0.000    GPIO_0_tri_iobuf_8/IO
    V17                  IBUF (Prop_ibuf_I_O)         1.511     1.511 r  GPIO_0_tri_iobuf_8/IBUF/O
                         net (fo=1, routed)           3.450     4.961    design_1_i/axi_gpio_0/U0/gpio_core_1/Not_Dual.INPUT_DOUBLE_REGS3/gpio_io_i[8]
    SLICE_X44Y76         FDRE                                         r  design_1_i/axi_gpio_0/U0/gpio_core_1/Not_Dual.INPUT_DOUBLE_REGS3/GENERATE_LEVEL_P_S_CDC.MULTI_BIT.FOR_IN_cdc_to[8].CROSS2_PLEVEL_IN2SCNDRY_IN_cdc_to/D
  -------------------------------------------------------------------    -------------------

                         (clock clk_fpga_0 rise edge)
                                                      0.000     0.000 r  
    PS7_X0Y0             PS7                          0.000     0.000 r  design_1_i/processing_system7_0/inst/PS7_i/FCLKCLK[0]
                         net (fo=1, routed)           1.088     1.088    design_1_i/processing_system7_0/inst/FCLK_CLK_unbuffered[0]
    BUFGCTRL_X0Y16       BUFG (Prop_bufg_I_O)         0.091     1.179 r  design_1_i/processing_system7_0/inst/buffer_fclk_clk_0.FCLK_CLK_0_BUFG/O
                         net (fo=2496, routed)        1.463     2.642    design_1_i/axi_gpio_0/U0/gpio_core_1/Not_Dual.INPUT_DOUBLE_REGS3/s_axi_aclk
    SLICE_X44Y76         FDRE                                         r  design_1_i/axi_gpio_0/U0/gpio_core_1/Not_Dual.INPUT_DOUBLE_REGS3/GENERATE_LEVEL_P_S_CDC.MULTI_BIT.FOR_IN_cdc_to[8].CROSS2_PLEVEL_IN2SCNDRY_IN_cdc_to/C

Slack:                    inf
  Source:                 GPIO_0_tri_io[14]
                            (input port)
  Destination:            design_1_i/axi_gpio_0/U0/gpio_core_1/Not_Dual.INPUT_DOUBLE_REGS3/GENERATE_LEVEL_P_S_CDC.MULTI_BIT.FOR_IN_cdc_to[14].CROSS2_PLEVEL_IN2SCNDRY_IN_cdc_to/D
                            (rising edge-triggered cell FDRE clocked by clk_fpga_0  {rise@0.000ns fall@5.000ns period=10.000ns})
  Path Group:             (none)
  Path Type:              Setup (Max at Slow Process Corner)
  Data Path Delay:        4.957ns  (logic 1.498ns (30.224%)  route 3.459ns (69.776%))
  Logic Levels:           1  (IBUF=1)
  Clock Path Skew:        2.628ns (DCD - SCD + CPR)
    Destination Clock Delay (DCD):    2.628ns
    Source Clock Delay      (SCD):    0.000ns
    Clock Pessimism Removal (CPR):    0.000ns
  Clock Uncertainty:      0.152ns  ((TSJ^2 + TIJ^2)^1/2 + DJ) / 2 + PE
    Total System Jitter     (TSJ):    0.050ns
    Total Input Jitter      (TIJ):    0.300ns
    Discrete Jitter          (DJ):    0.000ns
    Phase Error              (PE):    0.000ns
  Timing Exception:       False Path

    Location             Delay type                Incr(ns)  Path(ns)    Netlist Resource(s)
  -------------------------------------------------------------------    -------------------
    V16                                               0.000     0.000 r  GPIO_0_tri_io[14] (INOUT)
                         net (fo=1, unset)            0.000     0.000    GPIO_0_tri_iobuf_14/IO
    V16                  IBUF (Prop_ibuf_I_O)         1.498     1.498 r  GPIO_0_tri_iobuf_14/IBUF/O
                         net (fo=1, routed)           3.459     4.957    design_1_i/axi_gpio_0/U0/gpio_core_1/Not_Dual.INPUT_DOUBLE_REGS3/gpio_io_i[14]
    SLICE_X52Y75         FDRE                                         r  design_1_i/axi_gpio_0/U0/gpio_core_1/Not_Dual.INPUT_DOUBLE_REGS3/GENERATE_LEVEL_P_S_CDC.MULTI_BIT.FOR_IN_cdc_to[14].CROSS2_PLEVEL_IN2SCNDRY_IN_cdc_to/D
  -------------------------------------------------------------------    -------------------

                         (clock clk_fpga_0 rise edge)
                                                      0.000     0.000 r  
    PS7_X0Y0             PS7                          0.000     0.000 r  design_1_i/processing_system7_0/inst/PS7_i/FCLKCLK[0]
                         net (fo=1, routed)           1.088     1.088    design_1_i/processing_system7_0/inst/FCLK_CLK_unbuffered[0]
    BUFGCTRL_X0Y16       BUFG (Prop_bufg_I_O)         0.091     1.179 r  design_1_i/processing_system7_0/inst/buffer_fclk_clk_0.FCLK_CLK_0_BUFG/O
                         net (fo=2496, routed)        1.449     2.628    design_1_i/axi_gpio_0/U0/gpio_core_1/Not_Dual.INPUT_DOUBLE_REGS3/s_axi_aclk
    SLICE_X52Y75         FDRE                                         r  design_1_i/axi_gpio_0/U0/gpio_core_1/Not_Dual.INPUT_DOUBLE_REGS3/GENERATE_LEVEL_P_S_CDC.MULTI_BIT.FOR_IN_cdc_to[14].CROSS2_PLEVEL_IN2SCNDRY_IN_cdc_to/C

Slack:                    inf
  Source:                 GPIO_0_tri_io[7]
                            (input port)
  Destination:            design_1_i/axi_gpio_0/U0/gpio_core_1/Not_Dual.INPUT_DOUBLE_REGS3/GENERATE_LEVEL_P_S_CDC.MULTI_BIT.FOR_IN_cdc_to[7].CROSS2_PLEVEL_IN2SCNDRY_IN_cdc_to/D
                            (rising edge-triggered cell FDRE clocked by clk_fpga_0  {rise@0.000ns fall@5.000ns period=10.000ns})
  Path Group:             (none)
  Path Type:              Setup (Max at Slow Process Corner)
  Data Path Delay:        4.957ns  (logic 1.503ns (30.328%)  route 3.453ns (69.672%))
  Logic Levels:           1  (IBUF=1)
  Clock Path Skew:        2.640ns (DCD - SCD + CPR)
    Destination Clock Delay (DCD):    2.640ns
    Source Clock Delay      (SCD):    0.000ns
    Clock Pessimism Removal (CPR):    0.000ns
  Clock Uncertainty:      0.152ns  ((TSJ^2 + TIJ^2)^1/2 + DJ) / 2 + PE
    Total System Jitter     (TSJ):    0.050ns
    Total Input Jitter      (TIJ):    0.300ns
    Discrete Jitter          (DJ):    0.000ns
    Phase Error              (PE):    0.000ns
  Timing Exception:       False Path

    Location             Delay type                Incr(ns)  Path(ns)    Netlist Resource(s)
  -------------------------------------------------------------------    -------------------
    V18                                               0.000     0.000 r  GPIO_0_tri_io[7] (INOUT)
                         net (fo=1, unset)            0.000     0.000    GPIO_0_tri_iobuf_7/IO
    V18                  IBUF (Prop_ibuf_I_O)         1.503     1.503 r  GPIO_0_tri_iobuf_7/IBUF/O
                         net (fo=1, routed)           3.453     4.957    design_1_i/axi_gpio_0/U0/gpio_core_1/Not_Dual.INPUT_DOUBLE_REGS3/gpio_io_i[7]
    SLICE_X46Y75         FDRE                                         r  design_1_i/axi_gpio_0/U0/gpio_core_1/Not_Dual.INPUT_DOUBLE_REGS3/GENERATE_LEVEL_P_S_CDC.MULTI_BIT.FOR_IN_cdc_to[7].CROSS2_PLEVEL_IN2SCNDRY_IN_cdc_to/D
  -------------------------------------------------------------------    -------------------

                         (clock clk_fpga_0 rise edge)
                                                      0.000     0.000 r  
    PS7_X0Y0             PS7                          0.000     0.000 r  design_1_i/processing_system7_0/inst/PS7_i/FCLKCLK[0]
                         net (fo=1, routed)           1.088     1.088    design_1_i/processing_system7_0/inst/FCLK_CLK_unbuffered[0]
    BUFGCTRL_X0Y16       BUFG (Prop_bufg_I_O)         0.091     1.179 r  design_1_i/processing_system7_0/inst/buffer_fclk_clk_0.FCLK_CLK_0_BUFG/O
                         net (fo=2496, routed)        1.461     2.640    design_1_i/axi_gpio_0/U0/gpio_core_1/Not_Dual.INPUT_DOUBLE_REGS3/s_axi_aclk
    SLICE_X46Y75         FDRE                                         r  design_1_i/axi_gpio_0/U0/gpio_core_1/Not_Dual.INPUT_DOUBLE_REGS3/GENERATE_LEVEL_P_S_CDC.MULTI_BIT.FOR_IN_cdc_to[7].CROSS2_PLEVEL_IN2SCNDRY_IN_cdc_to/C





Min Delay Paths
--------------------------------------------------------------------------------------
Slack:                    inf
  Source:                 design_1_i/processing_system7_0/inst/PS7_i/FCLKRESETN[0]
                            (internal pin)
  Destination:            design_1_i/rst_ps7_0_100M/U0/EXT_LPF/ACTIVE_LOW_EXT.ACT_LO_EXT/GENERATE_LEVEL_P_S_CDC.SINGLE_BIT.CROSS_PLEVEL_IN2SCNDRY_IN_cdc_to/D
                            (rising edge-triggered cell FDRE clocked by clk_fpga_0  {rise@0.000ns fall@5.000ns period=10.000ns})
  Path Group:             (none)
  Path Type:              Hold (Min at Fast Process Corner)
  Data Path Delay:        0.724ns  (logic 0.045ns (6.219%)  route 0.679ns (93.781%))
  Logic Levels:           1  (LUT1=1)
  Clock Uncertainty:      0.152ns  ((TSJ^2 + TIJ^2)^1/2 + DJ) / 2 + PE
    Total System Jitter     (TSJ):    0.050ns
    Total Input Jitter      (TIJ):    0.300ns
    Discrete Jitter          (DJ):    0.000ns
    Phase Error              (PE):    0.000ns
  Timing Exception:       False Path

    Location             Delay type                Incr(ns)  Path(ns)    Netlist Resource(s)
  -------------------------------------------------------------------    -------------------
    PS7_X0Y0             PS7                          0.000     0.000 f  design_1_i/processing_system7_0/inst/PS7_i/FCLKRESETN[0]
                         net (fo=1, routed)           0.679     0.679    design_1_i/rst_ps7_0_100M/U0/EXT_LPF/ACTIVE_LOW_EXT.ACT_LO_EXT/ext_reset_in
    SLICE_X36Y79         LUT1 (Prop_lut1_I0_O)        0.045     0.724 r  design_1_i/rst_ps7_0_100M/U0/EXT_LPF/ACTIVE_LOW_EXT.ACT_LO_EXT/GENERATE_LEVEL_P_S_CDC.SINGLE_BIT.CROSS_PLEVEL_IN2SCNDRY_IN_cdc_to_i_1/O
                         net (fo=1, routed)           0.000     0.724    design_1_i/rst_ps7_0_100M/U0/EXT_LPF/ACTIVE_LOW_EXT.ACT_LO_EXT/exr_d1
    SLICE_X36Y79         FDRE                                         r  design_1_i/rst_ps7_0_100M/U0/EXT_LPF/ACTIVE_LOW_EXT.ACT_LO_EXT/GENERATE_LEVEL_P_S_CDC.SINGLE_BIT.CROSS_PLEVEL_IN2SCNDRY_IN_cdc_to/D
  -------------------------------------------------------------------    -------------------

                         (clock clk_fpga_0 rise edge)
                                                      0.000     0.000 r  
    PS7_X0Y0             PS7                          0.000     0.000 r  design_1_i/processing_system7_0/inst/PS7_i/FCLKCLK[0]
                         net (fo=1, routed)           0.337     0.337    design_1_i/processing_system7_0/inst/FCLK_CLK_unbuffered[0]
    BUFGCTRL_X0Y16       BUFG (Prop_bufg_I_O)         0.029     0.366 r  design_1_i/processing_system7_0/inst/buffer_fclk_clk_0.FCLK_CLK_0_BUFG/O
                         net (fo=2496, routed)        0.813     1.179    design_1_i/rst_ps7_0_100M/U0/EXT_LPF/ACTIVE_LOW_EXT.ACT_LO_EXT/slowest_sync_clk
    SLICE_X36Y79         FDRE                                         r  design_1_i/rst_ps7_0_100M/U0/EXT_LPF/ACTIVE_LOW_EXT.ACT_LO_EXT/GENERATE_LEVEL_P_S_CDC.SINGLE_BIT.CROSS_PLEVEL_IN2SCNDRY_IN_cdc_to/C

Slack:                    inf
  Source:                 GPIO_0_tri_io[29]
                            (input port)
  Destination:            design_1_i/axi_gpio_0/U0/gpio_core_1/Not_Dual.INPUT_DOUBLE_REGS3/GENERATE_LEVEL_P_S_CDC.MULTI_BIT.FOR_IN_cdc_to[29].CROSS2_PLEVEL_IN2SCNDRY_IN_cdc_to/D
                            (rising edge-triggered cell FDRE clocked by clk_fpga_0  {rise@0.000ns fall@5.000ns period=10.000ns})
  Path Group:             (none)
  Path Type:              Hold (Min at Fast Process Corner)
  Data Path Delay:        1.457ns  (logic 0.346ns (23.732%)  route 1.111ns (76.268%))
  Logic Levels:           1  (IBUF=1)
  Clock Path Skew:        1.202ns (DCD - SCD - CPR)
    Destination Clock Delay (DCD):    1.202ns
    Source Clock Delay      (SCD):    0.000ns
    Clock Pessimism Removal (CPR):    -0.000ns
  Timing Exception:       False Path

    Location             Delay type                Incr(ns)  Path(ns)    Netlist Resource(s)
  -------------------------------------------------------------------    -------------------
    W15                                               0.000     0.000 r  GPIO_0_tri_io[29] (INOUT)
                         net (fo=1, unset)            0.000     0.000    GPIO_0_tri_iobuf_29/IO
    W15                  IBUF (Prop_ibuf_I_O)         0.346     0.346 r  GPIO_0_tri_iobuf_29/IBUF/O
                         net (fo=1, routed)           1.111     1.457    design_1_i/axi_gpio_0/U0/gpio_core_1/Not_Dual.INPUT_DOUBLE_REGS3/gpio_io_i[29]
    SLICE_X58Y79         FDRE                                         r  design_1_i/axi_gpio_0/U0/gpio_core_1/Not_Dual.INPUT_DOUBLE_REGS3/GENERATE_LEVEL_P_S_CDC.MULTI_BIT.FOR_IN_cdc_to[29].CROSS2_PLEVEL_IN2SCNDRY_IN_cdc_to/D
  -------------------------------------------------------------------    -------------------

                         (clock clk_fpga_0 rise edge)
                                                      0.000     0.000 r  
    PS7_X0Y0             PS7                          0.000     0.000 r  design_1_i/processing_system7_0/inst/PS7_i/FCLKCLK[0]
                         net (fo=1, routed)           0.337     0.337    design_1_i/processing_system7_0/inst/FCLK_CLK_unbuffered[0]
    BUFGCTRL_X0Y16       BUFG (Prop_bufg_I_O)         0.029     0.366 r  design_1_i/processing_system7_0/inst/buffer_fclk_clk_0.FCLK_CLK_0_BUFG/O
                         net (fo=2496, routed)        0.836     1.202    design_1_i/axi_gpio_0/U0/gpio_core_1/Not_Dual.INPUT_DOUBLE_REGS3/s_axi_aclk
    SLICE_X58Y79         FDRE                                         r  design_1_i/axi_gpio_0/U0/gpio_core_1/Not_Dual.INPUT_DOUBLE_REGS3/GENERATE_LEVEL_P_S_CDC.MULTI_BIT.FOR_IN_cdc_to[29].CROSS2_PLEVEL_IN2SCNDRY_IN_cdc_to/C

Slack:                    inf
  Source:                 GPIO_0_tri_io[31]
                            (input port)
  Destination:            design_1_i/axi_gpio_0/U0/gpio_core_1/Not_Dual.INPUT_DOUBLE_REGS3/GENERATE_LEVEL_P_S_CDC.MULTI_BIT.FOR_IN_cdc_to[31].CROSS2_PLEVEL_IN2SCNDRY_IN_cdc_to/D
                            (rising edge-triggered cell FDRE clocked by clk_fpga_0  {rise@0.000ns fall@5.000ns period=10.000ns})
  Path Group:             (none)
  Path Type:              Hold (Min at Fast Process Corner)
  Data Path Delay:        1.477ns  (logic 0.315ns (21.339%)  route 1.162ns (78.661%))
  Logic Levels:           1  (IBUF=1)
  Clock Path Skew:        1.205ns (DCD - SCD - CPR)
    Destination Clock Delay (DCD):    1.205ns
    Source Clock Delay      (SCD):    0.000ns
    Clock Pessimism Removal (CPR):    -0.000ns
  Timing Exception:       False Path

    Location             Delay type                Incr(ns)  Path(ns)    Netlist Resource(s)
  -------------------------------------------------------------------    -------------------
    U17                                               0.000     0.000 r  GPIO_0_tri_io[31] (INOUT)
                         net (fo=1, unset)            0.000     0.000    GPIO_0_tri_iobuf_31/IO
    U17                  IBUF (Prop_ibuf_I_O)         0.315     0.315 r  GPIO_0_tri_iobuf_31/IBUF/O
                         net (fo=1, routed)           1.162     1.477    design_1_i/axi_gpio_0/U0/gpio_core_1/Not_Dual.INPUT_DOUBLE_REGS3/gpio_io_i[31]
    SLICE_X57Y82         FDRE                                         r  design_1_i/axi_gpio_0/U0/gpio_core_1/Not_Dual.INPUT_DOUBLE_REGS3/GENERATE_LEVEL_P_S_CDC.MULTI_BIT.FOR_IN_cdc_to[31].CROSS2_PLEVEL_IN2SCNDRY_IN_cdc_to/D
  -------------------------------------------------------------------    -------------------

                         (clock clk_fpga_0 rise edge)
                                                      0.000     0.000 r  
    PS7_X0Y0             PS7                          0.000     0.000 r  design_1_i/processing_system7_0/inst/PS7_i/FCLKCLK[0]
                         net (fo=1, routed)           0.337     0.337    design_1_i/processing_system7_0/inst/FCLK_CLK_unbuffered[0]
    BUFGCTRL_X0Y16       BUFG (Prop_bufg_I_O)         0.029     0.366 r  design_1_i/processing_system7_0/inst/buffer_fclk_clk_0.FCLK_CLK_0_BUFG/O
                         net (fo=2496, routed)        0.839     1.205    design_1_i/axi_gpio_0/U0/gpio_core_1/Not_Dual.INPUT_DOUBLE_REGS3/s_axi_aclk
    SLICE_X57Y82         FDRE                                         r  design_1_i/axi_gpio_0/U0/gpio_core_1/Not_Dual.INPUT_DOUBLE_REGS3/GENERATE_LEVEL_P_S_CDC.MULTI_BIT.FOR_IN_cdc_to[31].CROSS2_PLEVEL_IN2SCNDRY_IN_cdc_to/C

Slack:                    inf
  Source:                 GPIO_0_tri_io[28]
                            (input port)
  Destination:            design_1_i/axi_gpio_0/U0/gpio_core_1/Not_Dual.INPUT_DOUBLE_REGS3/GENERATE_LEVEL_P_S_CDC.MULTI_BIT.FOR_IN_cdc_to[28].CROSS2_PLEVEL_IN2SCNDRY_IN_cdc_to/D
                            (rising edge-triggered cell FDRE clocked by clk_fpga_0  {rise@0.000ns fall@5.000ns period=10.000ns})
  Path Group:             (none)
  Path Type:              Hold (Min at Fast Process Corner)
  Data Path Delay:        1.550ns  (logic 0.356ns (22.979%)  route 1.194ns (77.021%))
  Logic Levels:           1  (IBUF=1)
  Clock Path Skew:        1.205ns (DCD - SCD - CPR)
    Destination Clock Delay (DCD):    1.205ns
    Source Clock Delay      (SCD):    0.000ns
    Clock Pessimism Removal (CPR):    -0.000ns
  Timing Exception:       False Path

    Location             Delay type                Incr(ns)  Path(ns)    Netlist Resource(s)
  -------------------------------------------------------------------    -------------------
    U14                                               0.000     0.000 r  GPIO_0_tri_io[28] (INOUT)
                         net (fo=1, unset)            0.000     0.000    GPIO_0_tri_iobuf_28/IO
    U14                  IBUF (Prop_ibuf_I_O)         0.356     0.356 r  GPIO_0_tri_iobuf_28/IBUF/O
                         net (fo=1, routed)           1.194     1.550    design_1_i/axi_gpio_0/U0/gpio_core_1/Not_Dual.INPUT_DOUBLE_REGS3/gpio_io_i[28]
    SLICE_X58Y82         FDRE                                         r  design_1_i/axi_gpio_0/U0/gpio_core_1/Not_Dual.INPUT_DOUBLE_REGS3/GENERATE_LEVEL_P_S_CDC.MULTI_BIT.FOR_IN_cdc_to[28].CROSS2_PLEVEL_IN2SCNDRY_IN_cdc_to/D
  -------------------------------------------------------------------    -------------------

                         (clock clk_fpga_0 rise edge)
                                                      0.000     0.000 r  
    PS7_X0Y0             PS7                          0.000     0.000 r  design_1_i/processing_system7_0/inst/PS7_i/FCLKCLK[0]
                         net (fo=1, routed)           0.337     0.337    design_1_i/processing_system7_0/inst/FCLK_CLK_unbuffered[0]
    BUFGCTRL_X0Y16       BUFG (Prop_bufg_I_O)         0.029     0.366 r  design_1_i/processing_system7_0/inst/buffer_fclk_clk_0.FCLK_CLK_0_BUFG/O
                         net (fo=2496, routed)        0.839     1.205    design_1_i/axi_gpio_0/U0/gpio_core_1/Not_Dual.INPUT_DOUBLE_REGS3/s_axi_aclk
    SLICE_X58Y82         FDRE                                         r  design_1_i/axi_gpio_0/U0/gpio_core_1/Not_Dual.INPUT_DOUBLE_REGS3/GENERATE_LEVEL_P_S_CDC.MULTI_BIT.FOR_IN_cdc_to[28].CROSS2_PLEVEL_IN2SCNDRY_IN_cdc_to/C

Slack:                    inf
  Source:                 GPIO_0_tri_io[12]
                            (input port)
  Destination:            design_1_i/axi_gpio_0/U0/gpio_core_1/Not_Dual.INPUT_DOUBLE_REGS3/GENERATE_LEVEL_P_S_CDC.MULTI_BIT.FOR_IN_cdc_to[12].CROSS2_PLEVEL_IN2SCNDRY_IN_cdc_to/D
                            (rising edge-triggered cell FDRE clocked by clk_fpga_0  {rise@0.000ns fall@5.000ns period=10.000ns})
  Path Group:             (none)
  Path Type:              Hold (Min at Fast Process Corner)
  Data Path Delay:        1.616ns  (logic 0.247ns (15.272%)  route 1.369ns (84.728%))
  Logic Levels:           1  (IBUF=1)
  Clock Path Skew:        1.198ns (DCD - SCD - CPR)
    Destination Clock Delay (DCD):    1.198ns
    Source Clock Delay      (SCD):    0.000ns
    Clock Pessimism Removal (CPR):    -0.000ns
  Timing Exception:       False Path

    Location             Delay type                Incr(ns)  Path(ns)    Netlist Resource(s)
  -------------------------------------------------------------------    -------------------
    R16                                               0.000     0.000 r  GPIO_0_tri_io[12] (INOUT)
                         net (fo=1, unset)            0.000     0.000    GPIO_0_tri_iobuf_12/IO
    R16                  IBUF (Prop_ibuf_I_O)         0.247     0.247 r  GPIO_0_tri_iobuf_12/IBUF/O
                         net (fo=1, routed)           1.369     1.616    design_1_i/axi_gpio_0/U0/gpio_core_1/Not_Dual.INPUT_DOUBLE_REGS3/gpio_io_i[12]
    SLICE_X56Y76         FDRE                                         r  design_1_i/axi_gpio_0/U0/gpio_core_1/Not_Dual.INPUT_DOUBLE_REGS3/GENERATE_LEVEL_P_S_CDC.MULTI_BIT.FOR_IN_cdc_to[12].CROSS2_PLEVEL_IN2SCNDRY_IN_cdc_to/D
  -------------------------------------------------------------------    -------------------

                         (clock clk_fpga_0 rise edge)
                                                      0.000     0.000 r  
    PS7_X0Y0             PS7                          0.000     0.000 r  design_1_i/processing_system7_0/inst/PS7_i/FCLKCLK[0]
                         net (fo=1, routed)           0.337     0.337    design_1_i/processing_system7_0/inst/FCLK_CLK_unbuffered[0]
    BUFGCTRL_X0Y16       BUFG (Prop_bufg_I_O)         0.029     0.366 r  design_1_i/processing_system7_0/inst/buffer_fclk_clk_0.FCLK_CLK_0_BUFG/O
                         net (fo=2496, routed)        0.832     1.198    design_1_i/axi_gpio_0/U0/gpio_core_1/Not_Dual.INPUT_DOUBLE_REGS3/s_axi_aclk
    SLICE_X56Y76         FDRE                                         r  design_1_i/axi_gpio_0/U0/gpio_core_1/Not_Dual.INPUT_DOUBLE_REGS3/GENERATE_LEVEL_P_S_CDC.MULTI_BIT.FOR_IN_cdc_to[12].CROSS2_PLEVEL_IN2SCNDRY_IN_cdc_to/C

Slack:                    inf
  Source:                 GPIO_0_tri_io[18]
                            (input port)
  Destination:            design_1_i/axi_gpio_0/U0/gpio_core_1/Not_Dual.INPUT_DOUBLE_REGS3/GENERATE_LEVEL_P_S_CDC.MULTI_BIT.FOR_IN_cdc_to[18].CROSS2_PLEVEL_IN2SCNDRY_IN_cdc_to/D
                            (rising edge-triggered cell FDRE clocked by clk_fpga_0  {rise@0.000ns fall@5.000ns period=10.000ns})
  Path Group:             (none)
  Path Type:              Hold (Min at Fast Process Corner)
  Data Path Delay:        1.632ns  (logic 0.290ns (17.761%)  route 1.343ns (82.239%))
  Logic Levels:           1  (IBUF=1)
  Clock Path Skew:        1.171ns (DCD - SCD - CPR)
    Destination Clock Delay (DCD):    1.171ns
    Source Clock Delay      (SCD):    0.000ns
    Clock Pessimism Removal (CPR):    -0.000ns
  Timing Exception:       False Path

    Location             Delay type                Incr(ns)  Path(ns)    Netlist Resource(s)
  -------------------------------------------------------------------    -------------------
    V20                                               0.000     0.000 r  GPIO_0_tri_io[18] (INOUT)
                         net (fo=1, unset)            0.000     0.000    GPIO_0_tri_iobuf_18/IO
    V20                  IBUF (Prop_ibuf_I_O)         0.290     0.290 r  GPIO_0_tri_iobuf_18/IBUF/O
                         net (fo=1, routed)           1.343     1.632    design_1_i/axi_gpio_0/U0/gpio_core_1/Not_Dual.INPUT_DOUBLE_REGS3/gpio_io_i[18]
    SLICE_X53Y76         FDRE                                         r  design_1_i/axi_gpio_0/U0/gpio_core_1/Not_Dual.INPUT_DOUBLE_REGS3/GENERATE_LEVEL_P_S_CDC.MULTI_BIT.FOR_IN_cdc_to[18].CROSS2_PLEVEL_IN2SCNDRY_IN_cdc_to/D
  -------------------------------------------------------------------    -------------------

                         (clock clk_fpga_0 rise edge)
                                                      0.000     0.000 r  
    PS7_X0Y0             PS7                          0.000     0.000 r  design_1_i/processing_system7_0/inst/PS7_i/FCLKCLK[0]
                         net (fo=1, routed)           0.337     0.337    design_1_i/processing_system7_0/inst/FCLK_CLK_unbuffered[0]
    BUFGCTRL_X0Y16       BUFG (Prop_bufg_I_O)         0.029     0.366 r  design_1_i/processing_system7_0/inst/buffer_fclk_clk_0.FCLK_CLK_0_BUFG/O
                         net (fo=2496, routed)        0.805     1.171    design_1_i/axi_gpio_0/U0/gpio_core_1/Not_Dual.INPUT_DOUBLE_REGS3/s_axi_aclk
    SLICE_X53Y76         FDRE                                         r  design_1_i/axi_gpio_0/U0/gpio_core_1/Not_Dual.INPUT_DOUBLE_REGS3/GENERATE_LEVEL_P_S_CDC.MULTI_BIT.FOR_IN_cdc_to[18].CROSS2_PLEVEL_IN2SCNDRY_IN_cdc_to/C

Slack:                    inf
  Source:                 GPIO_0_tri_io[30]
                            (input port)
  Destination:            design_1_i/axi_gpio_0/U0/gpio_core_1/Not_Dual.INPUT_DOUBLE_REGS3/GENERATE_LEVEL_P_S_CDC.MULTI_BIT.FOR_IN_cdc_to[30].CROSS2_PLEVEL_IN2SCNDRY_IN_cdc_to/D
                            (rising edge-triggered cell FDRE clocked by clk_fpga_0  {rise@0.000ns fall@5.000ns period=10.000ns})
  Path Group:             (none)
  Path Type:              Hold (Min at Fast Process Corner)
  Data Path Delay:        1.661ns  (logic 0.345ns (20.764%)  route 1.316ns (79.236%))
  Logic Levels:           1  (IBUF=1)
  Clock Path Skew:        1.177ns (DCD - SCD - CPR)
    Destination Clock Delay (DCD):    1.177ns
    Source Clock Delay      (SCD):    0.000ns
    Clock Pessimism Removal (CPR):    -0.000ns
  Timing Exception:       False Path

    Location             Delay type                Incr(ns)  Path(ns)    Netlist Resource(s)
  -------------------------------------------------------------------    -------------------
    V15                                               0.000     0.000 r  GPIO_0_tri_io[30] (INOUT)
                         net (fo=1, unset)            0.000     0.000    GPIO_0_tri_iobuf_30/IO
    V15                  IBUF (Prop_ibuf_I_O)         0.345     0.345 r  GPIO_0_tri_iobuf_30/IBUF/O
                         net (fo=1, routed)           1.316     1.661    design_1_i/axi_gpio_0/U0/gpio_core_1/Not_Dual.INPUT_DOUBLE_REGS3/gpio_io_i[30]
    SLICE_X52Y81         FDRE                                         r  design_1_i/axi_gpio_0/U0/gpio_core_1/Not_Dual.INPUT_DOUBLE_REGS3/GENERATE_LEVEL_P_S_CDC.MULTI_BIT.FOR_IN_cdc_to[30].CROSS2_PLEVEL_IN2SCNDRY_IN_cdc_to/D
  -------------------------------------------------------------------    -------------------

                         (clock clk_fpga_0 rise edge)
                                                      0.000     0.000 r  
    PS7_X0Y0             PS7                          0.000     0.000 r  design_1_i/processing_system7_0/inst/PS7_i/FCLKCLK[0]
                         net (fo=1, routed)           0.337     0.337    design_1_i/processing_system7_0/inst/FCLK_CLK_unbuffered[0]
    BUFGCTRL_X0Y16       BUFG (Prop_bufg_I_O)         0.029     0.366 r  design_1_i/processing_system7_0/inst/buffer_fclk_clk_0.FCLK_CLK_0_BUFG/O
                         net (fo=2496, routed)        0.811     1.177    design_1_i/axi_gpio_0/U0/gpio_core_1/Not_Dual.INPUT_DOUBLE_REGS3/s_axi_aclk
    SLICE_X52Y81         FDRE                                         r  design_1_i/axi_gpio_0/U0/gpio_core_1/Not_Dual.INPUT_DOUBLE_REGS3/GENERATE_LEVEL_P_S_CDC.MULTI_BIT.FOR_IN_cdc_to[30].CROSS2_PLEVEL_IN2SCNDRY_IN_cdc_to/C

Slack:                    inf
  Source:                 GPIO_0_tri_io[22]
                            (input port)
  Destination:            design_1_i/axi_gpio_0/U0/gpio_core_1/Not_Dual.INPUT_DOUBLE_REGS3/GENERATE_LEVEL_P_S_CDC.MULTI_BIT.FOR_IN_cdc_to[22].CROSS2_PLEVEL_IN2SCNDRY_IN_cdc_to/D
                            (rising edge-triggered cell FDRE clocked by clk_fpga_0  {rise@0.000ns fall@5.000ns period=10.000ns})
  Path Group:             (none)
  Path Type:              Hold (Min at Fast Process Corner)
  Data Path Delay:        1.668ns  (logic 0.223ns (13.350%)  route 1.445ns (86.650%))
  Logic Levels:           1  (IBUF=1)
  Clock Path Skew:        1.170ns (DCD - SCD - CPR)
    Destination Clock Delay (DCD):    1.170ns
    Source Clock Delay      (SCD):    0.000ns
    Clock Pessimism Removal (CPR):    -0.000ns
  Timing Exception:       False Path

    Location             Delay type                Incr(ns)  Path(ns)    Netlist Resource(s)
  -------------------------------------------------------------------    -------------------
    N20                                               0.000     0.000 r  GPIO_0_tri_io[22] (INOUT)
                         net (fo=1, unset)            0.000     0.000    GPIO_0_tri_iobuf_22/IO
    N20                  IBUF (Prop_ibuf_I_O)         0.223     0.223 r  GPIO_0_tri_iobuf_22/IBUF/O
                         net (fo=1, routed)           1.445     1.668    design_1_i/axi_gpio_0/U0/gpio_core_1/Not_Dual.INPUT_DOUBLE_REGS3/gpio_io_i[22]
    SLICE_X50Y75         FDRE                                         r  design_1_i/axi_gpio_0/U0/gpio_core_1/Not_Dual.INPUT_DOUBLE_REGS3/GENERATE_LEVEL_P_S_CDC.MULTI_BIT.FOR_IN_cdc_to[22].CROSS2_PLEVEL_IN2SCNDRY_IN_cdc_to/D
  -------------------------------------------------------------------    -------------------

                         (clock clk_fpga_0 rise edge)
                                                      0.000     0.000 r  
    PS7_X0Y0             PS7                          0.000     0.000 r  design_1_i/processing_system7_0/inst/PS7_i/FCLKCLK[0]
                         net (fo=1, routed)           0.337     0.337    design_1_i/processing_system7_0/inst/FCLK_CLK_unbuffered[0]
    BUFGCTRL_X0Y16       BUFG (Prop_bufg_I_O)         0.029     0.366 r  design_1_i/processing_system7_0/inst/buffer_fclk_clk_0.FCLK_CLK_0_BUFG/O
                         net (fo=2496, routed)        0.804     1.170    design_1_i/axi_gpio_0/U0/gpio_core_1/Not_Dual.INPUT_DOUBLE_REGS3/s_axi_aclk
    SLICE_X50Y75         FDRE                                         r  design_1_i/axi_gpio_0/U0/gpio_core_1/Not_Dual.INPUT_DOUBLE_REGS3/GENERATE_LEVEL_P_S_CDC.MULTI_BIT.FOR_IN_cdc_to[22].CROSS2_PLEVEL_IN2SCNDRY_IN_cdc_to/C

Slack:                    inf
  Source:                 GPIO_0_tri_io[21]
                            (input port)
  Destination:            design_1_i/axi_gpio_0/U0/gpio_core_1/Not_Dual.INPUT_DOUBLE_REGS3/GENERATE_LEVEL_P_S_CDC.MULTI_BIT.FOR_IN_cdc_to[21].CROSS2_PLEVEL_IN2SCNDRY_IN_cdc_to/D
                            (rising edge-triggered cell FDRE clocked by clk_fpga_0  {rise@0.000ns fall@5.000ns period=10.000ns})
  Path Group:             (none)
  Path Type:              Hold (Min at Fast Process Corner)
  Data Path Delay:        1.681ns  (logic 0.231ns (13.727%)  route 1.450ns (86.273%))
  Logic Levels:           1  (IBUF=1)
  Clock Path Skew:        1.197ns (DCD - SCD - CPR)
    Destination Clock Delay (DCD):    1.197ns
    Source Clock Delay      (SCD):    0.000ns
    Clock Pessimism Removal (CPR):    -0.000ns
  Timing Exception:       False Path

    Location             Delay type                Incr(ns)  Path(ns)    Netlist Resource(s)
  -------------------------------------------------------------------    -------------------
    P20                                               0.000     0.000 r  GPIO_0_tri_io[21] (INOUT)
                         net (fo=1, unset)            0.000     0.000    GPIO_0_tri_iobuf_21/IO
    P20                  IBUF (Prop_ibuf_I_O)         0.231     0.231 r  GPIO_0_tri_iobuf_21/IBUF/O
                         net (fo=1, routed)           1.450     1.681    design_1_i/axi_gpio_0/U0/gpio_core_1/Not_Dual.INPUT_DOUBLE_REGS3/gpio_io_i[21]
    SLICE_X57Y75         FDRE                                         r  design_1_i/axi_gpio_0/U0/gpio_core_1/Not_Dual.INPUT_DOUBLE_REGS3/GENERATE_LEVEL_P_S_CDC.MULTI_BIT.FOR_IN_cdc_to[21].CROSS2_PLEVEL_IN2SCNDRY_IN_cdc_to/D
  -------------------------------------------------------------------    -------------------

                         (clock clk_fpga_0 rise edge)
                                                      0.000     0.000 r  
    PS7_X0Y0             PS7                          0.000     0.000 r  design_1_i/processing_system7_0/inst/PS7_i/FCLKCLK[0]
                         net (fo=1, routed)           0.337     0.337    design_1_i/processing_system7_0/inst/FCLK_CLK_unbuffered[0]
    BUFGCTRL_X0Y16       BUFG (Prop_bufg_I_O)         0.029     0.366 r  design_1_i/processing_system7_0/inst/buffer_fclk_clk_0.FCLK_CLK_0_BUFG/O
                         net (fo=2496, routed)        0.831     1.197    design_1_i/axi_gpio_0/U0/gpio_core_1/Not_Dual.INPUT_DOUBLE_REGS3/s_axi_aclk
    SLICE_X57Y75         FDRE                                         r  design_1_i/axi_gpio_0/U0/gpio_core_1/Not_Dual.INPUT_DOUBLE_REGS3/GENERATE_LEVEL_P_S_CDC.MULTI_BIT.FOR_IN_cdc_to[21].CROSS2_PLEVEL_IN2SCNDRY_IN_cdc_to/C

Slack:                    inf
  Source:                 GPIO_0_tri_io[27]
                            (input port)
  Destination:            design_1_i/axi_gpio_0/U0/gpio_core_1/Not_Dual.INPUT_DOUBLE_REGS3/GENERATE_LEVEL_P_S_CDC.MULTI_BIT.FOR_IN_cdc_to[27].CROSS2_PLEVEL_IN2SCNDRY_IN_cdc_to/D
                            (rising edge-triggered cell FDRE clocked by clk_fpga_0  {rise@0.000ns fall@5.000ns period=10.000ns})
  Path Group:             (none)
  Path Type:              Hold (Min at Fast Process Corner)
  Data Path Delay:        1.693ns  (logic 0.352ns (20.759%)  route 1.342ns (79.241%))
  Logic Levels:           1  (IBUF=1)
  Clock Path Skew:        1.173ns (DCD - SCD - CPR)
    Destination Clock Delay (DCD):    1.173ns
    Source Clock Delay      (SCD):    0.000ns
    Clock Pessimism Removal (CPR):    -0.000ns
  Timing Exception:       False Path

    Location             Delay type                Incr(ns)  Path(ns)    Netlist Resource(s)
  -------------------------------------------------------------------    -------------------
    U15                                               0.000     0.000 r  GPIO_0_tri_io[27] (INOUT)
                         net (fo=1, unset)            0.000     0.000    GPIO_0_tri_iobuf_27/IO
    U15                  IBUF (Prop_ibuf_I_O)         0.352     0.352 r  GPIO_0_tri_iobuf_27/IBUF/O
                         net (fo=1, routed)           1.342     1.693    design_1_i/axi_gpio_0/U0/gpio_core_1/Not_Dual.INPUT_DOUBLE_REGS3/gpio_io_i[27]
    SLICE_X52Y77         FDRE                                         r  design_1_i/axi_gpio_0/U0/gpio_core_1/Not_Dual.INPUT_DOUBLE_REGS3/GENERATE_LEVEL_P_S_CDC.MULTI_BIT.FOR_IN_cdc_to[27].CROSS2_PLEVEL_IN2SCNDRY_IN_cdc_to/D
  -------------------------------------------------------------------    -------------------

                         (clock clk_fpga_0 rise edge)
                                                      0.000     0.000 r  
    PS7_X0Y0             PS7                          0.000     0.000 r  design_1_i/processing_system7_0/inst/PS7_i/FCLKCLK[0]
                         net (fo=1, routed)           0.337     0.337    design_1_i/processing_system7_0/inst/FCLK_CLK_unbuffered[0]
    BUFGCTRL_X0Y16       BUFG (Prop_bufg_I_O)         0.029     0.366 r  design_1_i/processing_system7_0/inst/buffer_fclk_clk_0.FCLK_CLK_0_BUFG/O
                         net (fo=2496, routed)        0.807     1.173    design_1_i/axi_gpio_0/U0/gpio_core_1/Not_Dual.INPUT_DOUBLE_REGS3/s_axi_aclk
    SLICE_X52Y77         FDRE                                         r  design_1_i/axi_gpio_0/U0/gpio_core_1/Not_Dual.INPUT_DOUBLE_REGS3/GENERATE_LEVEL_P_S_CDC.MULTI_BIT.FOR_IN_cdc_to[27].CROSS2_PLEVEL_IN2SCNDRY_IN_cdc_to/C





--------------------------------------------------------------------------------------
Path Group:  (none)
From Clock:  clk_fpga_0
  To Clock:  

Max Delay            36 Endpoints
Min Delay            36 Endpoints
--------------------------------------------------------------------------------------


Max Delay Paths
--------------------------------------------------------------------------------------
Slack:                    inf
  Source:                 design_1_i/axi_iic_0/U0/X_IIC/IIC_CONTROL_I/stop_scl_reg_reg/C
                            (rising edge-triggered cell FDRE clocked by clk_fpga_0  {rise@0.000ns fall@5.000ns period=10.000ns})
  Destination:            IIC_0_sda_io
                            (output port)
  Path Group:             (none)
  Path Type:              Max at Slow Process Corner
  Data Path Delay:        9.118ns  (logic 4.239ns (46.489%)  route 4.879ns (53.511%))
  Logic Levels:           2  (LUT5=1 OBUFT=1)
  Clock Uncertainty:      0.152ns  ((TSJ^2 + TIJ^2)^1/2 + DJ) / 2 + PE
    Total System Jitter     (TSJ):    0.050ns
    Total Input Jitter      (TIJ):    0.300ns
    Discrete Jitter          (DJ):    0.000ns
    Phase Error              (PE):    0.000ns

    Location             Delay type                Incr(ns)  Path(ns)    Netlist Resource(s)
  -------------------------------------------------------------------    -------------------
                         (clock clk_fpga_0 rise edge)
                                                      0.000     0.000 r  
    PS7_X0Y0             PS7                          0.000     0.000 r  design_1_i/processing_system7_0/inst/PS7_i/FCLKCLK[0]
                         net (fo=1, routed)           1.193     1.193    design_1_i/processing_system7_0/inst/FCLK_CLK_unbuffered[0]
    BUFGCTRL_X0Y16       BUFG (Prop_bufg_I_O)         0.101     1.294 r  design_1_i/processing_system7_0/inst/buffer_fclk_clk_0.FCLK_CLK_0_BUFG/O
                         net (fo=2496, routed)        1.836     3.130    design_1_i/axi_iic_0/U0/X_IIC/IIC_CONTROL_I/s_axi_aclk
    SLICE_X43Y115        FDRE                                         r  design_1_i/axi_iic_0/U0/X_IIC/IIC_CONTROL_I/stop_scl_reg_reg/C
  -------------------------------------------------------------------    -------------------
    SLICE_X43Y115        FDRE (Prop_fdre_C_Q)         0.456     3.586 r  design_1_i/axi_iic_0/U0/X_IIC/IIC_CONTROL_I/stop_scl_reg_reg/Q
                         net (fo=6, routed)           1.198     4.784    design_1_i/axi_iic_0/U0/X_IIC/IIC_CONTROL_I/stop_scl_reg
    SLICE_X45Y112        LUT5 (Prop_lut5_I4_O)        0.124     4.908 f  design_1_i/axi_iic_0/U0/X_IIC/IIC_CONTROL_I/sda_t_INST_0/O
                         net (fo=1, routed)           3.681     8.589    IIC_0_sda_iobuf/T
    Y14                  OBUFT (TriStatE_obuft_T_O)
                                                      3.659    12.248 r  IIC_0_sda_iobuf/OBUFT/O
                         net (fo=1, unset)            0.000    12.248    IIC_0_sda_io
    Y14                                                               r  IIC_0_sda_io (INOUT)
  -------------------------------------------------------------------    -------------------

Slack:                    inf
  Source:                 design_1_i/axi_gpio_0/U0/gpio_core_1/Not_Dual.gpio_OE_reg[30]/C
                            (rising edge-triggered cell FDSE clocked by clk_fpga_0  {rise@0.000ns fall@5.000ns period=10.000ns})
  Destination:            GPIO_0_tri_io[1]
                            (output port)
  Path Group:             (none)
  Path Type:              Max at Slow Process Corner
  Data Path Delay:        9.306ns  (logic 4.135ns (44.435%)  route 5.171ns (55.565%))
  Logic Levels:           1  (OBUFT=1)
  Clock Uncertainty:      0.152ns  ((TSJ^2 + TIJ^2)^1/2 + DJ) / 2 + PE
    Total System Jitter     (TSJ):    0.050ns
    Total Input Jitter      (TIJ):    0.300ns
    Discrete Jitter          (DJ):    0.000ns
    Phase Error              (PE):    0.000ns

    Location             Delay type                Incr(ns)  Path(ns)    Netlist Resource(s)
  -------------------------------------------------------------------    -------------------
                         (clock clk_fpga_0 rise edge)
                                                      0.000     0.000 r  
    PS7_X0Y0             PS7                          0.000     0.000 r  design_1_i/processing_system7_0/inst/PS7_i/FCLKCLK[0]
                         net (fo=1, routed)           1.193     1.193    design_1_i/processing_system7_0/inst/FCLK_CLK_unbuffered[0]
    BUFGCTRL_X0Y16       BUFG (Prop_bufg_I_O)         0.101     1.294 r  design_1_i/processing_system7_0/inst/buffer_fclk_clk_0.FCLK_CLK_0_BUFG/O
                         net (fo=2496, routed)        1.640     2.934    design_1_i/axi_gpio_0/U0/gpio_core_1/s_axi_aclk
    SLICE_X34Y80         FDSE                                         r  design_1_i/axi_gpio_0/U0/gpio_core_1/Not_Dual.gpio_OE_reg[30]/C
  -------------------------------------------------------------------    -------------------
    SLICE_X34Y80         FDSE (Prop_fdse_C_Q)         0.518     3.452 f  design_1_i/axi_gpio_0/U0/gpio_core_1/Not_Dual.gpio_OE_reg[30]/Q
                         net (fo=3, routed)           5.171     8.623    GPIO_0_tri_iobuf_1/T
    Y12                  OBUFT (TriStatE_obuft_T_O)
                                                      3.617    12.240 r  GPIO_0_tri_iobuf_1/OBUFT/O
                         net (fo=1, unset)            0.000    12.240    GPIO_0_tri_io[1]
    Y12                                                               r  GPIO_0_tri_io[1] (INOUT)
  -------------------------------------------------------------------    -------------------

Slack:                    inf
  Source:                 design_1_i/axi_gpio_0/U0/gpio_core_1/Not_Dual.gpio_Data_Out_reg[31]/C
                            (rising edge-triggered cell FDRE clocked by clk_fpga_0  {rise@0.000ns fall@5.000ns period=10.000ns})
  Destination:            GPIO_0_tri_io[0]
                            (output port)
  Path Group:             (none)
  Path Type:              Max at Slow Process Corner
  Data Path Delay:        9.297ns  (logic 4.106ns (44.168%)  route 5.191ns (55.832%))
  Logic Levels:           1  (OBUFT=1)
  Clock Uncertainty:      0.152ns  ((TSJ^2 + TIJ^2)^1/2 + DJ) / 2 + PE
    Total System Jitter     (TSJ):    0.050ns
    Total Input Jitter      (TIJ):    0.300ns
    Discrete Jitter          (DJ):    0.000ns
    Phase Error              (PE):    0.000ns

    Location             Delay type                Incr(ns)  Path(ns)    Netlist Resource(s)
  -------------------------------------------------------------------    -------------------
                         (clock clk_fpga_0 rise edge)
                                                      0.000     0.000 r  
    PS7_X0Y0             PS7                          0.000     0.000 r  design_1_i/processing_system7_0/inst/PS7_i/FCLKCLK[0]
                         net (fo=1, routed)           1.193     1.193    design_1_i/processing_system7_0/inst/FCLK_CLK_unbuffered[0]
    BUFGCTRL_X0Y16       BUFG (Prop_bufg_I_O)         0.101     1.294 r  design_1_i/processing_system7_0/inst/buffer_fclk_clk_0.FCLK_CLK_0_BUFG/O
                         net (fo=2496, routed)        1.639     2.933    design_1_i/axi_gpio_0/U0/gpio_core_1/s_axi_aclk
    SLICE_X34Y79         FDRE                                         r  design_1_i/axi_gpio_0/U0/gpio_core_1/Not_Dual.gpio_Data_Out_reg[31]/C
  -------------------------------------------------------------------    -------------------
    SLICE_X34Y79         FDRE (Prop_fdre_C_Q)         0.518     3.451 r  design_1_i/axi_gpio_0/U0/gpio_core_1/Not_Dual.gpio_Data_Out_reg[31]/Q
                         net (fo=2, routed)           5.191     8.642    GPIO_0_tri_iobuf_0/I
    Y11                  OBUFT (Prop_obuft_I_O)       3.588    12.230 r  GPIO_0_tri_iobuf_0/OBUFT/O
                         net (fo=1, unset)            0.000    12.230    GPIO_0_tri_io[0]
    Y11                                                               r  GPIO_0_tri_io[0] (INOUT)
  -------------------------------------------------------------------    -------------------

Slack:                    inf
  Source:                 design_1_i/axi_gpio_0/U0/gpio_core_1/Not_Dual.gpio_OE_reg[28]/C
                            (rising edge-triggered cell FDSE clocked by clk_fpga_0  {rise@0.000ns fall@5.000ns period=10.000ns})
  Destination:            GPIO_0_tri_io[3]
                            (output port)
  Path Group:             (none)
  Path Type:              Max at Slow Process Corner
  Data Path Delay:        9.251ns  (logic 4.095ns (44.262%)  route 5.156ns (55.738%))
  Logic Levels:           1  (OBUFT=1)
  Clock Uncertainty:      0.152ns  ((TSJ^2 + TIJ^2)^1/2 + DJ) / 2 + PE
    Total System Jitter     (TSJ):    0.050ns
    Total Input Jitter      (TIJ):    0.300ns
    Discrete Jitter          (DJ):    0.000ns
    Phase Error              (PE):    0.000ns

    Location             Delay type                Incr(ns)  Path(ns)    Netlist Resource(s)
  -------------------------------------------------------------------    -------------------
                         (clock clk_fpga_0 rise edge)
                                                      0.000     0.000 r  
    PS7_X0Y0             PS7                          0.000     0.000 r  design_1_i/processing_system7_0/inst/PS7_i/FCLKCLK[0]
                         net (fo=1, routed)           1.193     1.193    design_1_i/processing_system7_0/inst/FCLK_CLK_unbuffered[0]
    BUFGCTRL_X0Y16       BUFG (Prop_bufg_I_O)         0.101     1.294 r  design_1_i/processing_system7_0/inst/buffer_fclk_clk_0.FCLK_CLK_0_BUFG/O
                         net (fo=2496, routed)        1.638     2.932    design_1_i/axi_gpio_0/U0/gpio_core_1/s_axi_aclk
    SLICE_X34Y78         FDSE                                         r  design_1_i/axi_gpio_0/U0/gpio_core_1/Not_Dual.gpio_OE_reg[28]/C
  -------------------------------------------------------------------    -------------------
    SLICE_X34Y78         FDSE (Prop_fdse_C_Q)         0.518     3.450 f  design_1_i/axi_gpio_0/U0/gpio_core_1/Not_Dual.gpio_OE_reg[28]/Q
                         net (fo=3, routed)           5.156     8.606    GPIO_0_tri_iobuf_3/T
    V11                  OBUFT (TriStatE_obuft_T_O)
                                                      3.577    12.183 r  GPIO_0_tri_iobuf_3/OBUFT/O
                         net (fo=1, unset)            0.000    12.183    GPIO_0_tri_io[3]
    V11                                                               r  GPIO_0_tri_io[3] (INOUT)
  -------------------------------------------------------------------    -------------------

Slack:                    inf
  Source:                 design_1_i/axi_gpio_0/U0/gpio_core_1/Not_Dual.gpio_OE_reg[27]/C
                            (rising edge-triggered cell FDSE clocked by clk_fpga_0  {rise@0.000ns fall@5.000ns period=10.000ns})
  Destination:            GPIO_0_tri_io[4]
                            (output port)
  Path Group:             (none)
  Path Type:              Max at Slow Process Corner
  Data Path Delay:        9.052ns  (logic 4.104ns (45.334%)  route 4.948ns (54.666%))
  Logic Levels:           1  (OBUFT=1)
  Clock Uncertainty:      0.152ns  ((TSJ^2 + TIJ^2)^1/2 + DJ) / 2 + PE
    Total System Jitter     (TSJ):    0.050ns
    Total Input Jitter      (TIJ):    0.300ns
    Discrete Jitter          (DJ):    0.000ns
    Phase Error              (PE):    0.000ns

    Location             Delay type                Incr(ns)  Path(ns)    Netlist Resource(s)
  -------------------------------------------------------------------    -------------------
                         (clock clk_fpga_0 rise edge)
                                                      0.000     0.000 r  
    PS7_X0Y0             PS7                          0.000     0.000 r  design_1_i/processing_system7_0/inst/PS7_i/FCLKCLK[0]
                         net (fo=1, routed)           1.193     1.193    design_1_i/processing_system7_0/inst/FCLK_CLK_unbuffered[0]
    BUFGCTRL_X0Y16       BUFG (Prop_bufg_I_O)         0.101     1.294 r  design_1_i/processing_system7_0/inst/buffer_fclk_clk_0.FCLK_CLK_0_BUFG/O
                         net (fo=2496, routed)        1.638     2.932    design_1_i/axi_gpio_0/U0/gpio_core_1/s_axi_aclk
    SLICE_X34Y78         FDSE                                         r  design_1_i/axi_gpio_0/U0/gpio_core_1/Not_Dual.gpio_OE_reg[27]/C
  -------------------------------------------------------------------    -------------------
    SLICE_X34Y78         FDSE (Prop_fdse_C_Q)         0.518     3.450 f  design_1_i/axi_gpio_0/U0/gpio_core_1/Not_Dual.gpio_OE_reg[27]/Q
                         net (fo=3, routed)           4.948     8.398    GPIO_0_tri_iobuf_4/T
    T5                   OBUFT (TriStatE_obuft_T_O)
                                                      3.586    11.984 r  GPIO_0_tri_iobuf_4/OBUFT/O
                         net (fo=1, unset)            0.000    11.984    GPIO_0_tri_io[4]
    T5                                                                r  GPIO_0_tri_io[4] (INOUT)
  -------------------------------------------------------------------    -------------------

Slack:                    inf
  Source:                 design_1_i/axi_gpio_0/U0/gpio_core_1/Not_Dual.gpio_Data_Out_reg[29]/C
                            (rising edge-triggered cell FDRE clocked by clk_fpga_0  {rise@0.000ns fall@5.000ns period=10.000ns})
  Destination:            GPIO_0_tri_io[2]
                            (output port)
  Path Group:             (none)
  Path Type:              Max at Slow Process Corner
  Data Path Delay:        8.904ns  (logic 4.041ns (45.379%)  route 4.864ns (54.621%))
  Logic Levels:           1  (OBUFT=1)
  Clock Uncertainty:      0.152ns  ((TSJ^2 + TIJ^2)^1/2 + DJ) / 2 + PE
    Total System Jitter     (TSJ):    0.050ns
    Total Input Jitter      (TIJ):    0.300ns
    Discrete Jitter          (DJ):    0.000ns
    Phase Error              (PE):    0.000ns

    Location             Delay type                Incr(ns)  Path(ns)    Netlist Resource(s)
  -------------------------------------------------------------------    -------------------
                         (clock clk_fpga_0 rise edge)
                                                      0.000     0.000 r  
    PS7_X0Y0             PS7                          0.000     0.000 r  design_1_i/processing_system7_0/inst/PS7_i/FCLKCLK[0]
                         net (fo=1, routed)           1.193     1.193    design_1_i/processing_system7_0/inst/FCLK_CLK_unbuffered[0]
    BUFGCTRL_X0Y16       BUFG (Prop_bufg_I_O)         0.101     1.294 r  design_1_i/processing_system7_0/inst/buffer_fclk_clk_0.FCLK_CLK_0_BUFG/O
                         net (fo=2496, routed)        1.640     2.934    design_1_i/axi_gpio_0/U0/gpio_core_1/s_axi_aclk
    SLICE_X35Y80         FDRE                                         r  design_1_i/axi_gpio_0/U0/gpio_core_1/Not_Dual.gpio_Data_Out_reg[29]/C
  -------------------------------------------------------------------    -------------------
    SLICE_X35Y80         FDRE (Prop_fdre_C_Q)         0.456     3.390 r  design_1_i/axi_gpio_0/U0/gpio_core_1/Not_Dual.gpio_Data_Out_reg[29]/Q
                         net (fo=2, routed)           4.864     8.254    GPIO_0_tri_iobuf_2/I
    W11                  OBUFT (Prop_obuft_I_O)       3.585    11.838 r  GPIO_0_tri_iobuf_2/OBUFT/O
                         net (fo=1, unset)            0.000    11.838    GPIO_0_tri_io[2]
    W11                                                               r  GPIO_0_tri_io[2] (INOUT)
  -------------------------------------------------------------------    -------------------

Slack:                    inf
  Source:                 design_1_i/axi_iic_0/U0/X_IIC/IIC_CONTROL_I/scl_cout_reg_reg/C
                            (rising edge-triggered cell FDSE clocked by clk_fpga_0  {rise@0.000ns fall@5.000ns period=10.000ns})
  Destination:            IIC_0_scl_io
                            (output port)
  Path Group:             (none)
  Path Type:              Max at Slow Process Corner
  Data Path Delay:        8.660ns  (logic 4.312ns (49.792%)  route 4.348ns (50.208%))
  Logic Levels:           2  (LUT4=1 OBUFT=1)
  Clock Uncertainty:      0.152ns  ((TSJ^2 + TIJ^2)^1/2 + DJ) / 2 + PE
    Total System Jitter     (TSJ):    0.050ns
    Total Input Jitter      (TIJ):    0.300ns
    Discrete Jitter          (DJ):    0.000ns
    Phase Error              (PE):    0.000ns

    Location             Delay type                Incr(ns)  Path(ns)    Netlist Resource(s)
  -------------------------------------------------------------------    -------------------
                         (clock clk_fpga_0 rise edge)
                                                      0.000     0.000 r  
    PS7_X0Y0             PS7                          0.000     0.000 r  design_1_i/processing_system7_0/inst/PS7_i/FCLKCLK[0]
                         net (fo=1, routed)           1.193     1.193    design_1_i/processing_system7_0/inst/FCLK_CLK_unbuffered[0]
    BUFGCTRL_X0Y16       BUFG (Prop_bufg_I_O)         0.101     1.294 r  design_1_i/processing_system7_0/inst/buffer_fclk_clk_0.FCLK_CLK_0_BUFG/O
                         net (fo=2496, routed)        1.838     3.132    design_1_i/axi_iic_0/U0/X_IIC/IIC_CONTROL_I/s_axi_aclk
    SLICE_X42Y114        FDSE                                         r  design_1_i/axi_iic_0/U0/X_IIC/IIC_CONTROL_I/scl_cout_reg_reg/C
  -------------------------------------------------------------------    -------------------
    SLICE_X42Y114        FDSE (Prop_fdse_C_Q)         0.518     3.650 f  design_1_i/axi_iic_0/U0/X_IIC/IIC_CONTROL_I/scl_cout_reg_reg/Q
                         net (fo=1, routed)           0.961     4.611    design_1_i/axi_iic_0/U0/X_IIC/IIC_CONTROL_I/scl_cout_reg
    SLICE_X44Y111        LUT4 (Prop_lut4_I1_O)        0.124     4.735 f  design_1_i/axi_iic_0/U0/X_IIC/IIC_CONTROL_I/scl_t_INST_0/O
                         net (fo=1, routed)           3.387     8.122    IIC_0_scl_iobuf/T
    W14                  OBUFT (TriStatE_obuft_T_O)
                                                      3.670    11.792 r  IIC_0_scl_iobuf/OBUFT/O
                         net (fo=1, unset)            0.000    11.792    IIC_0_scl_io
    W14                                                               r  IIC_0_scl_io (INOUT)
  -------------------------------------------------------------------    -------------------

Slack:                    inf
  Source:                 design_1_i/axi_gpio_0/U0/gpio_core_1/Not_Dual.gpio_OE_reg[6]/C
                            (rising edge-triggered cell FDSE clocked by clk_fpga_0  {rise@0.000ns fall@5.000ns period=10.000ns})
  Destination:            GPIO_0_tri_io[25]
                            (output port)
  Path Group:             (none)
  Path Type:              Max at Slow Process Corner
  Data Path Delay:        8.524ns  (logic 4.099ns (48.090%)  route 4.425ns (51.910%))
  Logic Levels:           1  (OBUFT=1)
  Clock Uncertainty:      0.152ns  ((TSJ^2 + TIJ^2)^1/2 + DJ) / 2 + PE
    Total System Jitter     (TSJ):    0.050ns
    Total Input Jitter      (TIJ):    0.300ns
    Discrete Jitter          (DJ):    0.000ns
    Phase Error              (PE):    0.000ns

    Location             Delay type                Incr(ns)  Path(ns)    Netlist Resource(s)
  -------------------------------------------------------------------    -------------------
                         (clock clk_fpga_0 rise edge)
                                                      0.000     0.000 r  
    PS7_X0Y0             PS7                          0.000     0.000 r  design_1_i/processing_system7_0/inst/PS7_i/FCLKCLK[0]
                         net (fo=1, routed)           1.193     1.193    design_1_i/processing_system7_0/inst/FCLK_CLK_unbuffered[0]
    BUFGCTRL_X0Y16       BUFG (Prop_bufg_I_O)         0.101     1.294 r  design_1_i/processing_system7_0/inst/buffer_fclk_clk_0.FCLK_CLK_0_BUFG/O
                         net (fo=2496, routed)        1.905     3.199    design_1_i/axi_gpio_0/U0/gpio_core_1/s_axi_aclk
    SLICE_X59Y102        FDSE                                         r  design_1_i/axi_gpio_0/U0/gpio_core_1/Not_Dual.gpio_OE_reg[6]/C
  -------------------------------------------------------------------    -------------------
    SLICE_X59Y102        FDSE (Prop_fdse_C_Q)         0.419     3.618 f  design_1_i/axi_gpio_0/U0/gpio_core_1/Not_Dual.gpio_OE_reg[6]/Q
                         net (fo=3, routed)           4.425     8.043    GPIO_0_tri_iobuf_25/T
    D18                  OBUFT (TriStatE_obuft_T_O)
                                                      3.680    11.723 r  GPIO_0_tri_iobuf_25/OBUFT/O
                         net (fo=1, unset)            0.000    11.723    GPIO_0_tri_io[25]
    D18                                                               r  GPIO_0_tri_io[25] (INOUT)
  -------------------------------------------------------------------    -------------------

Slack:                    inf
  Source:                 design_1_i/axi_gpio_0/U0/gpio_core_1/Not_Dual.gpio_OE_reg[26]/C
                            (rising edge-triggered cell FDSE clocked by clk_fpga_0  {rise@0.000ns fall@5.000ns period=10.000ns})
  Destination:            GPIO_0_tri_io[5]
                            (output port)
  Path Group:             (none)
  Path Type:              Max at Slow Process Corner
  Data Path Delay:        8.740ns  (logic 4.095ns (46.854%)  route 4.645ns (53.146%))
  Logic Levels:           1  (OBUFT=1)
  Clock Uncertainty:      0.152ns  ((TSJ^2 + TIJ^2)^1/2 + DJ) / 2 + PE
    Total System Jitter     (TSJ):    0.050ns
    Total Input Jitter      (TIJ):    0.300ns
    Discrete Jitter          (DJ):    0.000ns
    Phase Error              (PE):    0.000ns

    Location             Delay type                Incr(ns)  Path(ns)    Netlist Resource(s)
  -------------------------------------------------------------------    -------------------
                         (clock clk_fpga_0 rise edge)
                                                      0.000     0.000 r  
    PS7_X0Y0             PS7                          0.000     0.000 r  design_1_i/processing_system7_0/inst/PS7_i/FCLKCLK[0]
                         net (fo=1, routed)           1.193     1.193    design_1_i/processing_system7_0/inst/FCLK_CLK_unbuffered[0]
    BUFGCTRL_X0Y16       BUFG (Prop_bufg_I_O)         0.101     1.294 r  design_1_i/processing_system7_0/inst/buffer_fclk_clk_0.FCLK_CLK_0_BUFG/O
                         net (fo=2496, routed)        1.638     2.932    design_1_i/axi_gpio_0/U0/gpio_core_1/s_axi_aclk
    SLICE_X34Y78         FDSE                                         r  design_1_i/axi_gpio_0/U0/gpio_core_1/Not_Dual.gpio_OE_reg[26]/C
  -------------------------------------------------------------------    -------------------
    SLICE_X34Y78         FDSE (Prop_fdse_C_Q)         0.518     3.450 f  design_1_i/axi_gpio_0/U0/gpio_core_1/Not_Dual.gpio_OE_reg[26]/Q
                         net (fo=3, routed)           4.645     8.095    GPIO_0_tri_iobuf_5/T
    U10                  OBUFT (TriStatE_obuft_T_O)
                                                      3.577    11.672 r  GPIO_0_tri_iobuf_5/OBUFT/O
                         net (fo=1, unset)            0.000    11.672    GPIO_0_tri_io[5]
    U10                                                               r  GPIO_0_tri_io[5] (INOUT)
  -------------------------------------------------------------------    -------------------

Slack:                    inf
  Source:                 design_1_i/axi_gpio_0/U0/gpio_core_1/Not_Dual.gpio_OE_reg[25]/C
                            (rising edge-triggered cell FDSE clocked by clk_fpga_0  {rise@0.000ns fall@5.000ns period=10.000ns})
  Destination:            GPIO_0_tri_io[6]
                            (output port)
  Path Group:             (none)
  Path Type:              Max at Slow Process Corner
  Data Path Delay:        8.412ns  (logic 4.003ns (47.592%)  route 4.408ns (52.408%))
  Logic Levels:           1  (OBUFT=1)
  Clock Uncertainty:      0.152ns  ((TSJ^2 + TIJ^2)^1/2 + DJ) / 2 + PE
    Total System Jitter     (TSJ):    0.050ns
    Total Input Jitter      (TIJ):    0.300ns
    Discrete Jitter          (DJ):    0.000ns
    Phase Error              (PE):    0.000ns

    Location             Delay type                Incr(ns)  Path(ns)    Netlist Resource(s)
  -------------------------------------------------------------------    -------------------
                         (clock clk_fpga_0 rise edge)
                                                      0.000     0.000 r  
    PS7_X0Y0             PS7                          0.000     0.000 r  design_1_i/processing_system7_0/inst/PS7_i/FCLKCLK[0]
                         net (fo=1, routed)           1.193     1.193    design_1_i/processing_system7_0/inst/FCLK_CLK_unbuffered[0]
    BUFGCTRL_X0Y16       BUFG (Prop_bufg_I_O)         0.101     1.294 r  design_1_i/processing_system7_0/inst/buffer_fclk_clk_0.FCLK_CLK_0_BUFG/O
                         net (fo=2496, routed)        1.905     3.199    design_1_i/axi_gpio_0/U0/gpio_core_1/s_axi_aclk
    SLICE_X59Y102        FDSE                                         r  design_1_i/axi_gpio_0/U0/gpio_core_1/Not_Dual.gpio_OE_reg[25]/C
  -------------------------------------------------------------------    -------------------
    SLICE_X59Y102        FDSE (Prop_fdse_C_Q)         0.456     3.655 f  design_1_i/axi_gpio_0/U0/gpio_core_1/Not_Dual.gpio_OE_reg[25]/Q
                         net (fo=3, routed)           4.408     8.063    GPIO_0_tri_iobuf_6/T
    A20                  OBUFT (TriStatE_obuft_T_O)
                                                      3.547    11.611 r  GPIO_0_tri_iobuf_6/OBUFT/O
                         net (fo=1, unset)            0.000    11.611    GPIO_0_tri_io[6]
    A20                                                               r  GPIO_0_tri_io[6] (INOUT)
  -------------------------------------------------------------------    -------------------





Min Delay Paths
--------------------------------------------------------------------------------------
Slack:                    inf
  Source:                 design_1_i/axi_gpio_0/U0/gpio_core_1/Not_Dual.gpio_OE_reg[4]/C
                            (rising edge-triggered cell FDSE clocked by clk_fpga_0  {rise@0.000ns fall@5.000ns period=10.000ns})
  Destination:            GPIO_0_tri_io[27]
                            (output port)
  Path Group:             (none)
  Path Type:              Min at Fast Process Corner
  Data Path Delay:        2.192ns  (logic 0.965ns (44.033%)  route 1.227ns (55.967%))
  Logic Levels:           1  (OBUFT=1)
  Clock Uncertainty:      0.152ns  ((TSJ^2 + TIJ^2)^1/2 + DJ) / 2 + PE
    Total System Jitter     (TSJ):    0.050ns
    Total Input Jitter      (TIJ):    0.300ns
    Discrete Jitter          (DJ):    0.000ns
    Phase Error              (PE):    0.000ns

    Location             Delay type                Incr(ns)  Path(ns)    Netlist Resource(s)
  -------------------------------------------------------------------    -------------------
                         (clock clk_fpga_0 rise edge)
                                                      0.000     0.000 r  
    PS7_X0Y0             PS7                          0.000     0.000 r  design_1_i/processing_system7_0/inst/PS7_i/FCLKCLK[0]
                         net (fo=1, routed)           0.310     0.310    design_1_i/processing_system7_0/inst/FCLK_CLK_unbuffered[0]
    BUFGCTRL_X0Y16       BUFG (Prop_bufg_I_O)         0.026     0.336 r  design_1_i/processing_system7_0/inst/buffer_fclk_clk_0.FCLK_CLK_0_BUFG/O
                         net (fo=2496, routed)        0.570     0.906    design_1_i/axi_gpio_0/U0/gpio_core_1/s_axi_aclk
    SLICE_X56Y81         FDSE                                         r  design_1_i/axi_gpio_0/U0/gpio_core_1/Not_Dual.gpio_OE_reg[4]/C
  -------------------------------------------------------------------    -------------------
    SLICE_X56Y81         FDSE (Prop_fdse_C_Q)         0.141     1.047 r  design_1_i/axi_gpio_0/U0/gpio_core_1/Not_Dual.gpio_OE_reg[4]/Q
                         net (fo=3, routed)           1.227     2.273    GPIO_0_tri_iobuf_27/T
    U15                  OBUFT (TriStatD_obuft_T_O)
                                                      0.824     3.097 r  GPIO_0_tri_iobuf_27/OBUFT/O
                         net (fo=1, unset)            0.000     3.097    GPIO_0_tri_io[27]
    U15                                                               r  GPIO_0_tri_io[27] (INOUT)
  -------------------------------------------------------------------    -------------------

Slack:                    inf
  Source:                 design_1_i/axi_gpio_0/U0/gpio_core_1/Not_Dual.gpio_OE_reg[9]/C
                            (rising edge-triggered cell FDSE clocked by clk_fpga_0  {rise@0.000ns fall@5.000ns period=10.000ns})
  Destination:            GPIO_0_tri_io[22]
                            (output port)
  Path Group:             (none)
  Path Type:              Min at Fast Process Corner
  Data Path Delay:        2.262ns  (logic 0.988ns (43.671%)  route 1.274ns (56.329%))
  Logic Levels:           1  (OBUFT=1)
  Clock Uncertainty:      0.152ns  ((TSJ^2 + TIJ^2)^1/2 + DJ) / 2 + PE
    Total System Jitter     (TSJ):    0.050ns
    Total Input Jitter      (TIJ):    0.300ns
    Discrete Jitter          (DJ):    0.000ns
    Phase Error              (PE):    0.000ns

    Location             Delay type                Incr(ns)  Path(ns)    Netlist Resource(s)
  -------------------------------------------------------------------    -------------------
                         (clock clk_fpga_0 rise edge)
                                                      0.000     0.000 r  
    PS7_X0Y0             PS7                          0.000     0.000 r  design_1_i/processing_system7_0/inst/PS7_i/FCLKCLK[0]
                         net (fo=1, routed)           0.310     0.310    design_1_i/processing_system7_0/inst/FCLK_CLK_unbuffered[0]
    BUFGCTRL_X0Y16       BUFG (Prop_bufg_I_O)         0.026     0.336 r  design_1_i/processing_system7_0/inst/buffer_fclk_clk_0.FCLK_CLK_0_BUFG/O
                         net (fo=2496, routed)        0.566     0.902    design_1_i/axi_gpio_0/U0/gpio_core_1/s_axi_aclk
    SLICE_X54Y78         FDSE                                         r  design_1_i/axi_gpio_0/U0/gpio_core_1/Not_Dual.gpio_OE_reg[9]/C
  -------------------------------------------------------------------    -------------------
    SLICE_X54Y78         FDSE (Prop_fdse_C_Q)         0.164     1.066 r  design_1_i/axi_gpio_0/U0/gpio_core_1/Not_Dual.gpio_OE_reg[9]/Q
                         net (fo=3, routed)           1.274     2.340    GPIO_0_tri_iobuf_22/T
    N20                  OBUFT (TriStatD_obuft_T_O)
                                                      0.824     3.164 r  GPIO_0_tri_iobuf_22/OBUFT/O
                         net (fo=1, unset)            0.000     3.164    GPIO_0_tri_io[22]
    N20                                                               r  GPIO_0_tri_io[22] (INOUT)
  -------------------------------------------------------------------    -------------------

Slack:                    inf
  Source:                 design_1_i/axi_gpio_0/U0/gpio_core_1/Not_Dual.gpio_OE_reg[0]/C
                            (rising edge-triggered cell FDSE clocked by clk_fpga_0  {rise@0.000ns fall@5.000ns period=10.000ns})
  Destination:            GPIO_0_tri_io[31]
                            (output port)
  Path Group:             (none)
  Path Type:              Min at Fast Process Corner
  Data Path Delay:        2.371ns  (logic 0.965ns (40.698%)  route 1.406ns (59.302%))
  Logic Levels:           1  (OBUFT=1)
  Clock Uncertainty:      0.152ns  ((TSJ^2 + TIJ^2)^1/2 + DJ) / 2 + PE
    Total System Jitter     (TSJ):    0.050ns
    Total Input Jitter      (TIJ):    0.300ns
    Discrete Jitter          (DJ):    0.000ns
    Phase Error              (PE):    0.000ns

    Location             Delay type                Incr(ns)  Path(ns)    Netlist Resource(s)
  -------------------------------------------------------------------    -------------------
                         (clock clk_fpga_0 rise edge)
                                                      0.000     0.000 r  
    PS7_X0Y0             PS7                          0.000     0.000 r  design_1_i/processing_system7_0/inst/PS7_i/FCLKCLK[0]
                         net (fo=1, routed)           0.310     0.310    design_1_i/processing_system7_0/inst/FCLK_CLK_unbuffered[0]
    BUFGCTRL_X0Y16       BUFG (Prop_bufg_I_O)         0.026     0.336 r  design_1_i/processing_system7_0/inst/buffer_fclk_clk_0.FCLK_CLK_0_BUFG/O
                         net (fo=2496, routed)        0.570     0.906    design_1_i/axi_gpio_0/U0/gpio_core_1/s_axi_aclk
    SLICE_X56Y81         FDSE                                         r  design_1_i/axi_gpio_0/U0/gpio_core_1/Not_Dual.gpio_OE_reg[0]/C
  -------------------------------------------------------------------    -------------------
    SLICE_X56Y81         FDSE (Prop_fdse_C_Q)         0.141     1.047 r  design_1_i/axi_gpio_0/U0/gpio_core_1/Not_Dual.gpio_OE_reg[0]/Q
                         net (fo=3, routed)           1.406     2.453    GPIO_0_tri_iobuf_31/T
    U17                  OBUFT (TriStatD_obuft_T_O)
                                                      0.824     3.277 r  GPIO_0_tri_iobuf_31/OBUFT/O
                         net (fo=1, unset)            0.000     3.277    GPIO_0_tri_io[31]
    U17                                                               r  GPIO_0_tri_io[31] (INOUT)
  -------------------------------------------------------------------    -------------------

Slack:                    inf
  Source:                 design_1_i/axi_gpio_0/U0/gpio_core_1/Not_Dual.gpio_OE_reg[3]/C
                            (rising edge-triggered cell FDSE clocked by clk_fpga_0  {rise@0.000ns fall@5.000ns period=10.000ns})
  Destination:            GPIO_0_tri_io[28]
                            (output port)
  Path Group:             (none)
  Path Type:              Min at Fast Process Corner
  Data Path Delay:        2.376ns  (logic 0.965ns (40.622%)  route 1.411ns (59.378%))
  Logic Levels:           1  (OBUFT=1)
  Clock Uncertainty:      0.152ns  ((TSJ^2 + TIJ^2)^1/2 + DJ) / 2 + PE
    Total System Jitter     (TSJ):    0.050ns
    Total Input Jitter      (TIJ):    0.300ns
    Discrete Jitter          (DJ):    0.000ns
    Phase Error              (PE):    0.000ns

    Location             Delay type                Incr(ns)  Path(ns)    Netlist Resource(s)
  -------------------------------------------------------------------    -------------------
                         (clock clk_fpga_0 rise edge)
                                                      0.000     0.000 r  
    PS7_X0Y0             PS7                          0.000     0.000 r  design_1_i/processing_system7_0/inst/PS7_i/FCLKCLK[0]
                         net (fo=1, routed)           0.310     0.310    design_1_i/processing_system7_0/inst/FCLK_CLK_unbuffered[0]
    BUFGCTRL_X0Y16       BUFG (Prop_bufg_I_O)         0.026     0.336 r  design_1_i/processing_system7_0/inst/buffer_fclk_clk_0.FCLK_CLK_0_BUFG/O
                         net (fo=2496, routed)        0.570     0.906    design_1_i/axi_gpio_0/U0/gpio_core_1/s_axi_aclk
    SLICE_X57Y81         FDSE                                         r  design_1_i/axi_gpio_0/U0/gpio_core_1/Not_Dual.gpio_OE_reg[3]/C
  -------------------------------------------------------------------    -------------------
    SLICE_X57Y81         FDSE (Prop_fdse_C_Q)         0.141     1.047 r  design_1_i/axi_gpio_0/U0/gpio_core_1/Not_Dual.gpio_OE_reg[3]/Q
                         net (fo=3, routed)           1.411     2.457    GPIO_0_tri_iobuf_28/T
    U14                  OBUFT (TriStatD_obuft_T_O)
                                                      0.824     3.281 r  GPIO_0_tri_iobuf_28/OBUFT/O
                         net (fo=1, unset)            0.000     3.281    GPIO_0_tri_io[28]
    U14                                                               r  GPIO_0_tri_io[28] (INOUT)
  -------------------------------------------------------------------    -------------------

Slack:                    inf
  Source:                 design_1_i/axi_gpio_0/U0/gpio_core_1/Not_Dual.gpio_OE_reg[1]/C
                            (rising edge-triggered cell FDSE clocked by clk_fpga_0  {rise@0.000ns fall@5.000ns period=10.000ns})
  Destination:            GPIO_0_tri_io[30]
                            (output port)
  Path Group:             (none)
  Path Type:              Min at Fast Process Corner
  Data Path Delay:        2.377ns  (logic 0.965ns (40.593%)  route 1.412ns (59.407%))
  Logic Levels:           1  (OBUFT=1)
  Clock Uncertainty:      0.152ns  ((TSJ^2 + TIJ^2)^1/2 + DJ) / 2 + PE
    Total System Jitter     (TSJ):    0.050ns
    Total Input Jitter      (TIJ):    0.300ns
    Discrete Jitter          (DJ):    0.000ns
    Phase Error              (PE):    0.000ns

    Location             Delay type                Incr(ns)  Path(ns)    Netlist Resource(s)
  -------------------------------------------------------------------    -------------------
                         (clock clk_fpga_0 rise edge)
                                                      0.000     0.000 r  
    PS7_X0Y0             PS7                          0.000     0.000 r  design_1_i/processing_system7_0/inst/PS7_i/FCLKCLK[0]
                         net (fo=1, routed)           0.310     0.310    design_1_i/processing_system7_0/inst/FCLK_CLK_unbuffered[0]
    BUFGCTRL_X0Y16       BUFG (Prop_bufg_I_O)         0.026     0.336 r  design_1_i/processing_system7_0/inst/buffer_fclk_clk_0.FCLK_CLK_0_BUFG/O
                         net (fo=2496, routed)        0.570     0.906    design_1_i/axi_gpio_0/U0/gpio_core_1/s_axi_aclk
    SLICE_X56Y81         FDSE                                         r  design_1_i/axi_gpio_0/U0/gpio_core_1/Not_Dual.gpio_OE_reg[1]/C
  -------------------------------------------------------------------    -------------------
    SLICE_X56Y81         FDSE (Prop_fdse_C_Q)         0.141     1.047 r  design_1_i/axi_gpio_0/U0/gpio_core_1/Not_Dual.gpio_OE_reg[1]/Q
                         net (fo=3, routed)           1.412     2.459    GPIO_0_tri_iobuf_30/T
    V15                  OBUFT (TriStatD_obuft_T_O)
                                                      0.824     3.283 r  GPIO_0_tri_iobuf_30/OBUFT/O
                         net (fo=1, unset)            0.000     3.283    GPIO_0_tri_io[30]
    V15                                                               r  GPIO_0_tri_io[30] (INOUT)
  -------------------------------------------------------------------    -------------------

Slack:                    inf
  Source:                 design_1_i/axi_gpio_0/U0/gpio_core_1/Not_Dual.gpio_OE_reg[18]/C
                            (rising edge-triggered cell FDSE clocked by clk_fpga_0  {rise@0.000ns fall@5.000ns period=10.000ns})
  Destination:            GPIO_0_tri_io[13]
                            (output port)
  Path Group:             (none)
  Path Type:              Min at Fast Process Corner
  Data Path Delay:        2.417ns  (logic 0.965ns (39.920%)  route 1.452ns (60.080%))
  Logic Levels:           1  (OBUFT=1)
  Clock Uncertainty:      0.152ns  ((TSJ^2 + TIJ^2)^1/2 + DJ) / 2 + PE
    Total System Jitter     (TSJ):    0.050ns
    Total Input Jitter      (TIJ):    0.300ns
    Discrete Jitter          (DJ):    0.000ns
    Phase Error              (PE):    0.000ns

    Location             Delay type                Incr(ns)  Path(ns)    Netlist Resource(s)
  -------------------------------------------------------------------    -------------------
                         (clock clk_fpga_0 rise edge)
                                                      0.000     0.000 r  
    PS7_X0Y0             PS7                          0.000     0.000 r  design_1_i/processing_system7_0/inst/PS7_i/FCLKCLK[0]
                         net (fo=1, routed)           0.310     0.310    design_1_i/processing_system7_0/inst/FCLK_CLK_unbuffered[0]
    BUFGCTRL_X0Y16       BUFG (Prop_bufg_I_O)         0.026     0.336 r  design_1_i/processing_system7_0/inst/buffer_fclk_clk_0.FCLK_CLK_0_BUFG/O
                         net (fo=2496, routed)        0.547     0.883    design_1_i/axi_gpio_0/U0/gpio_core_1/s_axi_aclk
    SLICE_X47Y79         FDSE                                         r  design_1_i/axi_gpio_0/U0/gpio_core_1/Not_Dual.gpio_OE_reg[18]/C
  -------------------------------------------------------------------    -------------------
    SLICE_X47Y79         FDSE (Prop_fdse_C_Q)         0.141     1.024 r  design_1_i/axi_gpio_0/U0/gpio_core_1/Not_Dual.gpio_OE_reg[18]/Q
                         net (fo=3, routed)           1.452     2.476    GPIO_0_tri_iobuf_13/T
    W16                  OBUFT (TriStatD_obuft_T_O)
                                                      0.824     3.300 r  GPIO_0_tri_iobuf_13/OBUFT/O
                         net (fo=1, unset)            0.000     3.300    GPIO_0_tri_io[13]
    W16                                                               r  GPIO_0_tri_io[13] (INOUT)
  -------------------------------------------------------------------    -------------------

Slack:                    inf
  Source:                 design_1_i/axi_gpio_0/U0/gpio_core_1/Not_Dual.gpio_OE_reg[10]/C
                            (rising edge-triggered cell FDSE clocked by clk_fpga_0  {rise@0.000ns fall@5.000ns period=10.000ns})
  Destination:            GPIO_0_tri_io[21]
                            (output port)
  Path Group:             (none)
  Path Type:              Min at Fast Process Corner
  Data Path Delay:        2.404ns  (logic 0.988ns (41.100%)  route 1.416ns (58.900%))
  Logic Levels:           1  (OBUFT=1)
  Clock Uncertainty:      0.152ns  ((TSJ^2 + TIJ^2)^1/2 + DJ) / 2 + PE
    Total System Jitter     (TSJ):    0.050ns
    Total Input Jitter      (TIJ):    0.300ns
    Discrete Jitter          (DJ):    0.000ns
    Phase Error              (PE):    0.000ns

    Location             Delay type                Incr(ns)  Path(ns)    Netlist Resource(s)
  -------------------------------------------------------------------    -------------------
                         (clock clk_fpga_0 rise edge)
                                                      0.000     0.000 r  
    PS7_X0Y0             PS7                          0.000     0.000 r  design_1_i/processing_system7_0/inst/PS7_i/FCLKCLK[0]
                         net (fo=1, routed)           0.310     0.310    design_1_i/processing_system7_0/inst/FCLK_CLK_unbuffered[0]
    BUFGCTRL_X0Y16       BUFG (Prop_bufg_I_O)         0.026     0.336 r  design_1_i/processing_system7_0/inst/buffer_fclk_clk_0.FCLK_CLK_0_BUFG/O
                         net (fo=2496, routed)        0.567     0.903    design_1_i/axi_gpio_0/U0/gpio_core_1/s_axi_aclk
    SLICE_X58Y78         FDSE                                         r  design_1_i/axi_gpio_0/U0/gpio_core_1/Not_Dual.gpio_OE_reg[10]/C
  -------------------------------------------------------------------    -------------------
    SLICE_X58Y78         FDSE (Prop_fdse_C_Q)         0.164     1.067 r  design_1_i/axi_gpio_0/U0/gpio_core_1/Not_Dual.gpio_OE_reg[10]/Q
                         net (fo=3, routed)           1.416     2.482    GPIO_0_tri_iobuf_21/T
    P20                  OBUFT (TriStatD_obuft_T_O)
                                                      0.824     3.306 r  GPIO_0_tri_iobuf_21/OBUFT/O
                         net (fo=1, unset)            0.000     3.306    GPIO_0_tri_io[21]
    P20                                                               r  GPIO_0_tri_io[21] (INOUT)
  -------------------------------------------------------------------    -------------------

Slack:                    inf
  Source:                 design_1_i/axi_gpio_0/U0/gpio_core_1/Not_Dual.gpio_OE_reg[2]/C
                            (rising edge-triggered cell FDSE clocked by clk_fpga_0  {rise@0.000ns fall@5.000ns period=10.000ns})
  Destination:            GPIO_0_tri_io[29]
                            (output port)
  Path Group:             (none)
  Path Type:              Min at Fast Process Corner
  Data Path Delay:        2.434ns  (logic 0.965ns (39.650%)  route 1.469ns (60.350%))
  Logic Levels:           1  (OBUFT=1)
  Clock Uncertainty:      0.152ns  ((TSJ^2 + TIJ^2)^1/2 + DJ) / 2 + PE
    Total System Jitter     (TSJ):    0.050ns
    Total Input Jitter      (TIJ):    0.300ns
    Discrete Jitter          (DJ):    0.000ns
    Phase Error              (PE):    0.000ns

    Location             Delay type                Incr(ns)  Path(ns)    Netlist Resource(s)
  -------------------------------------------------------------------    -------------------
                         (clock clk_fpga_0 rise edge)
                                                      0.000     0.000 r  
    PS7_X0Y0             PS7                          0.000     0.000 r  design_1_i/processing_system7_0/inst/PS7_i/FCLKCLK[0]
                         net (fo=1, routed)           0.310     0.310    design_1_i/processing_system7_0/inst/FCLK_CLK_unbuffered[0]
    BUFGCTRL_X0Y16       BUFG (Prop_bufg_I_O)         0.026     0.336 r  design_1_i/processing_system7_0/inst/buffer_fclk_clk_0.FCLK_CLK_0_BUFG/O
                         net (fo=2496, routed)        0.570     0.906    design_1_i/axi_gpio_0/U0/gpio_core_1/s_axi_aclk
    SLICE_X57Y81         FDSE                                         r  design_1_i/axi_gpio_0/U0/gpio_core_1/Not_Dual.gpio_OE_reg[2]/C
  -------------------------------------------------------------------    -------------------
    SLICE_X57Y81         FDSE (Prop_fdse_C_Q)         0.141     1.047 r  design_1_i/axi_gpio_0/U0/gpio_core_1/Not_Dual.gpio_OE_reg[2]/Q
                         net (fo=3, routed)           1.469     2.515    GPIO_0_tri_iobuf_29/T
    W15                  OBUFT (TriStatD_obuft_T_O)
                                                      0.824     3.339 r  GPIO_0_tri_iobuf_29/OBUFT/O
                         net (fo=1, unset)            0.000     3.339    GPIO_0_tri_io[29]
    W15                                                               r  GPIO_0_tri_io[29] (INOUT)
  -------------------------------------------------------------------    -------------------

Slack:                    inf
  Source:                 design_1_i/axi_gpio_0/U0/gpio_core_1/Not_Dual.gpio_Data_Out_reg[7]/C
                            (rising edge-triggered cell FDRE clocked by clk_fpga_0  {rise@0.000ns fall@5.000ns period=10.000ns})
  Destination:            GPIO_0_tri_io[24]
                            (output port)
  Path Group:             (none)
  Path Type:              Min at Fast Process Corner
  Data Path Delay:        2.465ns  (logic 1.358ns (55.102%)  route 1.107ns (44.898%))
  Logic Levels:           1  (OBUFT=1)
  Clock Uncertainty:      0.152ns  ((TSJ^2 + TIJ^2)^1/2 + DJ) / 2 + PE
    Total System Jitter     (TSJ):    0.050ns
    Total Input Jitter      (TIJ):    0.300ns
    Discrete Jitter          (DJ):    0.000ns
    Phase Error              (PE):    0.000ns

    Location             Delay type                Incr(ns)  Path(ns)    Netlist Resource(s)
  -------------------------------------------------------------------    -------------------
                         (clock clk_fpga_0 rise edge)
                                                      0.000     0.000 r  
    PS7_X0Y0             PS7                          0.000     0.000 r  design_1_i/processing_system7_0/inst/PS7_i/FCLKCLK[0]
                         net (fo=1, routed)           0.310     0.310    design_1_i/processing_system7_0/inst/FCLK_CLK_unbuffered[0]
    BUFGCTRL_X0Y16       BUFG (Prop_bufg_I_O)         0.026     0.336 r  design_1_i/processing_system7_0/inst/buffer_fclk_clk_0.FCLK_CLK_0_BUFG/O
                         net (fo=2496, routed)        0.546     0.882    design_1_i/axi_gpio_0/U0/gpio_core_1/s_axi_aclk
    SLICE_X48Y79         FDRE                                         r  design_1_i/axi_gpio_0/U0/gpio_core_1/Not_Dual.gpio_Data_Out_reg[7]/C
  -------------------------------------------------------------------    -------------------
    SLICE_X48Y79         FDRE (Prop_fdre_C_Q)         0.141     1.023 r  design_1_i/axi_gpio_0/U0/gpio_core_1/Not_Dual.gpio_Data_Out_reg[7]/Q
                         net (fo=2, routed)           1.107     2.129    GPIO_0_tri_iobuf_24/I
    N18                  OBUFT (Prop_obuft_I_O)       1.217     3.346 r  GPIO_0_tri_iobuf_24/OBUFT/O
                         net (fo=1, unset)            0.000     3.346    GPIO_0_tri_io[24]
    N18                                                               r  GPIO_0_tri_io[24] (INOUT)
  -------------------------------------------------------------------    -------------------

Slack:                    inf
  Source:                 design_1_i/axi_gpio_0/U0/gpio_core_1/Not_Dual.gpio_OE_reg[8]/C
                            (rising edge-triggered cell FDSE clocked by clk_fpga_0  {rise@0.000ns fall@5.000ns period=10.000ns})
  Destination:            GPIO_0_tri_io[23]
                            (output port)
  Path Group:             (none)
  Path Type:              Min at Fast Process Corner
  Data Path Delay:        2.452ns  (logic 0.965ns (39.355%)  route 1.487ns (60.645%))
  Logic Levels:           1  (OBUFT=1)
  Clock Uncertainty:      0.152ns  ((TSJ^2 + TIJ^2)^1/2 + DJ) / 2 + PE
    Total System Jitter     (TSJ):    0.050ns
    Total Input Jitter      (TIJ):    0.300ns
    Discrete Jitter          (DJ):    0.000ns
    Phase Error              (PE):    0.000ns

    Location             Delay type                Incr(ns)  Path(ns)    Netlist Resource(s)
  -------------------------------------------------------------------    -------------------
                         (clock clk_fpga_0 rise edge)
                                                      0.000     0.000 r  
    PS7_X0Y0             PS7                          0.000     0.000 r  design_1_i/processing_system7_0/inst/PS7_i/FCLKCLK[0]
                         net (fo=1, routed)           0.310     0.310    design_1_i/processing_system7_0/inst/FCLK_CLK_unbuffered[0]
    BUFGCTRL_X0Y16       BUFG (Prop_bufg_I_O)         0.026     0.336 r  design_1_i/processing_system7_0/inst/buffer_fclk_clk_0.FCLK_CLK_0_BUFG/O
                         net (fo=2496, routed)        0.567     0.903    design_1_i/axi_gpio_0/U0/gpio_core_1/s_axi_aclk
    SLICE_X55Y79         FDSE                                         r  design_1_i/axi_gpio_0/U0/gpio_core_1/Not_Dual.gpio_OE_reg[8]/C
  -------------------------------------------------------------------    -------------------
    SLICE_X55Y79         FDSE (Prop_fdse_C_Q)         0.141     1.044 r  design_1_i/axi_gpio_0/U0/gpio_core_1/Not_Dual.gpio_OE_reg[8]/Q
                         net (fo=3, routed)           1.487     2.531    GPIO_0_tri_iobuf_23/T
    P19                  OBUFT (TriStatD_obuft_T_O)
                                                      0.824     3.355 r  GPIO_0_tri_iobuf_23/OBUFT/O
                         net (fo=1, unset)            0.000     3.355    GPIO_0_tri_io[23]
    P19                                                               r  GPIO_0_tri_io[23] (INOUT)
  -------------------------------------------------------------------    -------------------





--------------------------------------------------------------------------------------
Path Group:  (none)
From Clock:  clk_out1_design_1_clk_wiz_0_0
  To Clock:  

Max Delay             2 Endpoints
Min Delay             2 Endpoints
--------------------------------------------------------------------------------------


Max Delay Paths
--------------------------------------------------------------------------------------
Slack:                    inf
  Source:                 design_1_i/ultrasoon_1/U0/ultrasoon_slave_lite_v1_0_S00_AXI_inst/Core1/sonar_trig_reg/C
                            (falling edge-triggered cell FDRE clocked by clk_out1_design_1_clk_wiz_0_0  {rise@0.000ns fall@5.000ns period=10.000ns})
  Destination:            sonar_trig_1
                            (output port)
  Path Group:             (none)
  Path Type:              Max at Slow Process Corner
  Data Path Delay:        8.134ns  (logic 4.001ns (49.186%)  route 4.133ns (50.814%))
  Logic Levels:           1  (OBUF=1)
  Clock Uncertainty:      0.164ns  ((TSJ^2 + DJ^2)^1/2) / 2 + PE
    Total System Jitter     (TSJ):    0.050ns
    Discrete Jitter          (DJ):    0.125ns
    Phase Error              (PE):    0.097ns

    Location             Delay type                Incr(ns)  Path(ns)    Netlist Resource(s)
  -------------------------------------------------------------------    -------------------
                         (clock clk_out1_design_1_clk_wiz_0_0 fall edge)
                                                      5.000     5.000 f  
    H16                                               0.000     5.000 f  sys_clock (IN)
                         net (fo=0)                   0.000     5.000    design_1_i/clk_wiz_0/inst/clk_in1
    H16                  IBUF (Prop_ibuf_I_O)         1.451     6.451 f  design_1_i/clk_wiz_0/inst/clkin1_ibufg/O
                         net (fo=1, routed)           1.285     7.736    design_1_i/clk_wiz_0/inst/clk_in1_design_1_clk_wiz_0_0
    MMCME2_ADV_X1Y2      MMCME2_ADV (Prop_mmcme2_adv_CLKIN1_CLKOUT0)
                                                     -7.759    -0.023 f  design_1_i/clk_wiz_0/inst/mmcm_adv_inst/CLKOUT0
                         net (fo=1, routed)           2.206     2.183    design_1_i/clk_wiz_0/inst/clk_out1_design_1_clk_wiz_0_0
    BUFGCTRL_X0Y17       BUFG (Prop_bufg_I_O)         0.101     2.284 f  design_1_i/clk_wiz_0/inst/clkout1_buf/O
                         net (fo=180, routed)         1.908     4.192    design_1_i/ultrasoon_1/U0/ultrasoon_slave_lite_v1_0_S00_AXI_inst/Core1/clk
    SLICE_X65Y102        FDRE                                         r  design_1_i/ultrasoon_1/U0/ultrasoon_slave_lite_v1_0_S00_AXI_inst/Core1/sonar_trig_reg/C  (IS_INVERTED)
  -------------------------------------------------------------------    -------------------
    SLICE_X65Y102        FDRE (Prop_fdre_C_Q)         0.459     4.651 r  design_1_i/ultrasoon_1/U0/ultrasoon_slave_lite_v1_0_S00_AXI_inst/Core1/sonar_trig_reg/Q
                         net (fo=2, routed)           4.133     8.784    sonar_trig_1_OBUF
    W19                  OBUF (Prop_obuf_I_O)         3.542    12.325 r  sonar_trig_1_OBUF_inst/O
                         net (fo=0)                   0.000    12.325    sonar_trig_1
    W19                                                               r  sonar_trig_1 (OUT)
  -------------------------------------------------------------------    -------------------

Slack:                    inf
  Source:                 design_1_i/ultrasoon_0/U0/ultrasoon_slave_lite_v1_0_S00_AXI_inst/Core1/sonar_trig_reg/C
                            (falling edge-triggered cell FDRE clocked by clk_out1_design_1_clk_wiz_0_0  {rise@0.000ns fall@5.000ns period=10.000ns})
  Destination:            sonar_trig_0
                            (output port)
  Path Group:             (none)
  Path Type:              Max at Slow Process Corner
  Data Path Delay:        7.135ns  (logic 4.082ns (57.214%)  route 3.053ns (42.786%))
  Logic Levels:           1  (OBUF=1)
  Clock Uncertainty:      0.164ns  ((TSJ^2 + DJ^2)^1/2) / 2 + PE
    Total System Jitter     (TSJ):    0.050ns
    Discrete Jitter          (DJ):    0.125ns
    Phase Error              (PE):    0.097ns

    Location             Delay type                Incr(ns)  Path(ns)    Netlist Resource(s)
  -------------------------------------------------------------------    -------------------
                         (clock clk_out1_design_1_clk_wiz_0_0 fall edge)
                                                      5.000     5.000 f  
    H16                                               0.000     5.000 f  sys_clock (IN)
                         net (fo=0)                   0.000     5.000    design_1_i/clk_wiz_0/inst/clk_in1
    H16                  IBUF (Prop_ibuf_I_O)         1.451     6.451 f  design_1_i/clk_wiz_0/inst/clkin1_ibufg/O
                         net (fo=1, routed)           1.285     7.736    design_1_i/clk_wiz_0/inst/clk_in1_design_1_clk_wiz_0_0
    MMCME2_ADV_X1Y2      MMCME2_ADV (Prop_mmcme2_adv_CLKIN1_CLKOUT0)
                                                     -7.759    -0.023 f  design_1_i/clk_wiz_0/inst/mmcm_adv_inst/CLKOUT0
                         net (fo=1, routed)           2.206     2.183    design_1_i/clk_wiz_0/inst/clk_out1_design_1_clk_wiz_0_0
    BUFGCTRL_X0Y17       BUFG (Prop_bufg_I_O)         0.101     2.284 f  design_1_i/clk_wiz_0/inst/clkout1_buf/O
                         net (fo=180, routed)         1.702     3.986    design_1_i/ultrasoon_0/U0/ultrasoon_slave_lite_v1_0_S00_AXI_inst/Core1/clk
    SLICE_X66Y79         FDRE                                         r  design_1_i/ultrasoon_0/U0/ultrasoon_slave_lite_v1_0_S00_AXI_inst/Core1/sonar_trig_reg/C  (IS_INVERTED)
  -------------------------------------------------------------------    -------------------
    SLICE_X66Y79         FDRE (Prop_fdre_C_Q)         0.524     4.510 r  design_1_i/ultrasoon_0/U0/ultrasoon_slave_lite_v1_0_S00_AXI_inst/Core1/sonar_trig_reg/Q
                         net (fo=2, routed)           3.053     7.562    sonar_trig_0_OBUF
    U19                  OBUF (Prop_obuf_I_O)         3.558    11.120 r  sonar_trig_0_OBUF_inst/O
                         net (fo=0)                   0.000    11.120    sonar_trig_0
    U19                                                               r  sonar_trig_0 (OUT)
  -------------------------------------------------------------------    -------------------





Min Delay Paths
--------------------------------------------------------------------------------------
Slack:                    inf
  Source:                 design_1_i/ultrasoon_0/U0/ultrasoon_slave_lite_v1_0_S00_AXI_inst/Core1/sonar_trig_reg/C
                            (falling edge-triggered cell FDRE clocked by clk_out1_design_1_clk_wiz_0_0  {rise@0.000ns fall@5.000ns period=10.000ns})
  Destination:            sonar_trig_0
                            (output port)
  Path Group:             (none)
  Path Type:              Min at Fast Process Corner
  Data Path Delay:        2.509ns  (logic 1.426ns (56.815%)  route 1.084ns (43.185%))
  Logic Levels:           1  (OBUF=1)
  Clock Uncertainty:      0.164ns  ((TSJ^2 + DJ^2)^1/2) / 2 + PE
    Total System Jitter     (TSJ):    0.050ns
    Discrete Jitter          (DJ):    0.125ns
    Phase Error              (PE):    0.097ns

    Location             Delay type                Incr(ns)  Path(ns)    Netlist Resource(s)
  -------------------------------------------------------------------    -------------------
                         (clock clk_out1_design_1_clk_wiz_0_0 fall edge)
                                                      5.000     5.000 f  
    H16                                               0.000     5.000 f  sys_clock (IN)
                         net (fo=0)                   0.000     5.000    design_1_i/clk_wiz_0/inst/clk_in1
    H16                  IBUF (Prop_ibuf_I_O)         0.219     5.219 f  design_1_i/clk_wiz_0/inst/clkin1_ibufg/O
                         net (fo=1, routed)           0.440     5.659    design_1_i/clk_wiz_0/inst/clk_in1_design_1_clk_wiz_0_0
    MMCME2_ADV_X1Y2      MMCME2_ADV (Prop_mmcme2_adv_CLKIN1_CLKOUT0)
                                                     -2.613     3.046 f  design_1_i/clk_wiz_0/inst/mmcm_adv_inst/CLKOUT0
                         net (fo=1, routed)           0.696     3.743    design_1_i/clk_wiz_0/inst/clk_out1_design_1_clk_wiz_0_0
    BUFGCTRL_X0Y17       BUFG (Prop_bufg_I_O)         0.026     3.769 f  design_1_i/clk_wiz_0/inst/clkout1_buf/O
                         net (fo=180, routed)         0.570     4.339    design_1_i/ultrasoon_0/U0/ultrasoon_slave_lite_v1_0_S00_AXI_inst/Core1/clk
    SLICE_X66Y79         FDRE                                         r  design_1_i/ultrasoon_0/U0/ultrasoon_slave_lite_v1_0_S00_AXI_inst/Core1/sonar_trig_reg/C  (IS_INVERTED)
  -------------------------------------------------------------------    -------------------
    SLICE_X66Y79         FDRE (Prop_fdre_C_Q)         0.167     4.506 r  design_1_i/ultrasoon_0/U0/ultrasoon_slave_lite_v1_0_S00_AXI_inst/Core1/sonar_trig_reg/Q
                         net (fo=2, routed)           1.084     5.589    sonar_trig_0_OBUF
    U19                  OBUF (Prop_obuf_I_O)         1.259     6.848 r  sonar_trig_0_OBUF_inst/O
                         net (fo=0)                   0.000     6.848    sonar_trig_0
    U19                                                               r  sonar_trig_0 (OUT)
  -------------------------------------------------------------------    -------------------

Slack:                    inf
  Source:                 design_1_i/ultrasoon_1/U0/ultrasoon_slave_lite_v1_0_S00_AXI_inst/Core1/sonar_trig_reg/C
                            (falling edge-triggered cell FDRE clocked by clk_out1_design_1_clk_wiz_0_0  {rise@0.000ns fall@5.000ns period=10.000ns})
  Destination:            sonar_trig_1
                            (output port)
  Path Group:             (none)
  Path Type:              Min at Fast Process Corner
  Data Path Delay:        2.893ns  (logic 1.388ns (47.985%)  route 1.505ns (52.015%))
  Logic Levels:           1  (OBUF=1)
  Clock Uncertainty:      0.164ns  ((TSJ^2 + DJ^2)^1/2) / 2 + PE
    Total System Jitter     (TSJ):    0.050ns
    Discrete Jitter          (DJ):    0.125ns
    Phase Error              (PE):    0.097ns

    Location             Delay type                Incr(ns)  Path(ns)    Netlist Resource(s)
  -------------------------------------------------------------------    -------------------
                         (clock clk_out1_design_1_clk_wiz_0_0 fall edge)
                                                      5.000     5.000 f  
    H16                                               0.000     5.000 f  sys_clock (IN)
                         net (fo=0)                   0.000     5.000    design_1_i/clk_wiz_0/inst/clk_in1
    H16                  IBUF (Prop_ibuf_I_O)         0.219     5.219 f  design_1_i/clk_wiz_0/inst/clkin1_ibufg/O
                         net (fo=1, routed)           0.440     5.659    design_1_i/clk_wiz_0/inst/clk_in1_design_1_clk_wiz_0_0
    MMCME2_ADV_X1Y2      MMCME2_ADV (Prop_mmcme2_adv_CLKIN1_CLKOUT0)
                                                     -2.613     3.046 f  design_1_i/clk_wiz_0/inst/mmcm_adv_inst/CLKOUT0
                         net (fo=1, routed)           0.696     3.743    design_1_i/clk_wiz_0/inst/clk_out1_design_1_clk_wiz_0_0
    BUFGCTRL_X0Y17       BUFG (Prop_bufg_I_O)         0.026     3.769 f  design_1_i/clk_wiz_0/inst/clkout1_buf/O
                         net (fo=180, routed)         0.662     4.431    design_1_i/ultrasoon_1/U0/ultrasoon_slave_lite_v1_0_S00_AXI_inst/Core1/clk
    SLICE_X65Y102        FDRE                                         r  design_1_i/ultrasoon_1/U0/ultrasoon_slave_lite_v1_0_S00_AXI_inst/Core1/sonar_trig_reg/C  (IS_INVERTED)
  -------------------------------------------------------------------    -------------------
    SLICE_X65Y102        FDRE (Prop_fdre_C_Q)         0.146     4.577 r  design_1_i/ultrasoon_1/U0/ultrasoon_slave_lite_v1_0_S00_AXI_inst/Core1/sonar_trig_reg/Q
                         net (fo=2, routed)           1.505     6.082    sonar_trig_1_OBUF
    W19                  OBUF (Prop_obuf_I_O)         1.242     7.324 r  sonar_trig_1_OBUF_inst/O
                         net (fo=0)                   0.000     7.324    sonar_trig_1
    W19                                                               r  sonar_trig_1 (OUT)
  -------------------------------------------------------------------    -------------------





--------------------------------------------------------------------------------------
Path Group:  (none)
From Clock:  clkfbout_design_1_clk_wiz_0_0
  To Clock:  

Max Delay             1 Endpoint
Min Delay             1 Endpoint
--------------------------------------------------------------------------------------


Max Delay Paths
--------------------------------------------------------------------------------------
Slack:                    inf
  Source:                 design_1_i/clk_wiz_0/inst/mmcm_adv_inst/CLKFBOUT
                            (clock source 'clkfbout_design_1_clk_wiz_0_0'  {rise@0.000ns fall@4.000ns period=8.000ns})
  Destination:            design_1_i/clk_wiz_0/inst/mmcm_adv_inst/CLKFBIN
  Path Group:             (none)
  Path Type:              Max at Slow Process Corner
  Data Path Delay:        4.287ns  (logic 0.101ns (2.356%)  route 4.186ns (97.644%))
  Logic Levels:           1  (BUFG=1)
  Clock Uncertainty:      0.145ns  ((TSJ^2 + DJ^2)^1/2) / 2 + PE
    Total System Jitter     (TSJ):    0.050ns
    Discrete Jitter          (DJ):    0.081ns
    Phase Error              (PE):    0.097ns

    Location             Delay type                Incr(ns)  Path(ns)    Netlist Resource(s)
  -------------------------------------------------------------------    -------------------
                         (clock clkfbout_design_1_clk_wiz_0_0 fall edge)
                                                      4.000     4.000 f  
    H16                                               0.000     4.000 f  sys_clock (IN)
                         net (fo=0)                   0.000     4.000    design_1_i/clk_wiz_0/inst/clk_in1
    H16                  IBUF (Prop_ibuf_I_O)         1.451     5.451 f  design_1_i/clk_wiz_0/inst/clkin1_ibufg/O
                         net (fo=1, routed)           1.285     6.736    design_1_i/clk_wiz_0/inst/clk_in1_design_1_clk_wiz_0_0
  -------------------------------------------------------------------    -------------------
    MMCME2_ADV_X1Y2      MMCME2_ADV (Prop_mmcme2_adv_CLKIN1_CLKFBOUT)
                                                     -7.759    -1.023 f  design_1_i/clk_wiz_0/inst/mmcm_adv_inst/CLKFBOUT
                         net (fo=1, routed)           2.206     1.183    design_1_i/clk_wiz_0/inst/clkfbout_design_1_clk_wiz_0_0
    BUFGCTRL_X0Y18       BUFG (Prop_bufg_I_O)         0.101     1.284 f  design_1_i/clk_wiz_0/inst/clkf_buf/O
                         net (fo=1, routed)           1.980     3.264    design_1_i/clk_wiz_0/inst/clkfbout_buf_design_1_clk_wiz_0_0
    MMCME2_ADV_X1Y2      MMCME2_ADV                                   f  design_1_i/clk_wiz_0/inst/mmcm_adv_inst/CLKFBIN
  -------------------------------------------------------------------    -------------------





Min Delay Paths
--------------------------------------------------------------------------------------
Slack:                    inf
  Source:                 design_1_i/clk_wiz_0/inst/mmcm_adv_inst/CLKFBOUT
                            (clock source 'clkfbout_design_1_clk_wiz_0_0'  {rise@0.000ns fall@4.000ns period=8.000ns})
  Destination:            design_1_i/clk_wiz_0/inst/mmcm_adv_inst/CLKFBIN
  Path Group:             (none)
  Path Type:              Min at Slow Process Corner
  Data Path Delay:        3.873ns  (logic 0.091ns (2.349%)  route 3.782ns (97.651%))
  Logic Levels:           1  (BUFG=1)
  Clock Uncertainty:      0.145ns  ((TSJ^2 + DJ^2)^1/2) / 2 + PE
    Total System Jitter     (TSJ):    0.050ns
    Discrete Jitter          (DJ):    0.081ns
    Phase Error              (PE):    0.097ns

    Location             Delay type                Incr(ns)  Path(ns)    Netlist Resource(s)
  -------------------------------------------------------------------    -------------------
                         (clock clkfbout_design_1_clk_wiz_0_0 rise edge)
                                                      0.000     0.000 r  
    H16                                               0.000     0.000 r  sys_clock (IN)
                         net (fo=0)                   0.000     0.000    design_1_i/clk_wiz_0/inst/clk_in1
    H16                  IBUF (Prop_ibuf_I_O)         1.380     1.380 r  design_1_i/clk_wiz_0/inst/clkin1_ibufg/O
                         net (fo=1, routed)           1.162     2.542    design_1_i/clk_wiz_0/inst/clk_in1_design_1_clk_wiz_0_0
  -------------------------------------------------------------------    -------------------
    MMCME2_ADV_X1Y2      MMCME2_ADV (Prop_mmcme2_adv_CLKIN1_CLKFBOUT)
                                                     -7.814    -5.272 r  design_1_i/clk_wiz_0/inst/mmcm_adv_inst/CLKFBOUT
                         net (fo=1, routed)           2.012    -3.260    design_1_i/clk_wiz_0/inst/clkfbout_design_1_clk_wiz_0_0
    BUFGCTRL_X0Y18       BUFG (Prop_bufg_I_O)         0.091    -3.169 r  design_1_i/clk_wiz_0/inst/clkf_buf/O
                         net (fo=1, routed)           1.770    -1.399    design_1_i/clk_wiz_0/inst/clkfbout_buf_design_1_clk_wiz_0_0
    MMCME2_ADV_X1Y2      MMCME2_ADV                                   r  design_1_i/clk_wiz_0/inst/mmcm_adv_inst/CLKFBIN
  -------------------------------------------------------------------    -------------------





--------------------------------------------------------------------------------------
Path Group:  (none)
From Clock:  
  To Clock:  clk_fpga_0

Max Delay             2 Endpoints
Min Delay             2 Endpoints
--------------------------------------------------------------------------------------


Max Delay Paths
--------------------------------------------------------------------------------------
Slack:                    inf
  Source:                 IIC_0_sda_io
                            (input port)
  Destination:            design_1_i/axi_iic_0/U0/X_IIC/FILTER_I/SDA_DEBOUNCE/INPUT_DOUBLE_REGS/GENERATE_LEVEL_P_S_CDC.SINGLE_BIT.CROSS_PLEVEL_IN2SCNDRY_IN_cdc_to/D
                            (rising edge-triggered cell FDRE clocked by clk_fpga_0  {rise@0.000ns fall@5.000ns period=10.000ns})
  Path Group:             (none)
  Path Type:              Setup (Max at Slow Process Corner)
  Data Path Delay:        5.122ns  (logic 1.589ns (31.017%)  route 3.533ns (68.983%))
  Logic Levels:           1  (IBUF=1)
  Clock Path Skew:        2.826ns (DCD - SCD + CPR)
    Destination Clock Delay (DCD):    2.826ns
    Source Clock Delay      (SCD):    0.000ns
    Clock Pessimism Removal (CPR):    0.000ns
  Clock Uncertainty:      0.152ns  ((TSJ^2 + TIJ^2)^1/2 + DJ) / 2 + PE
    Total System Jitter     (TSJ):    0.050ns
    Total Input Jitter      (TIJ):    0.300ns
    Discrete Jitter          (DJ):    0.000ns
    Phase Error              (PE):    0.000ns

    Location             Delay type                Incr(ns)  Path(ns)    Netlist Resource(s)
  -------------------------------------------------------------------    -------------------
    Y14                                               0.000     0.000 r  IIC_0_sda_io (INOUT)
                         net (fo=1, unset)            0.000     0.000    IIC_0_sda_iobuf/IO
    Y14                  IBUF (Prop_ibuf_I_O)         1.589     1.589 r  IIC_0_sda_iobuf/IBUF/O
                         net (fo=1, routed)           3.533     5.122    design_1_i/axi_iic_0/U0/X_IIC/FILTER_I/SDA_DEBOUNCE/INPUT_DOUBLE_REGS/sda_i
    SLICE_X48Y112        FDRE                                         r  design_1_i/axi_iic_0/U0/X_IIC/FILTER_I/SDA_DEBOUNCE/INPUT_DOUBLE_REGS/GENERATE_LEVEL_P_S_CDC.SINGLE_BIT.CROSS_PLEVEL_IN2SCNDRY_IN_cdc_to/D
  -------------------------------------------------------------------    -------------------

                         (clock clk_fpga_0 rise edge)
                                                      0.000     0.000 r  
    PS7_X0Y0             PS7                          0.000     0.000 r  design_1_i/processing_system7_0/inst/PS7_i/FCLKCLK[0]
                         net (fo=1, routed)           1.088     1.088    design_1_i/processing_system7_0/inst/FCLK_CLK_unbuffered[0]
    BUFGCTRL_X0Y16       BUFG (Prop_bufg_I_O)         0.091     1.179 r  design_1_i/processing_system7_0/inst/buffer_fclk_clk_0.FCLK_CLK_0_BUFG/O
                         net (fo=2496, routed)        1.647     2.826    design_1_i/axi_iic_0/U0/X_IIC/FILTER_I/SDA_DEBOUNCE/INPUT_DOUBLE_REGS/s_axi_aclk
    SLICE_X48Y112        FDRE                                         r  design_1_i/axi_iic_0/U0/X_IIC/FILTER_I/SDA_DEBOUNCE/INPUT_DOUBLE_REGS/GENERATE_LEVEL_P_S_CDC.SINGLE_BIT.CROSS_PLEVEL_IN2SCNDRY_IN_cdc_to/C

Slack:                    inf
  Source:                 IIC_0_scl_io
                            (input port)
  Destination:            design_1_i/axi_iic_0/U0/X_IIC/FILTER_I/SCL_DEBOUNCE/INPUT_DOUBLE_REGS/GENERATE_LEVEL_P_S_CDC.SINGLE_BIT.CROSS_PLEVEL_IN2SCNDRY_IN_cdc_to/D
                            (rising edge-triggered cell FDRE clocked by clk_fpga_0  {rise@0.000ns fall@5.000ns period=10.000ns})
  Path Group:             (none)
  Path Type:              Setup (Max at Slow Process Corner)
  Data Path Delay:        4.271ns  (logic 1.600ns (37.464%)  route 2.671ns (62.536%))
  Logic Levels:           1  (IBUF=1)
  Clock Path Skew:        2.827ns (DCD - SCD + CPR)
    Destination Clock Delay (DCD):    2.827ns
    Source Clock Delay      (SCD):    0.000ns
    Clock Pessimism Removal (CPR):    0.000ns
  Clock Uncertainty:      0.152ns  ((TSJ^2 + TIJ^2)^1/2 + DJ) / 2 + PE
    Total System Jitter     (TSJ):    0.050ns
    Total Input Jitter      (TIJ):    0.300ns
    Discrete Jitter          (DJ):    0.000ns
    Phase Error              (PE):    0.000ns

    Location             Delay type                Incr(ns)  Path(ns)    Netlist Resource(s)
  -------------------------------------------------------------------    -------------------
    W14                                               0.000     0.000 r  IIC_0_scl_io (INOUT)
                         net (fo=1, unset)            0.000     0.000    IIC_0_scl_iobuf/IO
    W14                  IBUF (Prop_ibuf_I_O)         1.600     1.600 r  IIC_0_scl_iobuf/IBUF/O
                         net (fo=1, routed)           2.671     4.271    design_1_i/axi_iic_0/U0/X_IIC/FILTER_I/SCL_DEBOUNCE/INPUT_DOUBLE_REGS/scl_i
    SLICE_X48Y111        FDRE                                         r  design_1_i/axi_iic_0/U0/X_IIC/FILTER_I/SCL_DEBOUNCE/INPUT_DOUBLE_REGS/GENERATE_LEVEL_P_S_CDC.SINGLE_BIT.CROSS_PLEVEL_IN2SCNDRY_IN_cdc_to/D
  -------------------------------------------------------------------    -------------------

                         (clock clk_fpga_0 rise edge)
                                                      0.000     0.000 r  
    PS7_X0Y0             PS7                          0.000     0.000 r  design_1_i/processing_system7_0/inst/PS7_i/FCLKCLK[0]
                         net (fo=1, routed)           1.088     1.088    design_1_i/processing_system7_0/inst/FCLK_CLK_unbuffered[0]
    BUFGCTRL_X0Y16       BUFG (Prop_bufg_I_O)         0.091     1.179 r  design_1_i/processing_system7_0/inst/buffer_fclk_clk_0.FCLK_CLK_0_BUFG/O
                         net (fo=2496, routed)        1.648     2.827    design_1_i/axi_iic_0/U0/X_IIC/FILTER_I/SCL_DEBOUNCE/INPUT_DOUBLE_REGS/s_axi_aclk
    SLICE_X48Y111        FDRE                                         r  design_1_i/axi_iic_0/U0/X_IIC/FILTER_I/SCL_DEBOUNCE/INPUT_DOUBLE_REGS/GENERATE_LEVEL_P_S_CDC.SINGLE_BIT.CROSS_PLEVEL_IN2SCNDRY_IN_cdc_to/C





Min Delay Paths
--------------------------------------------------------------------------------------
Slack:                    inf
  Source:                 IIC_0_scl_io
                            (input port)
  Destination:            design_1_i/axi_iic_0/U0/X_IIC/FILTER_I/SCL_DEBOUNCE/INPUT_DOUBLE_REGS/GENERATE_LEVEL_P_S_CDC.SINGLE_BIT.CROSS_PLEVEL_IN2SCNDRY_IN_cdc_to/D
                            (rising edge-triggered cell FDRE clocked by clk_fpga_0  {rise@0.000ns fall@5.000ns period=10.000ns})
  Path Group:             (none)
  Path Type:              Hold (Min at Fast Process Corner)
  Data Path Delay:        1.462ns  (logic 0.367ns (25.093%)  route 1.095ns (74.907%))
  Logic Levels:           1  (IBUF=1)
  Clock Path Skew:        1.274ns (DCD - SCD - CPR)
    Destination Clock Delay (DCD):    1.274ns
    Source Clock Delay      (SCD):    0.000ns
    Clock Pessimism Removal (CPR):    -0.000ns

    Location             Delay type                Incr(ns)  Path(ns)    Netlist Resource(s)
  -------------------------------------------------------------------    -------------------
    W14                                               0.000     0.000 r  IIC_0_scl_io (INOUT)
                         net (fo=1, unset)            0.000     0.000    IIC_0_scl_iobuf/IO
    W14                  IBUF (Prop_ibuf_I_O)         0.367     0.367 r  IIC_0_scl_iobuf/IBUF/O
                         net (fo=1, routed)           1.095     1.462    design_1_i/axi_iic_0/U0/X_IIC/FILTER_I/SCL_DEBOUNCE/INPUT_DOUBLE_REGS/scl_i
    SLICE_X48Y111        FDRE                                         r  design_1_i/axi_iic_0/U0/X_IIC/FILTER_I/SCL_DEBOUNCE/INPUT_DOUBLE_REGS/GENERATE_LEVEL_P_S_CDC.SINGLE_BIT.CROSS_PLEVEL_IN2SCNDRY_IN_cdc_to/D
  -------------------------------------------------------------------    -------------------

                         (clock clk_fpga_0 rise edge)
                                                      0.000     0.000 r  
    PS7_X0Y0             PS7                          0.000     0.000 r  design_1_i/processing_system7_0/inst/PS7_i/FCLKCLK[0]
                         net (fo=1, routed)           0.337     0.337    design_1_i/processing_system7_0/inst/FCLK_CLK_unbuffered[0]
    BUFGCTRL_X0Y16       BUFG (Prop_bufg_I_O)         0.029     0.366 r  design_1_i/processing_system7_0/inst/buffer_fclk_clk_0.FCLK_CLK_0_BUFG/O
                         net (fo=2496, routed)        0.908     1.274    design_1_i/axi_iic_0/U0/X_IIC/FILTER_I/SCL_DEBOUNCE/INPUT_DOUBLE_REGS/s_axi_aclk
    SLICE_X48Y111        FDRE                                         r  design_1_i/axi_iic_0/U0/X_IIC/FILTER_I/SCL_DEBOUNCE/INPUT_DOUBLE_REGS/GENERATE_LEVEL_P_S_CDC.SINGLE_BIT.CROSS_PLEVEL_IN2SCNDRY_IN_cdc_to/C

Slack:                    inf
  Source:                 IIC_0_sda_io
                            (input port)
  Destination:            design_1_i/axi_iic_0/U0/X_IIC/FILTER_I/SDA_DEBOUNCE/INPUT_DOUBLE_REGS/GENERATE_LEVEL_P_S_CDC.SINGLE_BIT.CROSS_PLEVEL_IN2SCNDRY_IN_cdc_to/D
                            (rising edge-triggered cell FDRE clocked by clk_fpga_0  {rise@0.000ns fall@5.000ns period=10.000ns})
  Path Group:             (none)
  Path Type:              Hold (Min at Fast Process Corner)
  Data Path Delay:        1.950ns  (logic 0.356ns (18.233%)  route 1.594ns (81.767%))
  Logic Levels:           1  (IBUF=1)
  Clock Path Skew:        1.272ns (DCD - SCD - CPR)
    Destination Clock Delay (DCD):    1.272ns
    Source Clock Delay      (SCD):    0.000ns
    Clock Pessimism Removal (CPR):    -0.000ns

    Location             Delay type                Incr(ns)  Path(ns)    Netlist Resource(s)
  -------------------------------------------------------------------    -------------------
    Y14                                               0.000     0.000 r  IIC_0_sda_io (INOUT)
                         net (fo=1, unset)            0.000     0.000    IIC_0_sda_iobuf/IO
    Y14                  IBUF (Prop_ibuf_I_O)         0.356     0.356 r  IIC_0_sda_iobuf/IBUF/O
                         net (fo=1, routed)           1.594     1.950    design_1_i/axi_iic_0/U0/X_IIC/FILTER_I/SDA_DEBOUNCE/INPUT_DOUBLE_REGS/sda_i
    SLICE_X48Y112        FDRE                                         r  design_1_i/axi_iic_0/U0/X_IIC/FILTER_I/SDA_DEBOUNCE/INPUT_DOUBLE_REGS/GENERATE_LEVEL_P_S_CDC.SINGLE_BIT.CROSS_PLEVEL_IN2SCNDRY_IN_cdc_to/D
  -------------------------------------------------------------------    -------------------

                         (clock clk_fpga_0 rise edge)
                                                      0.000     0.000 r  
    PS7_X0Y0             PS7                          0.000     0.000 r  design_1_i/processing_system7_0/inst/PS7_i/FCLKCLK[0]
                         net (fo=1, routed)           0.337     0.337    design_1_i/processing_system7_0/inst/FCLK_CLK_unbuffered[0]
    BUFGCTRL_X0Y16       BUFG (Prop_bufg_I_O)         0.029     0.366 r  design_1_i/processing_system7_0/inst/buffer_fclk_clk_0.FCLK_CLK_0_BUFG/O
                         net (fo=2496, routed)        0.906     1.272    design_1_i/axi_iic_0/U0/X_IIC/FILTER_I/SDA_DEBOUNCE/INPUT_DOUBLE_REGS/s_axi_aclk
    SLICE_X48Y112        FDRE                                         r  design_1_i/axi_iic_0/U0/X_IIC/FILTER_I/SDA_DEBOUNCE/INPUT_DOUBLE_REGS/GENERATE_LEVEL_P_S_CDC.SINGLE_BIT.CROSS_PLEVEL_IN2SCNDRY_IN_cdc_to/C





--------------------------------------------------------------------------------------
Path Group:  (none)
From Clock:  
  To Clock:  clk_out1_design_1_clk_wiz_0_0

Max Delay            68 Endpoints
Min Delay            68 Endpoints
--------------------------------------------------------------------------------------


Max Delay Paths
--------------------------------------------------------------------------------------
Slack:                    inf
  Source:                 Sensor_Pin_1
                            (input port)
  Destination:            design_1_i/SpeedSensor_1/U0/SpeedSensor_slave_lite_v1_0_S00_AXI_inst/Core1/pulse_count_reg[28]/CE
                            (rising edge-triggered cell FDRE clocked by clk_out1_design_1_clk_wiz_0_0  {rise@0.000ns fall@5.000ns period=10.000ns})
  Path Group:             (none)
  Path Type:              Setup (Max at Slow Process Corner)
  Data Path Delay:        6.089ns  (logic 1.691ns (27.769%)  route 4.398ns (72.231%))
  Logic Levels:           2  (IBUF=1 LUT3=1)
  Clock Path Skew:        -1.690ns (DCD - SCD + CPR)
    Destination Clock Delay (DCD):    -1.690ns
    Source Clock Delay      (SCD):    0.000ns
    Clock Pessimism Removal (CPR):    0.000ns
  Clock Uncertainty:      0.164ns  ((TSJ^2 + DJ^2)^1/2) / 2 + PE
    Total System Jitter     (TSJ):    0.050ns
    Discrete Jitter          (DJ):    0.125ns
    Phase Error              (PE):    0.097ns

    Location             Delay type                Incr(ns)  Path(ns)    Netlist Resource(s)
  -------------------------------------------------------------------    -------------------
    Y17                                               0.000     0.000 r  Sensor_Pin_1 (IN)
                         net (fo=0)                   0.000     0.000    Sensor_Pin_1
    Y17                  IBUF (Prop_ibuf_I_O)         1.567     1.567 r  Sensor_Pin_1_IBUF_inst/O
                         net (fo=2, routed)           3.366     4.933    design_1_i/SpeedSensor_1/U0/SpeedSensor_slave_lite_v1_0_S00_AXI_inst/Core1/Sensor_Pin
    SLICE_X43Y86         LUT3 (Prop_lut3_I2_O)        0.124     5.057 r  design_1_i/SpeedSensor_1/U0/SpeedSensor_slave_lite_v1_0_S00_AXI_inst/Core1/__0/i_/O
                         net (fo=32, routed)          1.032     6.089    design_1_i/SpeedSensor_1/U0/SpeedSensor_slave_lite_v1_0_S00_AXI_inst/Core1/pulse_count
    SLICE_X42Y96         FDRE                                         r  design_1_i/SpeedSensor_1/U0/SpeedSensor_slave_lite_v1_0_S00_AXI_inst/Core1/pulse_count_reg[28]/CE
  -------------------------------------------------------------------    -------------------

                         (clock clk_out1_design_1_clk_wiz_0_0 rise edge)
                                                      0.000     0.000 r  
    H16                                               0.000     0.000 r  sys_clock (IN)
                         net (fo=0)                   0.000     0.000    design_1_i/clk_wiz_0/inst/clk_in1
    H16                  IBUF (Prop_ibuf_I_O)         1.380     1.380 r  design_1_i/clk_wiz_0/inst/clkin1_ibufg/O
                         net (fo=1, routed)           1.162     2.542    design_1_i/clk_wiz_0/inst/clk_in1_design_1_clk_wiz_0_0
    MMCME2_ADV_X1Y2      MMCME2_ADV (Prop_mmcme2_adv_CLKIN1_CLKOUT0)
                                                     -7.814    -5.272 r  design_1_i/clk_wiz_0/inst/mmcm_adv_inst/CLKOUT0
                         net (fo=1, routed)           2.012    -3.260    design_1_i/clk_wiz_0/inst/clk_out1_design_1_clk_wiz_0_0
    BUFGCTRL_X0Y17       BUFG (Prop_bufg_I_O)         0.091    -3.169 r  design_1_i/clk_wiz_0/inst/clkout1_buf/O
                         net (fo=180, routed)         1.479    -1.690    design_1_i/SpeedSensor_1/U0/SpeedSensor_slave_lite_v1_0_S00_AXI_inst/Core1/Clk
    SLICE_X42Y96         FDRE                                         r  design_1_i/SpeedSensor_1/U0/SpeedSensor_slave_lite_v1_0_S00_AXI_inst/Core1/pulse_count_reg[28]/C

Slack:                    inf
  Source:                 Sensor_Pin_1
                            (input port)
  Destination:            design_1_i/SpeedSensor_1/U0/SpeedSensor_slave_lite_v1_0_S00_AXI_inst/Core1/pulse_count_reg[29]/CE
                            (rising edge-triggered cell FDRE clocked by clk_out1_design_1_clk_wiz_0_0  {rise@0.000ns fall@5.000ns period=10.000ns})
  Path Group:             (none)
  Path Type:              Setup (Max at Slow Process Corner)
  Data Path Delay:        6.089ns  (logic 1.691ns (27.769%)  route 4.398ns (72.231%))
  Logic Levels:           2  (IBUF=1 LUT3=1)
  Clock Path Skew:        -1.690ns (DCD - SCD + CPR)
    Destination Clock Delay (DCD):    -1.690ns
    Source Clock Delay      (SCD):    0.000ns
    Clock Pessimism Removal (CPR):    0.000ns
  Clock Uncertainty:      0.164ns  ((TSJ^2 + DJ^2)^1/2) / 2 + PE
    Total System Jitter     (TSJ):    0.050ns
    Discrete Jitter          (DJ):    0.125ns
    Phase Error              (PE):    0.097ns

    Location             Delay type                Incr(ns)  Path(ns)    Netlist Resource(s)
  -------------------------------------------------------------------    -------------------
    Y17                                               0.000     0.000 r  Sensor_Pin_1 (IN)
                         net (fo=0)                   0.000     0.000    Sensor_Pin_1
    Y17                  IBUF (Prop_ibuf_I_O)         1.567     1.567 r  Sensor_Pin_1_IBUF_inst/O
                         net (fo=2, routed)           3.366     4.933    design_1_i/SpeedSensor_1/U0/SpeedSensor_slave_lite_v1_0_S00_AXI_inst/Core1/Sensor_Pin
    SLICE_X43Y86         LUT3 (Prop_lut3_I2_O)        0.124     5.057 r  design_1_i/SpeedSensor_1/U0/SpeedSensor_slave_lite_v1_0_S00_AXI_inst/Core1/__0/i_/O
                         net (fo=32, routed)          1.032     6.089    design_1_i/SpeedSensor_1/U0/SpeedSensor_slave_lite_v1_0_S00_AXI_inst/Core1/pulse_count
    SLICE_X42Y96         FDRE                                         r  design_1_i/SpeedSensor_1/U0/SpeedSensor_slave_lite_v1_0_S00_AXI_inst/Core1/pulse_count_reg[29]/CE
  -------------------------------------------------------------------    -------------------

                         (clock clk_out1_design_1_clk_wiz_0_0 rise edge)
                                                      0.000     0.000 r  
    H16                                               0.000     0.000 r  sys_clock (IN)
                         net (fo=0)                   0.000     0.000    design_1_i/clk_wiz_0/inst/clk_in1
    H16                  IBUF (Prop_ibuf_I_O)         1.380     1.380 r  design_1_i/clk_wiz_0/inst/clkin1_ibufg/O
                         net (fo=1, routed)           1.162     2.542    design_1_i/clk_wiz_0/inst/clk_in1_design_1_clk_wiz_0_0
    MMCME2_ADV_X1Y2      MMCME2_ADV (Prop_mmcme2_adv_CLKIN1_CLKOUT0)
                                                     -7.814    -5.272 r  design_1_i/clk_wiz_0/inst/mmcm_adv_inst/CLKOUT0
                         net (fo=1, routed)           2.012    -3.260    design_1_i/clk_wiz_0/inst/clk_out1_design_1_clk_wiz_0_0
    BUFGCTRL_X0Y17       BUFG (Prop_bufg_I_O)         0.091    -3.169 r  design_1_i/clk_wiz_0/inst/clkout1_buf/O
                         net (fo=180, routed)         1.479    -1.690    design_1_i/SpeedSensor_1/U0/SpeedSensor_slave_lite_v1_0_S00_AXI_inst/Core1/Clk
    SLICE_X42Y96         FDRE                                         r  design_1_i/SpeedSensor_1/U0/SpeedSensor_slave_lite_v1_0_S00_AXI_inst/Core1/pulse_count_reg[29]/C

Slack:                    inf
  Source:                 Sensor_Pin_1
                            (input port)
  Destination:            design_1_i/SpeedSensor_1/U0/SpeedSensor_slave_lite_v1_0_S00_AXI_inst/Core1/pulse_count_reg[30]/CE
                            (rising edge-triggered cell FDRE clocked by clk_out1_design_1_clk_wiz_0_0  {rise@0.000ns fall@5.000ns period=10.000ns})
  Path Group:             (none)
  Path Type:              Setup (Max at Slow Process Corner)
  Data Path Delay:        6.089ns  (logic 1.691ns (27.769%)  route 4.398ns (72.231%))
  Logic Levels:           2  (IBUF=1 LUT3=1)
  Clock Path Skew:        -1.690ns (DCD - SCD + CPR)
    Destination Clock Delay (DCD):    -1.690ns
    Source Clock Delay      (SCD):    0.000ns
    Clock Pessimism Removal (CPR):    0.000ns
  Clock Uncertainty:      0.164ns  ((TSJ^2 + DJ^2)^1/2) / 2 + PE
    Total System Jitter     (TSJ):    0.050ns
    Discrete Jitter          (DJ):    0.125ns
    Phase Error              (PE):    0.097ns

    Location             Delay type                Incr(ns)  Path(ns)    Netlist Resource(s)
  -------------------------------------------------------------------    -------------------
    Y17                                               0.000     0.000 r  Sensor_Pin_1 (IN)
                         net (fo=0)                   0.000     0.000    Sensor_Pin_1
    Y17                  IBUF (Prop_ibuf_I_O)         1.567     1.567 r  Sensor_Pin_1_IBUF_inst/O
                         net (fo=2, routed)           3.366     4.933    design_1_i/SpeedSensor_1/U0/SpeedSensor_slave_lite_v1_0_S00_AXI_inst/Core1/Sensor_Pin
    SLICE_X43Y86         LUT3 (Prop_lut3_I2_O)        0.124     5.057 r  design_1_i/SpeedSensor_1/U0/SpeedSensor_slave_lite_v1_0_S00_AXI_inst/Core1/__0/i_/O
                         net (fo=32, routed)          1.032     6.089    design_1_i/SpeedSensor_1/U0/SpeedSensor_slave_lite_v1_0_S00_AXI_inst/Core1/pulse_count
    SLICE_X42Y96         FDRE                                         r  design_1_i/SpeedSensor_1/U0/SpeedSensor_slave_lite_v1_0_S00_AXI_inst/Core1/pulse_count_reg[30]/CE
  -------------------------------------------------------------------    -------------------

                         (clock clk_out1_design_1_clk_wiz_0_0 rise edge)
                                                      0.000     0.000 r  
    H16                                               0.000     0.000 r  sys_clock (IN)
                         net (fo=0)                   0.000     0.000    design_1_i/clk_wiz_0/inst/clk_in1
    H16                  IBUF (Prop_ibuf_I_O)         1.380     1.380 r  design_1_i/clk_wiz_0/inst/clkin1_ibufg/O
                         net (fo=1, routed)           1.162     2.542    design_1_i/clk_wiz_0/inst/clk_in1_design_1_clk_wiz_0_0
    MMCME2_ADV_X1Y2      MMCME2_ADV (Prop_mmcme2_adv_CLKIN1_CLKOUT0)
                                                     -7.814    -5.272 r  design_1_i/clk_wiz_0/inst/mmcm_adv_inst/CLKOUT0
                         net (fo=1, routed)           2.012    -3.260    design_1_i/clk_wiz_0/inst/clk_out1_design_1_clk_wiz_0_0
    BUFGCTRL_X0Y17       BUFG (Prop_bufg_I_O)         0.091    -3.169 r  design_1_i/clk_wiz_0/inst/clkout1_buf/O
                         net (fo=180, routed)         1.479    -1.690    design_1_i/SpeedSensor_1/U0/SpeedSensor_slave_lite_v1_0_S00_AXI_inst/Core1/Clk
    SLICE_X42Y96         FDRE                                         r  design_1_i/SpeedSensor_1/U0/SpeedSensor_slave_lite_v1_0_S00_AXI_inst/Core1/pulse_count_reg[30]/C

Slack:                    inf
  Source:                 Sensor_Pin_1
                            (input port)
  Destination:            design_1_i/SpeedSensor_1/U0/SpeedSensor_slave_lite_v1_0_S00_AXI_inst/Core1/pulse_count_reg[31]/CE
                            (rising edge-triggered cell FDRE clocked by clk_out1_design_1_clk_wiz_0_0  {rise@0.000ns fall@5.000ns period=10.000ns})
  Path Group:             (none)
  Path Type:              Setup (Max at Slow Process Corner)
  Data Path Delay:        6.089ns  (logic 1.691ns (27.769%)  route 4.398ns (72.231%))
  Logic Levels:           2  (IBUF=1 LUT3=1)
  Clock Path Skew:        -1.690ns (DCD - SCD + CPR)
    Destination Clock Delay (DCD):    -1.690ns
    Source Clock Delay      (SCD):    0.000ns
    Clock Pessimism Removal (CPR):    0.000ns
  Clock Uncertainty:      0.164ns  ((TSJ^2 + DJ^2)^1/2) / 2 + PE
    Total System Jitter     (TSJ):    0.050ns
    Discrete Jitter          (DJ):    0.125ns
    Phase Error              (PE):    0.097ns

    Location             Delay type                Incr(ns)  Path(ns)    Netlist Resource(s)
  -------------------------------------------------------------------    -------------------
    Y17                                               0.000     0.000 r  Sensor_Pin_1 (IN)
                         net (fo=0)                   0.000     0.000    Sensor_Pin_1
    Y17                  IBUF (Prop_ibuf_I_O)         1.567     1.567 r  Sensor_Pin_1_IBUF_inst/O
                         net (fo=2, routed)           3.366     4.933    design_1_i/SpeedSensor_1/U0/SpeedSensor_slave_lite_v1_0_S00_AXI_inst/Core1/Sensor_Pin
    SLICE_X43Y86         LUT3 (Prop_lut3_I2_O)        0.124     5.057 r  design_1_i/SpeedSensor_1/U0/SpeedSensor_slave_lite_v1_0_S00_AXI_inst/Core1/__0/i_/O
                         net (fo=32, routed)          1.032     6.089    design_1_i/SpeedSensor_1/U0/SpeedSensor_slave_lite_v1_0_S00_AXI_inst/Core1/pulse_count
    SLICE_X42Y96         FDRE                                         r  design_1_i/SpeedSensor_1/U0/SpeedSensor_slave_lite_v1_0_S00_AXI_inst/Core1/pulse_count_reg[31]/CE
  -------------------------------------------------------------------    -------------------

                         (clock clk_out1_design_1_clk_wiz_0_0 rise edge)
                                                      0.000     0.000 r  
    H16                                               0.000     0.000 r  sys_clock (IN)
                         net (fo=0)                   0.000     0.000    design_1_i/clk_wiz_0/inst/clk_in1
    H16                  IBUF (Prop_ibuf_I_O)         1.380     1.380 r  design_1_i/clk_wiz_0/inst/clkin1_ibufg/O
                         net (fo=1, routed)           1.162     2.542    design_1_i/clk_wiz_0/inst/clk_in1_design_1_clk_wiz_0_0
    MMCME2_ADV_X1Y2      MMCME2_ADV (Prop_mmcme2_adv_CLKIN1_CLKOUT0)
                                                     -7.814    -5.272 r  design_1_i/clk_wiz_0/inst/mmcm_adv_inst/CLKOUT0
                         net (fo=1, routed)           2.012    -3.260    design_1_i/clk_wiz_0/inst/clk_out1_design_1_clk_wiz_0_0
    BUFGCTRL_X0Y17       BUFG (Prop_bufg_I_O)         0.091    -3.169 r  design_1_i/clk_wiz_0/inst/clkout1_buf/O
                         net (fo=180, routed)         1.479    -1.690    design_1_i/SpeedSensor_1/U0/SpeedSensor_slave_lite_v1_0_S00_AXI_inst/Core1/Clk
    SLICE_X42Y96         FDRE                                         r  design_1_i/SpeedSensor_1/U0/SpeedSensor_slave_lite_v1_0_S00_AXI_inst/Core1/pulse_count_reg[31]/C

Slack:                    inf
  Source:                 Sensor_Pin_1
                            (input port)
  Destination:            design_1_i/SpeedSensor_1/U0/SpeedSensor_slave_lite_v1_0_S00_AXI_inst/Core1/pulse_count_reg[20]/CE
                            (rising edge-triggered cell FDRE clocked by clk_out1_design_1_clk_wiz_0_0  {rise@0.000ns fall@5.000ns period=10.000ns})
  Path Group:             (none)
  Path Type:              Setup (Max at Slow Process Corner)
  Data Path Delay:        5.947ns  (logic 1.691ns (28.432%)  route 4.256ns (71.568%))
  Logic Levels:           2  (IBUF=1 LUT3=1)
  Clock Path Skew:        -1.690ns (DCD - SCD + CPR)
    Destination Clock Delay (DCD):    -1.690ns
    Source Clock Delay      (SCD):    0.000ns
    Clock Pessimism Removal (CPR):    0.000ns
  Clock Uncertainty:      0.164ns  ((TSJ^2 + DJ^2)^1/2) / 2 + PE
    Total System Jitter     (TSJ):    0.050ns
    Discrete Jitter          (DJ):    0.125ns
    Phase Error              (PE):    0.097ns

    Location             Delay type                Incr(ns)  Path(ns)    Netlist Resource(s)
  -------------------------------------------------------------------    -------------------
    Y17                                               0.000     0.000 r  Sensor_Pin_1 (IN)
                         net (fo=0)                   0.000     0.000    Sensor_Pin_1
    Y17                  IBUF (Prop_ibuf_I_O)         1.567     1.567 r  Sensor_Pin_1_IBUF_inst/O
                         net (fo=2, routed)           3.366     4.933    design_1_i/SpeedSensor_1/U0/SpeedSensor_slave_lite_v1_0_S00_AXI_inst/Core1/Sensor_Pin
    SLICE_X43Y86         LUT3 (Prop_lut3_I2_O)        0.124     5.057 r  design_1_i/SpeedSensor_1/U0/SpeedSensor_slave_lite_v1_0_S00_AXI_inst/Core1/__0/i_/O
                         net (fo=32, routed)          0.890     5.947    design_1_i/SpeedSensor_1/U0/SpeedSensor_slave_lite_v1_0_S00_AXI_inst/Core1/pulse_count
    SLICE_X42Y94         FDRE                                         r  design_1_i/SpeedSensor_1/U0/SpeedSensor_slave_lite_v1_0_S00_AXI_inst/Core1/pulse_count_reg[20]/CE
  -------------------------------------------------------------------    -------------------

                         (clock clk_out1_design_1_clk_wiz_0_0 rise edge)
                                                      0.000     0.000 r  
    H16                                               0.000     0.000 r  sys_clock (IN)
                         net (fo=0)                   0.000     0.000    design_1_i/clk_wiz_0/inst/clk_in1
    H16                  IBUF (Prop_ibuf_I_O)         1.380     1.380 r  design_1_i/clk_wiz_0/inst/clkin1_ibufg/O
                         net (fo=1, routed)           1.162     2.542    design_1_i/clk_wiz_0/inst/clk_in1_design_1_clk_wiz_0_0
    MMCME2_ADV_X1Y2      MMCME2_ADV (Prop_mmcme2_adv_CLKIN1_CLKOUT0)
                                                     -7.814    -5.272 r  design_1_i/clk_wiz_0/inst/mmcm_adv_inst/CLKOUT0
                         net (fo=1, routed)           2.012    -3.260    design_1_i/clk_wiz_0/inst/clk_out1_design_1_clk_wiz_0_0
    BUFGCTRL_X0Y17       BUFG (Prop_bufg_I_O)         0.091    -3.169 r  design_1_i/clk_wiz_0/inst/clkout1_buf/O
                         net (fo=180, routed)         1.479    -1.690    design_1_i/SpeedSensor_1/U0/SpeedSensor_slave_lite_v1_0_S00_AXI_inst/Core1/Clk
    SLICE_X42Y94         FDRE                                         r  design_1_i/SpeedSensor_1/U0/SpeedSensor_slave_lite_v1_0_S00_AXI_inst/Core1/pulse_count_reg[20]/C

Slack:                    inf
  Source:                 Sensor_Pin_1
                            (input port)
  Destination:            design_1_i/SpeedSensor_1/U0/SpeedSensor_slave_lite_v1_0_S00_AXI_inst/Core1/pulse_count_reg[21]/CE
                            (rising edge-triggered cell FDRE clocked by clk_out1_design_1_clk_wiz_0_0  {rise@0.000ns fall@5.000ns period=10.000ns})
  Path Group:             (none)
  Path Type:              Setup (Max at Slow Process Corner)
  Data Path Delay:        5.947ns  (logic 1.691ns (28.432%)  route 4.256ns (71.568%))
  Logic Levels:           2  (IBUF=1 LUT3=1)
  Clock Path Skew:        -1.690ns (DCD - SCD + CPR)
    Destination Clock Delay (DCD):    -1.690ns
    Source Clock Delay      (SCD):    0.000ns
    Clock Pessimism Removal (CPR):    0.000ns
  Clock Uncertainty:      0.164ns  ((TSJ^2 + DJ^2)^1/2) / 2 + PE
    Total System Jitter     (TSJ):    0.050ns
    Discrete Jitter          (DJ):    0.125ns
    Phase Error              (PE):    0.097ns

    Location             Delay type                Incr(ns)  Path(ns)    Netlist Resource(s)
  -------------------------------------------------------------------    -------------------
    Y17                                               0.000     0.000 r  Sensor_Pin_1 (IN)
                         net (fo=0)                   0.000     0.000    Sensor_Pin_1
    Y17                  IBUF (Prop_ibuf_I_O)         1.567     1.567 r  Sensor_Pin_1_IBUF_inst/O
                         net (fo=2, routed)           3.366     4.933    design_1_i/SpeedSensor_1/U0/SpeedSensor_slave_lite_v1_0_S00_AXI_inst/Core1/Sensor_Pin
    SLICE_X43Y86         LUT3 (Prop_lut3_I2_O)        0.124     5.057 r  design_1_i/SpeedSensor_1/U0/SpeedSensor_slave_lite_v1_0_S00_AXI_inst/Core1/__0/i_/O
                         net (fo=32, routed)          0.890     5.947    design_1_i/SpeedSensor_1/U0/SpeedSensor_slave_lite_v1_0_S00_AXI_inst/Core1/pulse_count
    SLICE_X42Y94         FDRE                                         r  design_1_i/SpeedSensor_1/U0/SpeedSensor_slave_lite_v1_0_S00_AXI_inst/Core1/pulse_count_reg[21]/CE
  -------------------------------------------------------------------    -------------------

                         (clock clk_out1_design_1_clk_wiz_0_0 rise edge)
                                                      0.000     0.000 r  
    H16                                               0.000     0.000 r  sys_clock (IN)
                         net (fo=0)                   0.000     0.000    design_1_i/clk_wiz_0/inst/clk_in1
    H16                  IBUF (Prop_ibuf_I_O)         1.380     1.380 r  design_1_i/clk_wiz_0/inst/clkin1_ibufg/O
                         net (fo=1, routed)           1.162     2.542    design_1_i/clk_wiz_0/inst/clk_in1_design_1_clk_wiz_0_0
    MMCME2_ADV_X1Y2      MMCME2_ADV (Prop_mmcme2_adv_CLKIN1_CLKOUT0)
                                                     -7.814    -5.272 r  design_1_i/clk_wiz_0/inst/mmcm_adv_inst/CLKOUT0
                         net (fo=1, routed)           2.012    -3.260    design_1_i/clk_wiz_0/inst/clk_out1_design_1_clk_wiz_0_0
    BUFGCTRL_X0Y17       BUFG (Prop_bufg_I_O)         0.091    -3.169 r  design_1_i/clk_wiz_0/inst/clkout1_buf/O
                         net (fo=180, routed)         1.479    -1.690    design_1_i/SpeedSensor_1/U0/SpeedSensor_slave_lite_v1_0_S00_AXI_inst/Core1/Clk
    SLICE_X42Y94         FDRE                                         r  design_1_i/SpeedSensor_1/U0/SpeedSensor_slave_lite_v1_0_S00_AXI_inst/Core1/pulse_count_reg[21]/C

Slack:                    inf
  Source:                 Sensor_Pin_1
                            (input port)
  Destination:            design_1_i/SpeedSensor_1/U0/SpeedSensor_slave_lite_v1_0_S00_AXI_inst/Core1/pulse_count_reg[22]/CE
                            (rising edge-triggered cell FDRE clocked by clk_out1_design_1_clk_wiz_0_0  {rise@0.000ns fall@5.000ns period=10.000ns})
  Path Group:             (none)
  Path Type:              Setup (Max at Slow Process Corner)
  Data Path Delay:        5.947ns  (logic 1.691ns (28.432%)  route 4.256ns (71.568%))
  Logic Levels:           2  (IBUF=1 LUT3=1)
  Clock Path Skew:        -1.690ns (DCD - SCD + CPR)
    Destination Clock Delay (DCD):    -1.690ns
    Source Clock Delay      (SCD):    0.000ns
    Clock Pessimism Removal (CPR):    0.000ns
  Clock Uncertainty:      0.164ns  ((TSJ^2 + DJ^2)^1/2) / 2 + PE
    Total System Jitter     (TSJ):    0.050ns
    Discrete Jitter          (DJ):    0.125ns
    Phase Error              (PE):    0.097ns

    Location             Delay type                Incr(ns)  Path(ns)    Netlist Resource(s)
  -------------------------------------------------------------------    -------------------
    Y17                                               0.000     0.000 r  Sensor_Pin_1 (IN)
                         net (fo=0)                   0.000     0.000    Sensor_Pin_1
    Y17                  IBUF (Prop_ibuf_I_O)         1.567     1.567 r  Sensor_Pin_1_IBUF_inst/O
                         net (fo=2, routed)           3.366     4.933    design_1_i/SpeedSensor_1/U0/SpeedSensor_slave_lite_v1_0_S00_AXI_inst/Core1/Sensor_Pin
    SLICE_X43Y86         LUT3 (Prop_lut3_I2_O)        0.124     5.057 r  design_1_i/SpeedSensor_1/U0/SpeedSensor_slave_lite_v1_0_S00_AXI_inst/Core1/__0/i_/O
                         net (fo=32, routed)          0.890     5.947    design_1_i/SpeedSensor_1/U0/SpeedSensor_slave_lite_v1_0_S00_AXI_inst/Core1/pulse_count
    SLICE_X42Y94         FDRE                                         r  design_1_i/SpeedSensor_1/U0/SpeedSensor_slave_lite_v1_0_S00_AXI_inst/Core1/pulse_count_reg[22]/CE
  -------------------------------------------------------------------    -------------------

                         (clock clk_out1_design_1_clk_wiz_0_0 rise edge)
                                                      0.000     0.000 r  
    H16                                               0.000     0.000 r  sys_clock (IN)
                         net (fo=0)                   0.000     0.000    design_1_i/clk_wiz_0/inst/clk_in1
    H16                  IBUF (Prop_ibuf_I_O)         1.380     1.380 r  design_1_i/clk_wiz_0/inst/clkin1_ibufg/O
                         net (fo=1, routed)           1.162     2.542    design_1_i/clk_wiz_0/inst/clk_in1_design_1_clk_wiz_0_0
    MMCME2_ADV_X1Y2      MMCME2_ADV (Prop_mmcme2_adv_CLKIN1_CLKOUT0)
                                                     -7.814    -5.272 r  design_1_i/clk_wiz_0/inst/mmcm_adv_inst/CLKOUT0
                         net (fo=1, routed)           2.012    -3.260    design_1_i/clk_wiz_0/inst/clk_out1_design_1_clk_wiz_0_0
    BUFGCTRL_X0Y17       BUFG (Prop_bufg_I_O)         0.091    -3.169 r  design_1_i/clk_wiz_0/inst/clkout1_buf/O
                         net (fo=180, routed)         1.479    -1.690    design_1_i/SpeedSensor_1/U0/SpeedSensor_slave_lite_v1_0_S00_AXI_inst/Core1/Clk
    SLICE_X42Y94         FDRE                                         r  design_1_i/SpeedSensor_1/U0/SpeedSensor_slave_lite_v1_0_S00_AXI_inst/Core1/pulse_count_reg[22]/C

Slack:                    inf
  Source:                 Sensor_Pin_1
                            (input port)
  Destination:            design_1_i/SpeedSensor_1/U0/SpeedSensor_slave_lite_v1_0_S00_AXI_inst/Core1/pulse_count_reg[23]/CE
                            (rising edge-triggered cell FDRE clocked by clk_out1_design_1_clk_wiz_0_0  {rise@0.000ns fall@5.000ns period=10.000ns})
  Path Group:             (none)
  Path Type:              Setup (Max at Slow Process Corner)
  Data Path Delay:        5.947ns  (logic 1.691ns (28.432%)  route 4.256ns (71.568%))
  Logic Levels:           2  (IBUF=1 LUT3=1)
  Clock Path Skew:        -1.690ns (DCD - SCD + CPR)
    Destination Clock Delay (DCD):    -1.690ns
    Source Clock Delay      (SCD):    0.000ns
    Clock Pessimism Removal (CPR):    0.000ns
  Clock Uncertainty:      0.164ns  ((TSJ^2 + DJ^2)^1/2) / 2 + PE
    Total System Jitter     (TSJ):    0.050ns
    Discrete Jitter          (DJ):    0.125ns
    Phase Error              (PE):    0.097ns

    Location             Delay type                Incr(ns)  Path(ns)    Netlist Resource(s)
  -------------------------------------------------------------------    -------------------
    Y17                                               0.000     0.000 r  Sensor_Pin_1 (IN)
                         net (fo=0)                   0.000     0.000    Sensor_Pin_1
    Y17                  IBUF (Prop_ibuf_I_O)         1.567     1.567 r  Sensor_Pin_1_IBUF_inst/O
                         net (fo=2, routed)           3.366     4.933    design_1_i/SpeedSensor_1/U0/SpeedSensor_slave_lite_v1_0_S00_AXI_inst/Core1/Sensor_Pin
    SLICE_X43Y86         LUT3 (Prop_lut3_I2_O)        0.124     5.057 r  design_1_i/SpeedSensor_1/U0/SpeedSensor_slave_lite_v1_0_S00_AXI_inst/Core1/__0/i_/O
                         net (fo=32, routed)          0.890     5.947    design_1_i/SpeedSensor_1/U0/SpeedSensor_slave_lite_v1_0_S00_AXI_inst/Core1/pulse_count
    SLICE_X42Y94         FDRE                                         r  design_1_i/SpeedSensor_1/U0/SpeedSensor_slave_lite_v1_0_S00_AXI_inst/Core1/pulse_count_reg[23]/CE
  -------------------------------------------------------------------    -------------------

                         (clock clk_out1_design_1_clk_wiz_0_0 rise edge)
                                                      0.000     0.000 r  
    H16                                               0.000     0.000 r  sys_clock (IN)
                         net (fo=0)                   0.000     0.000    design_1_i/clk_wiz_0/inst/clk_in1
    H16                  IBUF (Prop_ibuf_I_O)         1.380     1.380 r  design_1_i/clk_wiz_0/inst/clkin1_ibufg/O
                         net (fo=1, routed)           1.162     2.542    design_1_i/clk_wiz_0/inst/clk_in1_design_1_clk_wiz_0_0
    MMCME2_ADV_X1Y2      MMCME2_ADV (Prop_mmcme2_adv_CLKIN1_CLKOUT0)
                                                     -7.814    -5.272 r  design_1_i/clk_wiz_0/inst/mmcm_adv_inst/CLKOUT0
                         net (fo=1, routed)           2.012    -3.260    design_1_i/clk_wiz_0/inst/clk_out1_design_1_clk_wiz_0_0
    BUFGCTRL_X0Y17       BUFG (Prop_bufg_I_O)         0.091    -3.169 r  design_1_i/clk_wiz_0/inst/clkout1_buf/O
                         net (fo=180, routed)         1.479    -1.690    design_1_i/SpeedSensor_1/U0/SpeedSensor_slave_lite_v1_0_S00_AXI_inst/Core1/Clk
    SLICE_X42Y94         FDRE                                         r  design_1_i/SpeedSensor_1/U0/SpeedSensor_slave_lite_v1_0_S00_AXI_inst/Core1/pulse_count_reg[23]/C

Slack:                    inf
  Source:                 Sensor_Pin_1
                            (input port)
  Destination:            design_1_i/SpeedSensor_1/U0/SpeedSensor_slave_lite_v1_0_S00_AXI_inst/Core1/pulse_count_reg[24]/CE
                            (rising edge-triggered cell FDRE clocked by clk_out1_design_1_clk_wiz_0_0  {rise@0.000ns fall@5.000ns period=10.000ns})
  Path Group:             (none)
  Path Type:              Setup (Max at Slow Process Corner)
  Data Path Delay:        5.930ns  (logic 1.691ns (28.512%)  route 4.239ns (71.488%))
  Logic Levels:           2  (IBUF=1 LUT3=1)
  Clock Path Skew:        -1.690ns (DCD - SCD + CPR)
    Destination Clock Delay (DCD):    -1.690ns
    Source Clock Delay      (SCD):    0.000ns
    Clock Pessimism Removal (CPR):    0.000ns
  Clock Uncertainty:      0.164ns  ((TSJ^2 + DJ^2)^1/2) / 2 + PE
    Total System Jitter     (TSJ):    0.050ns
    Discrete Jitter          (DJ):    0.125ns
    Phase Error              (PE):    0.097ns

    Location             Delay type                Incr(ns)  Path(ns)    Netlist Resource(s)
  -------------------------------------------------------------------    -------------------
    Y17                                               0.000     0.000 r  Sensor_Pin_1 (IN)
                         net (fo=0)                   0.000     0.000    Sensor_Pin_1
    Y17                  IBUF (Prop_ibuf_I_O)         1.567     1.567 r  Sensor_Pin_1_IBUF_inst/O
                         net (fo=2, routed)           3.366     4.933    design_1_i/SpeedSensor_1/U0/SpeedSensor_slave_lite_v1_0_S00_AXI_inst/Core1/Sensor_Pin
    SLICE_X43Y86         LUT3 (Prop_lut3_I2_O)        0.124     5.057 r  design_1_i/SpeedSensor_1/U0/SpeedSensor_slave_lite_v1_0_S00_AXI_inst/Core1/__0/i_/O
                         net (fo=32, routed)          0.873     5.930    design_1_i/SpeedSensor_1/U0/SpeedSensor_slave_lite_v1_0_S00_AXI_inst/Core1/pulse_count
    SLICE_X42Y95         FDRE                                         r  design_1_i/SpeedSensor_1/U0/SpeedSensor_slave_lite_v1_0_S00_AXI_inst/Core1/pulse_count_reg[24]/CE
  -------------------------------------------------------------------    -------------------

                         (clock clk_out1_design_1_clk_wiz_0_0 rise edge)
                                                      0.000     0.000 r  
    H16                                               0.000     0.000 r  sys_clock (IN)
                         net (fo=0)                   0.000     0.000    design_1_i/clk_wiz_0/inst/clk_in1
    H16                  IBUF (Prop_ibuf_I_O)         1.380     1.380 r  design_1_i/clk_wiz_0/inst/clkin1_ibufg/O
                         net (fo=1, routed)           1.162     2.542    design_1_i/clk_wiz_0/inst/clk_in1_design_1_clk_wiz_0_0
    MMCME2_ADV_X1Y2      MMCME2_ADV (Prop_mmcme2_adv_CLKIN1_CLKOUT0)
                                                     -7.814    -5.272 r  design_1_i/clk_wiz_0/inst/mmcm_adv_inst/CLKOUT0
                         net (fo=1, routed)           2.012    -3.260    design_1_i/clk_wiz_0/inst/clk_out1_design_1_clk_wiz_0_0
    BUFGCTRL_X0Y17       BUFG (Prop_bufg_I_O)         0.091    -3.169 r  design_1_i/clk_wiz_0/inst/clkout1_buf/O
                         net (fo=180, routed)         1.479    -1.690    design_1_i/SpeedSensor_1/U0/SpeedSensor_slave_lite_v1_0_S00_AXI_inst/Core1/Clk
    SLICE_X42Y95         FDRE                                         r  design_1_i/SpeedSensor_1/U0/SpeedSensor_slave_lite_v1_0_S00_AXI_inst/Core1/pulse_count_reg[24]/C

Slack:                    inf
  Source:                 Sensor_Pin_1
                            (input port)
  Destination:            design_1_i/SpeedSensor_1/U0/SpeedSensor_slave_lite_v1_0_S00_AXI_inst/Core1/pulse_count_reg[25]/CE
                            (rising edge-triggered cell FDRE clocked by clk_out1_design_1_clk_wiz_0_0  {rise@0.000ns fall@5.000ns period=10.000ns})
  Path Group:             (none)
  Path Type:              Setup (Max at Slow Process Corner)
  Data Path Delay:        5.930ns  (logic 1.691ns (28.512%)  route 4.239ns (71.488%))
  Logic Levels:           2  (IBUF=1 LUT3=1)
  Clock Path Skew:        -1.690ns (DCD - SCD + CPR)
    Destination Clock Delay (DCD):    -1.690ns
    Source Clock Delay      (SCD):    0.000ns
    Clock Pessimism Removal (CPR):    0.000ns
  Clock Uncertainty:      0.164ns  ((TSJ^2 + DJ^2)^1/2) / 2 + PE
    Total System Jitter     (TSJ):    0.050ns
    Discrete Jitter          (DJ):    0.125ns
    Phase Error              (PE):    0.097ns

    Location             Delay type                Incr(ns)  Path(ns)    Netlist Resource(s)
  -------------------------------------------------------------------    -------------------
    Y17                                               0.000     0.000 r  Sensor_Pin_1 (IN)
                         net (fo=0)                   0.000     0.000    Sensor_Pin_1
    Y17                  IBUF (Prop_ibuf_I_O)         1.567     1.567 r  Sensor_Pin_1_IBUF_inst/O
                         net (fo=2, routed)           3.366     4.933    design_1_i/SpeedSensor_1/U0/SpeedSensor_slave_lite_v1_0_S00_AXI_inst/Core1/Sensor_Pin
    SLICE_X43Y86         LUT3 (Prop_lut3_I2_O)        0.124     5.057 r  design_1_i/SpeedSensor_1/U0/SpeedSensor_slave_lite_v1_0_S00_AXI_inst/Core1/__0/i_/O
                         net (fo=32, routed)          0.873     5.930    design_1_i/SpeedSensor_1/U0/SpeedSensor_slave_lite_v1_0_S00_AXI_inst/Core1/pulse_count
    SLICE_X42Y95         FDRE                                         r  design_1_i/SpeedSensor_1/U0/SpeedSensor_slave_lite_v1_0_S00_AXI_inst/Core1/pulse_count_reg[25]/CE
  -------------------------------------------------------------------    -------------------

                         (clock clk_out1_design_1_clk_wiz_0_0 rise edge)
                                                      0.000     0.000 r  
    H16                                               0.000     0.000 r  sys_clock (IN)
                         net (fo=0)                   0.000     0.000    design_1_i/clk_wiz_0/inst/clk_in1
    H16                  IBUF (Prop_ibuf_I_O)         1.380     1.380 r  design_1_i/clk_wiz_0/inst/clkin1_ibufg/O
                         net (fo=1, routed)           1.162     2.542    design_1_i/clk_wiz_0/inst/clk_in1_design_1_clk_wiz_0_0
    MMCME2_ADV_X1Y2      MMCME2_ADV (Prop_mmcme2_adv_CLKIN1_CLKOUT0)
                                                     -7.814    -5.272 r  design_1_i/clk_wiz_0/inst/mmcm_adv_inst/CLKOUT0
                         net (fo=1, routed)           2.012    -3.260    design_1_i/clk_wiz_0/inst/clk_out1_design_1_clk_wiz_0_0
    BUFGCTRL_X0Y17       BUFG (Prop_bufg_I_O)         0.091    -3.169 r  design_1_i/clk_wiz_0/inst/clkout1_buf/O
                         net (fo=180, routed)         1.479    -1.690    design_1_i/SpeedSensor_1/U0/SpeedSensor_slave_lite_v1_0_S00_AXI_inst/Core1/Clk
    SLICE_X42Y95         FDRE                                         r  design_1_i/SpeedSensor_1/U0/SpeedSensor_slave_lite_v1_0_S00_AXI_inst/Core1/pulse_count_reg[25]/C





Min Delay Paths
--------------------------------------------------------------------------------------
Slack:                    inf
  Source:                 sonar_echo_0
                            (input port)
  Destination:            design_1_i/ultrasoon_0/U0/ultrasoon_slave_lite_v1_0_S00_AXI_inst/Core1/echo_unsynced_reg/D
                            (falling edge-triggered cell FDRE clocked by clk_out1_design_1_clk_wiz_0_0  {rise@0.000ns fall@5.000ns period=10.000ns})
  Path Group:             (none)
  Path Type:              Hold (Min at Fast Process Corner)
  Data Path Delay:        1.466ns  (logic 0.266ns (18.142%)  route 1.200ns (81.858%))
  Logic Levels:           1  (IBUF=1)
  Clock Path Skew:        -0.900ns (DCD - SCD - CPR)
    Destination Clock Delay (DCD):    -0.900ns = ( 4.100 - 5.000 ) 
    Source Clock Delay      (SCD):    0.000ns
    Clock Pessimism Removal (CPR):    -0.000ns

    Location             Delay type                Incr(ns)  Path(ns)    Netlist Resource(s)
  -------------------------------------------------------------------    -------------------
    U18                                               0.000     0.000 r  sonar_echo_0 (IN)
                         net (fo=0)                   0.000     0.000    sonar_echo_0
    U18                  IBUF (Prop_ibuf_I_O)         0.266     0.266 r  sonar_echo_0_IBUF_inst/O
                         net (fo=1, routed)           1.200     1.466    design_1_i/ultrasoon_0/U0/ultrasoon_slave_lite_v1_0_S00_AXI_inst/Core1/sonar_echo
    SLICE_X65Y82         FDRE                                         r  design_1_i/ultrasoon_0/U0/ultrasoon_slave_lite_v1_0_S00_AXI_inst/Core1/echo_unsynced_reg/D
  -------------------------------------------------------------------    -------------------

                         (clock clk_out1_design_1_clk_wiz_0_0 fall edge)
                                                      5.000     5.000 f  
    H16                                               0.000     5.000 f  sys_clock (IN)
                         net (fo=0)                   0.000     5.000    design_1_i/clk_wiz_0/inst/clk_in1
    H16                  IBUF (Prop_ibuf_I_O)         0.406     5.406 f  design_1_i/clk_wiz_0/inst/clkin1_ibufg/O
                         net (fo=1, routed)           0.480     5.886    design_1_i/clk_wiz_0/inst/clk_in1_design_1_clk_wiz_0_0
    MMCME2_ADV_X1Y2      MMCME2_ADV (Prop_mmcme2_adv_CLKIN1_CLKOUT0)
                                                     -3.407     2.479 f  design_1_i/clk_wiz_0/inst/mmcm_adv_inst/CLKOUT0
                         net (fo=1, routed)           0.752     3.231    design_1_i/clk_wiz_0/inst/clk_out1_design_1_clk_wiz_0_0
    BUFGCTRL_X0Y17       BUFG (Prop_bufg_I_O)         0.029     3.260 f  design_1_i/clk_wiz_0/inst/clkout1_buf/O
                         net (fo=180, routed)         0.840     4.100    design_1_i/ultrasoon_0/U0/ultrasoon_slave_lite_v1_0_S00_AXI_inst/Core1/clk
    SLICE_X65Y82         FDRE                                         r  design_1_i/ultrasoon_0/U0/ultrasoon_slave_lite_v1_0_S00_AXI_inst/Core1/echo_unsynced_reg/C  (IS_INVERTED)

Slack:                    inf
  Source:                 Sensor_Pin_1
                            (input port)
  Destination:            design_1_i/SpeedSensor_1/U0/SpeedSensor_slave_lite_v1_0_S00_AXI_inst/Core1/last_sensor_state_reg/D
                            (rising edge-triggered cell FDRE clocked by clk_out1_design_1_clk_wiz_0_0  {rise@0.000ns fall@5.000ns period=10.000ns})
  Path Group:             (none)
  Path Type:              Hold (Min at Fast Process Corner)
  Data Path Delay:        1.814ns  (logic 0.379ns (20.884%)  route 1.435ns (79.116%))
  Logic Levels:           2  (IBUF=1 LUT4=1)
  Clock Path Skew:        -0.921ns (DCD - SCD - CPR)
    Destination Clock Delay (DCD):    -0.921ns
    Source Clock Delay      (SCD):    0.000ns
    Clock Pessimism Removal (CPR):    -0.000ns

    Location             Delay type                Incr(ns)  Path(ns)    Netlist Resource(s)
  -------------------------------------------------------------------    -------------------
    Y17                                               0.000     0.000 r  Sensor_Pin_1 (IN)
                         net (fo=0)                   0.000     0.000    Sensor_Pin_1
    Y17                  IBUF (Prop_ibuf_I_O)         0.334     0.334 r  Sensor_Pin_1_IBUF_inst/O
                         net (fo=2, routed)           1.435     1.769    design_1_i/SpeedSensor_1/U0/SpeedSensor_slave_lite_v1_0_S00_AXI_inst/Core1/Sensor_Pin
    SLICE_X43Y86         LUT4 (Prop_lut4_I0_O)        0.045     1.814 r  design_1_i/SpeedSensor_1/U0/SpeedSensor_slave_lite_v1_0_S00_AXI_inst/Core1/last_sensor_state_i_1/O
                         net (fo=1, routed)           0.000     1.814    design_1_i/SpeedSensor_1/U0/SpeedSensor_slave_lite_v1_0_S00_AXI_inst/Core1/last_sensor_state_i_1_n_0
    SLICE_X43Y86         FDRE                                         r  design_1_i/SpeedSensor_1/U0/SpeedSensor_slave_lite_v1_0_S00_AXI_inst/Core1/last_sensor_state_reg/D
  -------------------------------------------------------------------    -------------------

                         (clock clk_out1_design_1_clk_wiz_0_0 rise edge)
                                                      0.000     0.000 r  
    H16                                               0.000     0.000 r  sys_clock (IN)
                         net (fo=0)                   0.000     0.000    design_1_i/clk_wiz_0/inst/clk_in1
    H16                  IBUF (Prop_ibuf_I_O)         0.406     0.406 r  design_1_i/clk_wiz_0/inst/clkin1_ibufg/O
                         net (fo=1, routed)           0.480     0.886    design_1_i/clk_wiz_0/inst/clk_in1_design_1_clk_wiz_0_0
    MMCME2_ADV_X1Y2      MMCME2_ADV (Prop_mmcme2_adv_CLKIN1_CLKOUT0)
                                                     -3.407    -2.521 r  design_1_i/clk_wiz_0/inst/mmcm_adv_inst/CLKOUT0
                         net (fo=1, routed)           0.752    -1.769    design_1_i/clk_wiz_0/inst/clk_out1_design_1_clk_wiz_0_0
    BUFGCTRL_X0Y17       BUFG (Prop_bufg_I_O)         0.029    -1.740 r  design_1_i/clk_wiz_0/inst/clkout1_buf/O
                         net (fo=180, routed)         0.819    -0.921    design_1_i/SpeedSensor_1/U0/SpeedSensor_slave_lite_v1_0_S00_AXI_inst/Core1/Clk
    SLICE_X43Y86         FDRE                                         r  design_1_i/SpeedSensor_1/U0/SpeedSensor_slave_lite_v1_0_S00_AXI_inst/Core1/last_sensor_state_reg/C

Slack:                    inf
  Source:                 Sensor_Pin_0
                            (input port)
  Destination:            design_1_i/SpeedSensor_0/U0/SpeedSensor_slave_lite_v1_0_S00_AXI_inst/Core1/last_sensor_state_reg/D
                            (rising edge-triggered cell FDRE clocked by clk_out1_design_1_clk_wiz_0_0  {rise@0.000ns fall@5.000ns period=10.000ns})
  Path Group:             (none)
  Path Type:              Hold (Min at Fast Process Corner)
  Data Path Delay:        1.824ns  (logic 0.381ns (20.897%)  route 1.443ns (79.103%))
  Logic Levels:           2  (IBUF=1 LUT4=1)
  Clock Path Skew:        -0.920ns (DCD - SCD - CPR)
    Destination Clock Delay (DCD):    -0.920ns
    Source Clock Delay      (SCD):    0.000ns
    Clock Pessimism Removal (CPR):    -0.000ns

    Location             Delay type                Incr(ns)  Path(ns)    Netlist Resource(s)
  -------------------------------------------------------------------    -------------------
    Y16                                               0.000     0.000 r  Sensor_Pin_0 (IN)
                         net (fo=0)                   0.000     0.000    Sensor_Pin_0
    Y16                  IBUF (Prop_ibuf_I_O)         0.336     0.336 r  Sensor_Pin_0_IBUF_inst/O
                         net (fo=2, routed)           1.443     1.779    design_1_i/SpeedSensor_0/U0/SpeedSensor_slave_lite_v1_0_S00_AXI_inst/Core1/Sensor_Pin
    SLICE_X53Y95         LUT4 (Prop_lut4_I0_O)        0.045     1.824 r  design_1_i/SpeedSensor_0/U0/SpeedSensor_slave_lite_v1_0_S00_AXI_inst/Core1/last_sensor_state_i_1/O
                         net (fo=1, routed)           0.000     1.824    design_1_i/SpeedSensor_0/U0/SpeedSensor_slave_lite_v1_0_S00_AXI_inst/Core1/last_sensor_state_i_1_n_0
    SLICE_X53Y95         FDRE                                         r  design_1_i/SpeedSensor_0/U0/SpeedSensor_slave_lite_v1_0_S00_AXI_inst/Core1/last_sensor_state_reg/D
  -------------------------------------------------------------------    -------------------

                         (clock clk_out1_design_1_clk_wiz_0_0 rise edge)
                                                      0.000     0.000 r  
    H16                                               0.000     0.000 r  sys_clock (IN)
                         net (fo=0)                   0.000     0.000    design_1_i/clk_wiz_0/inst/clk_in1
    H16                  IBUF (Prop_ibuf_I_O)         0.406     0.406 r  design_1_i/clk_wiz_0/inst/clkin1_ibufg/O
                         net (fo=1, routed)           0.480     0.886    design_1_i/clk_wiz_0/inst/clk_in1_design_1_clk_wiz_0_0
    MMCME2_ADV_X1Y2      MMCME2_ADV (Prop_mmcme2_adv_CLKIN1_CLKOUT0)
                                                     -3.407    -2.521 r  design_1_i/clk_wiz_0/inst/mmcm_adv_inst/CLKOUT0
                         net (fo=1, routed)           0.752    -1.769    design_1_i/clk_wiz_0/inst/clk_out1_design_1_clk_wiz_0_0
    BUFGCTRL_X0Y17       BUFG (Prop_bufg_I_O)         0.029    -1.740 r  design_1_i/clk_wiz_0/inst/clkout1_buf/O
                         net (fo=180, routed)         0.820    -0.920    design_1_i/SpeedSensor_0/U0/SpeedSensor_slave_lite_v1_0_S00_AXI_inst/Core1/Clk
    SLICE_X53Y95         FDRE                                         r  design_1_i/SpeedSensor_0/U0/SpeedSensor_slave_lite_v1_0_S00_AXI_inst/Core1/last_sensor_state_reg/C

Slack:                    inf
  Source:                 sonar_echo_1
                            (input port)
  Destination:            design_1_i/ultrasoon_1/U0/ultrasoon_slave_lite_v1_0_S00_AXI_inst/Core1/echo_unsynced_reg/D
                            (falling edge-triggered cell FDRE clocked by clk_out1_design_1_clk_wiz_0_0  {rise@0.000ns fall@5.000ns period=10.000ns})
  Path Group:             (none)
  Path Type:              Hold (Min at Fast Process Corner)
  Data Path Delay:        1.880ns  (logic 0.258ns (13.727%)  route 1.622ns (86.273%))
  Logic Levels:           1  (IBUF=1)
  Clock Path Skew:        -0.805ns (DCD - SCD - CPR)
    Destination Clock Delay (DCD):    -0.805ns = ( 4.195 - 5.000 ) 
    Source Clock Delay      (SCD):    0.000ns
    Clock Pessimism Removal (CPR):    -0.000ns

    Location             Delay type                Incr(ns)  Path(ns)    Netlist Resource(s)
  -------------------------------------------------------------------    -------------------
    W18                                               0.000     0.000 r  sonar_echo_1 (IN)
                         net (fo=0)                   0.000     0.000    sonar_echo_1
    W18                  IBUF (Prop_ibuf_I_O)         0.258     0.258 r  sonar_echo_1_IBUF_inst/O
                         net (fo=1, routed)           1.622     1.880    design_1_i/ultrasoon_1/U0/ultrasoon_slave_lite_v1_0_S00_AXI_inst/Core1/sonar_echo
    SLICE_X63Y100        FDRE                                         r  design_1_i/ultrasoon_1/U0/ultrasoon_slave_lite_v1_0_S00_AXI_inst/Core1/echo_unsynced_reg/D
  -------------------------------------------------------------------    -------------------

                         (clock clk_out1_design_1_clk_wiz_0_0 fall edge)
                                                      5.000     5.000 f  
    H16                                               0.000     5.000 f  sys_clock (IN)
                         net (fo=0)                   0.000     5.000    design_1_i/clk_wiz_0/inst/clk_in1
    H16                  IBUF (Prop_ibuf_I_O)         0.406     5.406 f  design_1_i/clk_wiz_0/inst/clkin1_ibufg/O
                         net (fo=1, routed)           0.480     5.886    design_1_i/clk_wiz_0/inst/clk_in1_design_1_clk_wiz_0_0
    MMCME2_ADV_X1Y2      MMCME2_ADV (Prop_mmcme2_adv_CLKIN1_CLKOUT0)
                                                     -3.407     2.479 f  design_1_i/clk_wiz_0/inst/mmcm_adv_inst/CLKOUT0
                         net (fo=1, routed)           0.752     3.231    design_1_i/clk_wiz_0/inst/clk_out1_design_1_clk_wiz_0_0
    BUFGCTRL_X0Y17       BUFG (Prop_bufg_I_O)         0.029     3.260 f  design_1_i/clk_wiz_0/inst/clkout1_buf/O
                         net (fo=180, routed)         0.935     4.195    design_1_i/ultrasoon_1/U0/ultrasoon_slave_lite_v1_0_S00_AXI_inst/Core1/clk
    SLICE_X63Y100        FDRE                                         r  design_1_i/ultrasoon_1/U0/ultrasoon_slave_lite_v1_0_S00_AXI_inst/Core1/echo_unsynced_reg/C  (IS_INVERTED)

Slack:                    inf
  Source:                 Sensor_Pin_0
                            (input port)
  Destination:            design_1_i/SpeedSensor_0/U0/SpeedSensor_slave_lite_v1_0_S00_AXI_inst/Core1/pulse_count_reg[12]/CE
                            (rising edge-triggered cell FDRE clocked by clk_out1_design_1_clk_wiz_0_0  {rise@0.000ns fall@5.000ns period=10.000ns})
  Path Group:             (none)
  Path Type:              Hold (Min at Fast Process Corner)
  Data Path Delay:        1.934ns  (logic 0.381ns (19.708%)  route 1.553ns (80.292%))
  Logic Levels:           2  (IBUF=1 LUT3=1)
  Clock Path Skew:        -0.920ns (DCD - SCD - CPR)
    Destination Clock Delay (DCD):    -0.920ns
    Source Clock Delay      (SCD):    0.000ns
    Clock Pessimism Removal (CPR):    -0.000ns

    Location             Delay type                Incr(ns)  Path(ns)    Netlist Resource(s)
  -------------------------------------------------------------------    -------------------
    Y16                                               0.000     0.000 r  Sensor_Pin_0 (IN)
                         net (fo=0)                   0.000     0.000    Sensor_Pin_0
    Y16                  IBUF (Prop_ibuf_I_O)         0.336     0.336 r  Sensor_Pin_0_IBUF_inst/O
                         net (fo=2, routed)           1.391     1.727    design_1_i/SpeedSensor_0/U0/SpeedSensor_slave_lite_v1_0_S00_AXI_inst/Core1/Sensor_Pin
    SLICE_X53Y95         LUT3 (Prop_lut3_I2_O)        0.045     1.772 r  design_1_i/SpeedSensor_0/U0/SpeedSensor_slave_lite_v1_0_S00_AXI_inst/Core1/__0/i_/O
                         net (fo=32, routed)          0.162     1.934    design_1_i/SpeedSensor_0/U0/SpeedSensor_slave_lite_v1_0_S00_AXI_inst/Core1/pulse_count
    SLICE_X52Y93         FDRE                                         r  design_1_i/SpeedSensor_0/U0/SpeedSensor_slave_lite_v1_0_S00_AXI_inst/Core1/pulse_count_reg[12]/CE
  -------------------------------------------------------------------    -------------------

                         (clock clk_out1_design_1_clk_wiz_0_0 rise edge)
                                                      0.000     0.000 r  
    H16                                               0.000     0.000 r  sys_clock (IN)
                         net (fo=0)                   0.000     0.000    design_1_i/clk_wiz_0/inst/clk_in1
    H16                  IBUF (Prop_ibuf_I_O)         0.406     0.406 r  design_1_i/clk_wiz_0/inst/clkin1_ibufg/O
                         net (fo=1, routed)           0.480     0.886    design_1_i/clk_wiz_0/inst/clk_in1_design_1_clk_wiz_0_0
    MMCME2_ADV_X1Y2      MMCME2_ADV (Prop_mmcme2_adv_CLKIN1_CLKOUT0)
                                                     -3.407    -2.521 r  design_1_i/clk_wiz_0/inst/mmcm_adv_inst/CLKOUT0
                         net (fo=1, routed)           0.752    -1.769    design_1_i/clk_wiz_0/inst/clk_out1_design_1_clk_wiz_0_0
    BUFGCTRL_X0Y17       BUFG (Prop_bufg_I_O)         0.029    -1.740 r  design_1_i/clk_wiz_0/inst/clkout1_buf/O
                         net (fo=180, routed)         0.820    -0.920    design_1_i/SpeedSensor_0/U0/SpeedSensor_slave_lite_v1_0_S00_AXI_inst/Core1/Clk
    SLICE_X52Y93         FDRE                                         r  design_1_i/SpeedSensor_0/U0/SpeedSensor_slave_lite_v1_0_S00_AXI_inst/Core1/pulse_count_reg[12]/C

Slack:                    inf
  Source:                 Sensor_Pin_0
                            (input port)
  Destination:            design_1_i/SpeedSensor_0/U0/SpeedSensor_slave_lite_v1_0_S00_AXI_inst/Core1/pulse_count_reg[13]/CE
                            (rising edge-triggered cell FDRE clocked by clk_out1_design_1_clk_wiz_0_0  {rise@0.000ns fall@5.000ns period=10.000ns})
  Path Group:             (none)
  Path Type:              Hold (Min at Fast Process Corner)
  Data Path Delay:        1.934ns  (logic 0.381ns (19.708%)  route 1.553ns (80.292%))
  Logic Levels:           2  (IBUF=1 LUT3=1)
  Clock Path Skew:        -0.920ns (DCD - SCD - CPR)
    Destination Clock Delay (DCD):    -0.920ns
    Source Clock Delay      (SCD):    0.000ns
    Clock Pessimism Removal (CPR):    -0.000ns

    Location             Delay type                Incr(ns)  Path(ns)    Netlist Resource(s)
  -------------------------------------------------------------------    -------------------
    Y16                                               0.000     0.000 r  Sensor_Pin_0 (IN)
                         net (fo=0)                   0.000     0.000    Sensor_Pin_0
    Y16                  IBUF (Prop_ibuf_I_O)         0.336     0.336 r  Sensor_Pin_0_IBUF_inst/O
                         net (fo=2, routed)           1.391     1.727    design_1_i/SpeedSensor_0/U0/SpeedSensor_slave_lite_v1_0_S00_AXI_inst/Core1/Sensor_Pin
    SLICE_X53Y95         LUT3 (Prop_lut3_I2_O)        0.045     1.772 r  design_1_i/SpeedSensor_0/U0/SpeedSensor_slave_lite_v1_0_S00_AXI_inst/Core1/__0/i_/O
                         net (fo=32, routed)          0.162     1.934    design_1_i/SpeedSensor_0/U0/SpeedSensor_slave_lite_v1_0_S00_AXI_inst/Core1/pulse_count
    SLICE_X52Y93         FDRE                                         r  design_1_i/SpeedSensor_0/U0/SpeedSensor_slave_lite_v1_0_S00_AXI_inst/Core1/pulse_count_reg[13]/CE
  -------------------------------------------------------------------    -------------------

                         (clock clk_out1_design_1_clk_wiz_0_0 rise edge)
                                                      0.000     0.000 r  
    H16                                               0.000     0.000 r  sys_clock (IN)
                         net (fo=0)                   0.000     0.000    design_1_i/clk_wiz_0/inst/clk_in1
    H16                  IBUF (Prop_ibuf_I_O)         0.406     0.406 r  design_1_i/clk_wiz_0/inst/clkin1_ibufg/O
                         net (fo=1, routed)           0.480     0.886    design_1_i/clk_wiz_0/inst/clk_in1_design_1_clk_wiz_0_0
    MMCME2_ADV_X1Y2      MMCME2_ADV (Prop_mmcme2_adv_CLKIN1_CLKOUT0)
                                                     -3.407    -2.521 r  design_1_i/clk_wiz_0/inst/mmcm_adv_inst/CLKOUT0
                         net (fo=1, routed)           0.752    -1.769    design_1_i/clk_wiz_0/inst/clk_out1_design_1_clk_wiz_0_0
    BUFGCTRL_X0Y17       BUFG (Prop_bufg_I_O)         0.029    -1.740 r  design_1_i/clk_wiz_0/inst/clkout1_buf/O
                         net (fo=180, routed)         0.820    -0.920    design_1_i/SpeedSensor_0/U0/SpeedSensor_slave_lite_v1_0_S00_AXI_inst/Core1/Clk
    SLICE_X52Y93         FDRE                                         r  design_1_i/SpeedSensor_0/U0/SpeedSensor_slave_lite_v1_0_S00_AXI_inst/Core1/pulse_count_reg[13]/C

Slack:                    inf
  Source:                 Sensor_Pin_0
                            (input port)
  Destination:            design_1_i/SpeedSensor_0/U0/SpeedSensor_slave_lite_v1_0_S00_AXI_inst/Core1/pulse_count_reg[14]/CE
                            (rising edge-triggered cell FDRE clocked by clk_out1_design_1_clk_wiz_0_0  {rise@0.000ns fall@5.000ns period=10.000ns})
  Path Group:             (none)
  Path Type:              Hold (Min at Fast Process Corner)
  Data Path Delay:        1.934ns  (logic 0.381ns (19.708%)  route 1.553ns (80.292%))
  Logic Levels:           2  (IBUF=1 LUT3=1)
  Clock Path Skew:        -0.920ns (DCD - SCD - CPR)
    Destination Clock Delay (DCD):    -0.920ns
    Source Clock Delay      (SCD):    0.000ns
    Clock Pessimism Removal (CPR):    -0.000ns

    Location             Delay type                Incr(ns)  Path(ns)    Netlist Resource(s)
  -------------------------------------------------------------------    -------------------
    Y16                                               0.000     0.000 r  Sensor_Pin_0 (IN)
                         net (fo=0)                   0.000     0.000    Sensor_Pin_0
    Y16                  IBUF (Prop_ibuf_I_O)         0.336     0.336 r  Sensor_Pin_0_IBUF_inst/O
                         net (fo=2, routed)           1.391     1.727    design_1_i/SpeedSensor_0/U0/SpeedSensor_slave_lite_v1_0_S00_AXI_inst/Core1/Sensor_Pin
    SLICE_X53Y95         LUT3 (Prop_lut3_I2_O)        0.045     1.772 r  design_1_i/SpeedSensor_0/U0/SpeedSensor_slave_lite_v1_0_S00_AXI_inst/Core1/__0/i_/O
                         net (fo=32, routed)          0.162     1.934    design_1_i/SpeedSensor_0/U0/SpeedSensor_slave_lite_v1_0_S00_AXI_inst/Core1/pulse_count
    SLICE_X52Y93         FDRE                                         r  design_1_i/SpeedSensor_0/U0/SpeedSensor_slave_lite_v1_0_S00_AXI_inst/Core1/pulse_count_reg[14]/CE
  -------------------------------------------------------------------    -------------------

                         (clock clk_out1_design_1_clk_wiz_0_0 rise edge)
                                                      0.000     0.000 r  
    H16                                               0.000     0.000 r  sys_clock (IN)
                         net (fo=0)                   0.000     0.000    design_1_i/clk_wiz_0/inst/clk_in1
    H16                  IBUF (Prop_ibuf_I_O)         0.406     0.406 r  design_1_i/clk_wiz_0/inst/clkin1_ibufg/O
                         net (fo=1, routed)           0.480     0.886    design_1_i/clk_wiz_0/inst/clk_in1_design_1_clk_wiz_0_0
    MMCME2_ADV_X1Y2      MMCME2_ADV (Prop_mmcme2_adv_CLKIN1_CLKOUT0)
                                                     -3.407    -2.521 r  design_1_i/clk_wiz_0/inst/mmcm_adv_inst/CLKOUT0
                         net (fo=1, routed)           0.752    -1.769    design_1_i/clk_wiz_0/inst/clk_out1_design_1_clk_wiz_0_0
    BUFGCTRL_X0Y17       BUFG (Prop_bufg_I_O)         0.029    -1.740 r  design_1_i/clk_wiz_0/inst/clkout1_buf/O
                         net (fo=180, routed)         0.820    -0.920    design_1_i/SpeedSensor_0/U0/SpeedSensor_slave_lite_v1_0_S00_AXI_inst/Core1/Clk
    SLICE_X52Y93         FDRE                                         r  design_1_i/SpeedSensor_0/U0/SpeedSensor_slave_lite_v1_0_S00_AXI_inst/Core1/pulse_count_reg[14]/C

Slack:                    inf
  Source:                 Sensor_Pin_0
                            (input port)
  Destination:            design_1_i/SpeedSensor_0/U0/SpeedSensor_slave_lite_v1_0_S00_AXI_inst/Core1/pulse_count_reg[15]/CE
                            (rising edge-triggered cell FDRE clocked by clk_out1_design_1_clk_wiz_0_0  {rise@0.000ns fall@5.000ns period=10.000ns})
  Path Group:             (none)
  Path Type:              Hold (Min at Fast Process Corner)
  Data Path Delay:        1.934ns  (logic 0.381ns (19.708%)  route 1.553ns (80.292%))
  Logic Levels:           2  (IBUF=1 LUT3=1)
  Clock Path Skew:        -0.920ns (DCD - SCD - CPR)
    Destination Clock Delay (DCD):    -0.920ns
    Source Clock Delay      (SCD):    0.000ns
    Clock Pessimism Removal (CPR):    -0.000ns

    Location             Delay type                Incr(ns)  Path(ns)    Netlist Resource(s)
  -------------------------------------------------------------------    -------------------
    Y16                                               0.000     0.000 r  Sensor_Pin_0 (IN)
                         net (fo=0)                   0.000     0.000    Sensor_Pin_0
    Y16                  IBUF (Prop_ibuf_I_O)         0.336     0.336 r  Sensor_Pin_0_IBUF_inst/O
                         net (fo=2, routed)           1.391     1.727    design_1_i/SpeedSensor_0/U0/SpeedSensor_slave_lite_v1_0_S00_AXI_inst/Core1/Sensor_Pin
    SLICE_X53Y95         LUT3 (Prop_lut3_I2_O)        0.045     1.772 r  design_1_i/SpeedSensor_0/U0/SpeedSensor_slave_lite_v1_0_S00_AXI_inst/Core1/__0/i_/O
                         net (fo=32, routed)          0.162     1.934    design_1_i/SpeedSensor_0/U0/SpeedSensor_slave_lite_v1_0_S00_AXI_inst/Core1/pulse_count
    SLICE_X52Y93         FDRE                                         r  design_1_i/SpeedSensor_0/U0/SpeedSensor_slave_lite_v1_0_S00_AXI_inst/Core1/pulse_count_reg[15]/CE
  -------------------------------------------------------------------    -------------------

                         (clock clk_out1_design_1_clk_wiz_0_0 rise edge)
                                                      0.000     0.000 r  
    H16                                               0.000     0.000 r  sys_clock (IN)
                         net (fo=0)                   0.000     0.000    design_1_i/clk_wiz_0/inst/clk_in1
    H16                  IBUF (Prop_ibuf_I_O)         0.406     0.406 r  design_1_i/clk_wiz_0/inst/clkin1_ibufg/O
                         net (fo=1, routed)           0.480     0.886    design_1_i/clk_wiz_0/inst/clk_in1_design_1_clk_wiz_0_0
    MMCME2_ADV_X1Y2      MMCME2_ADV (Prop_mmcme2_adv_CLKIN1_CLKOUT0)
                                                     -3.407    -2.521 r  design_1_i/clk_wiz_0/inst/mmcm_adv_inst/CLKOUT0
                         net (fo=1, routed)           0.752    -1.769    design_1_i/clk_wiz_0/inst/clk_out1_design_1_clk_wiz_0_0
    BUFGCTRL_X0Y17       BUFG (Prop_bufg_I_O)         0.029    -1.740 r  design_1_i/clk_wiz_0/inst/clkout1_buf/O
                         net (fo=180, routed)         0.820    -0.920    design_1_i/SpeedSensor_0/U0/SpeedSensor_slave_lite_v1_0_S00_AXI_inst/Core1/Clk
    SLICE_X52Y93         FDRE                                         r  design_1_i/SpeedSensor_0/U0/SpeedSensor_slave_lite_v1_0_S00_AXI_inst/Core1/pulse_count_reg[15]/C

Slack:                    inf
  Source:                 Sensor_Pin_0
                            (input port)
  Destination:            design_1_i/SpeedSensor_0/U0/SpeedSensor_slave_lite_v1_0_S00_AXI_inst/Core1/pulse_count_reg[20]/CE
                            (rising edge-triggered cell FDRE clocked by clk_out1_design_1_clk_wiz_0_0  {rise@0.000ns fall@5.000ns period=10.000ns})
  Path Group:             (none)
  Path Type:              Hold (Min at Fast Process Corner)
  Data Path Delay:        1.978ns  (logic 0.381ns (19.270%)  route 1.597ns (80.730%))
  Logic Levels:           2  (IBUF=1 LUT3=1)
  Clock Path Skew:        -0.920ns (DCD - SCD - CPR)
    Destination Clock Delay (DCD):    -0.920ns
    Source Clock Delay      (SCD):    0.000ns
    Clock Pessimism Removal (CPR):    -0.000ns

    Location             Delay type                Incr(ns)  Path(ns)    Netlist Resource(s)
  -------------------------------------------------------------------    -------------------
    Y16                                               0.000     0.000 r  Sensor_Pin_0 (IN)
                         net (fo=0)                   0.000     0.000    Sensor_Pin_0
    Y16                  IBUF (Prop_ibuf_I_O)         0.336     0.336 r  Sensor_Pin_0_IBUF_inst/O
                         net (fo=2, routed)           1.391     1.727    design_1_i/SpeedSensor_0/U0/SpeedSensor_slave_lite_v1_0_S00_AXI_inst/Core1/Sensor_Pin
    SLICE_X53Y95         LUT3 (Prop_lut3_I2_O)        0.045     1.772 r  design_1_i/SpeedSensor_0/U0/SpeedSensor_slave_lite_v1_0_S00_AXI_inst/Core1/__0/i_/O
                         net (fo=32, routed)          0.206     1.978    design_1_i/SpeedSensor_0/U0/SpeedSensor_slave_lite_v1_0_S00_AXI_inst/Core1/pulse_count
    SLICE_X52Y95         FDRE                                         r  design_1_i/SpeedSensor_0/U0/SpeedSensor_slave_lite_v1_0_S00_AXI_inst/Core1/pulse_count_reg[20]/CE
  -------------------------------------------------------------------    -------------------

                         (clock clk_out1_design_1_clk_wiz_0_0 rise edge)
                                                      0.000     0.000 r  
    H16                                               0.000     0.000 r  sys_clock (IN)
                         net (fo=0)                   0.000     0.000    design_1_i/clk_wiz_0/inst/clk_in1
    H16                  IBUF (Prop_ibuf_I_O)         0.406     0.406 r  design_1_i/clk_wiz_0/inst/clkin1_ibufg/O
                         net (fo=1, routed)           0.480     0.886    design_1_i/clk_wiz_0/inst/clk_in1_design_1_clk_wiz_0_0
    MMCME2_ADV_X1Y2      MMCME2_ADV (Prop_mmcme2_adv_CLKIN1_CLKOUT0)
                                                     -3.407    -2.521 r  design_1_i/clk_wiz_0/inst/mmcm_adv_inst/CLKOUT0
                         net (fo=1, routed)           0.752    -1.769    design_1_i/clk_wiz_0/inst/clk_out1_design_1_clk_wiz_0_0
    BUFGCTRL_X0Y17       BUFG (Prop_bufg_I_O)         0.029    -1.740 r  design_1_i/clk_wiz_0/inst/clkout1_buf/O
                         net (fo=180, routed)         0.820    -0.920    design_1_i/SpeedSensor_0/U0/SpeedSensor_slave_lite_v1_0_S00_AXI_inst/Core1/Clk
    SLICE_X52Y95         FDRE                                         r  design_1_i/SpeedSensor_0/U0/SpeedSensor_slave_lite_v1_0_S00_AXI_inst/Core1/pulse_count_reg[20]/C

Slack:                    inf
  Source:                 Sensor_Pin_0
                            (input port)
  Destination:            design_1_i/SpeedSensor_0/U0/SpeedSensor_slave_lite_v1_0_S00_AXI_inst/Core1/pulse_count_reg[21]/CE
                            (rising edge-triggered cell FDRE clocked by clk_out1_design_1_clk_wiz_0_0  {rise@0.000ns fall@5.000ns period=10.000ns})
  Path Group:             (none)
  Path Type:              Hold (Min at Fast Process Corner)
  Data Path Delay:        1.978ns  (logic 0.381ns (19.270%)  route 1.597ns (80.730%))
  Logic Levels:           2  (IBUF=1 LUT3=1)
  Clock Path Skew:        -0.920ns (DCD - SCD - CPR)
    Destination Clock Delay (DCD):    -0.920ns
    Source Clock Delay      (SCD):    0.000ns
    Clock Pessimism Removal (CPR):    -0.000ns

    Location             Delay type                Incr(ns)  Path(ns)    Netlist Resource(s)
  -------------------------------------------------------------------    -------------------
    Y16                                               0.000     0.000 r  Sensor_Pin_0 (IN)
                         net (fo=0)                   0.000     0.000    Sensor_Pin_0
    Y16                  IBUF (Prop_ibuf_I_O)         0.336     0.336 r  Sensor_Pin_0_IBUF_inst/O
                         net (fo=2, routed)           1.391     1.727    design_1_i/SpeedSensor_0/U0/SpeedSensor_slave_lite_v1_0_S00_AXI_inst/Core1/Sensor_Pin
    SLICE_X53Y95         LUT3 (Prop_lut3_I2_O)        0.045     1.772 r  design_1_i/SpeedSensor_0/U0/SpeedSensor_slave_lite_v1_0_S00_AXI_inst/Core1/__0/i_/O
                         net (fo=32, routed)          0.206     1.978    design_1_i/SpeedSensor_0/U0/SpeedSensor_slave_lite_v1_0_S00_AXI_inst/Core1/pulse_count
    SLICE_X52Y95         FDRE                                         r  design_1_i/SpeedSensor_0/U0/SpeedSensor_slave_lite_v1_0_S00_AXI_inst/Core1/pulse_count_reg[21]/CE
  -------------------------------------------------------------------    -------------------

                         (clock clk_out1_design_1_clk_wiz_0_0 rise edge)
                                                      0.000     0.000 r  
    H16                                               0.000     0.000 r  sys_clock (IN)
                         net (fo=0)                   0.000     0.000    design_1_i/clk_wiz_0/inst/clk_in1
    H16                  IBUF (Prop_ibuf_I_O)         0.406     0.406 r  design_1_i/clk_wiz_0/inst/clkin1_ibufg/O
                         net (fo=1, routed)           0.480     0.886    design_1_i/clk_wiz_0/inst/clk_in1_design_1_clk_wiz_0_0
    MMCME2_ADV_X1Y2      MMCME2_ADV (Prop_mmcme2_adv_CLKIN1_CLKOUT0)
                                                     -3.407    -2.521 r  design_1_i/clk_wiz_0/inst/mmcm_adv_inst/CLKOUT0
                         net (fo=1, routed)           0.752    -1.769    design_1_i/clk_wiz_0/inst/clk_out1_design_1_clk_wiz_0_0
    BUFGCTRL_X0Y17       BUFG (Prop_bufg_I_O)         0.029    -1.740 r  design_1_i/clk_wiz_0/inst/clkout1_buf/O
                         net (fo=180, routed)         0.820    -0.920    design_1_i/SpeedSensor_0/U0/SpeedSensor_slave_lite_v1_0_S00_AXI_inst/Core1/Clk
    SLICE_X52Y95         FDRE                                         r  design_1_i/SpeedSensor_0/U0/SpeedSensor_slave_lite_v1_0_S00_AXI_inst/Core1/pulse_count_reg[21]/C





