TRACE::2025-03-17.12:05:42::SCWPlatform::Trying to open the hw design at C:/devWorks/Ultrasoon_SOC/Vitis/design_1_wrapper/hw/design_1_wrapper.xsa
TRACE::2025-03-17.12:05:42::SCWPlatform::DSA given C:/devWorks/Ultrasoon_SOC/Vitis/design_1_wrapper/hw/design_1_wrapper.xsa
TRACE::2025-03-17.12:05:42::SCWPlatform::DSA absoulate path C:/devWorks/Ultrasoon_SOC/Vitis/design_1_wrapper/hw/design_1_wrapper.xsa
TRACE::2025-03-17.12:05:42::SCWPlatform::DSA directory C:/devWorks/Ultrasoon_SOC/Vitis/design_1_wrapper/hw
TRACE::2025-03-17.12:05:42::SCWPlatform:: Platform Path C:/devWorks/Ultrasoon_SOC/Vitis/design_1_wrapper/hw/design_1_wrapper.xsa
TRACE::2025-03-17.12:05:42::SCWPlatform:: Unique name xilinx:pynq-z2::0.0
TRACE::2025-03-17.12:05:42::SCWPlatform::Do not have an existing db opened. 
TRACE::2025-03-17.12:05:44::SCWPlatform::Opened new HwDB with name design_1_wrapper_0
TRACE::2025-03-17.12:05:44::SCWWriter::formatted JSON is {
	"platformName":	"design_1_wrapper",
	"sprVersion":	"2.0",
	"mode":	"gui",
	"dsaType":	"Fixed",
	"platformDesc":	"design_1_wrapper",
	"platHandOff":	"C:/devWorks/Ultrasoon_SOC/design_1_wrapper.xsa",
	"platIntHandOff":	"<platformDir>/hw/design_1_wrapper.xsa",
	"deviceType":	"zynq",
	"platIsPrebuiltAutogen":	"false",
	"platIsNoBootBsp":	"false",
	"hasFsblMakeHasChanges":	"false",
	"hasPmufwMakeHasChanges":	"false",
	"platPreBuiltFlag":	false,
	"platformSamplesDir":	""
}
TRACE::2025-03-17.12:05:44::SCWWriter::formatted JSON is {
	"platformName":	"design_1_wrapper",
	"sprVersion":	"2.0",
	"mode":	"gui",
	"dsaType":	"Fixed",
	"platformDesc":	"design_1_wrapper",
	"platHandOff":	"C:/devWorks/Ultrasoon_SOC/design_1_wrapper.xsa",
	"platIntHandOff":	"<platformDir>/hw/design_1_wrapper.xsa",
	"deviceType":	"zynq",
	"platIsPrebuiltAutogen":	"false",
	"platIsNoBootBsp":	"false",
	"hasFsblMakeHasChanges":	"false",
	"hasPmufwMakeHasChanges":	"false",
	"platPreBuiltFlag":	false,
	"platformSamplesDir":	"",
	"platActiveSys":	"design_1_wrapper",
	"systems":	[{
			"systemName":	"design_1_wrapper",
			"systemDesc":	"design_1_wrapper",
			"sysIsBootAutoGen":	"true",
			"systemDispName":	"design_1_wrapper"
		}]
}
TRACE::2025-03-17.12:05:44::SCWPlatform::Boot application domains not present, creating them
TRACE::2025-03-17.12:05:44::SCWDomain::checking for install qemu data   : 
TRACE::2025-03-17.12:05:44::SCWDomain:: Using the QEMU Data from install at  : C:/Xilinx/Vitis/2024.1/data/emulation/platforms/zynq/sw/a9_standalone/qemu/
TRACE::2025-03-17.12:05:44::SCWDomain:: Using the QEMU args  from install at  : C:/Xilinx/Vitis/2024.1/data/emulation/platforms/zynq/sw/a9_standalone/qemu/qemu_args.txt
TRACE::2025-03-17.12:05:44::SCWPlatform::Trying to open the hw design at C:/devWorks/Ultrasoon_SOC/Vitis/design_1_wrapper/hw/design_1_wrapper.xsa
TRACE::2025-03-17.12:05:44::SCWPlatform::DSA given C:/devWorks/Ultrasoon_SOC/Vitis/design_1_wrapper/hw/design_1_wrapper.xsa
TRACE::2025-03-17.12:05:44::SCWPlatform::DSA absoulate path C:/devWorks/Ultrasoon_SOC/Vitis/design_1_wrapper/hw/design_1_wrapper.xsa
TRACE::2025-03-17.12:05:44::SCWPlatform::DSA directory C:/devWorks/Ultrasoon_SOC/Vitis/design_1_wrapper/hw
TRACE::2025-03-17.12:05:44::SCWPlatform:: Platform Path C:/devWorks/Ultrasoon_SOC/Vitis/design_1_wrapper/hw/design_1_wrapper.xsa
TRACE::2025-03-17.12:05:44::SCWPlatform:: Unique name xilinx:pynq-z2::0.0
TRACE::2025-03-17.12:05:44::SCWPlatform::Trying to set the existing hwdb with name design_1_wrapper_0
TRACE::2025-03-17.12:05:44::SCWPlatform::Opened existing hwdb design_1_wrapper_0
TRACE::2025-03-17.12:05:44::SCWPlatform::Found the Hw Db part of the input DSA
TRACE::2025-03-17.12:05:44::SCWPlatform::Trying to open the hw design at C:/devWorks/Ultrasoon_SOC/Vitis/design_1_wrapper/hw/design_1_wrapper.xsa
TRACE::2025-03-17.12:05:44::SCWPlatform::DSA given C:/devWorks/Ultrasoon_SOC/Vitis/design_1_wrapper/hw/design_1_wrapper.xsa
TRACE::2025-03-17.12:05:44::SCWPlatform::DSA absoulate path C:/devWorks/Ultrasoon_SOC/Vitis/design_1_wrapper/hw/design_1_wrapper.xsa
TRACE::2025-03-17.12:05:44::SCWPlatform::DSA directory C:/devWorks/Ultrasoon_SOC/Vitis/design_1_wrapper/hw
TRACE::2025-03-17.12:05:44::SCWPlatform:: Platform Path C:/devWorks/Ultrasoon_SOC/Vitis/design_1_wrapper/hw/design_1_wrapper.xsa
TRACE::2025-03-17.12:05:44::SCWPlatform:: Unique name xilinx:pynq-z2::0.0
TRACE::2025-03-17.12:05:44::SCWPlatform::Trying to set the existing hwdb with name design_1_wrapper_0
TRACE::2025-03-17.12:05:44::SCWPlatform::Opened existing hwdb design_1_wrapper_0
TRACE::2025-03-17.12:05:44::SCWPlatform::Found the Hw Db part of the input DSA
TRACE::2025-03-17.12:05:44::SCWPlatform::Trying to open the hw design at C:/devWorks/Ultrasoon_SOC/Vitis/design_1_wrapper/hw/design_1_wrapper.xsa
TRACE::2025-03-17.12:05:44::SCWPlatform::DSA given C:/devWorks/Ultrasoon_SOC/Vitis/design_1_wrapper/hw/design_1_wrapper.xsa
TRACE::2025-03-17.12:05:44::SCWPlatform::DSA absoulate path C:/devWorks/Ultrasoon_SOC/Vitis/design_1_wrapper/hw/design_1_wrapper.xsa
TRACE::2025-03-17.12:05:44::SCWPlatform::DSA directory C:/devWorks/Ultrasoon_SOC/Vitis/design_1_wrapper/hw
TRACE::2025-03-17.12:05:44::SCWPlatform:: Platform Path C:/devWorks/Ultrasoon_SOC/Vitis/design_1_wrapper/hw/design_1_wrapper.xsa
TRACE::2025-03-17.12:05:44::SCWPlatform:: Unique name xilinx:pynq-z2::0.0
TRACE::2025-03-17.12:05:44::SCWPlatform::Trying to set the existing hwdb with name design_1_wrapper_0
TRACE::2025-03-17.12:05:44::SCWPlatform::Opened existing hwdb design_1_wrapper_0
TRACE::2025-03-17.12:05:44::SCWPlatform::Found the Hw Db part of the input DSA
TRACE::2025-03-17.12:05:44::SCWPlatform::Boot application domain added for zynq_fsbl
TRACE::2025-03-17.12:05:44::SCWPlatform::Generating the sources  .
TRACE::2025-03-17.12:05:44::SCWBDomain::Generating boot domain sources.
TRACE::2025-03-17.12:05:44::SCWBDomain:: Generating the zynq_fsbl Application.
TRACE::2025-03-17.12:05:44::SCWPlatform::Trying to open the hw design at C:/devWorks/Ultrasoon_SOC/Vitis/design_1_wrapper/hw/design_1_wrapper.xsa
TRACE::2025-03-17.12:05:44::SCWPlatform::DSA given C:/devWorks/Ultrasoon_SOC/Vitis/design_1_wrapper/hw/design_1_wrapper.xsa
TRACE::2025-03-17.12:05:44::SCWPlatform::DSA absoulate path C:/devWorks/Ultrasoon_SOC/Vitis/design_1_wrapper/hw/design_1_wrapper.xsa
TRACE::2025-03-17.12:05:44::SCWPlatform::DSA directory C:/devWorks/Ultrasoon_SOC/Vitis/design_1_wrapper/hw
TRACE::2025-03-17.12:05:44::SCWPlatform:: Platform Path C:/devWorks/Ultrasoon_SOC/Vitis/design_1_wrapper/hw/design_1_wrapper.xsa
TRACE::2025-03-17.12:05:44::SCWPlatform:: Unique name xilinx:pynq-z2::0.0
TRACE::2025-03-17.12:05:44::SCWPlatform::Trying to set the existing hwdb with name design_1_wrapper_0
TRACE::2025-03-17.12:05:44::SCWPlatform::Opened existing hwdb design_1_wrapper_0
TRACE::2025-03-17.12:05:44::SCWPlatform::Found the Hw Db part of the input DSA
TRACE::2025-03-17.12:05:44::SCWMssOS::Checking the sw design at  C:/devWorks/Ultrasoon_SOC/Vitis/design_1_wrapper/zynq_fsbl/zynq_fsbl_bsp/system.mss
TRACE::2025-03-17.12:05:44::SCWMssOS::DEBUG:  swdes dump  
TRACE::2025-03-17.12:05:44::SCWMssOS::No sw design opened at  C:/devWorks/Ultrasoon_SOC/Vitis/design_1_wrapper/zynq_fsbl/zynq_fsbl_bsp/system.mss
TRACE::2025-03-17.12:05:44::SCWMssOS::mss does not exists at C:/devWorks/Ultrasoon_SOC/Vitis/design_1_wrapper/zynq_fsbl/zynq_fsbl_bsp/system.mss
TRACE::2025-03-17.12:05:44::SCWMssOS::Creating sw design at  C:/devWorks/Ultrasoon_SOC/Vitis/design_1_wrapper/zynq_fsbl/zynq_fsbl_bsp/system.mss
TRACE::2025-03-17.12:05:44::SCWMssOS::Adding the swdes entry, created swdb C:/devWorks/Ultrasoon_SOC/Vitis/design_1_wrapper/zynq_fsbl/zynq_fsbl_bsp/system.mss with des name C:/devWorks/Ultrasoon_SOC/Vitis/design_1_wrapper/zynq_fsbl/zynq_fsbl_bsp/system.mss
TRACE::2025-03-17.12:05:44::SCWMssOS::updating the scw layer changes to swdes at   C:/devWorks/Ultrasoon_SOC/Vitis/design_1_wrapper/zynq_fsbl/zynq_fsbl_bsp/system.mss
TRACE::2025-03-17.12:05:44::SCWMssOS::Writing mss at C:/devWorks/Ultrasoon_SOC/Vitis/design_1_wrapper/zynq_fsbl/zynq_fsbl_bsp/system.mss
TRACE::2025-03-17.12:05:44::SCWMssOS::Completed writing the mss file at C:/devWorks/Ultrasoon_SOC/Vitis/design_1_wrapper/zynq_fsbl/zynq_fsbl_bsp
TRACE::2025-03-17.12:05:44::SCWMssOS::Picking up changes from newly written mss file into SCW Layer. 
TRACE::2025-03-17.12:05:44::SCWMssOS::Updated the changes from newly written mss file into SCW Layer. 
TRACE::2025-03-17.12:05:44::SCWBDomain::Completed writing the mss file at C:/devWorks/Ultrasoon_SOC/Vitis/design_1_wrapper/zynq_fsbl/zynq_fsbl_bsp
TRACE::2025-03-17.12:05:55::SCWPlatform::Generating sources Done.
TRACE::2025-03-17.12:05:55::SCWPlatform::Trying to open the hw design at C:/devWorks/Ultrasoon_SOC/Vitis/design_1_wrapper/hw/design_1_wrapper.xsa
TRACE::2025-03-17.12:05:55::SCWPlatform::DSA given C:/devWorks/Ultrasoon_SOC/Vitis/design_1_wrapper/hw/design_1_wrapper.xsa
TRACE::2025-03-17.12:05:55::SCWPlatform::DSA absoulate path C:/devWorks/Ultrasoon_SOC/Vitis/design_1_wrapper/hw/design_1_wrapper.xsa
TRACE::2025-03-17.12:05:55::SCWPlatform::DSA directory C:/devWorks/Ultrasoon_SOC/Vitis/design_1_wrapper/hw
TRACE::2025-03-17.12:05:55::SCWPlatform:: Platform Path C:/devWorks/Ultrasoon_SOC/Vitis/design_1_wrapper/hw/design_1_wrapper.xsa
TRACE::2025-03-17.12:05:55::SCWPlatform:: Unique name xilinx:pynq-z2::0.0
TRACE::2025-03-17.12:05:55::SCWPlatform::Trying to set the existing hwdb with name design_1_wrapper_0
TRACE::2025-03-17.12:05:55::SCWPlatform::Opened existing hwdb design_1_wrapper_0
TRACE::2025-03-17.12:05:55::SCWPlatform::Found the Hw Db part of the input DSA
TRACE::2025-03-17.12:05:55::SCWMssOS::Checking the sw design at  C:/devWorks/Ultrasoon_SOC/Vitis/design_1_wrapper/zynq_fsbl/zynq_fsbl_bsp/system.mss
TRACE::2025-03-17.12:05:55::SCWMssOS::DEBUG:  swdes dump  
TRACE::2025-03-17.12:05:55::SCWMssOS::No sw design opened at  C:/devWorks/Ultrasoon_SOC/Vitis/design_1_wrapper/zynq_fsbl/zynq_fsbl_bsp/system.mss
TRACE::2025-03-17.12:05:55::SCWMssOS::mss exists loading the mss file  C:/devWorks/Ultrasoon_SOC/Vitis/design_1_wrapper/zynq_fsbl/zynq_fsbl_bsp/system.mss
TRACE::2025-03-17.12:05:55::SCWMssOS::Opened the sw design from mss  C:/devWorks/Ultrasoon_SOC/Vitis/design_1_wrapper/zynq_fsbl/zynq_fsbl_bsp/system.mss
TRACE::2025-03-17.12:05:55::SCWMssOS::Adding the swdes entry C:/devWorks/Ultrasoon_SOC/Vitis/design_1_wrapper/zynq_fsbl/zynq_fsbl_bsp/system.mss with des name system
TRACE::2025-03-17.12:05:55::SCWMssOS::updating the scw layer about changes
TRACE::2025-03-17.12:05:55::SCWMssOS::Opened the sw design.  C:/devWorks/Ultrasoon_SOC/Vitis/design_1_wrapper/zynq_fsbl/zynq_fsbl_bsp/system.mss
TRACE::2025-03-17.12:05:55::SCWMssOS::Saving the mss changes C:/devWorks/Ultrasoon_SOC/Vitis/design_1_wrapper/zynq_fsbl/zynq_fsbl_bsp/system.mss
TRACE::2025-03-17.12:05:55::SCWMssOS::Found a swdesign opened with the mssfile.
TRACE::2025-03-17.12:05:55::SCWMssOS::Completed writemss as part of save.
TRACE::2025-03-17.12:05:55::SCWMssOS::Commit changes completed.
TRACE::2025-03-17.12:05:55::SCWPlatform::Trying to open the hw design at C:/devWorks/Ultrasoon_SOC/Vitis/design_1_wrapper/hw/design_1_wrapper.xsa
TRACE::2025-03-17.12:05:55::SCWPlatform::DSA given C:/devWorks/Ultrasoon_SOC/Vitis/design_1_wrapper/hw/design_1_wrapper.xsa
TRACE::2025-03-17.12:05:55::SCWPlatform::DSA absoulate path C:/devWorks/Ultrasoon_SOC/Vitis/design_1_wrapper/hw/design_1_wrapper.xsa
TRACE::2025-03-17.12:05:55::SCWPlatform::DSA directory C:/devWorks/Ultrasoon_SOC/Vitis/design_1_wrapper/hw
TRACE::2025-03-17.12:05:55::SCWPlatform:: Platform Path C:/devWorks/Ultrasoon_SOC/Vitis/design_1_wrapper/hw/design_1_wrapper.xsa
TRACE::2025-03-17.12:05:55::SCWPlatform:: Unique name xilinx:pynq-z2::0.0
TRACE::2025-03-17.12:05:55::SCWPlatform::Trying to set the existing hwdb with name design_1_wrapper_0
TRACE::2025-03-17.12:05:55::SCWPlatform::Opened existing hwdb design_1_wrapper_0
TRACE::2025-03-17.12:05:55::SCWPlatform::Found the Hw Db part of the input DSA
TRACE::2025-03-17.12:05:55::SCWMssOS::Checking the sw design at  C:/devWorks/Ultrasoon_SOC/Vitis/design_1_wrapper/zynq_fsbl/zynq_fsbl_bsp/system.mss
TRACE::2025-03-17.12:05:55::SCWMssOS::DEBUG:  swdes dump  C:/devWorks/Ultrasoon_SOC/Vitis/design_1_wrapper/zynq_fsbl/zynq_fsbl_bsp/system.mss|system||

TRACE::2025-03-17.12:05:55::SCWMssOS::Sw design exists and opened at  C:/devWorks/Ultrasoon_SOC/Vitis/design_1_wrapper/zynq_fsbl/zynq_fsbl_bsp/system.mss
TRACE::2025-03-17.12:05:55::SCWPlatform::Trying to open the hw design at C:/devWorks/Ultrasoon_SOC/Vitis/design_1_wrapper/hw/design_1_wrapper.xsa
TRACE::2025-03-17.12:05:55::SCWPlatform::DSA given C:/devWorks/Ultrasoon_SOC/Vitis/design_1_wrapper/hw/design_1_wrapper.xsa
TRACE::2025-03-17.12:05:55::SCWPlatform::DSA absoulate path C:/devWorks/Ultrasoon_SOC/Vitis/design_1_wrapper/hw/design_1_wrapper.xsa
TRACE::2025-03-17.12:05:55::SCWPlatform::DSA directory C:/devWorks/Ultrasoon_SOC/Vitis/design_1_wrapper/hw
TRACE::2025-03-17.12:05:55::SCWPlatform:: Platform Path C:/devWorks/Ultrasoon_SOC/Vitis/design_1_wrapper/hw/design_1_wrapper.xsa
TRACE::2025-03-17.12:05:55::SCWPlatform:: Unique name xilinx:pynq-z2::0.0
TRACE::2025-03-17.12:05:55::SCWPlatform::Trying to set the existing hwdb with name design_1_wrapper_0
TRACE::2025-03-17.12:05:55::SCWPlatform::Opened existing hwdb design_1_wrapper_0
TRACE::2025-03-17.12:05:55::SCWPlatform::Found the Hw Db part of the input DSA
TRACE::2025-03-17.12:05:55::SCWMssOS::Checking the sw design at  C:/devWorks/Ultrasoon_SOC/Vitis/design_1_wrapper/zynq_fsbl/zynq_fsbl_bsp/system.mss
TRACE::2025-03-17.12:05:55::SCWMssOS::DEBUG:  swdes dump  C:/devWorks/Ultrasoon_SOC/Vitis/design_1_wrapper/zynq_fsbl/zynq_fsbl_bsp/system.mss|system||

TRACE::2025-03-17.12:05:55::SCWMssOS::Sw design exists and opened at  C:/devWorks/Ultrasoon_SOC/Vitis/design_1_wrapper/zynq_fsbl/zynq_fsbl_bsp/system.mss
TRACE::2025-03-17.12:05:55::SCWPlatform::Trying to open the hw design at C:/devWorks/Ultrasoon_SOC/Vitis/design_1_wrapper/hw/design_1_wrapper.xsa
TRACE::2025-03-17.12:05:55::SCWPlatform::DSA given C:/devWorks/Ultrasoon_SOC/Vitis/design_1_wrapper/hw/design_1_wrapper.xsa
TRACE::2025-03-17.12:05:55::SCWPlatform::DSA absoulate path C:/devWorks/Ultrasoon_SOC/Vitis/design_1_wrapper/hw/design_1_wrapper.xsa
TRACE::2025-03-17.12:05:55::SCWPlatform::DSA directory C:/devWorks/Ultrasoon_SOC/Vitis/design_1_wrapper/hw
TRACE::2025-03-17.12:05:55::SCWPlatform:: Platform Path C:/devWorks/Ultrasoon_SOC/Vitis/design_1_wrapper/hw/design_1_wrapper.xsa
TRACE::2025-03-17.12:05:55::SCWPlatform:: Unique name xilinx:pynq-z2::0.0
TRACE::2025-03-17.12:05:55::SCWPlatform::Trying to set the existing hwdb with name design_1_wrapper_0
TRACE::2025-03-17.12:05:55::SCWPlatform::Opened existing hwdb design_1_wrapper_0
TRACE::2025-03-17.12:05:55::SCWPlatform::Found the Hw Db part of the input DSA
TRACE::2025-03-17.12:05:55::SCWMssOS::Checking the sw design at  C:/devWorks/Ultrasoon_SOC/Vitis/design_1_wrapper/zynq_fsbl/zynq_fsbl_bsp/system.mss
TRACE::2025-03-17.12:05:55::SCWMssOS::DEBUG:  swdes dump  C:/devWorks/Ultrasoon_SOC/Vitis/design_1_wrapper/zynq_fsbl/zynq_fsbl_bsp/system.mss|system||

TRACE::2025-03-17.12:05:55::SCWMssOS::Sw design exists and opened at  C:/devWorks/Ultrasoon_SOC/Vitis/design_1_wrapper/zynq_fsbl/zynq_fsbl_bsp/system.mss
TRACE::2025-03-17.12:05:55::SCWWriter::formatted JSON is {
	"platformName":	"design_1_wrapper",
	"sprVersion":	"2.0",
	"mode":	"gui",
	"dsaType":	"Fixed",
	"platformDesc":	"design_1_wrapper",
	"platHandOff":	"C:/devWorks/Ultrasoon_SOC/design_1_wrapper.xsa",
	"platIntHandOff":	"<platformDir>/hw/design_1_wrapper.xsa",
	"deviceType":	"zynq",
	"platIsPrebuiltAutogen":	"false",
	"platIsNoBootBsp":	"false",
	"platFsblTarget":	"ps7_cortexa9_0",
	"hasFsblMakeHasChanges":	"false",
	"hasPmufwMakeHasChanges":	"false",
	"fsblExtraCompilerFlags":	"-MMD -MP       -mcpu=cortex-a9 -mfpu=vfpv3 -mfloat-abi=hard ",
	"platPreBuiltFlag":	false,
	"platformSamplesDir":	"",
	"platActiveSys":	"design_1_wrapper",
	"systems":	[{
			"systemName":	"design_1_wrapper",
			"systemDesc":	"design_1_wrapper",
			"sysIsBootAutoGen":	"true",
			"systemDispName":	"design_1_wrapper",
			"sysActiveDom":	"zynq_fsbl",
			"sysDefaultDom":	"",
			"domains":	[{
					"domainName":	"zynq_fsbl",
					"domainDispName":	"zynq_fsbl",
					"domainDesc":	"FSBL Application BSP - Auto Generated.",
					"processors":	"ps7_cortexa9_0",
					"os":	"standalone",
					"sdxOs":	"standalone",
					"debugEnable":	"",
					"domRuntimes":	["cpp"],
					"swRepo":	"",
					"mssOsVer":	"9.1",
					"mssFile":	"",
					"md5Digest":	"9efe651139896911d8304288c112af41",
					"compatibleApp":	"zynq_fsbl",
					"domType":	"bootDomain",
					"arch":	"32-bit",
					"appSettings":	{
						"appCompilerFlags":	"",
						"appLinkerFlags":	""
					},
					"addedLibs":	["xilffs:5.2", "xilrsa:1.8"],
					"libOptions":	{
						"libsContainingOptions":	[]
					},
					"prebuiltLibs":	{
						"prebuiltIncPath":	[],
						"prebuiltLibPath":	[]
					},
					"isolation":	{
					}
				}]
		}]
}
TRACE::2025-03-17.12:05:55::SCWMssOS::Saving the mss changes C:/devWorks/Ultrasoon_SOC/Vitis/design_1_wrapper/zynq_fsbl/zynq_fsbl_bsp/system.mss
TRACE::2025-03-17.12:05:55::SCWMssOS::Found a swdesign opened with the mssfile.
TRACE::2025-03-17.12:05:55::SCWMssOS::Completed writemss as part of save.
TRACE::2025-03-17.12:05:55::SCWMssOS::Commit changes completed.
TRACE::2025-03-17.12:05:55::SCWPlatform::Trying to open the hw design at C:/devWorks/Ultrasoon_SOC/Vitis/design_1_wrapper/hw/design_1_wrapper.xsa
TRACE::2025-03-17.12:05:55::SCWPlatform::DSA given C:/devWorks/Ultrasoon_SOC/Vitis/design_1_wrapper/hw/design_1_wrapper.xsa
TRACE::2025-03-17.12:05:55::SCWPlatform::DSA absoulate path C:/devWorks/Ultrasoon_SOC/Vitis/design_1_wrapper/hw/design_1_wrapper.xsa
TRACE::2025-03-17.12:05:55::SCWPlatform::DSA directory C:/devWorks/Ultrasoon_SOC/Vitis/design_1_wrapper/hw
TRACE::2025-03-17.12:05:55::SCWPlatform:: Platform Path C:/devWorks/Ultrasoon_SOC/Vitis/design_1_wrapper/hw/design_1_wrapper.xsa
TRACE::2025-03-17.12:05:55::SCWPlatform:: Unique name xilinx:pynq-z2::0.0
TRACE::2025-03-17.12:05:55::SCWPlatform::Trying to set the existing hwdb with name design_1_wrapper_0
TRACE::2025-03-17.12:05:55::SCWPlatform::Opened existing hwdb design_1_wrapper_0
TRACE::2025-03-17.12:05:55::SCWPlatform::Found the Hw Db part of the input DSA
TRACE::2025-03-17.12:05:55::SCWMssOS::Checking the sw design at  C:/devWorks/Ultrasoon_SOC/Vitis/design_1_wrapper/zynq_fsbl/zynq_fsbl_bsp/system.mss
TRACE::2025-03-17.12:05:55::SCWMssOS::DEBUG:  swdes dump  C:/devWorks/Ultrasoon_SOC/Vitis/design_1_wrapper/zynq_fsbl/zynq_fsbl_bsp/system.mss|system||

TRACE::2025-03-17.12:05:55::SCWMssOS::Sw design exists and opened at  C:/devWorks/Ultrasoon_SOC/Vitis/design_1_wrapper/zynq_fsbl/zynq_fsbl_bsp/system.mss
TRACE::2025-03-17.12:05:55::SCWPlatform::Trying to open the hw design at C:/devWorks/Ultrasoon_SOC/Vitis/design_1_wrapper/hw/design_1_wrapper.xsa
TRACE::2025-03-17.12:05:55::SCWPlatform::DSA given C:/devWorks/Ultrasoon_SOC/Vitis/design_1_wrapper/hw/design_1_wrapper.xsa
TRACE::2025-03-17.12:05:55::SCWPlatform::DSA absoulate path C:/devWorks/Ultrasoon_SOC/Vitis/design_1_wrapper/hw/design_1_wrapper.xsa
TRACE::2025-03-17.12:05:55::SCWPlatform::DSA directory C:/devWorks/Ultrasoon_SOC/Vitis/design_1_wrapper/hw
TRACE::2025-03-17.12:05:55::SCWPlatform:: Platform Path C:/devWorks/Ultrasoon_SOC/Vitis/design_1_wrapper/hw/design_1_wrapper.xsa
TRACE::2025-03-17.12:05:55::SCWPlatform:: Unique name xilinx:pynq-z2::0.0
TRACE::2025-03-17.12:05:55::SCWPlatform::Trying to set the existing hwdb with name design_1_wrapper_0
TRACE::2025-03-17.12:05:55::SCWPlatform::Opened existing hwdb design_1_wrapper_0
TRACE::2025-03-17.12:05:55::SCWPlatform::Found the Hw Db part of the input DSA
TRACE::2025-03-17.12:05:55::SCWMssOS::Checking the sw design at  C:/devWorks/Ultrasoon_SOC/Vitis/design_1_wrapper/zynq_fsbl/zynq_fsbl_bsp/system.mss
TRACE::2025-03-17.12:05:55::SCWMssOS::DEBUG:  swdes dump  C:/devWorks/Ultrasoon_SOC/Vitis/design_1_wrapper/zynq_fsbl/zynq_fsbl_bsp/system.mss|system||

TRACE::2025-03-17.12:05:55::SCWMssOS::Sw design exists and opened at  C:/devWorks/Ultrasoon_SOC/Vitis/design_1_wrapper/zynq_fsbl/zynq_fsbl_bsp/system.mss
TRACE::2025-03-17.12:05:55::SCWPlatform::Trying to open the hw design at C:/devWorks/Ultrasoon_SOC/Vitis/design_1_wrapper/hw/design_1_wrapper.xsa
TRACE::2025-03-17.12:05:55::SCWPlatform::DSA given C:/devWorks/Ultrasoon_SOC/Vitis/design_1_wrapper/hw/design_1_wrapper.xsa
TRACE::2025-03-17.12:05:55::SCWPlatform::DSA absoulate path C:/devWorks/Ultrasoon_SOC/Vitis/design_1_wrapper/hw/design_1_wrapper.xsa
TRACE::2025-03-17.12:05:55::SCWPlatform::DSA directory C:/devWorks/Ultrasoon_SOC/Vitis/design_1_wrapper/hw
TRACE::2025-03-17.12:05:55::SCWPlatform:: Platform Path C:/devWorks/Ultrasoon_SOC/Vitis/design_1_wrapper/hw/design_1_wrapper.xsa
TRACE::2025-03-17.12:05:55::SCWPlatform:: Unique name xilinx:pynq-z2::0.0
TRACE::2025-03-17.12:05:55::SCWPlatform::Trying to set the existing hwdb with name design_1_wrapper_0
TRACE::2025-03-17.12:05:55::SCWPlatform::Opened existing hwdb design_1_wrapper_0
TRACE::2025-03-17.12:05:55::SCWPlatform::Found the Hw Db part of the input DSA
TRACE::2025-03-17.12:05:55::SCWMssOS::Checking the sw design at  C:/devWorks/Ultrasoon_SOC/Vitis/design_1_wrapper/zynq_fsbl/zynq_fsbl_bsp/system.mss
TRACE::2025-03-17.12:05:55::SCWMssOS::DEBUG:  swdes dump  C:/devWorks/Ultrasoon_SOC/Vitis/design_1_wrapper/zynq_fsbl/zynq_fsbl_bsp/system.mss|system||

TRACE::2025-03-17.12:05:55::SCWMssOS::Sw design exists and opened at  C:/devWorks/Ultrasoon_SOC/Vitis/design_1_wrapper/zynq_fsbl/zynq_fsbl_bsp/system.mss
TRACE::2025-03-17.12:05:55::SCWWriter::formatted JSON is {
	"platformName":	"design_1_wrapper",
	"sprVersion":	"2.0",
	"mode":	"gui",
	"dsaType":	"Fixed",
	"platformDesc":	"design_1_wrapper",
	"platHandOff":	"C:/devWorks/Ultrasoon_SOC/design_1_wrapper.xsa",
	"platIntHandOff":	"<platformDir>/hw/design_1_wrapper.xsa",
	"deviceType":	"zynq",
	"platIsPrebuiltAutogen":	"false",
	"platIsNoBootBsp":	"false",
	"platFsblTarget":	"ps7_cortexa9_0",
	"hasFsblMakeHasChanges":	"false",
	"hasPmufwMakeHasChanges":	"false",
	"fsblExtraCompilerFlags":	"-MMD -MP       -mcpu=cortex-a9 -mfpu=vfpv3 -mfloat-abi=hard ",
	"platPreBuiltFlag":	false,
	"platformSamplesDir":	"",
	"platActiveSys":	"design_1_wrapper",
	"systems":	[{
			"systemName":	"design_1_wrapper",
			"systemDesc":	"design_1_wrapper",
			"sysIsBootAutoGen":	"true",
			"systemDispName":	"design_1_wrapper",
			"sysActiveDom":	"zynq_fsbl",
			"sysDefaultDom":	"",
			"domains":	[{
					"domainName":	"zynq_fsbl",
					"domainDispName":	"zynq_fsbl",
					"domainDesc":	"FSBL Application BSP - Auto Generated.",
					"processors":	"ps7_cortexa9_0",
					"os":	"standalone",
					"sdxOs":	"standalone",
					"debugEnable":	"",
					"domRuntimes":	["cpp"],
					"swRepo":	"",
					"mssOsVer":	"9.1",
					"mssFile":	"",
					"md5Digest":	"9efe651139896911d8304288c112af41",
					"compatibleApp":	"zynq_fsbl",
					"domType":	"bootDomain",
					"arch":	"32-bit",
					"appSettings":	{
						"appCompilerFlags":	"",
						"appLinkerFlags":	""
					},
					"addedLibs":	["xilffs:5.2", "xilrsa:1.8"],
					"libOptions":	{
						"libsContainingOptions":	[]
					},
					"prebuiltLibs":	{
						"prebuiltIncPath":	[],
						"prebuiltLibPath":	[]
					},
					"isolation":	{
					}
				}]
		}]
}
TRACE::2025-03-17.12:05:55::SCWPlatform::Trying to open the hw design at C:/devWorks/Ultrasoon_SOC/Vitis/design_1_wrapper/hw/design_1_wrapper.xsa
TRACE::2025-03-17.12:05:55::SCWPlatform::DSA given C:/devWorks/Ultrasoon_SOC/Vitis/design_1_wrapper/hw/design_1_wrapper.xsa
TRACE::2025-03-17.12:05:55::SCWPlatform::DSA absoulate path C:/devWorks/Ultrasoon_SOC/Vitis/design_1_wrapper/hw/design_1_wrapper.xsa
TRACE::2025-03-17.12:05:55::SCWPlatform::DSA directory C:/devWorks/Ultrasoon_SOC/Vitis/design_1_wrapper/hw
TRACE::2025-03-17.12:05:55::SCWPlatform:: Platform Path C:/devWorks/Ultrasoon_SOC/Vitis/design_1_wrapper/hw/design_1_wrapper.xsa
TRACE::2025-03-17.12:05:55::SCWPlatform:: Unique name xilinx:pynq-z2::0.0
TRACE::2025-03-17.12:05:55::SCWPlatform::Trying to set the existing hwdb with name design_1_wrapper_0
TRACE::2025-03-17.12:05:55::SCWPlatform::Opened existing hwdb design_1_wrapper_0
TRACE::2025-03-17.12:05:55::SCWPlatform::Found the Hw Db part of the input DSA
TRACE::2025-03-17.12:05:55::SCWDomain::checking for install qemu data   : 
TRACE::2025-03-17.12:05:55::SCWDomain:: Using the QEMU Data from install at  : C:/Xilinx/Vitis/2024.1/data/emulation/platforms/zynq/sw/a9_standalone/qemu/
TRACE::2025-03-17.12:05:55::SCWDomain:: Using the QEMU args  from install at  : C:/Xilinx/Vitis/2024.1/data/emulation/platforms/zynq/sw/a9_standalone/qemu/qemu_args.txt
TRACE::2025-03-17.12:05:55::SCWPlatform::Trying to open the hw design at C:/devWorks/Ultrasoon_SOC/Vitis/design_1_wrapper/hw/design_1_wrapper.xsa
TRACE::2025-03-17.12:05:55::SCWPlatform::DSA given C:/devWorks/Ultrasoon_SOC/Vitis/design_1_wrapper/hw/design_1_wrapper.xsa
TRACE::2025-03-17.12:05:55::SCWPlatform::DSA absoulate path C:/devWorks/Ultrasoon_SOC/Vitis/design_1_wrapper/hw/design_1_wrapper.xsa
TRACE::2025-03-17.12:05:55::SCWPlatform::DSA directory C:/devWorks/Ultrasoon_SOC/Vitis/design_1_wrapper/hw
TRACE::2025-03-17.12:05:55::SCWPlatform:: Platform Path C:/devWorks/Ultrasoon_SOC/Vitis/design_1_wrapper/hw/design_1_wrapper.xsa
TRACE::2025-03-17.12:05:55::SCWPlatform:: Unique name xilinx:pynq-z2::0.0
TRACE::2025-03-17.12:05:55::SCWPlatform::Trying to set the existing hwdb with name design_1_wrapper_0
TRACE::2025-03-17.12:05:55::SCWPlatform::Opened existing hwdb design_1_wrapper_0
TRACE::2025-03-17.12:05:55::SCWPlatform::Found the Hw Db part of the input DSA
TRACE::2025-03-17.12:05:55::SCWPlatform::Trying to open the hw design at C:/devWorks/Ultrasoon_SOC/Vitis/design_1_wrapper/hw/design_1_wrapper.xsa
TRACE::2025-03-17.12:05:55::SCWPlatform::DSA given C:/devWorks/Ultrasoon_SOC/Vitis/design_1_wrapper/hw/design_1_wrapper.xsa
TRACE::2025-03-17.12:05:55::SCWPlatform::DSA absoulate path C:/devWorks/Ultrasoon_SOC/Vitis/design_1_wrapper/hw/design_1_wrapper.xsa
TRACE::2025-03-17.12:05:55::SCWPlatform::DSA directory C:/devWorks/Ultrasoon_SOC/Vitis/design_1_wrapper/hw
TRACE::2025-03-17.12:05:55::SCWPlatform:: Platform Path C:/devWorks/Ultrasoon_SOC/Vitis/design_1_wrapper/hw/design_1_wrapper.xsa
TRACE::2025-03-17.12:05:55::SCWPlatform:: Unique name xilinx:pynq-z2::0.0
TRACE::2025-03-17.12:05:55::SCWPlatform::Trying to set the existing hwdb with name design_1_wrapper_0
TRACE::2025-03-17.12:05:55::SCWPlatform::Opened existing hwdb design_1_wrapper_0
TRACE::2025-03-17.12:05:55::SCWPlatform::Found the Hw Db part of the input DSA
TRACE::2025-03-17.12:05:55::SCWDomain::Qemu Directory name is changed from "" to "qemu"
TRACE::2025-03-17.12:05:55::SCWPlatform::Trying to open the hw design at C:/devWorks/Ultrasoon_SOC/Vitis/design_1_wrapper/hw/design_1_wrapper.xsa
TRACE::2025-03-17.12:05:55::SCWPlatform::DSA given C:/devWorks/Ultrasoon_SOC/Vitis/design_1_wrapper/hw/design_1_wrapper.xsa
TRACE::2025-03-17.12:05:55::SCWPlatform::DSA absoulate path C:/devWorks/Ultrasoon_SOC/Vitis/design_1_wrapper/hw/design_1_wrapper.xsa
TRACE::2025-03-17.12:05:55::SCWPlatform::DSA directory C:/devWorks/Ultrasoon_SOC/Vitis/design_1_wrapper/hw
TRACE::2025-03-17.12:05:55::SCWPlatform:: Platform Path C:/devWorks/Ultrasoon_SOC/Vitis/design_1_wrapper/hw/design_1_wrapper.xsa
TRACE::2025-03-17.12:05:55::SCWPlatform:: Unique name xilinx:pynq-z2::0.0
TRACE::2025-03-17.12:05:55::SCWPlatform::Trying to set the existing hwdb with name design_1_wrapper_0
TRACE::2025-03-17.12:05:55::SCWPlatform::Opened existing hwdb design_1_wrapper_0
TRACE::2025-03-17.12:05:55::SCWPlatform::Found the Hw Db part of the input DSA
TRACE::2025-03-17.12:05:55::SCWMssOS::Checking the sw design at  C:/devWorks/Ultrasoon_SOC/Vitis/design_1_wrapper/ps7_cortexa9_0/standalone_ps7_cortexa9_0/bsp/system.mss
TRACE::2025-03-17.12:05:55::SCWMssOS::DEBUG:  swdes dump  C:/devWorks/Ultrasoon_SOC/Vitis/design_1_wrapper/zynq_fsbl/zynq_fsbl_bsp/system.mss|system||

TRACE::2025-03-17.12:05:55::SCWMssOS::No sw design opened at  C:/devWorks/Ultrasoon_SOC/Vitis/design_1_wrapper/ps7_cortexa9_0/standalone_ps7_cortexa9_0/bsp/system.mss
TRACE::2025-03-17.12:05:55::SCWMssOS::mss does not exists at C:/devWorks/Ultrasoon_SOC/Vitis/design_1_wrapper/ps7_cortexa9_0/standalone_ps7_cortexa9_0/bsp/system.mss
TRACE::2025-03-17.12:05:55::SCWMssOS::Creating sw design at  C:/devWorks/Ultrasoon_SOC/Vitis/design_1_wrapper/ps7_cortexa9_0/standalone_ps7_cortexa9_0/bsp/system.mss
TRACE::2025-03-17.12:05:55::SCWMssOS::Adding the swdes entry, created swdb C:/devWorks/Ultrasoon_SOC/Vitis/design_1_wrapper/ps7_cortexa9_0/standalone_ps7_cortexa9_0/bsp/system.mss with des name C:/devWorks/Ultrasoon_SOC/Vitis/design_1_wrapper/ps7_cortexa9_0/standalone_ps7_cortexa9_0/bsp/system.mss
TRACE::2025-03-17.12:05:55::SCWMssOS::updating the scw layer changes to swdes at   C:/devWorks/Ultrasoon_SOC/Vitis/design_1_wrapper/ps7_cortexa9_0/standalone_ps7_cortexa9_0/bsp/system.mss
TRACE::2025-03-17.12:05:55::SCWMssOS::Writing mss at C:/devWorks/Ultrasoon_SOC/Vitis/design_1_wrapper/ps7_cortexa9_0/standalone_ps7_cortexa9_0/bsp/system.mss
TRACE::2025-03-17.12:05:55::SCWMssOS::Completed writing the mss file at C:/devWorks/Ultrasoon_SOC/Vitis/design_1_wrapper/ps7_cortexa9_0/standalone_ps7_cortexa9_0/bsp
TRACE::2025-03-17.12:05:55::SCWMssOS::Picking up changes from newly written mss file into SCW Layer. 
TRACE::2025-03-17.12:05:55::SCWMssOS::Updated the changes from newly written mss file into SCW Layer. 
TRACE::2025-03-17.12:05:55::SCWMssOS::Completed writing the mss file at C:/devWorks/Ultrasoon_SOC/Vitis/design_1_wrapper/ps7_cortexa9_0/standalone_ps7_cortexa9_0/bsp
TRACE::2025-03-17.12:05:55::SCWMssOS::Forcing BSP Sources regeneration.
TRACE::2025-03-17.12:05:57::SCWMssOS::Saving the mss changes C:/devWorks/Ultrasoon_SOC/Vitis/design_1_wrapper/zynq_fsbl/zynq_fsbl_bsp/system.mss
TRACE::2025-03-17.12:05:57::SCWMssOS::Found a swdesign opened with the mssfile.
TRACE::2025-03-17.12:05:57::SCWMssOS::Completed writemss as part of save.
TRACE::2025-03-17.12:05:57::SCWMssOS::Commit changes completed.
TRACE::2025-03-17.12:05:57::SCWMssOS::Saving the mss changes C:/devWorks/Ultrasoon_SOC/Vitis/design_1_wrapper/ps7_cortexa9_0/standalone_ps7_cortexa9_0/bsp/system.mss
TRACE::2025-03-17.12:05:57::SCWMssOS::Adding the swdes entry, mss present, able to open swdb C:/devWorks/Ultrasoon_SOC/Vitis/design_1_wrapper/ps7_cortexa9_0/standalone_ps7_cortexa9_0/bsp/system.mss with des name system_0
TRACE::2025-03-17.12:05:57::SCWMssOS::Writing the mss file completed C:/devWorks/Ultrasoon_SOC/Vitis/design_1_wrapper/ps7_cortexa9_0/standalone_ps7_cortexa9_0/bsp/system.mss
TRACE::2025-03-17.12:05:57::SCWMssOS::Commit changes completed.
TRACE::2025-03-17.12:05:57::SCWPlatform::Trying to open the hw design at C:/devWorks/Ultrasoon_SOC/Vitis/design_1_wrapper/hw/design_1_wrapper.xsa
TRACE::2025-03-17.12:05:57::SCWPlatform::DSA given C:/devWorks/Ultrasoon_SOC/Vitis/design_1_wrapper/hw/design_1_wrapper.xsa
TRACE::2025-03-17.12:05:57::SCWPlatform::DSA absoulate path C:/devWorks/Ultrasoon_SOC/Vitis/design_1_wrapper/hw/design_1_wrapper.xsa
TRACE::2025-03-17.12:05:57::SCWPlatform::DSA directory C:/devWorks/Ultrasoon_SOC/Vitis/design_1_wrapper/hw
TRACE::2025-03-17.12:05:57::SCWPlatform:: Platform Path C:/devWorks/Ultrasoon_SOC/Vitis/design_1_wrapper/hw/design_1_wrapper.xsa
TRACE::2025-03-17.12:05:57::SCWPlatform:: Unique name xilinx:pynq-z2::0.0
TRACE::2025-03-17.12:05:57::SCWPlatform::Trying to set the existing hwdb with name design_1_wrapper_0
TRACE::2025-03-17.12:05:57::SCWPlatform::Opened existing hwdb design_1_wrapper_0
TRACE::2025-03-17.12:05:57::SCWPlatform::Found the Hw Db part of the input DSA
TRACE::2025-03-17.12:05:57::SCWMssOS::Checking the sw design at  C:/devWorks/Ultrasoon_SOC/Vitis/design_1_wrapper/zynq_fsbl/zynq_fsbl_bsp/system.mss
TRACE::2025-03-17.12:05:57::SCWMssOS::DEBUG:  swdes dump  C:/devWorks/Ultrasoon_SOC/Vitis/design_1_wrapper/ps7_cortexa9_0/standalone_ps7_cortexa9_0/bsp/system.mss|system_0||
C:/devWorks/Ultrasoon_SOC/Vitis/design_1_wrapper/zynq_fsbl/zynq_fsbl_bsp/system.mss|system||

TRACE::2025-03-17.12:05:57::SCWMssOS::Sw design exists and opened at  C:/devWorks/Ultrasoon_SOC/Vitis/design_1_wrapper/zynq_fsbl/zynq_fsbl_bsp/system.mss
TRACE::2025-03-17.12:05:57::SCWPlatform::Trying to open the hw design at C:/devWorks/Ultrasoon_SOC/Vitis/design_1_wrapper/hw/design_1_wrapper.xsa
TRACE::2025-03-17.12:05:57::SCWPlatform::DSA given C:/devWorks/Ultrasoon_SOC/Vitis/design_1_wrapper/hw/design_1_wrapper.xsa
TRACE::2025-03-17.12:05:57::SCWPlatform::DSA absoulate path C:/devWorks/Ultrasoon_SOC/Vitis/design_1_wrapper/hw/design_1_wrapper.xsa
TRACE::2025-03-17.12:05:57::SCWPlatform::DSA directory C:/devWorks/Ultrasoon_SOC/Vitis/design_1_wrapper/hw
TRACE::2025-03-17.12:05:57::SCWPlatform:: Platform Path C:/devWorks/Ultrasoon_SOC/Vitis/design_1_wrapper/hw/design_1_wrapper.xsa
TRACE::2025-03-17.12:05:57::SCWPlatform:: Unique name xilinx:pynq-z2::0.0
TRACE::2025-03-17.12:05:57::SCWPlatform::Trying to set the existing hwdb with name design_1_wrapper_0
TRACE::2025-03-17.12:05:57::SCWPlatform::Opened existing hwdb design_1_wrapper_0
TRACE::2025-03-17.12:05:57::SCWPlatform::Found the Hw Db part of the input DSA
TRACE::2025-03-17.12:05:57::SCWMssOS::Checking the sw design at  C:/devWorks/Ultrasoon_SOC/Vitis/design_1_wrapper/zynq_fsbl/zynq_fsbl_bsp/system.mss
TRACE::2025-03-17.12:05:57::SCWMssOS::DEBUG:  swdes dump  C:/devWorks/Ultrasoon_SOC/Vitis/design_1_wrapper/ps7_cortexa9_0/standalone_ps7_cortexa9_0/bsp/system.mss|system_0||
C:/devWorks/Ultrasoon_SOC/Vitis/design_1_wrapper/zynq_fsbl/zynq_fsbl_bsp/system.mss|system||

TRACE::2025-03-17.12:05:57::SCWMssOS::Sw design exists and opened at  C:/devWorks/Ultrasoon_SOC/Vitis/design_1_wrapper/zynq_fsbl/zynq_fsbl_bsp/system.mss
TRACE::2025-03-17.12:05:57::SCWPlatform::Trying to open the hw design at C:/devWorks/Ultrasoon_SOC/Vitis/design_1_wrapper/hw/design_1_wrapper.xsa
TRACE::2025-03-17.12:05:57::SCWPlatform::DSA given C:/devWorks/Ultrasoon_SOC/Vitis/design_1_wrapper/hw/design_1_wrapper.xsa
TRACE::2025-03-17.12:05:57::SCWPlatform::DSA absoulate path C:/devWorks/Ultrasoon_SOC/Vitis/design_1_wrapper/hw/design_1_wrapper.xsa
TRACE::2025-03-17.12:05:57::SCWPlatform::DSA directory C:/devWorks/Ultrasoon_SOC/Vitis/design_1_wrapper/hw
TRACE::2025-03-17.12:05:57::SCWPlatform:: Platform Path C:/devWorks/Ultrasoon_SOC/Vitis/design_1_wrapper/hw/design_1_wrapper.xsa
TRACE::2025-03-17.12:05:57::SCWPlatform:: Unique name xilinx:pynq-z2::0.0
TRACE::2025-03-17.12:05:57::SCWPlatform::Trying to set the existing hwdb with name design_1_wrapper_0
TRACE::2025-03-17.12:05:57::SCWPlatform::Opened existing hwdb design_1_wrapper_0
TRACE::2025-03-17.12:05:57::SCWPlatform::Found the Hw Db part of the input DSA
TRACE::2025-03-17.12:05:57::SCWMssOS::Checking the sw design at  C:/devWorks/Ultrasoon_SOC/Vitis/design_1_wrapper/zynq_fsbl/zynq_fsbl_bsp/system.mss
TRACE::2025-03-17.12:05:57::SCWMssOS::DEBUG:  swdes dump  C:/devWorks/Ultrasoon_SOC/Vitis/design_1_wrapper/ps7_cortexa9_0/standalone_ps7_cortexa9_0/bsp/system.mss|system_0||
C:/devWorks/Ultrasoon_SOC/Vitis/design_1_wrapper/zynq_fsbl/zynq_fsbl_bsp/system.mss|system||

TRACE::2025-03-17.12:05:57::SCWMssOS::Sw design exists and opened at  C:/devWorks/Ultrasoon_SOC/Vitis/design_1_wrapper/zynq_fsbl/zynq_fsbl_bsp/system.mss
TRACE::2025-03-17.12:05:57::SCWPlatform::Trying to open the hw design at C:/devWorks/Ultrasoon_SOC/Vitis/design_1_wrapper/hw/design_1_wrapper.xsa
TRACE::2025-03-17.12:05:57::SCWPlatform::DSA given C:/devWorks/Ultrasoon_SOC/Vitis/design_1_wrapper/hw/design_1_wrapper.xsa
TRACE::2025-03-17.12:05:57::SCWPlatform::DSA absoulate path C:/devWorks/Ultrasoon_SOC/Vitis/design_1_wrapper/hw/design_1_wrapper.xsa
TRACE::2025-03-17.12:05:57::SCWPlatform::DSA directory C:/devWorks/Ultrasoon_SOC/Vitis/design_1_wrapper/hw
TRACE::2025-03-17.12:05:57::SCWPlatform:: Platform Path C:/devWorks/Ultrasoon_SOC/Vitis/design_1_wrapper/hw/design_1_wrapper.xsa
TRACE::2025-03-17.12:05:57::SCWPlatform:: Unique name xilinx:pynq-z2::0.0
TRACE::2025-03-17.12:05:57::SCWPlatform::Trying to set the existing hwdb with name design_1_wrapper_0
TRACE::2025-03-17.12:05:57::SCWPlatform::Opened existing hwdb design_1_wrapper_0
TRACE::2025-03-17.12:05:57::SCWPlatform::Found the Hw Db part of the input DSA
TRACE::2025-03-17.12:05:57::SCWMssOS::Checking the sw design at  C:/devWorks/Ultrasoon_SOC/Vitis/design_1_wrapper/ps7_cortexa9_0/standalone_ps7_cortexa9_0/bsp/system.mss
TRACE::2025-03-17.12:05:57::SCWMssOS::DEBUG:  swdes dump  C:/devWorks/Ultrasoon_SOC/Vitis/design_1_wrapper/ps7_cortexa9_0/standalone_ps7_cortexa9_0/bsp/system.mss|system_0||
C:/devWorks/Ultrasoon_SOC/Vitis/design_1_wrapper/zynq_fsbl/zynq_fsbl_bsp/system.mss|system||

TRACE::2025-03-17.12:05:57::SCWMssOS::Sw design exists and opened at  C:/devWorks/Ultrasoon_SOC/Vitis/design_1_wrapper/ps7_cortexa9_0/standalone_ps7_cortexa9_0/bsp/system.mss
TRACE::2025-03-17.12:05:57::SCWPlatform::Trying to open the hw design at C:/devWorks/Ultrasoon_SOC/Vitis/design_1_wrapper/hw/design_1_wrapper.xsa
TRACE::2025-03-17.12:05:57::SCWPlatform::DSA given C:/devWorks/Ultrasoon_SOC/Vitis/design_1_wrapper/hw/design_1_wrapper.xsa
TRACE::2025-03-17.12:05:57::SCWPlatform::DSA absoulate path C:/devWorks/Ultrasoon_SOC/Vitis/design_1_wrapper/hw/design_1_wrapper.xsa
TRACE::2025-03-17.12:05:57::SCWPlatform::DSA directory C:/devWorks/Ultrasoon_SOC/Vitis/design_1_wrapper/hw
TRACE::2025-03-17.12:05:57::SCWPlatform:: Platform Path C:/devWorks/Ultrasoon_SOC/Vitis/design_1_wrapper/hw/design_1_wrapper.xsa
TRACE::2025-03-17.12:05:57::SCWPlatform:: Unique name xilinx:pynq-z2::0.0
TRACE::2025-03-17.12:05:57::SCWPlatform::Trying to set the existing hwdb with name design_1_wrapper_0
TRACE::2025-03-17.12:05:57::SCWPlatform::Opened existing hwdb design_1_wrapper_0
TRACE::2025-03-17.12:05:57::SCWPlatform::Found the Hw Db part of the input DSA
TRACE::2025-03-17.12:05:57::SCWMssOS::Checking the sw design at  C:/devWorks/Ultrasoon_SOC/Vitis/design_1_wrapper/ps7_cortexa9_0/standalone_ps7_cortexa9_0/bsp/system.mss
TRACE::2025-03-17.12:05:57::SCWMssOS::DEBUG:  swdes dump  C:/devWorks/Ultrasoon_SOC/Vitis/design_1_wrapper/ps7_cortexa9_0/standalone_ps7_cortexa9_0/bsp/system.mss|system_0||
C:/devWorks/Ultrasoon_SOC/Vitis/design_1_wrapper/zynq_fsbl/zynq_fsbl_bsp/system.mss|system||

TRACE::2025-03-17.12:05:57::SCWMssOS::Sw design exists and opened at  C:/devWorks/Ultrasoon_SOC/Vitis/design_1_wrapper/ps7_cortexa9_0/standalone_ps7_cortexa9_0/bsp/system.mss
TRACE::2025-03-17.12:05:57::SCWPlatform::Trying to open the hw design at C:/devWorks/Ultrasoon_SOC/Vitis/design_1_wrapper/hw/design_1_wrapper.xsa
TRACE::2025-03-17.12:05:57::SCWPlatform::DSA given C:/devWorks/Ultrasoon_SOC/Vitis/design_1_wrapper/hw/design_1_wrapper.xsa
TRACE::2025-03-17.12:05:57::SCWPlatform::DSA absoulate path C:/devWorks/Ultrasoon_SOC/Vitis/design_1_wrapper/hw/design_1_wrapper.xsa
TRACE::2025-03-17.12:05:57::SCWPlatform::DSA directory C:/devWorks/Ultrasoon_SOC/Vitis/design_1_wrapper/hw
TRACE::2025-03-17.12:05:57::SCWPlatform:: Platform Path C:/devWorks/Ultrasoon_SOC/Vitis/design_1_wrapper/hw/design_1_wrapper.xsa
TRACE::2025-03-17.12:05:57::SCWPlatform:: Unique name xilinx:pynq-z2::0.0
TRACE::2025-03-17.12:05:57::SCWPlatform::Trying to set the existing hwdb with name design_1_wrapper_0
TRACE::2025-03-17.12:05:57::SCWPlatform::Opened existing hwdb design_1_wrapper_0
TRACE::2025-03-17.12:05:57::SCWPlatform::Found the Hw Db part of the input DSA
TRACE::2025-03-17.12:05:57::SCWMssOS::Checking the sw design at  C:/devWorks/Ultrasoon_SOC/Vitis/design_1_wrapper/ps7_cortexa9_0/standalone_ps7_cortexa9_0/bsp/system.mss
TRACE::2025-03-17.12:05:57::SCWMssOS::DEBUG:  swdes dump  C:/devWorks/Ultrasoon_SOC/Vitis/design_1_wrapper/ps7_cortexa9_0/standalone_ps7_cortexa9_0/bsp/system.mss|system_0||
C:/devWorks/Ultrasoon_SOC/Vitis/design_1_wrapper/zynq_fsbl/zynq_fsbl_bsp/system.mss|system||

TRACE::2025-03-17.12:05:57::SCWMssOS::Sw design exists and opened at  C:/devWorks/Ultrasoon_SOC/Vitis/design_1_wrapper/ps7_cortexa9_0/standalone_ps7_cortexa9_0/bsp/system.mss
TRACE::2025-03-17.12:05:57::SCWWriter::formatted JSON is {
	"platformName":	"design_1_wrapper",
	"sprVersion":	"2.0",
	"mode":	"gui",
	"dsaType":	"Fixed",
	"platformDesc":	"design_1_wrapper",
	"platHandOff":	"C:/devWorks/Ultrasoon_SOC/design_1_wrapper.xsa",
	"platIntHandOff":	"<platformDir>/hw/design_1_wrapper.xsa",
	"deviceType":	"zynq",
	"platIsPrebuiltAutogen":	"false",
	"platIsNoBootBsp":	"false",
	"platFsblTarget":	"ps7_cortexa9_0",
	"hasFsblMakeHasChanges":	"false",
	"hasPmufwMakeHasChanges":	"false",
	"fsblExtraCompilerFlags":	"-MMD -MP       -mcpu=cortex-a9 -mfpu=vfpv3 -mfloat-abi=hard ",
	"platPreBuiltFlag":	false,
	"platformSamplesDir":	"",
	"platActiveSys":	"design_1_wrapper",
	"systems":	[{
			"systemName":	"design_1_wrapper",
			"systemDesc":	"design_1_wrapper",
			"sysIsBootAutoGen":	"true",
			"systemDispName":	"design_1_wrapper",
			"sysActiveDom":	"standalone_ps7_cortexa9_0",
			"sysDefaultDom":	"standalone_ps7_cortexa9_0",
			"domains":	[{
					"domainName":	"zynq_fsbl",
					"domainDispName":	"zynq_fsbl",
					"domainDesc":	"FSBL Application BSP - Auto Generated.",
					"processors":	"ps7_cortexa9_0",
					"os":	"standalone",
					"sdxOs":	"standalone",
					"debugEnable":	"",
					"domRuntimes":	["cpp"],
					"swRepo":	"",
					"mssOsVer":	"9.1",
					"mssFile":	"",
					"md5Digest":	"9efe651139896911d8304288c112af41",
					"compatibleApp":	"zynq_fsbl",
					"domType":	"bootDomain",
					"arch":	"32-bit",
					"appSettings":	{
						"appCompilerFlags":	"",
						"appLinkerFlags":	""
					},
					"addedLibs":	["xilffs:5.2", "xilrsa:1.8"],
					"libOptions":	{
						"libsContainingOptions":	[]
					},
					"prebuiltLibs":	{
						"prebuiltIncPath":	[],
						"prebuiltLibPath":	[]
					},
					"isolation":	{
					}
				}, {
					"domainName":	"standalone_ps7_cortexa9_0",
					"domainDispName":	"standalone_ps7_cortexa9_0",
					"domainDesc":	"standalone_ps7_cortexa9_0",
					"processors":	"ps7_cortexa9_0",
					"os":	"standalone",
					"sdxOs":	"standalone",
					"qemuArgs":	"<platformDir>/resources/design_1_wrapper/standalone_ps7_cortexa9_0/qemu_args.txt",
					"qemuData":	"<platformDir>/resources/design_1_wrapper/standalone_ps7_cortexa9_0/qemu",
					"debugEnable":	"False",
					"domRuntimes":	["cpp"],
					"swRepo":	"",
					"mssOsVer":	"9.1",
					"mssFile":	"",
					"md5Digest":	"e16c5a05474eb5878f3d5c795fb9c37a",
					"compatibleApp":	"hello_world",
					"domType":	"mssDomain",
					"arch":	"32-bit",
					"appSettings":	{
						"appCompilerFlags":	"",
						"appLinkerFlags":	""
					},
					"addedLibs":	[],
					"libOptions":	{
						"libsContainingOptions":	[]
					},
					"prebuiltLibs":	{
						"prebuiltIncPath":	[],
						"prebuiltLibPath":	[]
					},
					"isolation":	{
					}
				}]
		}]
}
LOG::2025-03-17.12:05:57::SCWPlatform::Started generating the artifacts platform design_1_wrapper
TRACE::2025-03-17.12:05:57::SCWPlatform::Sanity checking of platform is completed
LOG::2025-03-17.12:05:57::SCWPlatform::Started generating the artifacts for system configuration design_1_wrapper
LOG::2025-03-17.12:05:57::SCWSystem::Checking the domain zynq_fsbl
LOG::2025-03-17.12:05:57::SCWSystem::Doing application build for :  zynq_fsbl
TRACE::2025-03-17.12:05:57::SCWBDomain::Not a forced makefile updation, No changes are present. 
TRACE::2025-03-17.12:05:57::SCWDomain::Skipping the build for domain :  zynq_fsbl
LOG::2025-03-17.12:05:57::SCWSystem::Checking the domain standalone_ps7_cortexa9_0
LOG::2025-03-17.12:05:57::SCWSystem::Not a boot domain 
LOG::2025-03-17.12:05:57::SCWSystem::Started Processing the domain standalone_ps7_cortexa9_0
TRACE::2025-03-17.12:05:57::SCWDomain::Generating domain artifcats
TRACE::2025-03-17.12:05:57::SCWMssOS::Generating standalone artifcats
TRACE::2025-03-17.12:05:57::SCWMssOS::Copying the qemu file from  C:/devWorks/Ultrasoon_SOC/Vitis/design_1_wrapper/resources/design_1_wrapper/standalone_ps7_cortexa9_0/qemu_args.txt To C:/devWorks/Ultrasoon_SOC/Vitis/design_1_wrapper/export/design_1_wrapper/sw/design_1_wrapper/qemu/
TRACE::2025-03-17.12:05:57::SCWMssOS::Copying the qemu file from  C:/devWorks/Ultrasoon_SOC/Vitis/design_1_wrapper/resources/design_1_wrapper/standalone_ps7_cortexa9_0/qemu_args.txt To C:/devWorks/Ultrasoon_SOC/Vitis/design_1_wrapper/export/design_1_wrapper/sw/design_1_wrapper/standalone_ps7_cortexa9_0/qemu/
TRACE::2025-03-17.12:05:57::SCWMssOS:: Copying the user libraries. 
TRACE::2025-03-17.12:05:57::SCWPlatform::Trying to open the hw design at C:/devWorks/Ultrasoon_SOC/Vitis/design_1_wrapper/hw/design_1_wrapper.xsa
TRACE::2025-03-17.12:05:57::SCWPlatform::DSA given C:/devWorks/Ultrasoon_SOC/Vitis/design_1_wrapper/hw/design_1_wrapper.xsa
TRACE::2025-03-17.12:05:57::SCWPlatform::DSA absoulate path C:/devWorks/Ultrasoon_SOC/Vitis/design_1_wrapper/hw/design_1_wrapper.xsa
TRACE::2025-03-17.12:05:57::SCWPlatform::DSA directory C:/devWorks/Ultrasoon_SOC/Vitis/design_1_wrapper/hw
TRACE::2025-03-17.12:05:57::SCWPlatform:: Platform Path C:/devWorks/Ultrasoon_SOC/Vitis/design_1_wrapper/hw/design_1_wrapper.xsa
TRACE::2025-03-17.12:05:57::SCWPlatform:: Unique name xilinx:pynq-z2::0.0
TRACE::2025-03-17.12:05:57::SCWPlatform::Trying to set the existing hwdb with name design_1_wrapper_0
TRACE::2025-03-17.12:05:57::SCWPlatform::Opened existing hwdb design_1_wrapper_0
TRACE::2025-03-17.12:05:57::SCWPlatform::Found the Hw Db part of the input DSA
TRACE::2025-03-17.12:05:57::SCWMssOS::Checking the sw design at  C:/devWorks/Ultrasoon_SOC/Vitis/design_1_wrapper/ps7_cortexa9_0/standalone_ps7_cortexa9_0/bsp/system.mss
TRACE::2025-03-17.12:05:57::SCWMssOS::DEBUG:  swdes dump  C:/devWorks/Ultrasoon_SOC/Vitis/design_1_wrapper/ps7_cortexa9_0/standalone_ps7_cortexa9_0/bsp/system.mss|system_0||
C:/devWorks/Ultrasoon_SOC/Vitis/design_1_wrapper/zynq_fsbl/zynq_fsbl_bsp/system.mss|system||

TRACE::2025-03-17.12:05:57::SCWMssOS::Sw design exists and opened at  C:/devWorks/Ultrasoon_SOC/Vitis/design_1_wrapper/ps7_cortexa9_0/standalone_ps7_cortexa9_0/bsp/system.mss
TRACE::2025-03-17.12:05:57::SCWMssOS::Completed writing the mss file at C:/devWorks/Ultrasoon_SOC/Vitis/design_1_wrapper/ps7_cortexa9_0/standalone_ps7_cortexa9_0/bsp
TRACE::2025-03-17.12:05:57::SCWMssOS::Mss edits present, copying mssfile into export location C:/devWorks/Ultrasoon_SOC/Vitis/design_1_wrapper/ps7_cortexa9_0/standalone_ps7_cortexa9_0/bsp/system.mss
TRACE::2025-03-17.12:05:57::SCWMssOS::bsp generated is upto date with the mss file. Skipping bsp generation.
TRACE::2025-03-17.12:05:57::SCWMssOS::BSP is already built. skipping the bsp build ... 
TRACE::2025-03-17.12:05:57::SCWDomain::Skipping the build for domain :  standalone_ps7_cortexa9_0
TRACE::2025-03-17.12:05:57::SCWMssOS::skipping the bsp build ... 
TRACE::2025-03-17.12:05:57::SCWMssOS::Copying to export directory.
TRACE::2025-03-17.12:05:57::SCWMssOS:: Checking if to create the Supporting Applications
TRACE::2025-03-17.12:05:57::SCWMssOS:: No Linux domain exists, trying to generate FSBL 
TRACE::2025-03-17.12:05:57::SCWMssOS:: Completed Standalone Artifacts creation 
LOG::2025-03-17.12:05:57::SCWSystem::Completed Processing the domain standalone_ps7_cortexa9_0
LOG::2025-03-17.12:05:57::SCWSystem::Completed Processing the sysconfig design_1_wrapper
LOG::2025-03-17.12:05:57::SCWPlatform::Completed generating the artifacts for system configuration design_1_wrapper
TRACE::2025-03-17.12:05:57::SCWPlatform::Started preparing the platform 
TRACE::2025-03-17.12:05:57::SCWSystem::Writing the bif file for system config design_1_wrapper
TRACE::2025-03-17.12:05:57::SCWSystem::dir created 
TRACE::2025-03-17.12:05:57::SCWSystem::Writing the bif 
TRACE::2025-03-17.12:05:57::SCWPlatform::Started writing the spfm file 
TRACE::2025-03-17.12:05:57::SCWPlatform::Started writing the xpfm file 
TRACE::2025-03-17.12:05:57::SCWPlatform::Completed generating the platform
TRACE::2025-03-17.12:05:57::SCWMssOS::Saving the mss changes C:/devWorks/Ultrasoon_SOC/Vitis/design_1_wrapper/zynq_fsbl/zynq_fsbl_bsp/system.mss
TRACE::2025-03-17.12:05:57::SCWMssOS::Found a swdesign opened with the mssfile.
TRACE::2025-03-17.12:05:57::SCWMssOS::Completed writemss as part of save.
TRACE::2025-03-17.12:05:57::SCWMssOS::Commit changes completed.
TRACE::2025-03-17.12:05:57::SCWMssOS::Saving the mss changes C:/devWorks/Ultrasoon_SOC/Vitis/design_1_wrapper/ps7_cortexa9_0/standalone_ps7_cortexa9_0/bsp/system.mss
TRACE::2025-03-17.12:05:57::SCWMssOS::Found a swdesign opened with the mssfile.
TRACE::2025-03-17.12:05:57::SCWMssOS::Completed writemss as part of save.
TRACE::2025-03-17.12:05:57::SCWMssOS::Commit changes completed.
TRACE::2025-03-17.12:05:57::SCWPlatform::Trying to open the hw design at C:/devWorks/Ultrasoon_SOC/Vitis/design_1_wrapper/hw/design_1_wrapper.xsa
TRACE::2025-03-17.12:05:57::SCWPlatform::DSA given C:/devWorks/Ultrasoon_SOC/Vitis/design_1_wrapper/hw/design_1_wrapper.xsa
TRACE::2025-03-17.12:05:57::SCWPlatform::DSA absoulate path C:/devWorks/Ultrasoon_SOC/Vitis/design_1_wrapper/hw/design_1_wrapper.xsa
TRACE::2025-03-17.12:05:57::SCWPlatform::DSA directory C:/devWorks/Ultrasoon_SOC/Vitis/design_1_wrapper/hw
TRACE::2025-03-17.12:05:57::SCWPlatform:: Platform Path C:/devWorks/Ultrasoon_SOC/Vitis/design_1_wrapper/hw/design_1_wrapper.xsa
TRACE::2025-03-17.12:05:57::SCWPlatform:: Unique name xilinx:pynq-z2::0.0
TRACE::2025-03-17.12:05:57::SCWPlatform::Trying to set the existing hwdb with name design_1_wrapper_0
TRACE::2025-03-17.12:05:57::SCWPlatform::Opened existing hwdb design_1_wrapper_0
TRACE::2025-03-17.12:05:57::SCWPlatform::Found the Hw Db part of the input DSA
TRACE::2025-03-17.12:05:57::SCWMssOS::Checking the sw design at  C:/devWorks/Ultrasoon_SOC/Vitis/design_1_wrapper/zynq_fsbl/zynq_fsbl_bsp/system.mss
TRACE::2025-03-17.12:05:57::SCWMssOS::DEBUG:  swdes dump  C:/devWorks/Ultrasoon_SOC/Vitis/design_1_wrapper/ps7_cortexa9_0/standalone_ps7_cortexa9_0/bsp/system.mss|system_0||
C:/devWorks/Ultrasoon_SOC/Vitis/design_1_wrapper/zynq_fsbl/zynq_fsbl_bsp/system.mss|system||

TRACE::2025-03-17.12:05:57::SCWMssOS::Sw design exists and opened at  C:/devWorks/Ultrasoon_SOC/Vitis/design_1_wrapper/zynq_fsbl/zynq_fsbl_bsp/system.mss
TRACE::2025-03-17.12:05:57::SCWPlatform::Trying to open the hw design at C:/devWorks/Ultrasoon_SOC/Vitis/design_1_wrapper/hw/design_1_wrapper.xsa
TRACE::2025-03-17.12:05:57::SCWPlatform::DSA given C:/devWorks/Ultrasoon_SOC/Vitis/design_1_wrapper/hw/design_1_wrapper.xsa
TRACE::2025-03-17.12:05:57::SCWPlatform::DSA absoulate path C:/devWorks/Ultrasoon_SOC/Vitis/design_1_wrapper/hw/design_1_wrapper.xsa
TRACE::2025-03-17.12:05:57::SCWPlatform::DSA directory C:/devWorks/Ultrasoon_SOC/Vitis/design_1_wrapper/hw
TRACE::2025-03-17.12:05:57::SCWPlatform:: Platform Path C:/devWorks/Ultrasoon_SOC/Vitis/design_1_wrapper/hw/design_1_wrapper.xsa
TRACE::2025-03-17.12:05:57::SCWPlatform:: Unique name xilinx:pynq-z2::0.0
TRACE::2025-03-17.12:05:57::SCWPlatform::Trying to set the existing hwdb with name design_1_wrapper_0
TRACE::2025-03-17.12:05:57::SCWPlatform::Opened existing hwdb design_1_wrapper_0
TRACE::2025-03-17.12:05:57::SCWPlatform::Found the Hw Db part of the input DSA
TRACE::2025-03-17.12:05:57::SCWMssOS::Checking the sw design at  C:/devWorks/Ultrasoon_SOC/Vitis/design_1_wrapper/zynq_fsbl/zynq_fsbl_bsp/system.mss
TRACE::2025-03-17.12:05:57::SCWMssOS::DEBUG:  swdes dump  C:/devWorks/Ultrasoon_SOC/Vitis/design_1_wrapper/ps7_cortexa9_0/standalone_ps7_cortexa9_0/bsp/system.mss|system_0||
C:/devWorks/Ultrasoon_SOC/Vitis/design_1_wrapper/zynq_fsbl/zynq_fsbl_bsp/system.mss|system||

TRACE::2025-03-17.12:05:57::SCWMssOS::Sw design exists and opened at  C:/devWorks/Ultrasoon_SOC/Vitis/design_1_wrapper/zynq_fsbl/zynq_fsbl_bsp/system.mss
TRACE::2025-03-17.12:05:57::SCWPlatform::Trying to open the hw design at C:/devWorks/Ultrasoon_SOC/Vitis/design_1_wrapper/hw/design_1_wrapper.xsa
TRACE::2025-03-17.12:05:57::SCWPlatform::DSA given C:/devWorks/Ultrasoon_SOC/Vitis/design_1_wrapper/hw/design_1_wrapper.xsa
TRACE::2025-03-17.12:05:57::SCWPlatform::DSA absoulate path C:/devWorks/Ultrasoon_SOC/Vitis/design_1_wrapper/hw/design_1_wrapper.xsa
TRACE::2025-03-17.12:05:57::SCWPlatform::DSA directory C:/devWorks/Ultrasoon_SOC/Vitis/design_1_wrapper/hw
TRACE::2025-03-17.12:05:57::SCWPlatform:: Platform Path C:/devWorks/Ultrasoon_SOC/Vitis/design_1_wrapper/hw/design_1_wrapper.xsa
TRACE::2025-03-17.12:05:57::SCWPlatform:: Unique name xilinx:pynq-z2::0.0
TRACE::2025-03-17.12:05:57::SCWPlatform::Trying to set the existing hwdb with name design_1_wrapper_0
TRACE::2025-03-17.12:05:57::SCWPlatform::Opened existing hwdb design_1_wrapper_0
TRACE::2025-03-17.12:05:57::SCWPlatform::Found the Hw Db part of the input DSA
TRACE::2025-03-17.12:05:57::SCWMssOS::Checking the sw design at  C:/devWorks/Ultrasoon_SOC/Vitis/design_1_wrapper/zynq_fsbl/zynq_fsbl_bsp/system.mss
TRACE::2025-03-17.12:05:57::SCWMssOS::DEBUG:  swdes dump  C:/devWorks/Ultrasoon_SOC/Vitis/design_1_wrapper/ps7_cortexa9_0/standalone_ps7_cortexa9_0/bsp/system.mss|system_0||
C:/devWorks/Ultrasoon_SOC/Vitis/design_1_wrapper/zynq_fsbl/zynq_fsbl_bsp/system.mss|system||

TRACE::2025-03-17.12:05:57::SCWMssOS::Sw design exists and opened at  C:/devWorks/Ultrasoon_SOC/Vitis/design_1_wrapper/zynq_fsbl/zynq_fsbl_bsp/system.mss
TRACE::2025-03-17.12:05:57::SCWPlatform::Trying to open the hw design at C:/devWorks/Ultrasoon_SOC/Vitis/design_1_wrapper/hw/design_1_wrapper.xsa
TRACE::2025-03-17.12:05:57::SCWPlatform::DSA given C:/devWorks/Ultrasoon_SOC/Vitis/design_1_wrapper/hw/design_1_wrapper.xsa
TRACE::2025-03-17.12:05:57::SCWPlatform::DSA absoulate path C:/devWorks/Ultrasoon_SOC/Vitis/design_1_wrapper/hw/design_1_wrapper.xsa
TRACE::2025-03-17.12:05:57::SCWPlatform::DSA directory C:/devWorks/Ultrasoon_SOC/Vitis/design_1_wrapper/hw
TRACE::2025-03-17.12:05:57::SCWPlatform:: Platform Path C:/devWorks/Ultrasoon_SOC/Vitis/design_1_wrapper/hw/design_1_wrapper.xsa
TRACE::2025-03-17.12:05:57::SCWPlatform:: Unique name xilinx:pynq-z2::0.0
TRACE::2025-03-17.12:05:57::SCWPlatform::Trying to set the existing hwdb with name design_1_wrapper_0
TRACE::2025-03-17.12:05:57::SCWPlatform::Opened existing hwdb design_1_wrapper_0
TRACE::2025-03-17.12:05:57::SCWPlatform::Found the Hw Db part of the input DSA
TRACE::2025-03-17.12:05:57::SCWMssOS::Checking the sw design at  C:/devWorks/Ultrasoon_SOC/Vitis/design_1_wrapper/ps7_cortexa9_0/standalone_ps7_cortexa9_0/bsp/system.mss
TRACE::2025-03-17.12:05:57::SCWMssOS::DEBUG:  swdes dump  C:/devWorks/Ultrasoon_SOC/Vitis/design_1_wrapper/ps7_cortexa9_0/standalone_ps7_cortexa9_0/bsp/system.mss|system_0||
C:/devWorks/Ultrasoon_SOC/Vitis/design_1_wrapper/zynq_fsbl/zynq_fsbl_bsp/system.mss|system||

TRACE::2025-03-17.12:05:57::SCWMssOS::Sw design exists and opened at  C:/devWorks/Ultrasoon_SOC/Vitis/design_1_wrapper/ps7_cortexa9_0/standalone_ps7_cortexa9_0/bsp/system.mss
TRACE::2025-03-17.12:05:57::SCWPlatform::Trying to open the hw design at C:/devWorks/Ultrasoon_SOC/Vitis/design_1_wrapper/hw/design_1_wrapper.xsa
TRACE::2025-03-17.12:05:57::SCWPlatform::DSA given C:/devWorks/Ultrasoon_SOC/Vitis/design_1_wrapper/hw/design_1_wrapper.xsa
TRACE::2025-03-17.12:05:57::SCWPlatform::DSA absoulate path C:/devWorks/Ultrasoon_SOC/Vitis/design_1_wrapper/hw/design_1_wrapper.xsa
TRACE::2025-03-17.12:05:57::SCWPlatform::DSA directory C:/devWorks/Ultrasoon_SOC/Vitis/design_1_wrapper/hw
TRACE::2025-03-17.12:05:57::SCWPlatform:: Platform Path C:/devWorks/Ultrasoon_SOC/Vitis/design_1_wrapper/hw/design_1_wrapper.xsa
TRACE::2025-03-17.12:05:57::SCWPlatform:: Unique name xilinx:pynq-z2::0.0
TRACE::2025-03-17.12:05:57::SCWPlatform::Trying to set the existing hwdb with name design_1_wrapper_0
TRACE::2025-03-17.12:05:57::SCWPlatform::Opened existing hwdb design_1_wrapper_0
TRACE::2025-03-17.12:05:57::SCWPlatform::Found the Hw Db part of the input DSA
TRACE::2025-03-17.12:05:57::SCWMssOS::Checking the sw design at  C:/devWorks/Ultrasoon_SOC/Vitis/design_1_wrapper/ps7_cortexa9_0/standalone_ps7_cortexa9_0/bsp/system.mss
TRACE::2025-03-17.12:05:57::SCWMssOS::DEBUG:  swdes dump  C:/devWorks/Ultrasoon_SOC/Vitis/design_1_wrapper/ps7_cortexa9_0/standalone_ps7_cortexa9_0/bsp/system.mss|system_0||
C:/devWorks/Ultrasoon_SOC/Vitis/design_1_wrapper/zynq_fsbl/zynq_fsbl_bsp/system.mss|system||

TRACE::2025-03-17.12:05:57::SCWMssOS::Sw design exists and opened at  C:/devWorks/Ultrasoon_SOC/Vitis/design_1_wrapper/ps7_cortexa9_0/standalone_ps7_cortexa9_0/bsp/system.mss
TRACE::2025-03-17.12:05:57::SCWPlatform::Trying to open the hw design at C:/devWorks/Ultrasoon_SOC/Vitis/design_1_wrapper/hw/design_1_wrapper.xsa
TRACE::2025-03-17.12:05:57::SCWPlatform::DSA given C:/devWorks/Ultrasoon_SOC/Vitis/design_1_wrapper/hw/design_1_wrapper.xsa
TRACE::2025-03-17.12:05:57::SCWPlatform::DSA absoulate path C:/devWorks/Ultrasoon_SOC/Vitis/design_1_wrapper/hw/design_1_wrapper.xsa
TRACE::2025-03-17.12:05:57::SCWPlatform::DSA directory C:/devWorks/Ultrasoon_SOC/Vitis/design_1_wrapper/hw
TRACE::2025-03-17.12:05:57::SCWPlatform:: Platform Path C:/devWorks/Ultrasoon_SOC/Vitis/design_1_wrapper/hw/design_1_wrapper.xsa
TRACE::2025-03-17.12:05:57::SCWPlatform:: Unique name xilinx:pynq-z2::0.0
TRACE::2025-03-17.12:05:57::SCWPlatform::Trying to set the existing hwdb with name design_1_wrapper_0
TRACE::2025-03-17.12:05:57::SCWPlatform::Opened existing hwdb design_1_wrapper_0
TRACE::2025-03-17.12:05:57::SCWPlatform::Found the Hw Db part of the input DSA
TRACE::2025-03-17.12:05:57::SCWMssOS::Checking the sw design at  C:/devWorks/Ultrasoon_SOC/Vitis/design_1_wrapper/ps7_cortexa9_0/standalone_ps7_cortexa9_0/bsp/system.mss
TRACE::2025-03-17.12:05:57::SCWMssOS::DEBUG:  swdes dump  C:/devWorks/Ultrasoon_SOC/Vitis/design_1_wrapper/ps7_cortexa9_0/standalone_ps7_cortexa9_0/bsp/system.mss|system_0||
C:/devWorks/Ultrasoon_SOC/Vitis/design_1_wrapper/zynq_fsbl/zynq_fsbl_bsp/system.mss|system||

TRACE::2025-03-17.12:05:57::SCWMssOS::Sw design exists and opened at  C:/devWorks/Ultrasoon_SOC/Vitis/design_1_wrapper/ps7_cortexa9_0/standalone_ps7_cortexa9_0/bsp/system.mss
TRACE::2025-03-17.12:05:57::SCWWriter::formatted JSON is {
	"platformName":	"design_1_wrapper",
	"sprVersion":	"2.0",
	"mode":	"gui",
	"dsaType":	"Fixed",
	"platformDesc":	"design_1_wrapper",
	"platHandOff":	"C:/devWorks/Ultrasoon_SOC/design_1_wrapper.xsa",
	"platIntHandOff":	"<platformDir>/hw/design_1_wrapper.xsa",
	"deviceType":	"zynq",
	"platIsPrebuiltAutogen":	"false",
	"platIsNoBootBsp":	"false",
	"platFsblTarget":	"ps7_cortexa9_0",
	"hasFsblMakeHasChanges":	"false",
	"hasPmufwMakeHasChanges":	"false",
	"fsblExtraCompilerFlags":	"-MMD -MP       -mcpu=cortex-a9 -mfpu=vfpv3 -mfloat-abi=hard ",
	"platPreBuiltFlag":	false,
	"platformSamplesDir":	"",
	"platActiveSys":	"design_1_wrapper",
	"systems":	[{
			"systemName":	"design_1_wrapper",
			"systemDesc":	"design_1_wrapper",
			"sysIsBootAutoGen":	"true",
			"systemDispName":	"design_1_wrapper",
			"sysActiveDom":	"standalone_ps7_cortexa9_0",
			"sysDefaultDom":	"standalone_ps7_cortexa9_0",
			"domains":	[{
					"domainName":	"zynq_fsbl",
					"domainDispName":	"zynq_fsbl",
					"domainDesc":	"FSBL Application BSP - Auto Generated.",
					"processors":	"ps7_cortexa9_0",
					"os":	"standalone",
					"sdxOs":	"standalone",
					"debugEnable":	"",
					"domRuntimes":	["cpp"],
					"swRepo":	"",
					"mssOsVer":	"9.1",
					"mssFile":	"",
					"md5Digest":	"9efe651139896911d8304288c112af41",
					"compatibleApp":	"zynq_fsbl",
					"domType":	"bootDomain",
					"arch":	"32-bit",
					"appSettings":	{
						"appCompilerFlags":	"",
						"appLinkerFlags":	""
					},
					"addedLibs":	["xilffs:5.2", "xilrsa:1.8"],
					"libOptions":	{
						"libsContainingOptions":	[]
					},
					"prebuiltLibs":	{
						"prebuiltIncPath":	[],
						"prebuiltLibPath":	[]
					},
					"isolation":	{
					}
				}, {
					"domainName":	"standalone_ps7_cortexa9_0",
					"domainDispName":	"standalone_ps7_cortexa9_0",
					"domainDesc":	"standalone_ps7_cortexa9_0",
					"processors":	"ps7_cortexa9_0",
					"os":	"standalone",
					"sdxOs":	"standalone",
					"qemuArgs":	"<platformDir>/resources/design_1_wrapper/standalone_ps7_cortexa9_0/qemu_args.txt",
					"qemuData":	"<platformDir>/resources/design_1_wrapper/standalone_ps7_cortexa9_0/qemu",
					"debugEnable":	"False",
					"domRuntimes":	["cpp"],
					"swRepo":	"",
					"mssOsVer":	"9.1",
					"mssFile":	"",
					"md5Digest":	"e16c5a05474eb5878f3d5c795fb9c37a",
					"compatibleApp":	"hello_world",
					"domType":	"mssDomain",
					"arch":	"32-bit",
					"appSettings":	{
						"appCompilerFlags":	"",
						"appLinkerFlags":	""
					},
					"addedLibs":	[],
					"libOptions":	{
						"libsContainingOptions":	[]
					},
					"prebuiltLibs":	{
						"prebuiltIncPath":	[],
						"prebuiltLibPath":	[]
					},
					"isolation":	{
					}
				}]
		}]
}
KEYINFO::2025-03-17.12:05:57::SCWPlatform::updated the xpfm file.
TRACE::2025-03-17.12:05:57::SCWPlatform::Trying to open the hw design at C:/devWorks/Ultrasoon_SOC/Vitis/design_1_wrapper/hw/design_1_wrapper.xsa
TRACE::2025-03-17.12:05:57::SCWPlatform::DSA given C:/devWorks/Ultrasoon_SOC/Vitis/design_1_wrapper/hw/design_1_wrapper.xsa
TRACE::2025-03-17.12:05:57::SCWPlatform::DSA absoulate path C:/devWorks/Ultrasoon_SOC/Vitis/design_1_wrapper/hw/design_1_wrapper.xsa
TRACE::2025-03-17.12:05:57::SCWPlatform::DSA directory C:/devWorks/Ultrasoon_SOC/Vitis/design_1_wrapper/hw
TRACE::2025-03-17.12:05:57::SCWPlatform:: Platform Path C:/devWorks/Ultrasoon_SOC/Vitis/design_1_wrapper/hw/design_1_wrapper.xsa
TRACE::2025-03-17.12:05:57::SCWPlatform:: Unique name xilinx:pynq-z2::0.0
TRACE::2025-03-17.12:05:57::SCWPlatform::Trying to set the existing hwdb with name design_1_wrapper_0
TRACE::2025-03-17.12:05:57::SCWPlatform::Opened existing hwdb design_1_wrapper_0
TRACE::2025-03-17.12:05:57::SCWPlatform::Found the Hw Db part of the input DSA
TRACE::2025-03-17.12:05:57::SCWMssOS::Checking the sw design at  C:/devWorks/Ultrasoon_SOC/Vitis/design_1_wrapper/ps7_cortexa9_0/standalone_ps7_cortexa9_0/bsp/system.mss
TRACE::2025-03-17.12:05:57::SCWMssOS::DEBUG:  swdes dump  C:/devWorks/Ultrasoon_SOC/Vitis/design_1_wrapper/ps7_cortexa9_0/standalone_ps7_cortexa9_0/bsp/system.mss|system_0||
C:/devWorks/Ultrasoon_SOC/Vitis/design_1_wrapper/zynq_fsbl/zynq_fsbl_bsp/system.mss|system||

TRACE::2025-03-17.12:05:57::SCWMssOS::Sw design exists and opened at  C:/devWorks/Ultrasoon_SOC/Vitis/design_1_wrapper/ps7_cortexa9_0/standalone_ps7_cortexa9_0/bsp/system.mss
TRACE::2025-03-17.12:05:57::SCWMssOS::Saving the mss changes C:/devWorks/Ultrasoon_SOC/Vitis/design_1_wrapper/zynq_fsbl/zynq_fsbl_bsp/system.mss
TRACE::2025-03-17.12:05:57::SCWMssOS::Found a swdesign opened with the mssfile.
TRACE::2025-03-17.12:05:57::SCWMssOS::Completed writemss as part of save.
TRACE::2025-03-17.12:05:57::SCWMssOS::Commit changes completed.
TRACE::2025-03-17.12:05:57::SCWMssOS::Saving the mss changes C:/devWorks/Ultrasoon_SOC/Vitis/design_1_wrapper/ps7_cortexa9_0/standalone_ps7_cortexa9_0/bsp/system.mss
TRACE::2025-03-17.12:05:57::SCWMssOS::Found a swdesign opened with the mssfile.
TRACE::2025-03-17.12:05:57::SCWMssOS::Completed writemss as part of save.
TRACE::2025-03-17.12:05:57::SCWMssOS::Commit changes completed.
TRACE::2025-03-17.12:05:57::SCWPlatform::Trying to open the hw design at C:/devWorks/Ultrasoon_SOC/Vitis/design_1_wrapper/hw/design_1_wrapper.xsa
TRACE::2025-03-17.12:05:57::SCWPlatform::DSA given C:/devWorks/Ultrasoon_SOC/Vitis/design_1_wrapper/hw/design_1_wrapper.xsa
TRACE::2025-03-17.12:05:57::SCWPlatform::DSA absoulate path C:/devWorks/Ultrasoon_SOC/Vitis/design_1_wrapper/hw/design_1_wrapper.xsa
TRACE::2025-03-17.12:05:57::SCWPlatform::DSA directory C:/devWorks/Ultrasoon_SOC/Vitis/design_1_wrapper/hw
TRACE::2025-03-17.12:05:57::SCWPlatform:: Platform Path C:/devWorks/Ultrasoon_SOC/Vitis/design_1_wrapper/hw/design_1_wrapper.xsa
TRACE::2025-03-17.12:05:57::SCWPlatform:: Unique name xilinx:pynq-z2::0.0
TRACE::2025-03-17.12:05:57::SCWPlatform::Trying to set the existing hwdb with name design_1_wrapper_0
TRACE::2025-03-17.12:05:57::SCWPlatform::Opened existing hwdb design_1_wrapper_0
TRACE::2025-03-17.12:05:57::SCWPlatform::Found the Hw Db part of the input DSA
TRACE::2025-03-17.12:05:57::SCWMssOS::Checking the sw design at  C:/devWorks/Ultrasoon_SOC/Vitis/design_1_wrapper/zynq_fsbl/zynq_fsbl_bsp/system.mss
TRACE::2025-03-17.12:05:57::SCWMssOS::DEBUG:  swdes dump  C:/devWorks/Ultrasoon_SOC/Vitis/design_1_wrapper/ps7_cortexa9_0/standalone_ps7_cortexa9_0/bsp/system.mss|system_0||
C:/devWorks/Ultrasoon_SOC/Vitis/design_1_wrapper/zynq_fsbl/zynq_fsbl_bsp/system.mss|system||

TRACE::2025-03-17.12:05:57::SCWMssOS::Sw design exists and opened at  C:/devWorks/Ultrasoon_SOC/Vitis/design_1_wrapper/zynq_fsbl/zynq_fsbl_bsp/system.mss
TRACE::2025-03-17.12:05:57::SCWPlatform::Trying to open the hw design at C:/devWorks/Ultrasoon_SOC/Vitis/design_1_wrapper/hw/design_1_wrapper.xsa
TRACE::2025-03-17.12:05:57::SCWPlatform::DSA given C:/devWorks/Ultrasoon_SOC/Vitis/design_1_wrapper/hw/design_1_wrapper.xsa
TRACE::2025-03-17.12:05:57::SCWPlatform::DSA absoulate path C:/devWorks/Ultrasoon_SOC/Vitis/design_1_wrapper/hw/design_1_wrapper.xsa
TRACE::2025-03-17.12:05:57::SCWPlatform::DSA directory C:/devWorks/Ultrasoon_SOC/Vitis/design_1_wrapper/hw
TRACE::2025-03-17.12:05:57::SCWPlatform:: Platform Path C:/devWorks/Ultrasoon_SOC/Vitis/design_1_wrapper/hw/design_1_wrapper.xsa
TRACE::2025-03-17.12:05:57::SCWPlatform:: Unique name xilinx:pynq-z2::0.0
TRACE::2025-03-17.12:05:57::SCWPlatform::Trying to set the existing hwdb with name design_1_wrapper_0
TRACE::2025-03-17.12:05:57::SCWPlatform::Opened existing hwdb design_1_wrapper_0
TRACE::2025-03-17.12:05:57::SCWPlatform::Found the Hw Db part of the input DSA
TRACE::2025-03-17.12:05:57::SCWMssOS::Checking the sw design at  C:/devWorks/Ultrasoon_SOC/Vitis/design_1_wrapper/zynq_fsbl/zynq_fsbl_bsp/system.mss
TRACE::2025-03-17.12:05:57::SCWMssOS::DEBUG:  swdes dump  C:/devWorks/Ultrasoon_SOC/Vitis/design_1_wrapper/ps7_cortexa9_0/standalone_ps7_cortexa9_0/bsp/system.mss|system_0||
C:/devWorks/Ultrasoon_SOC/Vitis/design_1_wrapper/zynq_fsbl/zynq_fsbl_bsp/system.mss|system||

TRACE::2025-03-17.12:05:57::SCWMssOS::Sw design exists and opened at  C:/devWorks/Ultrasoon_SOC/Vitis/design_1_wrapper/zynq_fsbl/zynq_fsbl_bsp/system.mss
TRACE::2025-03-17.12:05:57::SCWPlatform::Trying to open the hw design at C:/devWorks/Ultrasoon_SOC/Vitis/design_1_wrapper/hw/design_1_wrapper.xsa
TRACE::2025-03-17.12:05:57::SCWPlatform::DSA given C:/devWorks/Ultrasoon_SOC/Vitis/design_1_wrapper/hw/design_1_wrapper.xsa
TRACE::2025-03-17.12:05:57::SCWPlatform::DSA absoulate path C:/devWorks/Ultrasoon_SOC/Vitis/design_1_wrapper/hw/design_1_wrapper.xsa
TRACE::2025-03-17.12:05:57::SCWPlatform::DSA directory C:/devWorks/Ultrasoon_SOC/Vitis/design_1_wrapper/hw
TRACE::2025-03-17.12:05:57::SCWPlatform:: Platform Path C:/devWorks/Ultrasoon_SOC/Vitis/design_1_wrapper/hw/design_1_wrapper.xsa
TRACE::2025-03-17.12:05:57::SCWPlatform:: Unique name xilinx:pynq-z2::0.0
TRACE::2025-03-17.12:05:57::SCWPlatform::Trying to set the existing hwdb with name design_1_wrapper_0
TRACE::2025-03-17.12:05:57::SCWPlatform::Opened existing hwdb design_1_wrapper_0
TRACE::2025-03-17.12:05:57::SCWPlatform::Found the Hw Db part of the input DSA
TRACE::2025-03-17.12:05:57::SCWMssOS::Checking the sw design at  C:/devWorks/Ultrasoon_SOC/Vitis/design_1_wrapper/zynq_fsbl/zynq_fsbl_bsp/system.mss
TRACE::2025-03-17.12:05:57::SCWMssOS::DEBUG:  swdes dump  C:/devWorks/Ultrasoon_SOC/Vitis/design_1_wrapper/ps7_cortexa9_0/standalone_ps7_cortexa9_0/bsp/system.mss|system_0||
C:/devWorks/Ultrasoon_SOC/Vitis/design_1_wrapper/zynq_fsbl/zynq_fsbl_bsp/system.mss|system||

TRACE::2025-03-17.12:05:57::SCWMssOS::Sw design exists and opened at  C:/devWorks/Ultrasoon_SOC/Vitis/design_1_wrapper/zynq_fsbl/zynq_fsbl_bsp/system.mss
TRACE::2025-03-17.12:05:57::SCWPlatform::Trying to open the hw design at C:/devWorks/Ultrasoon_SOC/Vitis/design_1_wrapper/hw/design_1_wrapper.xsa
TRACE::2025-03-17.12:05:57::SCWPlatform::DSA given C:/devWorks/Ultrasoon_SOC/Vitis/design_1_wrapper/hw/design_1_wrapper.xsa
TRACE::2025-03-17.12:05:57::SCWPlatform::DSA absoulate path C:/devWorks/Ultrasoon_SOC/Vitis/design_1_wrapper/hw/design_1_wrapper.xsa
TRACE::2025-03-17.12:05:57::SCWPlatform::DSA directory C:/devWorks/Ultrasoon_SOC/Vitis/design_1_wrapper/hw
TRACE::2025-03-17.12:05:57::SCWPlatform:: Platform Path C:/devWorks/Ultrasoon_SOC/Vitis/design_1_wrapper/hw/design_1_wrapper.xsa
TRACE::2025-03-17.12:05:57::SCWPlatform:: Unique name xilinx:pynq-z2::0.0
TRACE::2025-03-17.12:05:57::SCWPlatform::Trying to set the existing hwdb with name design_1_wrapper_0
TRACE::2025-03-17.12:05:57::SCWPlatform::Opened existing hwdb design_1_wrapper_0
TRACE::2025-03-17.12:05:57::SCWPlatform::Found the Hw Db part of the input DSA
TRACE::2025-03-17.12:05:57::SCWMssOS::Checking the sw design at  C:/devWorks/Ultrasoon_SOC/Vitis/design_1_wrapper/ps7_cortexa9_0/standalone_ps7_cortexa9_0/bsp/system.mss
TRACE::2025-03-17.12:05:57::SCWMssOS::DEBUG:  swdes dump  C:/devWorks/Ultrasoon_SOC/Vitis/design_1_wrapper/ps7_cortexa9_0/standalone_ps7_cortexa9_0/bsp/system.mss|system_0||
C:/devWorks/Ultrasoon_SOC/Vitis/design_1_wrapper/zynq_fsbl/zynq_fsbl_bsp/system.mss|system||

TRACE::2025-03-17.12:05:57::SCWMssOS::Sw design exists and opened at  C:/devWorks/Ultrasoon_SOC/Vitis/design_1_wrapper/ps7_cortexa9_0/standalone_ps7_cortexa9_0/bsp/system.mss
TRACE::2025-03-17.12:05:57::SCWPlatform::Trying to open the hw design at C:/devWorks/Ultrasoon_SOC/Vitis/design_1_wrapper/hw/design_1_wrapper.xsa
TRACE::2025-03-17.12:05:57::SCWPlatform::DSA given C:/devWorks/Ultrasoon_SOC/Vitis/design_1_wrapper/hw/design_1_wrapper.xsa
TRACE::2025-03-17.12:05:57::SCWPlatform::DSA absoulate path C:/devWorks/Ultrasoon_SOC/Vitis/design_1_wrapper/hw/design_1_wrapper.xsa
TRACE::2025-03-17.12:05:57::SCWPlatform::DSA directory C:/devWorks/Ultrasoon_SOC/Vitis/design_1_wrapper/hw
TRACE::2025-03-17.12:05:57::SCWPlatform:: Platform Path C:/devWorks/Ultrasoon_SOC/Vitis/design_1_wrapper/hw/design_1_wrapper.xsa
TRACE::2025-03-17.12:05:57::SCWPlatform:: Unique name xilinx:pynq-z2::0.0
TRACE::2025-03-17.12:05:57::SCWPlatform::Trying to set the existing hwdb with name design_1_wrapper_0
TRACE::2025-03-17.12:05:57::SCWPlatform::Opened existing hwdb design_1_wrapper_0
TRACE::2025-03-17.12:05:57::SCWPlatform::Found the Hw Db part of the input DSA
TRACE::2025-03-17.12:05:57::SCWMssOS::Checking the sw design at  C:/devWorks/Ultrasoon_SOC/Vitis/design_1_wrapper/ps7_cortexa9_0/standalone_ps7_cortexa9_0/bsp/system.mss
TRACE::2025-03-17.12:05:57::SCWMssOS::DEBUG:  swdes dump  C:/devWorks/Ultrasoon_SOC/Vitis/design_1_wrapper/ps7_cortexa9_0/standalone_ps7_cortexa9_0/bsp/system.mss|system_0||
C:/devWorks/Ultrasoon_SOC/Vitis/design_1_wrapper/zynq_fsbl/zynq_fsbl_bsp/system.mss|system||

TRACE::2025-03-17.12:05:57::SCWMssOS::Sw design exists and opened at  C:/devWorks/Ultrasoon_SOC/Vitis/design_1_wrapper/ps7_cortexa9_0/standalone_ps7_cortexa9_0/bsp/system.mss
TRACE::2025-03-17.12:05:57::SCWPlatform::Trying to open the hw design at C:/devWorks/Ultrasoon_SOC/Vitis/design_1_wrapper/hw/design_1_wrapper.xsa
TRACE::2025-03-17.12:05:57::SCWPlatform::DSA given C:/devWorks/Ultrasoon_SOC/Vitis/design_1_wrapper/hw/design_1_wrapper.xsa
TRACE::2025-03-17.12:05:57::SCWPlatform::DSA absoulate path C:/devWorks/Ultrasoon_SOC/Vitis/design_1_wrapper/hw/design_1_wrapper.xsa
TRACE::2025-03-17.12:05:57::SCWPlatform::DSA directory C:/devWorks/Ultrasoon_SOC/Vitis/design_1_wrapper/hw
TRACE::2025-03-17.12:05:57::SCWPlatform:: Platform Path C:/devWorks/Ultrasoon_SOC/Vitis/design_1_wrapper/hw/design_1_wrapper.xsa
TRACE::2025-03-17.12:05:57::SCWPlatform:: Unique name xilinx:pynq-z2::0.0
TRACE::2025-03-17.12:05:57::SCWPlatform::Trying to set the existing hwdb with name design_1_wrapper_0
TRACE::2025-03-17.12:05:57::SCWPlatform::Opened existing hwdb design_1_wrapper_0
TRACE::2025-03-17.12:05:57::SCWPlatform::Found the Hw Db part of the input DSA
TRACE::2025-03-17.12:05:57::SCWMssOS::Checking the sw design at  C:/devWorks/Ultrasoon_SOC/Vitis/design_1_wrapper/ps7_cortexa9_0/standalone_ps7_cortexa9_0/bsp/system.mss
TRACE::2025-03-17.12:05:57::SCWMssOS::DEBUG:  swdes dump  C:/devWorks/Ultrasoon_SOC/Vitis/design_1_wrapper/ps7_cortexa9_0/standalone_ps7_cortexa9_0/bsp/system.mss|system_0||
C:/devWorks/Ultrasoon_SOC/Vitis/design_1_wrapper/zynq_fsbl/zynq_fsbl_bsp/system.mss|system||

TRACE::2025-03-17.12:05:57::SCWMssOS::Sw design exists and opened at  C:/devWorks/Ultrasoon_SOC/Vitis/design_1_wrapper/ps7_cortexa9_0/standalone_ps7_cortexa9_0/bsp/system.mss
TRACE::2025-03-17.12:05:57::SCWWriter::formatted JSON is {
	"platformName":	"design_1_wrapper",
	"sprVersion":	"2.0",
	"mode":	"gui",
	"dsaType":	"Fixed",
	"platformDesc":	"design_1_wrapper",
	"platHandOff":	"C:/devWorks/Ultrasoon_SOC/design_1_wrapper.xsa",
	"platIntHandOff":	"<platformDir>/hw/design_1_wrapper.xsa",
	"deviceType":	"zynq",
	"platIsPrebuiltAutogen":	"false",
	"platIsNoBootBsp":	"false",
	"platFsblTarget":	"ps7_cortexa9_0",
	"hasFsblMakeHasChanges":	"false",
	"hasPmufwMakeHasChanges":	"false",
	"fsblExtraCompilerFlags":	"-MMD -MP       -mcpu=cortex-a9 -mfpu=vfpv3 -mfloat-abi=hard ",
	"platPreBuiltFlag":	false,
	"platformSamplesDir":	"",
	"platActiveSys":	"design_1_wrapper",
	"systems":	[{
			"systemName":	"design_1_wrapper",
			"systemDesc":	"design_1_wrapper",
			"sysIsBootAutoGen":	"true",
			"systemDispName":	"design_1_wrapper",
			"sysActiveDom":	"standalone_ps7_cortexa9_0",
			"sysDefaultDom":	"standalone_ps7_cortexa9_0",
			"domains":	[{
					"domainName":	"zynq_fsbl",
					"domainDispName":	"zynq_fsbl",
					"domainDesc":	"FSBL Application BSP - Auto Generated.",
					"processors":	"ps7_cortexa9_0",
					"os":	"standalone",
					"sdxOs":	"standalone",
					"debugEnable":	"",
					"domRuntimes":	["cpp"],
					"swRepo":	"",
					"mssOsVer":	"9.1",
					"mssFile":	"",
					"md5Digest":	"9efe651139896911d8304288c112af41",
					"compatibleApp":	"zynq_fsbl",
					"domType":	"bootDomain",
					"arch":	"32-bit",
					"appSettings":	{
						"appCompilerFlags":	"",
						"appLinkerFlags":	""
					},
					"addedLibs":	["xilffs:5.2", "xilrsa:1.8"],
					"libOptions":	{
						"libsContainingOptions":	[]
					},
					"prebuiltLibs":	{
						"prebuiltIncPath":	[],
						"prebuiltLibPath":	[]
					},
					"isolation":	{
					}
				}, {
					"domainName":	"standalone_ps7_cortexa9_0",
					"domainDispName":	"standalone_ps7_cortexa9_0",
					"domainDesc":	"standalone_ps7_cortexa9_0",
					"processors":	"ps7_cortexa9_0",
					"os":	"standalone",
					"sdxOs":	"standalone",
					"qemuArgs":	"<platformDir>/resources/design_1_wrapper/standalone_ps7_cortexa9_0/qemu_args.txt",
					"qemuData":	"<platformDir>/resources/design_1_wrapper/standalone_ps7_cortexa9_0/qemu",
					"debugEnable":	"False",
					"domRuntimes":	["cpp"],
					"swRepo":	"",
					"mssOsVer":	"9.1",
					"mssFile":	"",
					"md5Digest":	"e16c5a05474eb5878f3d5c795fb9c37a",
					"compatibleApp":	"hello_world",
					"domType":	"mssDomain",
					"arch":	"32-bit",
					"appSettings":	{
						"appCompilerFlags":	"",
						"appLinkerFlags":	""
					},
					"addedLibs":	[],
					"libOptions":	{
						"libsContainingOptions":	[]
					},
					"prebuiltLibs":	{
						"prebuiltIncPath":	[],
						"prebuiltLibPath":	[]
					},
					"isolation":	{
					}
				}]
		}]
}
TRACE::2025-03-17.12:05:57::SCWPlatform::Trying to open the hw design at C:/devWorks/Ultrasoon_SOC/Vitis/design_1_wrapper/hw/design_1_wrapper.xsa
TRACE::2025-03-17.12:05:57::SCWPlatform::DSA given C:/devWorks/Ultrasoon_SOC/Vitis/design_1_wrapper/hw/design_1_wrapper.xsa
TRACE::2025-03-17.12:05:57::SCWPlatform::DSA absoulate path C:/devWorks/Ultrasoon_SOC/Vitis/design_1_wrapper/hw/design_1_wrapper.xsa
TRACE::2025-03-17.12:05:57::SCWPlatform::DSA directory C:/devWorks/Ultrasoon_SOC/Vitis/design_1_wrapper/hw
TRACE::2025-03-17.12:05:57::SCWPlatform:: Platform Path C:/devWorks/Ultrasoon_SOC/Vitis/design_1_wrapper/hw/design_1_wrapper.xsa
TRACE::2025-03-17.12:05:57::SCWPlatform:: Unique name xilinx:pynq-z2::0.0
TRACE::2025-03-17.12:05:57::SCWPlatform::Trying to set the existing hwdb with name design_1_wrapper_0
TRACE::2025-03-17.12:05:57::SCWPlatform::Opened existing hwdb design_1_wrapper_0
TRACE::2025-03-17.12:05:57::SCWPlatform::Found the Hw Db part of the input DSA
TRACE::2025-03-17.12:05:57::SCWMssOS::Checking the sw design at  C:/devWorks/Ultrasoon_SOC/Vitis/design_1_wrapper/ps7_cortexa9_0/standalone_ps7_cortexa9_0/bsp/system.mss
TRACE::2025-03-17.12:05:57::SCWMssOS::DEBUG:  swdes dump  C:/devWorks/Ultrasoon_SOC/Vitis/design_1_wrapper/ps7_cortexa9_0/standalone_ps7_cortexa9_0/bsp/system.mss|system_0||
C:/devWorks/Ultrasoon_SOC/Vitis/design_1_wrapper/zynq_fsbl/zynq_fsbl_bsp/system.mss|system||

TRACE::2025-03-17.12:05:57::SCWMssOS::Sw design exists and opened at  C:/devWorks/Ultrasoon_SOC/Vitis/design_1_wrapper/ps7_cortexa9_0/standalone_ps7_cortexa9_0/bsp/system.mss
TRACE::2025-03-17.12:05:57::SCWPlatform::Trying to open the hw design at C:/devWorks/Ultrasoon_SOC/Vitis/design_1_wrapper/hw/design_1_wrapper.xsa
TRACE::2025-03-17.12:05:57::SCWPlatform::DSA given C:/devWorks/Ultrasoon_SOC/Vitis/design_1_wrapper/hw/design_1_wrapper.xsa
TRACE::2025-03-17.12:05:57::SCWPlatform::DSA absoulate path C:/devWorks/Ultrasoon_SOC/Vitis/design_1_wrapper/hw/design_1_wrapper.xsa
TRACE::2025-03-17.12:05:57::SCWPlatform::DSA directory C:/devWorks/Ultrasoon_SOC/Vitis/design_1_wrapper/hw
TRACE::2025-03-17.12:05:57::SCWPlatform:: Platform Path C:/devWorks/Ultrasoon_SOC/Vitis/design_1_wrapper/hw/design_1_wrapper.xsa
TRACE::2025-03-17.12:05:57::SCWPlatform:: Unique name xilinx:pynq-z2::0.0
TRACE::2025-03-17.12:05:57::SCWPlatform::Trying to set the existing hwdb with name design_1_wrapper_0
TRACE::2025-03-17.12:05:57::SCWPlatform::Opened existing hwdb design_1_wrapper_0
TRACE::2025-03-17.12:05:57::SCWPlatform::Found the Hw Db part of the input DSA
TRACE::2025-03-17.12:05:57::SCWMssOS::Checking the sw design at  C:/devWorks/Ultrasoon_SOC/Vitis/design_1_wrapper/ps7_cortexa9_0/standalone_ps7_cortexa9_0/bsp/system.mss
TRACE::2025-03-17.12:05:57::SCWMssOS::DEBUG:  swdes dump  C:/devWorks/Ultrasoon_SOC/Vitis/design_1_wrapper/ps7_cortexa9_0/standalone_ps7_cortexa9_0/bsp/system.mss|system_0||
C:/devWorks/Ultrasoon_SOC/Vitis/design_1_wrapper/zynq_fsbl/zynq_fsbl_bsp/system.mss|system||

TRACE::2025-03-17.12:05:57::SCWMssOS::Sw design exists and opened at  C:/devWorks/Ultrasoon_SOC/Vitis/design_1_wrapper/ps7_cortexa9_0/standalone_ps7_cortexa9_0/bsp/system.mss
TRACE::2025-03-17.12:05:57::SCWMssOS::Saving the mss changes C:/devWorks/Ultrasoon_SOC/Vitis/design_1_wrapper/zynq_fsbl/zynq_fsbl_bsp/system.mss
TRACE::2025-03-17.12:05:57::SCWMssOS::Found a swdesign opened with the mssfile.
TRACE::2025-03-17.12:05:57::SCWMssOS::Completed writemss as part of save.
TRACE::2025-03-17.12:05:57::SCWMssOS::Commit changes completed.
TRACE::2025-03-17.12:05:57::SCWMssOS::Saving the mss changes C:/devWorks/Ultrasoon_SOC/Vitis/design_1_wrapper/ps7_cortexa9_0/standalone_ps7_cortexa9_0/bsp/system.mss
TRACE::2025-03-17.12:05:57::SCWMssOS::Found a swdesign opened with the mssfile.
TRACE::2025-03-17.12:05:57::SCWMssOS::Completed writemss as part of save.
TRACE::2025-03-17.12:05:57::SCWMssOS::Commit changes completed.
TRACE::2025-03-17.12:05:57::SCWPlatform::Trying to open the hw design at C:/devWorks/Ultrasoon_SOC/Vitis/design_1_wrapper/hw/design_1_wrapper.xsa
TRACE::2025-03-17.12:05:57::SCWPlatform::DSA given C:/devWorks/Ultrasoon_SOC/Vitis/design_1_wrapper/hw/design_1_wrapper.xsa
TRACE::2025-03-17.12:05:57::SCWPlatform::DSA absoulate path C:/devWorks/Ultrasoon_SOC/Vitis/design_1_wrapper/hw/design_1_wrapper.xsa
TRACE::2025-03-17.12:05:57::SCWPlatform::DSA directory C:/devWorks/Ultrasoon_SOC/Vitis/design_1_wrapper/hw
TRACE::2025-03-17.12:05:57::SCWPlatform:: Platform Path C:/devWorks/Ultrasoon_SOC/Vitis/design_1_wrapper/hw/design_1_wrapper.xsa
TRACE::2025-03-17.12:05:57::SCWPlatform:: Unique name xilinx:pynq-z2::0.0
TRACE::2025-03-17.12:05:57::SCWPlatform::Trying to set the existing hwdb with name design_1_wrapper_0
TRACE::2025-03-17.12:05:57::SCWPlatform::Opened existing hwdb design_1_wrapper_0
TRACE::2025-03-17.12:05:57::SCWPlatform::Found the Hw Db part of the input DSA
TRACE::2025-03-17.12:05:57::SCWMssOS::Checking the sw design at  C:/devWorks/Ultrasoon_SOC/Vitis/design_1_wrapper/zynq_fsbl/zynq_fsbl_bsp/system.mss
TRACE::2025-03-17.12:05:57::SCWMssOS::DEBUG:  swdes dump  C:/devWorks/Ultrasoon_SOC/Vitis/design_1_wrapper/ps7_cortexa9_0/standalone_ps7_cortexa9_0/bsp/system.mss|system_0||
C:/devWorks/Ultrasoon_SOC/Vitis/design_1_wrapper/zynq_fsbl/zynq_fsbl_bsp/system.mss|system||

TRACE::2025-03-17.12:05:57::SCWMssOS::Sw design exists and opened at  C:/devWorks/Ultrasoon_SOC/Vitis/design_1_wrapper/zynq_fsbl/zynq_fsbl_bsp/system.mss
TRACE::2025-03-17.12:05:57::SCWPlatform::Trying to open the hw design at C:/devWorks/Ultrasoon_SOC/Vitis/design_1_wrapper/hw/design_1_wrapper.xsa
TRACE::2025-03-17.12:05:57::SCWPlatform::DSA given C:/devWorks/Ultrasoon_SOC/Vitis/design_1_wrapper/hw/design_1_wrapper.xsa
TRACE::2025-03-17.12:05:57::SCWPlatform::DSA absoulate path C:/devWorks/Ultrasoon_SOC/Vitis/design_1_wrapper/hw/design_1_wrapper.xsa
TRACE::2025-03-17.12:05:57::SCWPlatform::DSA directory C:/devWorks/Ultrasoon_SOC/Vitis/design_1_wrapper/hw
TRACE::2025-03-17.12:05:57::SCWPlatform:: Platform Path C:/devWorks/Ultrasoon_SOC/Vitis/design_1_wrapper/hw/design_1_wrapper.xsa
TRACE::2025-03-17.12:05:57::SCWPlatform:: Unique name xilinx:pynq-z2::0.0
TRACE::2025-03-17.12:05:57::SCWPlatform::Trying to set the existing hwdb with name design_1_wrapper_0
TRACE::2025-03-17.12:05:57::SCWPlatform::Opened existing hwdb design_1_wrapper_0
TRACE::2025-03-17.12:05:57::SCWPlatform::Found the Hw Db part of the input DSA
TRACE::2025-03-17.12:05:57::SCWMssOS::Checking the sw design at  C:/devWorks/Ultrasoon_SOC/Vitis/design_1_wrapper/zynq_fsbl/zynq_fsbl_bsp/system.mss
TRACE::2025-03-17.12:05:57::SCWMssOS::DEBUG:  swdes dump  C:/devWorks/Ultrasoon_SOC/Vitis/design_1_wrapper/ps7_cortexa9_0/standalone_ps7_cortexa9_0/bsp/system.mss|system_0||
C:/devWorks/Ultrasoon_SOC/Vitis/design_1_wrapper/zynq_fsbl/zynq_fsbl_bsp/system.mss|system||

TRACE::2025-03-17.12:05:57::SCWMssOS::Sw design exists and opened at  C:/devWorks/Ultrasoon_SOC/Vitis/design_1_wrapper/zynq_fsbl/zynq_fsbl_bsp/system.mss
TRACE::2025-03-17.12:05:57::SCWPlatform::Trying to open the hw design at C:/devWorks/Ultrasoon_SOC/Vitis/design_1_wrapper/hw/design_1_wrapper.xsa
TRACE::2025-03-17.12:05:57::SCWPlatform::DSA given C:/devWorks/Ultrasoon_SOC/Vitis/design_1_wrapper/hw/design_1_wrapper.xsa
TRACE::2025-03-17.12:05:57::SCWPlatform::DSA absoulate path C:/devWorks/Ultrasoon_SOC/Vitis/design_1_wrapper/hw/design_1_wrapper.xsa
TRACE::2025-03-17.12:05:57::SCWPlatform::DSA directory C:/devWorks/Ultrasoon_SOC/Vitis/design_1_wrapper/hw
TRACE::2025-03-17.12:05:57::SCWPlatform:: Platform Path C:/devWorks/Ultrasoon_SOC/Vitis/design_1_wrapper/hw/design_1_wrapper.xsa
TRACE::2025-03-17.12:05:57::SCWPlatform:: Unique name xilinx:pynq-z2::0.0
TRACE::2025-03-17.12:05:57::SCWPlatform::Trying to set the existing hwdb with name design_1_wrapper_0
TRACE::2025-03-17.12:05:57::SCWPlatform::Opened existing hwdb design_1_wrapper_0
TRACE::2025-03-17.12:05:57::SCWPlatform::Found the Hw Db part of the input DSA
TRACE::2025-03-17.12:05:57::SCWMssOS::Checking the sw design at  C:/devWorks/Ultrasoon_SOC/Vitis/design_1_wrapper/zynq_fsbl/zynq_fsbl_bsp/system.mss
TRACE::2025-03-17.12:05:57::SCWMssOS::DEBUG:  swdes dump  C:/devWorks/Ultrasoon_SOC/Vitis/design_1_wrapper/ps7_cortexa9_0/standalone_ps7_cortexa9_0/bsp/system.mss|system_0||
C:/devWorks/Ultrasoon_SOC/Vitis/design_1_wrapper/zynq_fsbl/zynq_fsbl_bsp/system.mss|system||

TRACE::2025-03-17.12:05:57::SCWMssOS::Sw design exists and opened at  C:/devWorks/Ultrasoon_SOC/Vitis/design_1_wrapper/zynq_fsbl/zynq_fsbl_bsp/system.mss
TRACE::2025-03-17.12:05:57::SCWPlatform::Trying to open the hw design at C:/devWorks/Ultrasoon_SOC/Vitis/design_1_wrapper/hw/design_1_wrapper.xsa
TRACE::2025-03-17.12:05:57::SCWPlatform::DSA given C:/devWorks/Ultrasoon_SOC/Vitis/design_1_wrapper/hw/design_1_wrapper.xsa
TRACE::2025-03-17.12:05:57::SCWPlatform::DSA absoulate path C:/devWorks/Ultrasoon_SOC/Vitis/design_1_wrapper/hw/design_1_wrapper.xsa
TRACE::2025-03-17.12:05:57::SCWPlatform::DSA directory C:/devWorks/Ultrasoon_SOC/Vitis/design_1_wrapper/hw
TRACE::2025-03-17.12:05:57::SCWPlatform:: Platform Path C:/devWorks/Ultrasoon_SOC/Vitis/design_1_wrapper/hw/design_1_wrapper.xsa
TRACE::2025-03-17.12:05:57::SCWPlatform:: Unique name xilinx:pynq-z2::0.0
TRACE::2025-03-17.12:05:57::SCWPlatform::Trying to set the existing hwdb with name design_1_wrapper_0
TRACE::2025-03-17.12:05:57::SCWPlatform::Opened existing hwdb design_1_wrapper_0
TRACE::2025-03-17.12:05:57::SCWPlatform::Found the Hw Db part of the input DSA
TRACE::2025-03-17.12:05:57::SCWMssOS::Checking the sw design at  C:/devWorks/Ultrasoon_SOC/Vitis/design_1_wrapper/ps7_cortexa9_0/standalone_ps7_cortexa9_0/bsp/system.mss
TRACE::2025-03-17.12:05:57::SCWMssOS::DEBUG:  swdes dump  C:/devWorks/Ultrasoon_SOC/Vitis/design_1_wrapper/ps7_cortexa9_0/standalone_ps7_cortexa9_0/bsp/system.mss|system_0||
C:/devWorks/Ultrasoon_SOC/Vitis/design_1_wrapper/zynq_fsbl/zynq_fsbl_bsp/system.mss|system||

TRACE::2025-03-17.12:05:57::SCWMssOS::Sw design exists and opened at  C:/devWorks/Ultrasoon_SOC/Vitis/design_1_wrapper/ps7_cortexa9_0/standalone_ps7_cortexa9_0/bsp/system.mss
TRACE::2025-03-17.12:05:57::SCWPlatform::Trying to open the hw design at C:/devWorks/Ultrasoon_SOC/Vitis/design_1_wrapper/hw/design_1_wrapper.xsa
TRACE::2025-03-17.12:05:57::SCWPlatform::DSA given C:/devWorks/Ultrasoon_SOC/Vitis/design_1_wrapper/hw/design_1_wrapper.xsa
TRACE::2025-03-17.12:05:57::SCWPlatform::DSA absoulate path C:/devWorks/Ultrasoon_SOC/Vitis/design_1_wrapper/hw/design_1_wrapper.xsa
TRACE::2025-03-17.12:05:57::SCWPlatform::DSA directory C:/devWorks/Ultrasoon_SOC/Vitis/design_1_wrapper/hw
TRACE::2025-03-17.12:05:57::SCWPlatform:: Platform Path C:/devWorks/Ultrasoon_SOC/Vitis/design_1_wrapper/hw/design_1_wrapper.xsa
TRACE::2025-03-17.12:05:57::SCWPlatform:: Unique name xilinx:pynq-z2::0.0
TRACE::2025-03-17.12:05:57::SCWPlatform::Trying to set the existing hwdb with name design_1_wrapper_0
TRACE::2025-03-17.12:05:57::SCWPlatform::Opened existing hwdb design_1_wrapper_0
TRACE::2025-03-17.12:05:57::SCWPlatform::Found the Hw Db part of the input DSA
TRACE::2025-03-17.12:05:57::SCWMssOS::Checking the sw design at  C:/devWorks/Ultrasoon_SOC/Vitis/design_1_wrapper/ps7_cortexa9_0/standalone_ps7_cortexa9_0/bsp/system.mss
TRACE::2025-03-17.12:05:57::SCWMssOS::DEBUG:  swdes dump  C:/devWorks/Ultrasoon_SOC/Vitis/design_1_wrapper/ps7_cortexa9_0/standalone_ps7_cortexa9_0/bsp/system.mss|system_0||
C:/devWorks/Ultrasoon_SOC/Vitis/design_1_wrapper/zynq_fsbl/zynq_fsbl_bsp/system.mss|system||

TRACE::2025-03-17.12:05:57::SCWMssOS::Sw design exists and opened at  C:/devWorks/Ultrasoon_SOC/Vitis/design_1_wrapper/ps7_cortexa9_0/standalone_ps7_cortexa9_0/bsp/system.mss
TRACE::2025-03-17.12:05:57::SCWPlatform::Trying to open the hw design at C:/devWorks/Ultrasoon_SOC/Vitis/design_1_wrapper/hw/design_1_wrapper.xsa
TRACE::2025-03-17.12:05:57::SCWPlatform::DSA given C:/devWorks/Ultrasoon_SOC/Vitis/design_1_wrapper/hw/design_1_wrapper.xsa
TRACE::2025-03-17.12:05:57::SCWPlatform::DSA absoulate path C:/devWorks/Ultrasoon_SOC/Vitis/design_1_wrapper/hw/design_1_wrapper.xsa
TRACE::2025-03-17.12:05:57::SCWPlatform::DSA directory C:/devWorks/Ultrasoon_SOC/Vitis/design_1_wrapper/hw
TRACE::2025-03-17.12:05:57::SCWPlatform:: Platform Path C:/devWorks/Ultrasoon_SOC/Vitis/design_1_wrapper/hw/design_1_wrapper.xsa
TRACE::2025-03-17.12:05:57::SCWPlatform:: Unique name xilinx:pynq-z2::0.0
TRACE::2025-03-17.12:05:57::SCWPlatform::Trying to set the existing hwdb with name design_1_wrapper_0
TRACE::2025-03-17.12:05:57::SCWPlatform::Opened existing hwdb design_1_wrapper_0
TRACE::2025-03-17.12:05:57::SCWPlatform::Found the Hw Db part of the input DSA
TRACE::2025-03-17.12:05:57::SCWMssOS::Checking the sw design at  C:/devWorks/Ultrasoon_SOC/Vitis/design_1_wrapper/ps7_cortexa9_0/standalone_ps7_cortexa9_0/bsp/system.mss
TRACE::2025-03-17.12:05:57::SCWMssOS::DEBUG:  swdes dump  C:/devWorks/Ultrasoon_SOC/Vitis/design_1_wrapper/ps7_cortexa9_0/standalone_ps7_cortexa9_0/bsp/system.mss|system_0||
C:/devWorks/Ultrasoon_SOC/Vitis/design_1_wrapper/zynq_fsbl/zynq_fsbl_bsp/system.mss|system||

TRACE::2025-03-17.12:05:57::SCWMssOS::Sw design exists and opened at  C:/devWorks/Ultrasoon_SOC/Vitis/design_1_wrapper/ps7_cortexa9_0/standalone_ps7_cortexa9_0/bsp/system.mss
TRACE::2025-03-17.12:05:57::SCWWriter::formatted JSON is {
	"platformName":	"design_1_wrapper",
	"sprVersion":	"2.0",
	"mode":	"gui",
	"dsaType":	"Fixed",
	"platformDesc":	"design_1_wrapper",
	"platHandOff":	"C:/devWorks/Ultrasoon_SOC/design_1_wrapper.xsa",
	"platIntHandOff":	"<platformDir>/hw/design_1_wrapper.xsa",
	"deviceType":	"zynq",
	"platIsPrebuiltAutogen":	"false",
	"platIsNoBootBsp":	"false",
	"platFsblTarget":	"ps7_cortexa9_0",
	"hasFsblMakeHasChanges":	"false",
	"hasPmufwMakeHasChanges":	"false",
	"fsblExtraCompilerFlags":	"-MMD -MP       -mcpu=cortex-a9 -mfpu=vfpv3 -mfloat-abi=hard ",
	"platPreBuiltFlag":	false,
	"platformSamplesDir":	"",
	"platActiveSys":	"design_1_wrapper",
	"systems":	[{
			"systemName":	"design_1_wrapper",
			"systemDesc":	"design_1_wrapper",
			"sysIsBootAutoGen":	"true",
			"systemDispName":	"design_1_wrapper",
			"sysActiveDom":	"standalone_ps7_cortexa9_0",
			"sysDefaultDom":	"standalone_ps7_cortexa9_0",
			"domains":	[{
					"domainName":	"zynq_fsbl",
					"domainDispName":	"zynq_fsbl",
					"domainDesc":	"FSBL Application BSP - Auto Generated.",
					"processors":	"ps7_cortexa9_0",
					"os":	"standalone",
					"sdxOs":	"standalone",
					"debugEnable":	"",
					"domRuntimes":	["cpp"],
					"swRepo":	"",
					"mssOsVer":	"9.1",
					"mssFile":	"",
					"md5Digest":	"9efe651139896911d8304288c112af41",
					"compatibleApp":	"zynq_fsbl",
					"domType":	"bootDomain",
					"arch":	"32-bit",
					"appSettings":	{
						"appCompilerFlags":	"",
						"appLinkerFlags":	""
					},
					"addedLibs":	["xilffs:5.2", "xilrsa:1.8"],
					"libOptions":	{
						"libsContainingOptions":	[]
					},
					"prebuiltLibs":	{
						"prebuiltIncPath":	[],
						"prebuiltLibPath":	[]
					},
					"isolation":	{
					}
				}, {
					"domainName":	"standalone_ps7_cortexa9_0",
					"domainDispName":	"standalone_ps7_cortexa9_0",
					"domainDesc":	"standalone_ps7_cortexa9_0",
					"processors":	"ps7_cortexa9_0",
					"os":	"standalone",
					"sdxOs":	"standalone",
					"qemuArgs":	"<platformDir>/resources/design_1_wrapper/standalone_ps7_cortexa9_0/qemu_args.txt",
					"qemuData":	"<platformDir>/resources/design_1_wrapper/standalone_ps7_cortexa9_0/qemu",
					"debugEnable":	"False",
					"domRuntimes":	["cpp"],
					"swRepo":	"",
					"mssOsVer":	"9.1",
					"mssFile":	"",
					"md5Digest":	"e16c5a05474eb5878f3d5c795fb9c37a",
					"compatibleApp":	"hello_world",
					"domType":	"mssDomain",
					"arch":	"32-bit",
					"appSettings":	{
						"appCompilerFlags":	"",
						"appLinkerFlags":	""
					},
					"addedLibs":	[],
					"libOptions":	{
						"libsContainingOptions":	[]
					},
					"prebuiltLibs":	{
						"prebuiltIncPath":	[],
						"prebuiltLibPath":	[]
					},
					"isolation":	{
					}
				}]
		}]
}
LOG::2025-03-17.12:05:57::SCWPlatform::Started generating the artifacts platform design_1_wrapper
TRACE::2025-03-17.12:05:57::SCWPlatform::Sanity checking of platform is completed
LOG::2025-03-17.12:05:57::SCWPlatform::Started generating the artifacts for system configuration design_1_wrapper
LOG::2025-03-17.12:05:57::SCWSystem::Started Processing the domain standalone_ps7_cortexa9_0
TRACE::2025-03-17.12:05:57::SCWDomain::Generating domain artifcats
TRACE::2025-03-17.12:05:57::SCWMssOS::Generating standalone artifcats
TRACE::2025-03-17.12:05:57::SCWMssOS::Copying the qemu file from  C:/devWorks/Ultrasoon_SOC/Vitis/design_1_wrapper/resources/design_1_wrapper/standalone_ps7_cortexa9_0/qemu_args.txt To C:/devWorks/Ultrasoon_SOC/Vitis/design_1_wrapper/export/design_1_wrapper/sw/design_1_wrapper/qemu/
TRACE::2025-03-17.12:05:57::SCWMssOS::Copying the qemu file from  C:/devWorks/Ultrasoon_SOC/Vitis/design_1_wrapper/resources/design_1_wrapper/standalone_ps7_cortexa9_0/qemu_args.txt To C:/devWorks/Ultrasoon_SOC/Vitis/design_1_wrapper/export/design_1_wrapper/sw/design_1_wrapper/standalone_ps7_cortexa9_0/qemu/
TRACE::2025-03-17.12:05:57::SCWMssOS:: Copying the user libraries. 
TRACE::2025-03-17.12:05:57::SCWPlatform::Trying to open the hw design at C:/devWorks/Ultrasoon_SOC/Vitis/design_1_wrapper/hw/design_1_wrapper.xsa
TRACE::2025-03-17.12:05:57::SCWPlatform::DSA given C:/devWorks/Ultrasoon_SOC/Vitis/design_1_wrapper/hw/design_1_wrapper.xsa
TRACE::2025-03-17.12:05:57::SCWPlatform::DSA absoulate path C:/devWorks/Ultrasoon_SOC/Vitis/design_1_wrapper/hw/design_1_wrapper.xsa
TRACE::2025-03-17.12:05:57::SCWPlatform::DSA directory C:/devWorks/Ultrasoon_SOC/Vitis/design_1_wrapper/hw
TRACE::2025-03-17.12:05:57::SCWPlatform:: Platform Path C:/devWorks/Ultrasoon_SOC/Vitis/design_1_wrapper/hw/design_1_wrapper.xsa
TRACE::2025-03-17.12:05:57::SCWPlatform:: Unique name xilinx:pynq-z2::0.0
TRACE::2025-03-17.12:05:57::SCWPlatform::Trying to set the existing hwdb with name design_1_wrapper_0
TRACE::2025-03-17.12:05:57::SCWPlatform::Opened existing hwdb design_1_wrapper_0
TRACE::2025-03-17.12:05:57::SCWPlatform::Found the Hw Db part of the input DSA
TRACE::2025-03-17.12:05:57::SCWMssOS::Checking the sw design at  C:/devWorks/Ultrasoon_SOC/Vitis/design_1_wrapper/ps7_cortexa9_0/standalone_ps7_cortexa9_0/bsp/system.mss
TRACE::2025-03-17.12:05:57::SCWMssOS::DEBUG:  swdes dump  C:/devWorks/Ultrasoon_SOC/Vitis/design_1_wrapper/ps7_cortexa9_0/standalone_ps7_cortexa9_0/bsp/system.mss|system_0||
C:/devWorks/Ultrasoon_SOC/Vitis/design_1_wrapper/zynq_fsbl/zynq_fsbl_bsp/system.mss|system||

TRACE::2025-03-17.12:05:57::SCWMssOS::Sw design exists and opened at  C:/devWorks/Ultrasoon_SOC/Vitis/design_1_wrapper/ps7_cortexa9_0/standalone_ps7_cortexa9_0/bsp/system.mss
TRACE::2025-03-17.12:05:57::SCWMssOS::Completed writing the mss file at C:/devWorks/Ultrasoon_SOC/Vitis/design_1_wrapper/ps7_cortexa9_0/standalone_ps7_cortexa9_0/bsp
TRACE::2025-03-17.12:05:57::SCWMssOS::Mss edits present, copying mssfile into export location C:/devWorks/Ultrasoon_SOC/Vitis/design_1_wrapper/ps7_cortexa9_0/standalone_ps7_cortexa9_0/bsp/system.mss
TRACE::2025-03-17.12:05:57::SCWMssOS::bsp generated is upto date with the mss file. Skipping bsp generation.
TRACE::2025-03-17.12:05:57::SCWMssOS::BSP is already built. skipping the bsp build ... 
TRACE::2025-03-17.12:05:57::SCWDomain::Building the domain as part of full build :  standalone_ps7_cortexa9_0
TRACE::2025-03-17.12:05:57::SCWMssOS::skipping the bsp build ... 
TRACE::2025-03-17.12:05:57::SCWMssOS::Copying to export directory.
TRACE::2025-03-17.12:05:57::SCWMssOS:: Checking if to create the Supporting Applications
TRACE::2025-03-17.12:05:57::SCWMssOS:: No Linux domain exists, trying to generate FSBL 
TRACE::2025-03-17.12:05:57::SCWMssOS:: Completed Standalone Artifacts creation 
LOG::2025-03-17.12:05:57::SCWSystem::Completed Processing the domain standalone_ps7_cortexa9_0
LOG::2025-03-17.12:05:57::SCWSystem::Completed Processing the sysconfig design_1_wrapper
LOG::2025-03-17.12:05:57::SCWPlatform::Completed generating the artifacts for system configuration design_1_wrapper
TRACE::2025-03-17.12:05:57::SCWPlatform::Started preparing the platform 
TRACE::2025-03-17.12:05:57::SCWSystem::Writing the bif file for system config design_1_wrapper
TRACE::2025-03-17.12:05:57::SCWSystem::dir created 
TRACE::2025-03-17.12:05:57::SCWSystem::Writing the bif 
TRACE::2025-03-17.12:05:57::SCWPlatform::Started writing the spfm file 
TRACE::2025-03-17.12:05:57::SCWPlatform::Started writing the xpfm file 
TRACE::2025-03-17.12:05:57::SCWPlatform::Completed generating the platform
TRACE::2025-03-17.12:05:57::SCWMssOS::Saving the mss changes C:/devWorks/Ultrasoon_SOC/Vitis/design_1_wrapper/zynq_fsbl/zynq_fsbl_bsp/system.mss
TRACE::2025-03-17.12:05:57::SCWMssOS::Found a swdesign opened with the mssfile.
TRACE::2025-03-17.12:05:57::SCWMssOS::Completed writemss as part of save.
TRACE::2025-03-17.12:05:57::SCWMssOS::Commit changes completed.
TRACE::2025-03-17.12:05:57::SCWMssOS::Saving the mss changes C:/devWorks/Ultrasoon_SOC/Vitis/design_1_wrapper/ps7_cortexa9_0/standalone_ps7_cortexa9_0/bsp/system.mss
TRACE::2025-03-17.12:05:57::SCWMssOS::Found a swdesign opened with the mssfile.
TRACE::2025-03-17.12:05:57::SCWMssOS::Completed writemss as part of save.
TRACE::2025-03-17.12:05:57::SCWMssOS::Commit changes completed.
TRACE::2025-03-17.12:05:57::SCWPlatform::Trying to open the hw design at C:/devWorks/Ultrasoon_SOC/Vitis/design_1_wrapper/hw/design_1_wrapper.xsa
TRACE::2025-03-17.12:05:57::SCWPlatform::DSA given C:/devWorks/Ultrasoon_SOC/Vitis/design_1_wrapper/hw/design_1_wrapper.xsa
TRACE::2025-03-17.12:05:57::SCWPlatform::DSA absoulate path C:/devWorks/Ultrasoon_SOC/Vitis/design_1_wrapper/hw/design_1_wrapper.xsa
TRACE::2025-03-17.12:05:57::SCWPlatform::DSA directory C:/devWorks/Ultrasoon_SOC/Vitis/design_1_wrapper/hw
TRACE::2025-03-17.12:05:57::SCWPlatform:: Platform Path C:/devWorks/Ultrasoon_SOC/Vitis/design_1_wrapper/hw/design_1_wrapper.xsa
TRACE::2025-03-17.12:05:57::SCWPlatform:: Unique name xilinx:pynq-z2::0.0
TRACE::2025-03-17.12:05:57::SCWPlatform::Trying to set the existing hwdb with name design_1_wrapper_0
TRACE::2025-03-17.12:05:57::SCWPlatform::Opened existing hwdb design_1_wrapper_0
TRACE::2025-03-17.12:05:57::SCWPlatform::Found the Hw Db part of the input DSA
TRACE::2025-03-17.12:05:57::SCWMssOS::Checking the sw design at  C:/devWorks/Ultrasoon_SOC/Vitis/design_1_wrapper/zynq_fsbl/zynq_fsbl_bsp/system.mss
TRACE::2025-03-17.12:05:57::SCWMssOS::DEBUG:  swdes dump  C:/devWorks/Ultrasoon_SOC/Vitis/design_1_wrapper/ps7_cortexa9_0/standalone_ps7_cortexa9_0/bsp/system.mss|system_0||
C:/devWorks/Ultrasoon_SOC/Vitis/design_1_wrapper/zynq_fsbl/zynq_fsbl_bsp/system.mss|system||

TRACE::2025-03-17.12:05:57::SCWMssOS::Sw design exists and opened at  C:/devWorks/Ultrasoon_SOC/Vitis/design_1_wrapper/zynq_fsbl/zynq_fsbl_bsp/system.mss
TRACE::2025-03-17.12:05:57::SCWPlatform::Trying to open the hw design at C:/devWorks/Ultrasoon_SOC/Vitis/design_1_wrapper/hw/design_1_wrapper.xsa
TRACE::2025-03-17.12:05:57::SCWPlatform::DSA given C:/devWorks/Ultrasoon_SOC/Vitis/design_1_wrapper/hw/design_1_wrapper.xsa
TRACE::2025-03-17.12:05:57::SCWPlatform::DSA absoulate path C:/devWorks/Ultrasoon_SOC/Vitis/design_1_wrapper/hw/design_1_wrapper.xsa
TRACE::2025-03-17.12:05:57::SCWPlatform::DSA directory C:/devWorks/Ultrasoon_SOC/Vitis/design_1_wrapper/hw
TRACE::2025-03-17.12:05:57::SCWPlatform:: Platform Path C:/devWorks/Ultrasoon_SOC/Vitis/design_1_wrapper/hw/design_1_wrapper.xsa
TRACE::2025-03-17.12:05:57::SCWPlatform:: Unique name xilinx:pynq-z2::0.0
TRACE::2025-03-17.12:05:57::SCWPlatform::Trying to set the existing hwdb with name design_1_wrapper_0
TRACE::2025-03-17.12:05:57::SCWPlatform::Opened existing hwdb design_1_wrapper_0
TRACE::2025-03-17.12:05:57::SCWPlatform::Found the Hw Db part of the input DSA
TRACE::2025-03-17.12:05:57::SCWMssOS::Checking the sw design at  C:/devWorks/Ultrasoon_SOC/Vitis/design_1_wrapper/zynq_fsbl/zynq_fsbl_bsp/system.mss
TRACE::2025-03-17.12:05:57::SCWMssOS::DEBUG:  swdes dump  C:/devWorks/Ultrasoon_SOC/Vitis/design_1_wrapper/ps7_cortexa9_0/standalone_ps7_cortexa9_0/bsp/system.mss|system_0||
C:/devWorks/Ultrasoon_SOC/Vitis/design_1_wrapper/zynq_fsbl/zynq_fsbl_bsp/system.mss|system||

TRACE::2025-03-17.12:05:57::SCWMssOS::Sw design exists and opened at  C:/devWorks/Ultrasoon_SOC/Vitis/design_1_wrapper/zynq_fsbl/zynq_fsbl_bsp/system.mss
TRACE::2025-03-17.12:05:57::SCWPlatform::Trying to open the hw design at C:/devWorks/Ultrasoon_SOC/Vitis/design_1_wrapper/hw/design_1_wrapper.xsa
TRACE::2025-03-17.12:05:57::SCWPlatform::DSA given C:/devWorks/Ultrasoon_SOC/Vitis/design_1_wrapper/hw/design_1_wrapper.xsa
TRACE::2025-03-17.12:05:57::SCWPlatform::DSA absoulate path C:/devWorks/Ultrasoon_SOC/Vitis/design_1_wrapper/hw/design_1_wrapper.xsa
TRACE::2025-03-17.12:05:57::SCWPlatform::DSA directory C:/devWorks/Ultrasoon_SOC/Vitis/design_1_wrapper/hw
TRACE::2025-03-17.12:05:57::SCWPlatform:: Platform Path C:/devWorks/Ultrasoon_SOC/Vitis/design_1_wrapper/hw/design_1_wrapper.xsa
TRACE::2025-03-17.12:05:57::SCWPlatform:: Unique name xilinx:pynq-z2::0.0
TRACE::2025-03-17.12:05:57::SCWPlatform::Trying to set the existing hwdb with name design_1_wrapper_0
TRACE::2025-03-17.12:05:57::SCWPlatform::Opened existing hwdb design_1_wrapper_0
TRACE::2025-03-17.12:05:57::SCWPlatform::Found the Hw Db part of the input DSA
TRACE::2025-03-17.12:05:57::SCWMssOS::Checking the sw design at  C:/devWorks/Ultrasoon_SOC/Vitis/design_1_wrapper/zynq_fsbl/zynq_fsbl_bsp/system.mss
TRACE::2025-03-17.12:05:57::SCWMssOS::DEBUG:  swdes dump  C:/devWorks/Ultrasoon_SOC/Vitis/design_1_wrapper/ps7_cortexa9_0/standalone_ps7_cortexa9_0/bsp/system.mss|system_0||
C:/devWorks/Ultrasoon_SOC/Vitis/design_1_wrapper/zynq_fsbl/zynq_fsbl_bsp/system.mss|system||

TRACE::2025-03-17.12:05:57::SCWMssOS::Sw design exists and opened at  C:/devWorks/Ultrasoon_SOC/Vitis/design_1_wrapper/zynq_fsbl/zynq_fsbl_bsp/system.mss
TRACE::2025-03-17.12:05:57::SCWPlatform::Trying to open the hw design at C:/devWorks/Ultrasoon_SOC/Vitis/design_1_wrapper/hw/design_1_wrapper.xsa
TRACE::2025-03-17.12:05:57::SCWPlatform::DSA given C:/devWorks/Ultrasoon_SOC/Vitis/design_1_wrapper/hw/design_1_wrapper.xsa
TRACE::2025-03-17.12:05:57::SCWPlatform::DSA absoulate path C:/devWorks/Ultrasoon_SOC/Vitis/design_1_wrapper/hw/design_1_wrapper.xsa
TRACE::2025-03-17.12:05:57::SCWPlatform::DSA directory C:/devWorks/Ultrasoon_SOC/Vitis/design_1_wrapper/hw
TRACE::2025-03-17.12:05:57::SCWPlatform:: Platform Path C:/devWorks/Ultrasoon_SOC/Vitis/design_1_wrapper/hw/design_1_wrapper.xsa
TRACE::2025-03-17.12:05:57::SCWPlatform:: Unique name xilinx:pynq-z2::0.0
TRACE::2025-03-17.12:05:57::SCWPlatform::Trying to set the existing hwdb with name design_1_wrapper_0
TRACE::2025-03-17.12:05:57::SCWPlatform::Opened existing hwdb design_1_wrapper_0
TRACE::2025-03-17.12:05:57::SCWPlatform::Found the Hw Db part of the input DSA
TRACE::2025-03-17.12:05:57::SCWMssOS::Checking the sw design at  C:/devWorks/Ultrasoon_SOC/Vitis/design_1_wrapper/ps7_cortexa9_0/standalone_ps7_cortexa9_0/bsp/system.mss
TRACE::2025-03-17.12:05:57::SCWMssOS::DEBUG:  swdes dump  C:/devWorks/Ultrasoon_SOC/Vitis/design_1_wrapper/ps7_cortexa9_0/standalone_ps7_cortexa9_0/bsp/system.mss|system_0||
C:/devWorks/Ultrasoon_SOC/Vitis/design_1_wrapper/zynq_fsbl/zynq_fsbl_bsp/system.mss|system||

TRACE::2025-03-17.12:05:57::SCWMssOS::Sw design exists and opened at  C:/devWorks/Ultrasoon_SOC/Vitis/design_1_wrapper/ps7_cortexa9_0/standalone_ps7_cortexa9_0/bsp/system.mss
TRACE::2025-03-17.12:05:57::SCWPlatform::Trying to open the hw design at C:/devWorks/Ultrasoon_SOC/Vitis/design_1_wrapper/hw/design_1_wrapper.xsa
TRACE::2025-03-17.12:05:57::SCWPlatform::DSA given C:/devWorks/Ultrasoon_SOC/Vitis/design_1_wrapper/hw/design_1_wrapper.xsa
TRACE::2025-03-17.12:05:57::SCWPlatform::DSA absoulate path C:/devWorks/Ultrasoon_SOC/Vitis/design_1_wrapper/hw/design_1_wrapper.xsa
TRACE::2025-03-17.12:05:57::SCWPlatform::DSA directory C:/devWorks/Ultrasoon_SOC/Vitis/design_1_wrapper/hw
TRACE::2025-03-17.12:05:57::SCWPlatform:: Platform Path C:/devWorks/Ultrasoon_SOC/Vitis/design_1_wrapper/hw/design_1_wrapper.xsa
TRACE::2025-03-17.12:05:57::SCWPlatform:: Unique name xilinx:pynq-z2::0.0
TRACE::2025-03-17.12:05:57::SCWPlatform::Trying to set the existing hwdb with name design_1_wrapper_0
TRACE::2025-03-17.12:05:57::SCWPlatform::Opened existing hwdb design_1_wrapper_0
TRACE::2025-03-17.12:05:57::SCWPlatform::Found the Hw Db part of the input DSA
TRACE::2025-03-17.12:05:57::SCWMssOS::Checking the sw design at  C:/devWorks/Ultrasoon_SOC/Vitis/design_1_wrapper/ps7_cortexa9_0/standalone_ps7_cortexa9_0/bsp/system.mss
TRACE::2025-03-17.12:05:57::SCWMssOS::DEBUG:  swdes dump  C:/devWorks/Ultrasoon_SOC/Vitis/design_1_wrapper/ps7_cortexa9_0/standalone_ps7_cortexa9_0/bsp/system.mss|system_0||
C:/devWorks/Ultrasoon_SOC/Vitis/design_1_wrapper/zynq_fsbl/zynq_fsbl_bsp/system.mss|system||

TRACE::2025-03-17.12:05:57::SCWMssOS::Sw design exists and opened at  C:/devWorks/Ultrasoon_SOC/Vitis/design_1_wrapper/ps7_cortexa9_0/standalone_ps7_cortexa9_0/bsp/system.mss
TRACE::2025-03-17.12:05:57::SCWPlatform::Trying to open the hw design at C:/devWorks/Ultrasoon_SOC/Vitis/design_1_wrapper/hw/design_1_wrapper.xsa
TRACE::2025-03-17.12:05:57::SCWPlatform::DSA given C:/devWorks/Ultrasoon_SOC/Vitis/design_1_wrapper/hw/design_1_wrapper.xsa
TRACE::2025-03-17.12:05:57::SCWPlatform::DSA absoulate path C:/devWorks/Ultrasoon_SOC/Vitis/design_1_wrapper/hw/design_1_wrapper.xsa
TRACE::2025-03-17.12:05:57::SCWPlatform::DSA directory C:/devWorks/Ultrasoon_SOC/Vitis/design_1_wrapper/hw
TRACE::2025-03-17.12:05:57::SCWPlatform:: Platform Path C:/devWorks/Ultrasoon_SOC/Vitis/design_1_wrapper/hw/design_1_wrapper.xsa
TRACE::2025-03-17.12:05:57::SCWPlatform:: Unique name xilinx:pynq-z2::0.0
TRACE::2025-03-17.12:05:57::SCWPlatform::Trying to set the existing hwdb with name design_1_wrapper_0
TRACE::2025-03-17.12:05:57::SCWPlatform::Opened existing hwdb design_1_wrapper_0
TRACE::2025-03-17.12:05:57::SCWPlatform::Found the Hw Db part of the input DSA
TRACE::2025-03-17.12:05:57::SCWMssOS::Checking the sw design at  C:/devWorks/Ultrasoon_SOC/Vitis/design_1_wrapper/ps7_cortexa9_0/standalone_ps7_cortexa9_0/bsp/system.mss
TRACE::2025-03-17.12:05:57::SCWMssOS::DEBUG:  swdes dump  C:/devWorks/Ultrasoon_SOC/Vitis/design_1_wrapper/ps7_cortexa9_0/standalone_ps7_cortexa9_0/bsp/system.mss|system_0||
C:/devWorks/Ultrasoon_SOC/Vitis/design_1_wrapper/zynq_fsbl/zynq_fsbl_bsp/system.mss|system||

TRACE::2025-03-17.12:05:57::SCWMssOS::Sw design exists and opened at  C:/devWorks/Ultrasoon_SOC/Vitis/design_1_wrapper/ps7_cortexa9_0/standalone_ps7_cortexa9_0/bsp/system.mss
TRACE::2025-03-17.12:05:57::SCWWriter::formatted JSON is {
	"platformName":	"design_1_wrapper",
	"sprVersion":	"2.0",
	"mode":	"gui",
	"dsaType":	"Fixed",
	"platformDesc":	"design_1_wrapper",
	"platHandOff":	"C:/devWorks/Ultrasoon_SOC/design_1_wrapper.xsa",
	"platIntHandOff":	"<platformDir>/hw/design_1_wrapper.xsa",
	"deviceType":	"zynq",
	"platIsPrebuiltAutogen":	"false",
	"platIsNoBootBsp":	"false",
	"platFsblTarget":	"ps7_cortexa9_0",
	"hasFsblMakeHasChanges":	"false",
	"hasPmufwMakeHasChanges":	"false",
	"fsblExtraCompilerFlags":	"-MMD -MP       -mcpu=cortex-a9 -mfpu=vfpv3 -mfloat-abi=hard ",
	"platPreBuiltFlag":	false,
	"platformSamplesDir":	"",
	"platActiveSys":	"design_1_wrapper",
	"systems":	[{
			"systemName":	"design_1_wrapper",
			"systemDesc":	"design_1_wrapper",
			"sysIsBootAutoGen":	"true",
			"systemDispName":	"design_1_wrapper",
			"sysActiveDom":	"standalone_ps7_cortexa9_0",
			"sysDefaultDom":	"standalone_ps7_cortexa9_0",
			"domains":	[{
					"domainName":	"zynq_fsbl",
					"domainDispName":	"zynq_fsbl",
					"domainDesc":	"FSBL Application BSP - Auto Generated.",
					"processors":	"ps7_cortexa9_0",
					"os":	"standalone",
					"sdxOs":	"standalone",
					"debugEnable":	"",
					"domRuntimes":	["cpp"],
					"swRepo":	"",
					"mssOsVer":	"9.1",
					"mssFile":	"",
					"md5Digest":	"9efe651139896911d8304288c112af41",
					"compatibleApp":	"zynq_fsbl",
					"domType":	"bootDomain",
					"arch":	"32-bit",
					"appSettings":	{
						"appCompilerFlags":	"",
						"appLinkerFlags":	""
					},
					"addedLibs":	["xilffs:5.2", "xilrsa:1.8"],
					"libOptions":	{
						"libsContainingOptions":	[]
					},
					"prebuiltLibs":	{
						"prebuiltIncPath":	[],
						"prebuiltLibPath":	[]
					},
					"isolation":	{
					}
				}, {
					"domainName":	"standalone_ps7_cortexa9_0",
					"domainDispName":	"standalone_ps7_cortexa9_0",
					"domainDesc":	"standalone_ps7_cortexa9_0",
					"processors":	"ps7_cortexa9_0",
					"os":	"standalone",
					"sdxOs":	"standalone",
					"qemuArgs":	"<platformDir>/resources/design_1_wrapper/standalone_ps7_cortexa9_0/qemu_args.txt",
					"qemuData":	"<platformDir>/resources/design_1_wrapper/standalone_ps7_cortexa9_0/qemu",
					"debugEnable":	"False",
					"domRuntimes":	["cpp"],
					"swRepo":	"",
					"mssOsVer":	"9.1",
					"mssFile":	"",
					"md5Digest":	"e16c5a05474eb5878f3d5c795fb9c37a",
					"compatibleApp":	"hello_world",
					"domType":	"mssDomain",
					"arch":	"32-bit",
					"appSettings":	{
						"appCompilerFlags":	"",
						"appLinkerFlags":	""
					},
					"addedLibs":	[],
					"libOptions":	{
						"libsContainingOptions":	[]
					},
					"prebuiltLibs":	{
						"prebuiltIncPath":	[],
						"prebuiltLibPath":	[]
					},
					"isolation":	{
					}
				}]
		}]
}
KEYINFO::2025-03-17.12:05:57::SCWPlatform::updated the xpfm file.
LOG::2025-03-17.12:06:28::SCWPlatform::Started generating the artifacts platform design_1_wrapper
TRACE::2025-03-17.12:06:28::SCWPlatform::Sanity checking of platform is completed
LOG::2025-03-17.12:06:28::SCWPlatform::Started generating the artifacts for system configuration design_1_wrapper
LOG::2025-03-17.12:06:28::SCWSystem::Checking the domain zynq_fsbl
LOG::2025-03-17.12:06:28::SCWSystem::Doing application build for :  zynq_fsbl
TRACE::2025-03-17.12:06:28::SCWBDomain::Not a forced makefile updation, No changes are present. 
TRACE::2025-03-17.12:06:28::SCWDomain::Building the domain as part of full build :  zynq_fsbl
TRACE::2025-03-17.12:06:28::SCWPlatform::Trying to open the hw design at C:/devWorks/Ultrasoon_SOC/Vitis/design_1_wrapper/hw/design_1_wrapper.xsa
TRACE::2025-03-17.12:06:28::SCWPlatform::DSA given C:/devWorks/Ultrasoon_SOC/Vitis/design_1_wrapper/hw/design_1_wrapper.xsa
TRACE::2025-03-17.12:06:28::SCWPlatform::DSA absoulate path C:/devWorks/Ultrasoon_SOC/Vitis/design_1_wrapper/hw/design_1_wrapper.xsa
TRACE::2025-03-17.12:06:28::SCWPlatform::DSA directory C:/devWorks/Ultrasoon_SOC/Vitis/design_1_wrapper/hw
TRACE::2025-03-17.12:06:28::SCWPlatform:: Platform Path C:/devWorks/Ultrasoon_SOC/Vitis/design_1_wrapper/hw/design_1_wrapper.xsa
TRACE::2025-03-17.12:06:28::SCWPlatform:: Unique name xilinx:pynq-z2::0.0
TRACE::2025-03-17.12:06:28::SCWPlatform::Trying to set the existing hwdb with name design_1_wrapper_0
TRACE::2025-03-17.12:06:28::SCWPlatform::Opened existing hwdb design_1_wrapper_0
TRACE::2025-03-17.12:06:28::SCWPlatform::Found the Hw Db part of the input DSA
TRACE::2025-03-17.12:06:28::SCWMssOS::Checking the sw design at  C:/devWorks/Ultrasoon_SOC/Vitis/design_1_wrapper/zynq_fsbl/zynq_fsbl_bsp/system.mss
TRACE::2025-03-17.12:06:28::SCWMssOS::DEBUG:  swdes dump  C:/devWorks/Ultrasoon_SOC/Vitis/design_1_wrapper/ps7_cortexa9_0/standalone_ps7_cortexa9_0/bsp/system.mss|system_0||
C:/devWorks/Ultrasoon_SOC/Vitis/design_1_wrapper/zynq_fsbl/zynq_fsbl_bsp/system.mss|system||

TRACE::2025-03-17.12:06:28::SCWMssOS::Sw design exists and opened at  C:/devWorks/Ultrasoon_SOC/Vitis/design_1_wrapper/zynq_fsbl/zynq_fsbl_bsp/system.mss
TRACE::2025-03-17.12:06:28::SCWBDomain::Completed writing the mss file at C:/devWorks/Ultrasoon_SOC/Vitis/design_1_wrapper/zynq_fsbl/zynq_fsbl_bsp
TRACE::2025-03-17.12:06:28::SCWBDomain::bsp generated is upto date with the mss file. Skipping bsp generation.
TRACE::2025-03-17.12:06:28::SCWBDomain::Not a forced makefile updation, No changes are present. 
TRACE::2025-03-17.12:06:28::SCWBDomain::System Command Ran  C:&  cd  C:/devWorks/Ultrasoon_SOC/Vitis/design_1_wrapper/zynq_fsbl& make -C  zynq_fsbl_bsp & make 
TRACE::2025-03-17.12:06:28::SCWBDomain::make: Entering directory 'C:/devWorks/Ultrasoon_SOC/Vitis/design_1_wrapper/zynq_fsbl/zynq_fsbl_bsp'

TRACE::2025-03-17.12:06:28::SCWBDomain::make --no-print-directory seq_libs

TRACE::2025-03-17.12:06:28::SCWBDomain::"Running Make include in ps7_cortexa9_0/libsrc/coresightps_dcc_v1_10/src"

TRACE::2025-03-17.12:06:28::SCWBDomain::make -C ps7_cortexa9_0/libsrc/coresightps_dcc_v1_10/src -s include  "SHELL=CMD" "COMPILER=arm-none-eabi-gcc" "ASSEMBLER=arm-non
TRACE::2025-03-17.12:06:28::SCWBDomain::e-eabi-as" "ARCHIVER=arm-none-eabi-ar" "COMPILER_FLAGS=  -O2 -c" "EXTRA_COMPILER_FLAGS=-mcpu=cortex-a9 -mfpu=vfpv3 -mfloat-abi=
TRACE::2025-03-17.12:06:28::SCWBDomain::hard -nostartfiles -g -Wall -Wextra -fno-tree-loop-distribute-patterns"

TRACE::2025-03-17.12:06:28::SCWBDomain::"Running Make include in ps7_cortexa9_0/libsrc/cpu_cortexa9_v2_12/src"

TRACE::2025-03-17.12:06:28::SCWBDomain::make -C ps7_cortexa9_0/libsrc/cpu_cortexa9_v2_12/src -s include  "SHELL=CMD" "COMPILER=arm-none-eabi-gcc" "ASSEMBLER=arm-none-e
TRACE::2025-03-17.12:06:28::SCWBDomain::abi-as" "ARCHIVER=arm-none-eabi-ar" "COMPILER_FLAGS=  -O2 -c" "EXTRA_COMPILER_FLAGS=-mcpu=cortex-a9 -mfpu=vfpv3 -mfloat-abi=har
TRACE::2025-03-17.12:06:28::SCWBDomain::d -nostartfiles -g -Wall -Wextra -fno-tree-loop-distribute-patterns"

TRACE::2025-03-17.12:06:28::SCWBDomain::"Running Make include in ps7_cortexa9_0/libsrc/ddrps_v1_2/src"

TRACE::2025-03-17.12:06:28::SCWBDomain::make -C ps7_cortexa9_0/libsrc/ddrps_v1_2/src -s include  "SHELL=CMD" "COMPILER=arm-none-eabi-gcc" "ASSEMBLER=arm-none-eabi-as" 
TRACE::2025-03-17.12:06:28::SCWBDomain::"ARCHIVER=arm-none-eabi-ar" "COMPILER_FLAGS=  -O2 -c" "EXTRA_COMPILER_FLAGS=-mcpu=cortex-a9 -mfpu=vfpv3 -mfloat-abi=hard -nosta
TRACE::2025-03-17.12:06:28::SCWBDomain::rtfiles -g -Wall -Wextra -fno-tree-loop-distribute-patterns"

TRACE::2025-03-17.12:06:28::SCWBDomain::"Running Make include in ps7_cortexa9_0/libsrc/devcfg_v3_8/src"

TRACE::2025-03-17.12:06:28::SCWBDomain::make -C ps7_cortexa9_0/libsrc/devcfg_v3_8/src -s include  "SHELL=CMD" "COMPILER=arm-none-eabi-gcc" "ASSEMBLER=arm-none-eabi-as"
TRACE::2025-03-17.12:06:28::SCWBDomain:: "ARCHIVER=arm-none-eabi-ar" "COMPILER_FLAGS=  -O2 -c" "EXTRA_COMPILER_FLAGS=-mcpu=cortex-a9 -mfpu=vfpv3 -mfloat-abi=hard -nost
TRACE::2025-03-17.12:06:28::SCWBDomain::artfiles -g -Wall -Wextra -fno-tree-loop-distribute-patterns"

TRACE::2025-03-17.12:06:28::SCWBDomain::"Running Make include in ps7_cortexa9_0/libsrc/dmaps_v2_10/src"

TRACE::2025-03-17.12:06:28::SCWBDomain::make -C ps7_cortexa9_0/libsrc/dmaps_v2_10/src -s include  "SHELL=CMD" "COMPILER=arm-none-eabi-gcc" "ASSEMBLER=arm-none-eabi-as"
TRACE::2025-03-17.12:06:28::SCWBDomain:: "ARCHIVER=arm-none-eabi-ar" "COMPILER_FLAGS=  -O2 -c" "EXTRA_COMPILER_FLAGS=-mcpu=cortex-a9 -mfpu=vfpv3 -mfloat-abi=hard -nost
TRACE::2025-03-17.12:06:28::SCWBDomain::artfiles -g -Wall -Wextra -fno-tree-loop-distribute-patterns"

TRACE::2025-03-17.12:06:28::SCWBDomain::"Running Make include in ps7_cortexa9_0/libsrc/emacps_v3_20/src"

TRACE::2025-03-17.12:06:28::SCWBDomain::make -C ps7_cortexa9_0/libsrc/emacps_v3_20/src -s include  "SHELL=CMD" "COMPILER=arm-none-eabi-gcc" "ASSEMBLER=arm-none-eabi-as
TRACE::2025-03-17.12:06:28::SCWBDomain::" "ARCHIVER=arm-none-eabi-ar" "COMPILER_FLAGS=  -O2 -c" "EXTRA_COMPILER_FLAGS=-mcpu=cortex-a9 -mfpu=vfpv3 -mfloat-abi=hard -nos
TRACE::2025-03-17.12:06:28::SCWBDomain::tartfiles -g -Wall -Wextra -fno-tree-loop-distribute-patterns"

TRACE::2025-03-17.12:06:28::SCWBDomain::"Running Make include in ps7_cortexa9_0/libsrc/gpiops_v3_13/src"

TRACE::2025-03-17.12:06:28::SCWBDomain::make -C ps7_cortexa9_0/libsrc/gpiops_v3_13/src -s include  "SHELL=CMD" "COMPILER=arm-none-eabi-gcc" "ASSEMBLER=arm-none-eabi-as
TRACE::2025-03-17.12:06:28::SCWBDomain::" "ARCHIVER=arm-none-eabi-ar" "COMPILER_FLAGS=  -O2 -c" "EXTRA_COMPILER_FLAGS=-mcpu=cortex-a9 -mfpu=vfpv3 -mfloat-abi=hard -nos
TRACE::2025-03-17.12:06:28::SCWBDomain::tartfiles -g -Wall -Wextra -fno-tree-loop-distribute-patterns"

TRACE::2025-03-17.12:06:29::SCWBDomain::"Running Make include in ps7_cortexa9_0/libsrc/qspips_v3_12/src"

TRACE::2025-03-17.12:06:29::SCWBDomain::make -C ps7_cortexa9_0/libsrc/qspips_v3_12/src -s include  "SHELL=CMD" "COMPILER=arm-none-eabi-gcc" "ASSEMBLER=arm-none-eabi-as
TRACE::2025-03-17.12:06:29::SCWBDomain::" "ARCHIVER=arm-none-eabi-ar" "COMPILER_FLAGS=  -O2 -c" "EXTRA_COMPILER_FLAGS=-mcpu=cortex-a9 -mfpu=vfpv3 -mfloat-abi=hard -nos
TRACE::2025-03-17.12:06:29::SCWBDomain::tartfiles -g -Wall -Wextra -fno-tree-loop-distribute-patterns"

TRACE::2025-03-17.12:06:29::SCWBDomain::"Running Make include in ps7_cortexa9_0/libsrc/scugic_v5_3/src"

TRACE::2025-03-17.12:06:29::SCWBDomain::make -C ps7_cortexa9_0/libsrc/scugic_v5_3/src -s include  "SHELL=CMD" "COMPILER=arm-none-eabi-gcc" "ASSEMBLER=arm-none-eabi-as"
TRACE::2025-03-17.12:06:29::SCWBDomain:: "ARCHIVER=arm-none-eabi-ar" "COMPILER_FLAGS=  -O2 -c" "EXTRA_COMPILER_FLAGS=-mcpu=cortex-a9 -mfpu=vfpv3 -mfloat-abi=hard -nost
TRACE::2025-03-17.12:06:29::SCWBDomain::artfiles -g -Wall -Wextra -fno-tree-loop-distribute-patterns"

TRACE::2025-03-17.12:06:29::SCWBDomain::"Running Make include in ps7_cortexa9_0/libsrc/scutimer_v2_6/src"

TRACE::2025-03-17.12:06:29::SCWBDomain::make -C ps7_cortexa9_0/libsrc/scutimer_v2_6/src -s include  "SHELL=CMD" "COMPILER=arm-none-eabi-gcc" "ASSEMBLER=arm-none-eabi-a
TRACE::2025-03-17.12:06:29::SCWBDomain::s" "ARCHIVER=arm-none-eabi-ar" "COMPILER_FLAGS=  -O2 -c" "EXTRA_COMPILER_FLAGS=-mcpu=cortex-a9 -mfpu=vfpv3 -mfloat-abi=hard -no
TRACE::2025-03-17.12:06:29::SCWBDomain::startfiles -g -Wall -Wextra -fno-tree-loop-distribute-patterns"

TRACE::2025-03-17.12:06:29::SCWBDomain::"Running Make include in ps7_cortexa9_0/libsrc/scuwdt_v2_5/src"

TRACE::2025-03-17.12:06:29::SCWBDomain::make -C ps7_cortexa9_0/libsrc/scuwdt_v2_5/src -s include  "SHELL=CMD" "COMPILER=arm-none-eabi-gcc" "ASSEMBLER=arm-none-eabi-as"
TRACE::2025-03-17.12:06:29::SCWBDomain:: "ARCHIVER=arm-none-eabi-ar" "COMPILER_FLAGS=  -O2 -c" "EXTRA_COMPILER_FLAGS=-mcpu=cortex-a9 -mfpu=vfpv3 -mfloat-abi=hard -nost
TRACE::2025-03-17.12:06:29::SCWBDomain::artfiles -g -Wall -Wextra -fno-tree-loop-distribute-patterns"

TRACE::2025-03-17.12:06:29::SCWBDomain::"Running Make include in ps7_cortexa9_0/libsrc/sdps_v4_3/src"

TRACE::2025-03-17.12:06:29::SCWBDomain::make -C ps7_cortexa9_0/libsrc/sdps_v4_3/src -s include  "SHELL=CMD" "COMPILER=arm-none-eabi-gcc" "ASSEMBLER=arm-none-eabi-as" "
TRACE::2025-03-17.12:06:29::SCWBDomain::ARCHIVER=arm-none-eabi-ar" "COMPILER_FLAGS=  -O2 -c" "EXTRA_COMPILER_FLAGS=-mcpu=cortex-a9 -mfpu=vfpv3 -mfloat-abi=hard -nostar
TRACE::2025-03-17.12:06:29::SCWBDomain::tfiles -g -Wall -Wextra -fno-tree-loop-distribute-patterns"

TRACE::2025-03-17.12:06:29::SCWBDomain::"Running Make include in ps7_cortexa9_0/libsrc/standalone_v9_1/src"

TRACE::2025-03-17.12:06:29::SCWBDomain::make -C ps7_cortexa9_0/libsrc/standalone_v9_1/src -s include  "SHELL=CMD" "COMPILER=arm-none-eabi-gcc" "ASSEMBLER=arm-none-eabi
TRACE::2025-03-17.12:06:29::SCWBDomain::-as" "ARCHIVER=arm-none-eabi-ar" "COMPILER_FLAGS=  -O2 -c" "EXTRA_COMPILER_FLAGS=-mcpu=cortex-a9 -mfpu=vfpv3 -mfloat-abi=hard -
TRACE::2025-03-17.12:06:29::SCWBDomain::nostartfiles -g -Wall -Wextra -fno-tree-loop-distribute-patterns"

TRACE::2025-03-17.12:06:30::SCWBDomain::"Running Make include in ps7_cortexa9_0/libsrc/uartps_v3_14/src"

TRACE::2025-03-17.12:06:30::SCWBDomain::make -C ps7_cortexa9_0/libsrc/uartps_v3_14/src -s include  "SHELL=CMD" "COMPILER=arm-none-eabi-gcc" "ASSEMBLER=arm-none-eabi-as
TRACE::2025-03-17.12:06:30::SCWBDomain::" "ARCHIVER=arm-none-eabi-ar" "COMPILER_FLAGS=  -O2 -c" "EXTRA_COMPILER_FLAGS=-mcpu=cortex-a9 -mfpu=vfpv3 -mfloat-abi=hard -nos
TRACE::2025-03-17.12:06:30::SCWBDomain::tartfiles -g -Wall -Wextra -fno-tree-loop-distribute-patterns"

TRACE::2025-03-17.12:06:30::SCWBDomain::"Running Make include in ps7_cortexa9_0/libsrc/ultrasoon_v1_0/src"

TRACE::2025-03-17.12:06:30::SCWBDomain::make -C ps7_cortexa9_0/libsrc/ultrasoon_v1_0/src -s include  "SHELL=CMD" "COMPILER=arm-none-eabi-gcc" "ASSEMBLER=arm-none-eabi-
TRACE::2025-03-17.12:06:30::SCWBDomain::as" "ARCHIVER=arm-none-eabi-ar" "COMPILER_FLAGS=  -O2 -c" "EXTRA_COMPILER_FLAGS=-mcpu=cortex-a9 -mfpu=vfpv3 -mfloat-abi=hard -n
TRACE::2025-03-17.12:06:30::SCWBDomain::ostartfiles -g -Wall -Wextra -fno-tree-loop-distribute-patterns"

TRACE::2025-03-17.12:06:30::SCWBDomain::"Running Make include in ps7_cortexa9_0/libsrc/usbps_v2_9/src"

TRACE::2025-03-17.12:06:30::SCWBDomain::make -C ps7_cortexa9_0/libsrc/usbps_v2_9/src -s include  "SHELL=CMD" "COMPILER=arm-none-eabi-gcc" "ASSEMBLER=arm-none-eabi-as" 
TRACE::2025-03-17.12:06:30::SCWBDomain::"ARCHIVER=arm-none-eabi-ar" "COMPILER_FLAGS=  -O2 -c" "EXTRA_COMPILER_FLAGS=-mcpu=cortex-a9 -mfpu=vfpv3 -mfloat-abi=hard -nosta
TRACE::2025-03-17.12:06:30::SCWBDomain::rtfiles -g -Wall -Wextra -fno-tree-loop-distribute-patterns"

TRACE::2025-03-17.12:06:30::SCWBDomain::"Running Make include in ps7_cortexa9_0/libsrc/xadcps_v2_7/src"

TRACE::2025-03-17.12:06:30::SCWBDomain::make -C ps7_cortexa9_0/libsrc/xadcps_v2_7/src -s include  "SHELL=CMD" "COMPILER=arm-none-eabi-gcc" "ASSEMBLER=arm-none-eabi-as"
TRACE::2025-03-17.12:06:30::SCWBDomain:: "ARCHIVER=arm-none-eabi-ar" "COMPILER_FLAGS=  -O2 -c" "EXTRA_COMPILER_FLAGS=-mcpu=cortex-a9 -mfpu=vfpv3 -mfloat-abi=hard -nost
TRACE::2025-03-17.12:06:30::SCWBDomain::artfiles -g -Wall -Wextra -fno-tree-loop-distribute-patterns"

TRACE::2025-03-17.12:06:30::SCWBDomain::"Running Make include in ps7_cortexa9_0/libsrc/xilffs_v5_2/src"

TRACE::2025-03-17.12:06:30::SCWBDomain::make -C ps7_cortexa9_0/libsrc/xilffs_v5_2/src -s include  "SHELL=CMD" "COMPILER=arm-none-eabi-gcc" "ASSEMBLER=arm-none-eabi-as"
TRACE::2025-03-17.12:06:30::SCWBDomain:: "ARCHIVER=arm-none-eabi-ar" "COMPILER_FLAGS=  -O2 -c" "EXTRA_COMPILER_FLAGS=-mcpu=cortex-a9 -mfpu=vfpv3 -mfloat-abi=hard -nost
TRACE::2025-03-17.12:06:30::SCWBDomain::artfiles -g -Wall -Wextra -fno-tree-loop-distribute-patterns"

TRACE::2025-03-17.12:06:30::SCWBDomain::"Running Make include in ps7_cortexa9_0/libsrc/xilrsa_v1_8/src"

TRACE::2025-03-17.12:06:30::SCWBDomain::make -C ps7_cortexa9_0/libsrc/xilrsa_v1_8/src -s include  "SHELL=CMD" "COMPILER=arm-none-eabi-gcc" "ASSEMBLER=arm-none-eabi-as"
TRACE::2025-03-17.12:06:30::SCWBDomain:: "ARCHIVER=arm-none-eabi-ar" "COMPILER_FLAGS=  -O2 -c" "EXTRA_COMPILER_FLAGS=-mcpu=cortex-a9 -mfpu=vfpv3 -mfloat-abi=hard -nost
TRACE::2025-03-17.12:06:30::SCWBDomain::artfiles -g -Wall -Wextra -fno-tree-loop-distribute-patterns"

TRACE::2025-03-17.12:06:30::SCWBDomain::"Running Make libs in ps7_cortexa9_0/libsrc/ultrasoon_v1_0/src"

TRACE::2025-03-17.12:06:30::SCWBDomain::make -C ps7_cortexa9_0/libsrc/ultrasoon_v1_0/src -s libs  "SHELL=CMD" "COMPILER=arm-none-eabi-gcc" "ASSEMBLER=arm-none-eabi-as"
TRACE::2025-03-17.12:06:30::SCWBDomain:: "ARCHIVER=arm-none-eabi-ar" "COMPILER_FLAGS=  -O2 -c" "EXTRA_COMPILER_FLAGS=-mcpu=cortex-a9 -mfpu=vfpv3 -mfloat-abi=hard -nost
TRACE::2025-03-17.12:06:30::SCWBDomain::artfiles -g -Wall -Wextra -fno-tree-loop-distribute-patterns"

TRACE::2025-03-17.12:06:31::SCWBDomain::"Compiling ultrasoon..."

TRACE::2025-03-17.12:06:31::SCWBDomain::make: Leaving directory 'C:/devWorks/Ultrasoon_SOC/Vitis/design_1_wrapper/zynq_fsbl/zynq_fsbl_bsp'

TRACE::2025-03-17.12:06:31::SCWBDomain::make -C zynq_fsbl_bsp

TRACE::2025-03-17.12:06:31::SCWBDomain::make[1]: Entering directory 'C:/devWorks/Ultrasoon_SOC/Vitis/design_1_wrapper/zynq_fsbl/zynq_fsbl_bsp'

TRACE::2025-03-17.12:06:31::SCWBDomain::make --no-print-directory seq_libs

TRACE::2025-03-17.12:06:31::SCWBDomain::"Running Make include in ps7_cortexa9_0/libsrc/coresightps_dcc_v1_10/src"

TRACE::2025-03-17.12:06:31::SCWBDomain::make -C ps7_cortexa9_0/libsrc/coresightps_dcc_v1_10/src -s include  "SHELL=CMD" "COMPILER=arm-none-eabi-gcc" "ASSEMBLER=arm-non
TRACE::2025-03-17.12:06:31::SCWBDomain::e-eabi-as" "ARCHIVER=arm-none-eabi-ar" "COMPILER_FLAGS=  -O2 -c" "EXTRA_COMPILER_FLAGS=-mcpu=cortex-a9 -mfpu=vfpv3 -mfloat-abi=
TRACE::2025-03-17.12:06:31::SCWBDomain::hard -nostartfiles -g -Wall -Wextra -fno-tree-loop-distribute-patterns"

TRACE::2025-03-17.12:06:31::SCWBDomain::"Running Make include in ps7_cortexa9_0/libsrc/cpu_cortexa9_v2_12/src"

TRACE::2025-03-17.12:06:31::SCWBDomain::make -C ps7_cortexa9_0/libsrc/cpu_cortexa9_v2_12/src -s include  "SHELL=CMD" "COMPILER=arm-none-eabi-gcc" "ASSEMBLER=arm-none-e
TRACE::2025-03-17.12:06:31::SCWBDomain::abi-as" "ARCHIVER=arm-none-eabi-ar" "COMPILER_FLAGS=  -O2 -c" "EXTRA_COMPILER_FLAGS=-mcpu=cortex-a9 -mfpu=vfpv3 -mfloat-abi=har
TRACE::2025-03-17.12:06:31::SCWBDomain::d -nostartfiles -g -Wall -Wextra -fno-tree-loop-distribute-patterns"

TRACE::2025-03-17.12:06:31::SCWBDomain::"Running Make include in ps7_cortexa9_0/libsrc/ddrps_v1_2/src"

TRACE::2025-03-17.12:06:31::SCWBDomain::make -C ps7_cortexa9_0/libsrc/ddrps_v1_2/src -s include  "SHELL=CMD" "COMPILER=arm-none-eabi-gcc" "ASSEMBLER=arm-none-eabi-as" 
TRACE::2025-03-17.12:06:31::SCWBDomain::"ARCHIVER=arm-none-eabi-ar" "COMPILER_FLAGS=  -O2 -c" "EXTRA_COMPILER_FLAGS=-mcpu=cortex-a9 -mfpu=vfpv3 -mfloat-abi=hard -nosta
TRACE::2025-03-17.12:06:31::SCWBDomain::rtfiles -g -Wall -Wextra -fno-tree-loop-distribute-patterns"

TRACE::2025-03-17.12:06:31::SCWBDomain::"Running Make include in ps7_cortexa9_0/libsrc/devcfg_v3_8/src"

TRACE::2025-03-17.12:06:31::SCWBDomain::make -C ps7_cortexa9_0/libsrc/devcfg_v3_8/src -s include  "SHELL=CMD" "COMPILER=arm-none-eabi-gcc" "ASSEMBLER=arm-none-eabi-as"
TRACE::2025-03-17.12:06:31::SCWBDomain:: "ARCHIVER=arm-none-eabi-ar" "COMPILER_FLAGS=  -O2 -c" "EXTRA_COMPILER_FLAGS=-mcpu=cortex-a9 -mfpu=vfpv3 -mfloat-abi=hard -nost
TRACE::2025-03-17.12:06:31::SCWBDomain::artfiles -g -Wall -Wextra -fno-tree-loop-distribute-patterns"

TRACE::2025-03-17.12:06:31::SCWBDomain::"Running Make include in ps7_cortexa9_0/libsrc/dmaps_v2_10/src"

TRACE::2025-03-17.12:06:31::SCWBDomain::make -C ps7_cortexa9_0/libsrc/dmaps_v2_10/src -s include  "SHELL=CMD" "COMPILER=arm-none-eabi-gcc" "ASSEMBLER=arm-none-eabi-as"
TRACE::2025-03-17.12:06:31::SCWBDomain:: "ARCHIVER=arm-none-eabi-ar" "COMPILER_FLAGS=  -O2 -c" "EXTRA_COMPILER_FLAGS=-mcpu=cortex-a9 -mfpu=vfpv3 -mfloat-abi=hard -nost
TRACE::2025-03-17.12:06:31::SCWBDomain::artfiles -g -Wall -Wextra -fno-tree-loop-distribute-patterns"

TRACE::2025-03-17.12:06:31::SCWBDomain::"Running Make include in ps7_cortexa9_0/libsrc/emacps_v3_20/src"

TRACE::2025-03-17.12:06:31::SCWBDomain::make -C ps7_cortexa9_0/libsrc/emacps_v3_20/src -s include  "SHELL=CMD" "COMPILER=arm-none-eabi-gcc" "ASSEMBLER=arm-none-eabi-as
TRACE::2025-03-17.12:06:31::SCWBDomain::" "ARCHIVER=arm-none-eabi-ar" "COMPILER_FLAGS=  -O2 -c" "EXTRA_COMPILER_FLAGS=-mcpu=cortex-a9 -mfpu=vfpv3 -mfloat-abi=hard -nos
TRACE::2025-03-17.12:06:31::SCWBDomain::tartfiles -g -Wall -Wextra -fno-tree-loop-distribute-patterns"

TRACE::2025-03-17.12:06:31::SCWBDomain::"Running Make include in ps7_cortexa9_0/libsrc/gpiops_v3_13/src"

TRACE::2025-03-17.12:06:31::SCWBDomain::make -C ps7_cortexa9_0/libsrc/gpiops_v3_13/src -s include  "SHELL=CMD" "COMPILER=arm-none-eabi-gcc" "ASSEMBLER=arm-none-eabi-as
TRACE::2025-03-17.12:06:31::SCWBDomain::" "ARCHIVER=arm-none-eabi-ar" "COMPILER_FLAGS=  -O2 -c" "EXTRA_COMPILER_FLAGS=-mcpu=cortex-a9 -mfpu=vfpv3 -mfloat-abi=hard -nos
TRACE::2025-03-17.12:06:31::SCWBDomain::tartfiles -g -Wall -Wextra -fno-tree-loop-distribute-patterns"

TRACE::2025-03-17.12:06:31::SCWBDomain::"Running Make include in ps7_cortexa9_0/libsrc/qspips_v3_12/src"

TRACE::2025-03-17.12:06:31::SCWBDomain::make -C ps7_cortexa9_0/libsrc/qspips_v3_12/src -s include  "SHELL=CMD" "COMPILER=arm-none-eabi-gcc" "ASSEMBLER=arm-none-eabi-as
TRACE::2025-03-17.12:06:31::SCWBDomain::" "ARCHIVER=arm-none-eabi-ar" "COMPILER_FLAGS=  -O2 -c" "EXTRA_COMPILER_FLAGS=-mcpu=cortex-a9 -mfpu=vfpv3 -mfloat-abi=hard -nos
TRACE::2025-03-17.12:06:31::SCWBDomain::tartfiles -g -Wall -Wextra -fno-tree-loop-distribute-patterns"

TRACE::2025-03-17.12:06:31::SCWBDomain::"Running Make include in ps7_cortexa9_0/libsrc/scugic_v5_3/src"

TRACE::2025-03-17.12:06:31::SCWBDomain::make -C ps7_cortexa9_0/libsrc/scugic_v5_3/src -s include  "SHELL=CMD" "COMPILER=arm-none-eabi-gcc" "ASSEMBLER=arm-none-eabi-as"
TRACE::2025-03-17.12:06:31::SCWBDomain:: "ARCHIVER=arm-none-eabi-ar" "COMPILER_FLAGS=  -O2 -c" "EXTRA_COMPILER_FLAGS=-mcpu=cortex-a9 -mfpu=vfpv3 -mfloat-abi=hard -nost
TRACE::2025-03-17.12:06:31::SCWBDomain::artfiles -g -Wall -Wextra -fno-tree-loop-distribute-patterns"

TRACE::2025-03-17.12:06:31::SCWBDomain::"Running Make include in ps7_cortexa9_0/libsrc/scutimer_v2_6/src"

TRACE::2025-03-17.12:06:31::SCWBDomain::make -C ps7_cortexa9_0/libsrc/scutimer_v2_6/src -s include  "SHELL=CMD" "COMPILER=arm-none-eabi-gcc" "ASSEMBLER=arm-none-eabi-a
TRACE::2025-03-17.12:06:31::SCWBDomain::s" "ARCHIVER=arm-none-eabi-ar" "COMPILER_FLAGS=  -O2 -c" "EXTRA_COMPILER_FLAGS=-mcpu=cortex-a9 -mfpu=vfpv3 -mfloat-abi=hard -no
TRACE::2025-03-17.12:06:31::SCWBDomain::startfiles -g -Wall -Wextra -fno-tree-loop-distribute-patterns"

TRACE::2025-03-17.12:06:31::SCWBDomain::"Running Make include in ps7_cortexa9_0/libsrc/scuwdt_v2_5/src"

TRACE::2025-03-17.12:06:31::SCWBDomain::make -C ps7_cortexa9_0/libsrc/scuwdt_v2_5/src -s include  "SHELL=CMD" "COMPILER=arm-none-eabi-gcc" "ASSEMBLER=arm-none-eabi-as"
TRACE::2025-03-17.12:06:31::SCWBDomain:: "ARCHIVER=arm-none-eabi-ar" "COMPILER_FLAGS=  -O2 -c" "EXTRA_COMPILER_FLAGS=-mcpu=cortex-a9 -mfpu=vfpv3 -mfloat-abi=hard -nost
TRACE::2025-03-17.12:06:31::SCWBDomain::artfiles -g -Wall -Wextra -fno-tree-loop-distribute-patterns"

TRACE::2025-03-17.12:06:31::SCWBDomain::"Running Make include in ps7_cortexa9_0/libsrc/sdps_v4_3/src"

TRACE::2025-03-17.12:06:31::SCWBDomain::make -C ps7_cortexa9_0/libsrc/sdps_v4_3/src -s include  "SHELL=CMD" "COMPILER=arm-none-eabi-gcc" "ASSEMBLER=arm-none-eabi-as" "
TRACE::2025-03-17.12:06:31::SCWBDomain::ARCHIVER=arm-none-eabi-ar" "COMPILER_FLAGS=  -O2 -c" "EXTRA_COMPILER_FLAGS=-mcpu=cortex-a9 -mfpu=vfpv3 -mfloat-abi=hard -nostar
TRACE::2025-03-17.12:06:31::SCWBDomain::tfiles -g -Wall -Wextra -fno-tree-loop-distribute-patterns"

TRACE::2025-03-17.12:06:31::SCWBDomain::"Running Make include in ps7_cortexa9_0/libsrc/standalone_v9_1/src"

TRACE::2025-03-17.12:06:31::SCWBDomain::make -C ps7_cortexa9_0/libsrc/standalone_v9_1/src -s include  "SHELL=CMD" "COMPILER=arm-none-eabi-gcc" "ASSEMBLER=arm-none-eabi
TRACE::2025-03-17.12:06:31::SCWBDomain::-as" "ARCHIVER=arm-none-eabi-ar" "COMPILER_FLAGS=  -O2 -c" "EXTRA_COMPILER_FLAGS=-mcpu=cortex-a9 -mfpu=vfpv3 -mfloat-abi=hard -
TRACE::2025-03-17.12:06:31::SCWBDomain::nostartfiles -g -Wall -Wextra -fno-tree-loop-distribute-patterns"

TRACE::2025-03-17.12:06:31::SCWBDomain::"Running Make include in ps7_cortexa9_0/libsrc/uartps_v3_14/src"

TRACE::2025-03-17.12:06:31::SCWBDomain::make -C ps7_cortexa9_0/libsrc/uartps_v3_14/src -s include  "SHELL=CMD" "COMPILER=arm-none-eabi-gcc" "ASSEMBLER=arm-none-eabi-as
TRACE::2025-03-17.12:06:31::SCWBDomain::" "ARCHIVER=arm-none-eabi-ar" "COMPILER_FLAGS=  -O2 -c" "EXTRA_COMPILER_FLAGS=-mcpu=cortex-a9 -mfpu=vfpv3 -mfloat-abi=hard -nos
TRACE::2025-03-17.12:06:31::SCWBDomain::tartfiles -g -Wall -Wextra -fno-tree-loop-distribute-patterns"

TRACE::2025-03-17.12:06:32::SCWBDomain::"Running Make include in ps7_cortexa9_0/libsrc/ultrasoon_v1_0/src"

TRACE::2025-03-17.12:06:32::SCWBDomain::make -C ps7_cortexa9_0/libsrc/ultrasoon_v1_0/src -s include  "SHELL=CMD" "COMPILER=arm-none-eabi-gcc" "ASSEMBLER=arm-none-eabi-
TRACE::2025-03-17.12:06:32::SCWBDomain::as" "ARCHIVER=arm-none-eabi-ar" "COMPILER_FLAGS=  -O2 -c" "EXTRA_COMPILER_FLAGS=-mcpu=cortex-a9 -mfpu=vfpv3 -mfloat-abi=hard -n
TRACE::2025-03-17.12:06:32::SCWBDomain::ostartfiles -g -Wall -Wextra -fno-tree-loop-distribute-patterns"

TRACE::2025-03-17.12:06:32::SCWBDomain::"Running Make include in ps7_cortexa9_0/libsrc/usbps_v2_9/src"

TRACE::2025-03-17.12:06:32::SCWBDomain::make -C ps7_cortexa9_0/libsrc/usbps_v2_9/src -s include  "SHELL=CMD" "COMPILER=arm-none-eabi-gcc" "ASSEMBLER=arm-none-eabi-as" 
TRACE::2025-03-17.12:06:32::SCWBDomain::"ARCHIVER=arm-none-eabi-ar" "COMPILER_FLAGS=  -O2 -c" "EXTRA_COMPILER_FLAGS=-mcpu=cortex-a9 -mfpu=vfpv3 -mfloat-abi=hard -nosta
TRACE::2025-03-17.12:06:32::SCWBDomain::rtfiles -g -Wall -Wextra -fno-tree-loop-distribute-patterns"

TRACE::2025-03-17.12:06:32::SCWBDomain::"Running Make include in ps7_cortexa9_0/libsrc/xadcps_v2_7/src"

TRACE::2025-03-17.12:06:32::SCWBDomain::make -C ps7_cortexa9_0/libsrc/xadcps_v2_7/src -s include  "SHELL=CMD" "COMPILER=arm-none-eabi-gcc" "ASSEMBLER=arm-none-eabi-as"
TRACE::2025-03-17.12:06:32::SCWBDomain:: "ARCHIVER=arm-none-eabi-ar" "COMPILER_FLAGS=  -O2 -c" "EXTRA_COMPILER_FLAGS=-mcpu=cortex-a9 -mfpu=vfpv3 -mfloat-abi=hard -nost
TRACE::2025-03-17.12:06:32::SCWBDomain::artfiles -g -Wall -Wextra -fno-tree-loop-distribute-patterns"

TRACE::2025-03-17.12:06:32::SCWBDomain::"Running Make include in ps7_cortexa9_0/libsrc/xilffs_v5_2/src"

TRACE::2025-03-17.12:06:32::SCWBDomain::make -C ps7_cortexa9_0/libsrc/xilffs_v5_2/src -s include  "SHELL=CMD" "COMPILER=arm-none-eabi-gcc" "ASSEMBLER=arm-none-eabi-as"
TRACE::2025-03-17.12:06:32::SCWBDomain:: "ARCHIVER=arm-none-eabi-ar" "COMPILER_FLAGS=  -O2 -c" "EXTRA_COMPILER_FLAGS=-mcpu=cortex-a9 -mfpu=vfpv3 -mfloat-abi=hard -nost
TRACE::2025-03-17.12:06:32::SCWBDomain::artfiles -g -Wall -Wextra -fno-tree-loop-distribute-patterns"

TRACE::2025-03-17.12:06:32::SCWBDomain::"Running Make include in ps7_cortexa9_0/libsrc/xilrsa_v1_8/src"

TRACE::2025-03-17.12:06:32::SCWBDomain::make -C ps7_cortexa9_0/libsrc/xilrsa_v1_8/src -s include  "SHELL=CMD" "COMPILER=arm-none-eabi-gcc" "ASSEMBLER=arm-none-eabi-as"
TRACE::2025-03-17.12:06:32::SCWBDomain:: "ARCHIVER=arm-none-eabi-ar" "COMPILER_FLAGS=  -O2 -c" "EXTRA_COMPILER_FLAGS=-mcpu=cortex-a9 -mfpu=vfpv3 -mfloat-abi=hard -nost
TRACE::2025-03-17.12:06:32::SCWBDomain::artfiles -g -Wall -Wextra -fno-tree-loop-distribute-patterns"

TRACE::2025-03-17.12:06:32::SCWBDomain::"Running Make libs in ps7_cortexa9_0/libsrc/ultrasoon_v1_0/src"

TRACE::2025-03-17.12:06:32::SCWBDomain::make -C ps7_cortexa9_0/libsrc/ultrasoon_v1_0/src -s libs  "SHELL=CMD" "COMPILER=arm-none-eabi-gcc" "ASSEMBLER=arm-none-eabi-as"
TRACE::2025-03-17.12:06:32::SCWBDomain:: "ARCHIVER=arm-none-eabi-ar" "COMPILER_FLAGS=  -O2 -c" "EXTRA_COMPILER_FLAGS=-mcpu=cortex-a9 -mfpu=vfpv3 -mfloat-abi=hard -nost
TRACE::2025-03-17.12:06:32::SCWBDomain::artfiles -g -Wall -Wextra -fno-tree-loop-distribute-patterns"

TRACE::2025-03-17.12:06:32::SCWBDomain::"Compiling ultrasoon..."

TRACE::2025-03-17.12:06:32::SCWBDomain::make[1]: Leaving directory 'C:/devWorks/Ultrasoon_SOC/Vitis/design_1_wrapper/zynq_fsbl/zynq_fsbl_bsp'

ERROR::2025-03-17.12:06:32::SCWBDomain::Failed to build the  zynq_fsbl application.
LOG::2025-03-17.12:06:32::SCWSystem::Checking the domain standalone_ps7_cortexa9_0
LOG::2025-03-17.12:06:32::SCWSystem::Not a boot domain 
LOG::2025-03-17.12:06:32::SCWSystem::Started Processing the domain standalone_ps7_cortexa9_0
TRACE::2025-03-17.12:06:32::SCWDomain::Generating domain artifcats
TRACE::2025-03-17.12:06:32::SCWMssOS::Generating standalone artifcats
TRACE::2025-03-17.12:06:32::SCWMssOS::Copying the qemu file from  C:/devWorks/Ultrasoon_SOC/Vitis/design_1_wrapper/resources/design_1_wrapper/standalone_ps7_cortexa9_0/qemu_args.txt To C:/devWorks/Ultrasoon_SOC/Vitis/design_1_wrapper/export/design_1_wrapper/sw/design_1_wrapper/qemu/
TRACE::2025-03-17.12:06:32::SCWMssOS::Copying the qemu file from  C:/devWorks/Ultrasoon_SOC/Vitis/design_1_wrapper/resources/design_1_wrapper/standalone_ps7_cortexa9_0/qemu_args.txt To C:/devWorks/Ultrasoon_SOC/Vitis/design_1_wrapper/export/design_1_wrapper/sw/design_1_wrapper/standalone_ps7_cortexa9_0/qemu/
TRACE::2025-03-17.12:06:32::SCWMssOS:: Copying the user libraries. 
TRACE::2025-03-17.12:06:32::SCWPlatform::Trying to open the hw design at C:/devWorks/Ultrasoon_SOC/Vitis/design_1_wrapper/hw/design_1_wrapper.xsa
TRACE::2025-03-17.12:06:32::SCWPlatform::DSA given C:/devWorks/Ultrasoon_SOC/Vitis/design_1_wrapper/hw/design_1_wrapper.xsa
TRACE::2025-03-17.12:06:32::SCWPlatform::DSA absoulate path C:/devWorks/Ultrasoon_SOC/Vitis/design_1_wrapper/hw/design_1_wrapper.xsa
TRACE::2025-03-17.12:06:32::SCWPlatform::DSA directory C:/devWorks/Ultrasoon_SOC/Vitis/design_1_wrapper/hw
TRACE::2025-03-17.12:06:32::SCWPlatform:: Platform Path C:/devWorks/Ultrasoon_SOC/Vitis/design_1_wrapper/hw/design_1_wrapper.xsa
TRACE::2025-03-17.12:06:32::SCWPlatform:: Unique name xilinx:pynq-z2::0.0
TRACE::2025-03-17.12:06:32::SCWPlatform::Trying to set the existing hwdb with name design_1_wrapper_0
TRACE::2025-03-17.12:06:32::SCWPlatform::Opened existing hwdb design_1_wrapper_0
TRACE::2025-03-17.12:06:32::SCWPlatform::Found the Hw Db part of the input DSA
TRACE::2025-03-17.12:06:32::SCWMssOS::Checking the sw design at  C:/devWorks/Ultrasoon_SOC/Vitis/design_1_wrapper/ps7_cortexa9_0/standalone_ps7_cortexa9_0/bsp/system.mss
TRACE::2025-03-17.12:06:32::SCWMssOS::DEBUG:  swdes dump  C:/devWorks/Ultrasoon_SOC/Vitis/design_1_wrapper/ps7_cortexa9_0/standalone_ps7_cortexa9_0/bsp/system.mss|system_0||
C:/devWorks/Ultrasoon_SOC/Vitis/design_1_wrapper/zynq_fsbl/zynq_fsbl_bsp/system.mss|system||

TRACE::2025-03-17.12:06:32::SCWMssOS::Sw design exists and opened at  C:/devWorks/Ultrasoon_SOC/Vitis/design_1_wrapper/ps7_cortexa9_0/standalone_ps7_cortexa9_0/bsp/system.mss
TRACE::2025-03-17.12:06:32::SCWMssOS::Completed writing the mss file at C:/devWorks/Ultrasoon_SOC/Vitis/design_1_wrapper/ps7_cortexa9_0/standalone_ps7_cortexa9_0/bsp
TRACE::2025-03-17.12:06:32::SCWMssOS::Mss edits present, copying mssfile into export location C:/devWorks/Ultrasoon_SOC/Vitis/design_1_wrapper/ps7_cortexa9_0/standalone_ps7_cortexa9_0/bsp/system.mss
TRACE::2025-03-17.12:06:32::SCWMssOS::bsp generated is upto date with the mss file. Skipping bsp generation.
TRACE::2025-03-17.12:06:32::SCWMssOS::BSP is already built. skipping the bsp build ... 
TRACE::2025-03-17.12:06:32::SCWDomain::Building the domain as part of full build :  standalone_ps7_cortexa9_0
TRACE::2025-03-17.12:06:32::SCWMssOS::doing bsp build ... 
TRACE::2025-03-17.12:06:32::SCWMssOS::System Command Ran  C: & cd  C:/devWorks/Ultrasoon_SOC/Vitis/design_1_wrapper/ps7_cortexa9_0/standalone_ps7_cortexa9_0/bsp & make 
TRACE::2025-03-17.12:06:32::SCWMssOS::make --no-print-directory seq_libs

TRACE::2025-03-17.12:06:32::SCWMssOS::"Running Make include in ps7_cortexa9_0/libsrc/coresightps_dcc_v1_10/src"

TRACE::2025-03-17.12:06:32::SCWMssOS::make -C ps7_cortexa9_0/libsrc/coresightps_dcc_v1_10/src -s include  "SHELL=CMD" "COMPILER=arm-none-eabi-gcc" "ASSEMBLER=arm-non
TRACE::2025-03-17.12:06:32::SCWMssOS::e-eabi-as" "ARCHIVER=arm-none-eabi-ar" "COMPILER_FLAGS=  -O2 -c" "EXTRA_COMPILER_FLAGS=-mcpu=cortex-a9 -mfpu=vfpv3 -mfloat-abi=
TRACE::2025-03-17.12:06:32::SCWMssOS::hard -nostartfiles -g -Wall -Wextra -fno-tree-loop-distribute-patterns"

TRACE::2025-03-17.12:06:32::SCWMssOS::"Running Make include in ps7_cortexa9_0/libsrc/cpu_cortexa9_v2_12/src"

TRACE::2025-03-17.12:06:32::SCWMssOS::make -C ps7_cortexa9_0/libsrc/cpu_cortexa9_v2_12/src -s include  "SHELL=CMD" "COMPILER=arm-none-eabi-gcc" "ASSEMBLER=arm-none-e
TRACE::2025-03-17.12:06:32::SCWMssOS::abi-as" "ARCHIVER=arm-none-eabi-ar" "COMPILER_FLAGS=  -O2 -c" "EXTRA_COMPILER_FLAGS=-mcpu=cortex-a9 -mfpu=vfpv3 -mfloat-abi=har
TRACE::2025-03-17.12:06:32::SCWMssOS::d -nostartfiles -g -Wall -Wextra -fno-tree-loop-distribute-patterns"

TRACE::2025-03-17.12:06:32::SCWMssOS::"Running Make include in ps7_cortexa9_0/libsrc/ddrps_v1_2/src"

TRACE::2025-03-17.12:06:32::SCWMssOS::make -C ps7_cortexa9_0/libsrc/ddrps_v1_2/src -s include  "SHELL=CMD" "COMPILER=arm-none-eabi-gcc" "ASSEMBLER=arm-none-eabi-as" 
TRACE::2025-03-17.12:06:32::SCWMssOS::"ARCHIVER=arm-none-eabi-ar" "COMPILER_FLAGS=  -O2 -c" "EXTRA_COMPILER_FLAGS=-mcpu=cortex-a9 -mfpu=vfpv3 -mfloat-abi=hard -nosta
TRACE::2025-03-17.12:06:32::SCWMssOS::rtfiles -g -Wall -Wextra -fno-tree-loop-distribute-patterns"

TRACE::2025-03-17.12:06:32::SCWMssOS::"Running Make include in ps7_cortexa9_0/libsrc/devcfg_v3_8/src"

TRACE::2025-03-17.12:06:32::SCWMssOS::make -C ps7_cortexa9_0/libsrc/devcfg_v3_8/src -s include  "SHELL=CMD" "COMPILER=arm-none-eabi-gcc" "ASSEMBLER=arm-none-eabi-as"
TRACE::2025-03-17.12:06:32::SCWMssOS:: "ARCHIVER=arm-none-eabi-ar" "COMPILER_FLAGS=  -O2 -c" "EXTRA_COMPILER_FLAGS=-mcpu=cortex-a9 -mfpu=vfpv3 -mfloat-abi=hard -nost
TRACE::2025-03-17.12:06:32::SCWMssOS::artfiles -g -Wall -Wextra -fno-tree-loop-distribute-patterns"

TRACE::2025-03-17.12:06:32::SCWMssOS::"Running Make include in ps7_cortexa9_0/libsrc/dmaps_v2_10/src"

TRACE::2025-03-17.12:06:32::SCWMssOS::make -C ps7_cortexa9_0/libsrc/dmaps_v2_10/src -s include  "SHELL=CMD" "COMPILER=arm-none-eabi-gcc" "ASSEMBLER=arm-none-eabi-as"
TRACE::2025-03-17.12:06:32::SCWMssOS:: "ARCHIVER=arm-none-eabi-ar" "COMPILER_FLAGS=  -O2 -c" "EXTRA_COMPILER_FLAGS=-mcpu=cortex-a9 -mfpu=vfpv3 -mfloat-abi=hard -nost
TRACE::2025-03-17.12:06:32::SCWMssOS::artfiles -g -Wall -Wextra -fno-tree-loop-distribute-patterns"

TRACE::2025-03-17.12:06:32::SCWMssOS::"Running Make include in ps7_cortexa9_0/libsrc/emacps_v3_20/src"

TRACE::2025-03-17.12:06:32::SCWMssOS::make -C ps7_cortexa9_0/libsrc/emacps_v3_20/src -s include  "SHELL=CMD" "COMPILER=arm-none-eabi-gcc" "ASSEMBLER=arm-none-eabi-as
TRACE::2025-03-17.12:06:32::SCWMssOS::" "ARCHIVER=arm-none-eabi-ar" "COMPILER_FLAGS=  -O2 -c" "EXTRA_COMPILER_FLAGS=-mcpu=cortex-a9 -mfpu=vfpv3 -mfloat-abi=hard -nos
TRACE::2025-03-17.12:06:32::SCWMssOS::tartfiles -g -Wall -Wextra -fno-tree-loop-distribute-patterns"

TRACE::2025-03-17.12:06:33::SCWMssOS::"Running Make include in ps7_cortexa9_0/libsrc/gpiops_v3_13/src"

TRACE::2025-03-17.12:06:33::SCWMssOS::make -C ps7_cortexa9_0/libsrc/gpiops_v3_13/src -s include  "SHELL=CMD" "COMPILER=arm-none-eabi-gcc" "ASSEMBLER=arm-none-eabi-as
TRACE::2025-03-17.12:06:33::SCWMssOS::" "ARCHIVER=arm-none-eabi-ar" "COMPILER_FLAGS=  -O2 -c" "EXTRA_COMPILER_FLAGS=-mcpu=cortex-a9 -mfpu=vfpv3 -mfloat-abi=hard -nos
TRACE::2025-03-17.12:06:33::SCWMssOS::tartfiles -g -Wall -Wextra -fno-tree-loop-distribute-patterns"

TRACE::2025-03-17.12:06:33::SCWMssOS::"Running Make include in ps7_cortexa9_0/libsrc/qspips_v3_12/src"

TRACE::2025-03-17.12:06:33::SCWMssOS::make -C ps7_cortexa9_0/libsrc/qspips_v3_12/src -s include  "SHELL=CMD" "COMPILER=arm-none-eabi-gcc" "ASSEMBLER=arm-none-eabi-as
TRACE::2025-03-17.12:06:33::SCWMssOS::" "ARCHIVER=arm-none-eabi-ar" "COMPILER_FLAGS=  -O2 -c" "EXTRA_COMPILER_FLAGS=-mcpu=cortex-a9 -mfpu=vfpv3 -mfloat-abi=hard -nos
TRACE::2025-03-17.12:06:33::SCWMssOS::tartfiles -g -Wall -Wextra -fno-tree-loop-distribute-patterns"

TRACE::2025-03-17.12:06:33::SCWMssOS::"Running Make include in ps7_cortexa9_0/libsrc/scugic_v5_3/src"

TRACE::2025-03-17.12:06:33::SCWMssOS::make -C ps7_cortexa9_0/libsrc/scugic_v5_3/src -s include  "SHELL=CMD" "COMPILER=arm-none-eabi-gcc" "ASSEMBLER=arm-none-eabi-as"
TRACE::2025-03-17.12:06:33::SCWMssOS:: "ARCHIVER=arm-none-eabi-ar" "COMPILER_FLAGS=  -O2 -c" "EXTRA_COMPILER_FLAGS=-mcpu=cortex-a9 -mfpu=vfpv3 -mfloat-abi=hard -nost
TRACE::2025-03-17.12:06:33::SCWMssOS::artfiles -g -Wall -Wextra -fno-tree-loop-distribute-patterns"

TRACE::2025-03-17.12:06:33::SCWMssOS::"Running Make include in ps7_cortexa9_0/libsrc/scutimer_v2_6/src"

TRACE::2025-03-17.12:06:33::SCWMssOS::make -C ps7_cortexa9_0/libsrc/scutimer_v2_6/src -s include  "SHELL=CMD" "COMPILER=arm-none-eabi-gcc" "ASSEMBLER=arm-none-eabi-a
TRACE::2025-03-17.12:06:33::SCWMssOS::s" "ARCHIVER=arm-none-eabi-ar" "COMPILER_FLAGS=  -O2 -c" "EXTRA_COMPILER_FLAGS=-mcpu=cortex-a9 -mfpu=vfpv3 -mfloat-abi=hard -no
TRACE::2025-03-17.12:06:33::SCWMssOS::startfiles -g -Wall -Wextra -fno-tree-loop-distribute-patterns"

TRACE::2025-03-17.12:06:33::SCWMssOS::"Running Make include in ps7_cortexa9_0/libsrc/scuwdt_v2_5/src"

TRACE::2025-03-17.12:06:33::SCWMssOS::make -C ps7_cortexa9_0/libsrc/scuwdt_v2_5/src -s include  "SHELL=CMD" "COMPILER=arm-none-eabi-gcc" "ASSEMBLER=arm-none-eabi-as"
TRACE::2025-03-17.12:06:33::SCWMssOS:: "ARCHIVER=arm-none-eabi-ar" "COMPILER_FLAGS=  -O2 -c" "EXTRA_COMPILER_FLAGS=-mcpu=cortex-a9 -mfpu=vfpv3 -mfloat-abi=hard -nost
TRACE::2025-03-17.12:06:33::SCWMssOS::artfiles -g -Wall -Wextra -fno-tree-loop-distribute-patterns"

TRACE::2025-03-17.12:06:33::SCWMssOS::"Running Make include in ps7_cortexa9_0/libsrc/sdps_v4_3/src"

TRACE::2025-03-17.12:06:33::SCWMssOS::make -C ps7_cortexa9_0/libsrc/sdps_v4_3/src -s include  "SHELL=CMD" "COMPILER=arm-none-eabi-gcc" "ASSEMBLER=arm-none-eabi-as" "
TRACE::2025-03-17.12:06:33::SCWMssOS::ARCHIVER=arm-none-eabi-ar" "COMPILER_FLAGS=  -O2 -c" "EXTRA_COMPILER_FLAGS=-mcpu=cortex-a9 -mfpu=vfpv3 -mfloat-abi=hard -nostar
TRACE::2025-03-17.12:06:33::SCWMssOS::tfiles -g -Wall -Wextra -fno-tree-loop-distribute-patterns"

TRACE::2025-03-17.12:06:33::SCWMssOS::"Running Make include in ps7_cortexa9_0/libsrc/standalone_v9_1/src"

TRACE::2025-03-17.12:06:33::SCWMssOS::make -C ps7_cortexa9_0/libsrc/standalone_v9_1/src -s include  "SHELL=CMD" "COMPILER=arm-none-eabi-gcc" "ASSEMBLER=arm-none-eabi
TRACE::2025-03-17.12:06:33::SCWMssOS::-as" "ARCHIVER=arm-none-eabi-ar" "COMPILER_FLAGS=  -O2 -c" "EXTRA_COMPILER_FLAGS=-mcpu=cortex-a9 -mfpu=vfpv3 -mfloat-abi=hard -
TRACE::2025-03-17.12:06:33::SCWMssOS::nostartfiles -g -Wall -Wextra -fno-tree-loop-distribute-patterns"

TRACE::2025-03-17.12:06:34::SCWMssOS::"Running Make include in ps7_cortexa9_0/libsrc/uartps_v3_14/src"

TRACE::2025-03-17.12:06:34::SCWMssOS::make -C ps7_cortexa9_0/libsrc/uartps_v3_14/src -s include  "SHELL=CMD" "COMPILER=arm-none-eabi-gcc" "ASSEMBLER=arm-none-eabi-as
TRACE::2025-03-17.12:06:34::SCWMssOS::" "ARCHIVER=arm-none-eabi-ar" "COMPILER_FLAGS=  -O2 -c" "EXTRA_COMPILER_FLAGS=-mcpu=cortex-a9 -mfpu=vfpv3 -mfloat-abi=hard -nos
TRACE::2025-03-17.12:06:34::SCWMssOS::tartfiles -g -Wall -Wextra -fno-tree-loop-distribute-patterns"

TRACE::2025-03-17.12:06:34::SCWMssOS::"Running Make include in ps7_cortexa9_0/libsrc/ultrasoon_v1_0/src"

TRACE::2025-03-17.12:06:34::SCWMssOS::make -C ps7_cortexa9_0/libsrc/ultrasoon_v1_0/src -s include  "SHELL=CMD" "COMPILER=arm-none-eabi-gcc" "ASSEMBLER=arm-none-eabi-
TRACE::2025-03-17.12:06:34::SCWMssOS::as" "ARCHIVER=arm-none-eabi-ar" "COMPILER_FLAGS=  -O2 -c" "EXTRA_COMPILER_FLAGS=-mcpu=cortex-a9 -mfpu=vfpv3 -mfloat-abi=hard -n
TRACE::2025-03-17.12:06:34::SCWMssOS::ostartfiles -g -Wall -Wextra -fno-tree-loop-distribute-patterns"

TRACE::2025-03-17.12:06:34::SCWMssOS::"Running Make include in ps7_cortexa9_0/libsrc/usbps_v2_9/src"

TRACE::2025-03-17.12:06:34::SCWMssOS::make -C ps7_cortexa9_0/libsrc/usbps_v2_9/src -s include  "SHELL=CMD" "COMPILER=arm-none-eabi-gcc" "ASSEMBLER=arm-none-eabi-as" 
TRACE::2025-03-17.12:06:34::SCWMssOS::"ARCHIVER=arm-none-eabi-ar" "COMPILER_FLAGS=  -O2 -c" "EXTRA_COMPILER_FLAGS=-mcpu=cortex-a9 -mfpu=vfpv3 -mfloat-abi=hard -nosta
TRACE::2025-03-17.12:06:34::SCWMssOS::rtfiles -g -Wall -Wextra -fno-tree-loop-distribute-patterns"

TRACE::2025-03-17.12:06:34::SCWMssOS::"Running Make include in ps7_cortexa9_0/libsrc/xadcps_v2_7/src"

TRACE::2025-03-17.12:06:34::SCWMssOS::make -C ps7_cortexa9_0/libsrc/xadcps_v2_7/src -s include  "SHELL=CMD" "COMPILER=arm-none-eabi-gcc" "ASSEMBLER=arm-none-eabi-as"
TRACE::2025-03-17.12:06:34::SCWMssOS:: "ARCHIVER=arm-none-eabi-ar" "COMPILER_FLAGS=  -O2 -c" "EXTRA_COMPILER_FLAGS=-mcpu=cortex-a9 -mfpu=vfpv3 -mfloat-abi=hard -nost
TRACE::2025-03-17.12:06:34::SCWMssOS::artfiles -g -Wall -Wextra -fno-tree-loop-distribute-patterns"

TRACE::2025-03-17.12:06:34::SCWMssOS::"Running Make libs in ps7_cortexa9_0/libsrc/ultrasoon_v1_0/src"

TRACE::2025-03-17.12:06:34::SCWMssOS::make -C ps7_cortexa9_0/libsrc/ultrasoon_v1_0/src -s libs  "SHELL=CMD" "COMPILER=arm-none-eabi-gcc" "ASSEMBLER=arm-none-eabi-as"
TRACE::2025-03-17.12:06:34::SCWMssOS:: "ARCHIVER=arm-none-eabi-ar" "COMPILER_FLAGS=  -O2 -c" "EXTRA_COMPILER_FLAGS=-mcpu=cortex-a9 -mfpu=vfpv3 -mfloat-abi=hard -nost
TRACE::2025-03-17.12:06:34::SCWMssOS::artfiles -g -Wall -Wextra -fno-tree-loop-distribute-patterns"

TRACE::2025-03-17.12:06:34::SCWMssOS::"Compiling ultrasoon..."

ERROR::2025-03-17.12:06:34::SCWMssOS::Failed to build  the bsp sources for domain - standalone_ps7_cortexa9_0
ERROR::2025-03-17.12:06:34::SCWSystem::Error in Processing the domain standalone_ps7_cortexa9_0
LOG::2025-03-17.12:06:47::SCWPlatform::Started generating the artifacts platform design_1_wrapper
TRACE::2025-03-17.12:06:47::SCWPlatform::Sanity checking of platform is completed
LOG::2025-03-17.12:06:47::SCWPlatform::Started generating the artifacts for system configuration design_1_wrapper
LOG::2025-03-17.12:06:47::SCWSystem::Checking the domain zynq_fsbl
LOG::2025-03-17.12:06:47::SCWSystem::Doing application build for :  zynq_fsbl
TRACE::2025-03-17.12:06:47::SCWBDomain::Not a forced makefile updation, No changes are present. 
TRACE::2025-03-17.12:06:47::SCWDomain::Building the domain as part of full build :  zynq_fsbl
TRACE::2025-03-17.12:06:47::SCWPlatform::Trying to open the hw design at C:/devWorks/Ultrasoon_SOC/Vitis/design_1_wrapper/hw/design_1_wrapper.xsa
TRACE::2025-03-17.12:06:47::SCWPlatform::DSA given C:/devWorks/Ultrasoon_SOC/Vitis/design_1_wrapper/hw/design_1_wrapper.xsa
TRACE::2025-03-17.12:06:47::SCWPlatform::DSA absoulate path C:/devWorks/Ultrasoon_SOC/Vitis/design_1_wrapper/hw/design_1_wrapper.xsa
TRACE::2025-03-17.12:06:47::SCWPlatform::DSA directory C:/devWorks/Ultrasoon_SOC/Vitis/design_1_wrapper/hw
TRACE::2025-03-17.12:06:47::SCWPlatform:: Platform Path C:/devWorks/Ultrasoon_SOC/Vitis/design_1_wrapper/hw/design_1_wrapper.xsa
TRACE::2025-03-17.12:06:47::SCWPlatform:: Unique name xilinx:pynq-z2::0.0
TRACE::2025-03-17.12:06:47::SCWPlatform::Trying to set the existing hwdb with name design_1_wrapper_0
TRACE::2025-03-17.12:06:47::SCWPlatform::Opened existing hwdb design_1_wrapper_0
TRACE::2025-03-17.12:06:47::SCWPlatform::Found the Hw Db part of the input DSA
TRACE::2025-03-17.12:06:47::SCWMssOS::Checking the sw design at  C:/devWorks/Ultrasoon_SOC/Vitis/design_1_wrapper/zynq_fsbl/zynq_fsbl_bsp/system.mss
TRACE::2025-03-17.12:06:47::SCWMssOS::DEBUG:  swdes dump  C:/devWorks/Ultrasoon_SOC/Vitis/design_1_wrapper/ps7_cortexa9_0/standalone_ps7_cortexa9_0/bsp/system.mss|system_0||
C:/devWorks/Ultrasoon_SOC/Vitis/design_1_wrapper/zynq_fsbl/zynq_fsbl_bsp/system.mss|system||

TRACE::2025-03-17.12:06:47::SCWMssOS::Sw design exists and opened at  C:/devWorks/Ultrasoon_SOC/Vitis/design_1_wrapper/zynq_fsbl/zynq_fsbl_bsp/system.mss
TRACE::2025-03-17.12:06:47::SCWBDomain::Completed writing the mss file at C:/devWorks/Ultrasoon_SOC/Vitis/design_1_wrapper/zynq_fsbl/zynq_fsbl_bsp
TRACE::2025-03-17.12:06:47::SCWBDomain::bsp generated is upto date with the mss file. Skipping bsp generation.
TRACE::2025-03-17.12:06:47::SCWBDomain::Not a forced makefile updation, No changes are present. 
TRACE::2025-03-17.12:06:47::SCWBDomain::System Command Ran  C:&  cd  C:/devWorks/Ultrasoon_SOC/Vitis/design_1_wrapper/zynq_fsbl& make -C  zynq_fsbl_bsp & make 
TRACE::2025-03-17.12:06:47::SCWBDomain::make: Entering directory 'C:/devWorks/Ultrasoon_SOC/Vitis/design_1_wrapper/zynq_fsbl/zynq_fsbl_bsp'

TRACE::2025-03-17.12:06:47::SCWBDomain::make --no-print-directory seq_libs

TRACE::2025-03-17.12:06:47::SCWBDomain::"Running Make include in ps7_cortexa9_0/libsrc/coresightps_dcc_v1_10/src"

TRACE::2025-03-17.12:06:47::SCWBDomain::make -C ps7_cortexa9_0/libsrc/coresightps_dcc_v1_10/src -s include  "SHELL=CMD" "COMPILER=arm-none-eabi-gcc" "ASSEMBLER=arm-non
TRACE::2025-03-17.12:06:47::SCWBDomain::e-eabi-as" "ARCHIVER=arm-none-eabi-ar" "COMPILER_FLAGS=  -O2 -c" "EXTRA_COMPILER_FLAGS=-mcpu=cortex-a9 -mfpu=vfpv3 -mfloat-abi=
TRACE::2025-03-17.12:06:47::SCWBDomain::hard -nostartfiles -g -Wall -Wextra -fno-tree-loop-distribute-patterns"

TRACE::2025-03-17.12:06:47::SCWBDomain::"Running Make include in ps7_cortexa9_0/libsrc/cpu_cortexa9_v2_12/src"

TRACE::2025-03-17.12:06:47::SCWBDomain::make -C ps7_cortexa9_0/libsrc/cpu_cortexa9_v2_12/src -s include  "SHELL=CMD" "COMPILER=arm-none-eabi-gcc" "ASSEMBLER=arm-none-e
TRACE::2025-03-17.12:06:47::SCWBDomain::abi-as" "ARCHIVER=arm-none-eabi-ar" "COMPILER_FLAGS=  -O2 -c" "EXTRA_COMPILER_FLAGS=-mcpu=cortex-a9 -mfpu=vfpv3 -mfloat-abi=har
TRACE::2025-03-17.12:06:47::SCWBDomain::d -nostartfiles -g -Wall -Wextra -fno-tree-loop-distribute-patterns"

TRACE::2025-03-17.12:06:47::SCWBDomain::"Running Make include in ps7_cortexa9_0/libsrc/ddrps_v1_2/src"

TRACE::2025-03-17.12:06:47::SCWBDomain::make -C ps7_cortexa9_0/libsrc/ddrps_v1_2/src -s include  "SHELL=CMD" "COMPILER=arm-none-eabi-gcc" "ASSEMBLER=arm-none-eabi-as" 
TRACE::2025-03-17.12:06:47::SCWBDomain::"ARCHIVER=arm-none-eabi-ar" "COMPILER_FLAGS=  -O2 -c" "EXTRA_COMPILER_FLAGS=-mcpu=cortex-a9 -mfpu=vfpv3 -mfloat-abi=hard -nosta
TRACE::2025-03-17.12:06:47::SCWBDomain::rtfiles -g -Wall -Wextra -fno-tree-loop-distribute-patterns"

TRACE::2025-03-17.12:06:47::SCWBDomain::"Running Make include in ps7_cortexa9_0/libsrc/devcfg_v3_8/src"

TRACE::2025-03-17.12:06:47::SCWBDomain::make -C ps7_cortexa9_0/libsrc/devcfg_v3_8/src -s include  "SHELL=CMD" "COMPILER=arm-none-eabi-gcc" "ASSEMBLER=arm-none-eabi-as"
TRACE::2025-03-17.12:06:47::SCWBDomain:: "ARCHIVER=arm-none-eabi-ar" "COMPILER_FLAGS=  -O2 -c" "EXTRA_COMPILER_FLAGS=-mcpu=cortex-a9 -mfpu=vfpv3 -mfloat-abi=hard -nost
TRACE::2025-03-17.12:06:47::SCWBDomain::artfiles -g -Wall -Wextra -fno-tree-loop-distribute-patterns"

TRACE::2025-03-17.12:06:47::SCWBDomain::"Running Make include in ps7_cortexa9_0/libsrc/dmaps_v2_10/src"

TRACE::2025-03-17.12:06:47::SCWBDomain::make -C ps7_cortexa9_0/libsrc/dmaps_v2_10/src -s include  "SHELL=CMD" "COMPILER=arm-none-eabi-gcc" "ASSEMBLER=arm-none-eabi-as"
TRACE::2025-03-17.12:06:47::SCWBDomain:: "ARCHIVER=arm-none-eabi-ar" "COMPILER_FLAGS=  -O2 -c" "EXTRA_COMPILER_FLAGS=-mcpu=cortex-a9 -mfpu=vfpv3 -mfloat-abi=hard -nost
TRACE::2025-03-17.12:06:47::SCWBDomain::artfiles -g -Wall -Wextra -fno-tree-loop-distribute-patterns"

TRACE::2025-03-17.12:06:47::SCWBDomain::"Running Make include in ps7_cortexa9_0/libsrc/emacps_v3_20/src"

TRACE::2025-03-17.12:06:47::SCWBDomain::make -C ps7_cortexa9_0/libsrc/emacps_v3_20/src -s include  "SHELL=CMD" "COMPILER=arm-none-eabi-gcc" "ASSEMBLER=arm-none-eabi-as
TRACE::2025-03-17.12:06:47::SCWBDomain::" "ARCHIVER=arm-none-eabi-ar" "COMPILER_FLAGS=  -O2 -c" "EXTRA_COMPILER_FLAGS=-mcpu=cortex-a9 -mfpu=vfpv3 -mfloat-abi=hard -nos
TRACE::2025-03-17.12:06:47::SCWBDomain::tartfiles -g -Wall -Wextra -fno-tree-loop-distribute-patterns"

TRACE::2025-03-17.12:06:47::SCWBDomain::"Running Make include in ps7_cortexa9_0/libsrc/gpiops_v3_13/src"

TRACE::2025-03-17.12:06:47::SCWBDomain::make -C ps7_cortexa9_0/libsrc/gpiops_v3_13/src -s include  "SHELL=CMD" "COMPILER=arm-none-eabi-gcc" "ASSEMBLER=arm-none-eabi-as
TRACE::2025-03-17.12:06:47::SCWBDomain::" "ARCHIVER=arm-none-eabi-ar" "COMPILER_FLAGS=  -O2 -c" "EXTRA_COMPILER_FLAGS=-mcpu=cortex-a9 -mfpu=vfpv3 -mfloat-abi=hard -nos
TRACE::2025-03-17.12:06:47::SCWBDomain::tartfiles -g -Wall -Wextra -fno-tree-loop-distribute-patterns"

TRACE::2025-03-17.12:06:47::SCWBDomain::"Running Make include in ps7_cortexa9_0/libsrc/qspips_v3_12/src"

TRACE::2025-03-17.12:06:47::SCWBDomain::make -C ps7_cortexa9_0/libsrc/qspips_v3_12/src -s include  "SHELL=CMD" "COMPILER=arm-none-eabi-gcc" "ASSEMBLER=arm-none-eabi-as
TRACE::2025-03-17.12:06:47::SCWBDomain::" "ARCHIVER=arm-none-eabi-ar" "COMPILER_FLAGS=  -O2 -c" "EXTRA_COMPILER_FLAGS=-mcpu=cortex-a9 -mfpu=vfpv3 -mfloat-abi=hard -nos
TRACE::2025-03-17.12:06:47::SCWBDomain::tartfiles -g -Wall -Wextra -fno-tree-loop-distribute-patterns"

TRACE::2025-03-17.12:06:47::SCWBDomain::"Running Make include in ps7_cortexa9_0/libsrc/scugic_v5_3/src"

TRACE::2025-03-17.12:06:47::SCWBDomain::make -C ps7_cortexa9_0/libsrc/scugic_v5_3/src -s include  "SHELL=CMD" "COMPILER=arm-none-eabi-gcc" "ASSEMBLER=arm-none-eabi-as"
TRACE::2025-03-17.12:06:47::SCWBDomain:: "ARCHIVER=arm-none-eabi-ar" "COMPILER_FLAGS=  -O2 -c" "EXTRA_COMPILER_FLAGS=-mcpu=cortex-a9 -mfpu=vfpv3 -mfloat-abi=hard -nost
TRACE::2025-03-17.12:06:47::SCWBDomain::artfiles -g -Wall -Wextra -fno-tree-loop-distribute-patterns"

TRACE::2025-03-17.12:06:47::SCWBDomain::"Running Make include in ps7_cortexa9_0/libsrc/scutimer_v2_6/src"

TRACE::2025-03-17.12:06:47::SCWBDomain::make -C ps7_cortexa9_0/libsrc/scutimer_v2_6/src -s include  "SHELL=CMD" "COMPILER=arm-none-eabi-gcc" "ASSEMBLER=arm-none-eabi-a
TRACE::2025-03-17.12:06:47::SCWBDomain::s" "ARCHIVER=arm-none-eabi-ar" "COMPILER_FLAGS=  -O2 -c" "EXTRA_COMPILER_FLAGS=-mcpu=cortex-a9 -mfpu=vfpv3 -mfloat-abi=hard -no
TRACE::2025-03-17.12:06:47::SCWBDomain::startfiles -g -Wall -Wextra -fno-tree-loop-distribute-patterns"

TRACE::2025-03-17.12:06:47::SCWBDomain::"Running Make include in ps7_cortexa9_0/libsrc/scuwdt_v2_5/src"

TRACE::2025-03-17.12:06:47::SCWBDomain::make -C ps7_cortexa9_0/libsrc/scuwdt_v2_5/src -s include  "SHELL=CMD" "COMPILER=arm-none-eabi-gcc" "ASSEMBLER=arm-none-eabi-as"
TRACE::2025-03-17.12:06:47::SCWBDomain:: "ARCHIVER=arm-none-eabi-ar" "COMPILER_FLAGS=  -O2 -c" "EXTRA_COMPILER_FLAGS=-mcpu=cortex-a9 -mfpu=vfpv3 -mfloat-abi=hard -nost
TRACE::2025-03-17.12:06:47::SCWBDomain::artfiles -g -Wall -Wextra -fno-tree-loop-distribute-patterns"

TRACE::2025-03-17.12:06:47::SCWBDomain::"Running Make include in ps7_cortexa9_0/libsrc/sdps_v4_3/src"

TRACE::2025-03-17.12:06:47::SCWBDomain::make -C ps7_cortexa9_0/libsrc/sdps_v4_3/src -s include  "SHELL=CMD" "COMPILER=arm-none-eabi-gcc" "ASSEMBLER=arm-none-eabi-as" "
TRACE::2025-03-17.12:06:47::SCWBDomain::ARCHIVER=arm-none-eabi-ar" "COMPILER_FLAGS=  -O2 -c" "EXTRA_COMPILER_FLAGS=-mcpu=cortex-a9 -mfpu=vfpv3 -mfloat-abi=hard -nostar
TRACE::2025-03-17.12:06:47::SCWBDomain::tfiles -g -Wall -Wextra -fno-tree-loop-distribute-patterns"

TRACE::2025-03-17.12:06:48::SCWBDomain::"Running Make include in ps7_cortexa9_0/libsrc/standalone_v9_1/src"

TRACE::2025-03-17.12:06:48::SCWBDomain::make -C ps7_cortexa9_0/libsrc/standalone_v9_1/src -s include  "SHELL=CMD" "COMPILER=arm-none-eabi-gcc" "ASSEMBLER=arm-none-eabi
TRACE::2025-03-17.12:06:48::SCWBDomain::-as" "ARCHIVER=arm-none-eabi-ar" "COMPILER_FLAGS=  -O2 -c" "EXTRA_COMPILER_FLAGS=-mcpu=cortex-a9 -mfpu=vfpv3 -mfloat-abi=hard -
TRACE::2025-03-17.12:06:48::SCWBDomain::nostartfiles -g -Wall -Wextra -fno-tree-loop-distribute-patterns"

TRACE::2025-03-17.12:06:48::SCWBDomain::"Running Make include in ps7_cortexa9_0/libsrc/uartps_v3_14/src"

TRACE::2025-03-17.12:06:48::SCWBDomain::make -C ps7_cortexa9_0/libsrc/uartps_v3_14/src -s include  "SHELL=CMD" "COMPILER=arm-none-eabi-gcc" "ASSEMBLER=arm-none-eabi-as
TRACE::2025-03-17.12:06:48::SCWBDomain::" "ARCHIVER=arm-none-eabi-ar" "COMPILER_FLAGS=  -O2 -c" "EXTRA_COMPILER_FLAGS=-mcpu=cortex-a9 -mfpu=vfpv3 -mfloat-abi=hard -nos
TRACE::2025-03-17.12:06:48::SCWBDomain::tartfiles -g -Wall -Wextra -fno-tree-loop-distribute-patterns"

TRACE::2025-03-17.12:06:48::SCWBDomain::"Running Make include in ps7_cortexa9_0/libsrc/ultrasoon_v1_0/src"

TRACE::2025-03-17.12:06:48::SCWBDomain::make -C ps7_cortexa9_0/libsrc/ultrasoon_v1_0/src -s include  "SHELL=CMD" "COMPILER=arm-none-eabi-gcc" "ASSEMBLER=arm-none-eabi-
TRACE::2025-03-17.12:06:48::SCWBDomain::as" "ARCHIVER=arm-none-eabi-ar" "COMPILER_FLAGS=  -O2 -c" "EXTRA_COMPILER_FLAGS=-mcpu=cortex-a9 -mfpu=vfpv3 -mfloat-abi=hard -n
TRACE::2025-03-17.12:06:48::SCWBDomain::ostartfiles -g -Wall -Wextra -fno-tree-loop-distribute-patterns"

TRACE::2025-03-17.12:06:48::SCWBDomain::"Running Make include in ps7_cortexa9_0/libsrc/usbps_v2_9/src"

TRACE::2025-03-17.12:06:48::SCWBDomain::make -C ps7_cortexa9_0/libsrc/usbps_v2_9/src -s include  "SHELL=CMD" "COMPILER=arm-none-eabi-gcc" "ASSEMBLER=arm-none-eabi-as" 
TRACE::2025-03-17.12:06:48::SCWBDomain::"ARCHIVER=arm-none-eabi-ar" "COMPILER_FLAGS=  -O2 -c" "EXTRA_COMPILER_FLAGS=-mcpu=cortex-a9 -mfpu=vfpv3 -mfloat-abi=hard -nosta
TRACE::2025-03-17.12:06:48::SCWBDomain::rtfiles -g -Wall -Wextra -fno-tree-loop-distribute-patterns"

TRACE::2025-03-17.12:06:48::SCWBDomain::"Running Make include in ps7_cortexa9_0/libsrc/xadcps_v2_7/src"

TRACE::2025-03-17.12:06:48::SCWBDomain::make -C ps7_cortexa9_0/libsrc/xadcps_v2_7/src -s include  "SHELL=CMD" "COMPILER=arm-none-eabi-gcc" "ASSEMBLER=arm-none-eabi-as"
TRACE::2025-03-17.12:06:48::SCWBDomain:: "ARCHIVER=arm-none-eabi-ar" "COMPILER_FLAGS=  -O2 -c" "EXTRA_COMPILER_FLAGS=-mcpu=cortex-a9 -mfpu=vfpv3 -mfloat-abi=hard -nost
TRACE::2025-03-17.12:06:48::SCWBDomain::artfiles -g -Wall -Wextra -fno-tree-loop-distribute-patterns"

TRACE::2025-03-17.12:06:48::SCWBDomain::"Running Make include in ps7_cortexa9_0/libsrc/xilffs_v5_2/src"

TRACE::2025-03-17.12:06:48::SCWBDomain::make -C ps7_cortexa9_0/libsrc/xilffs_v5_2/src -s include  "SHELL=CMD" "COMPILER=arm-none-eabi-gcc" "ASSEMBLER=arm-none-eabi-as"
TRACE::2025-03-17.12:06:48::SCWBDomain:: "ARCHIVER=arm-none-eabi-ar" "COMPILER_FLAGS=  -O2 -c" "EXTRA_COMPILER_FLAGS=-mcpu=cortex-a9 -mfpu=vfpv3 -mfloat-abi=hard -nost
TRACE::2025-03-17.12:06:48::SCWBDomain::artfiles -g -Wall -Wextra -fno-tree-loop-distribute-patterns"

TRACE::2025-03-17.12:06:48::SCWBDomain::"Running Make include in ps7_cortexa9_0/libsrc/xilrsa_v1_8/src"

TRACE::2025-03-17.12:06:48::SCWBDomain::make -C ps7_cortexa9_0/libsrc/xilrsa_v1_8/src -s include  "SHELL=CMD" "COMPILER=arm-none-eabi-gcc" "ASSEMBLER=arm-none-eabi-as"
TRACE::2025-03-17.12:06:48::SCWBDomain:: "ARCHIVER=arm-none-eabi-ar" "COMPILER_FLAGS=  -O2 -c" "EXTRA_COMPILER_FLAGS=-mcpu=cortex-a9 -mfpu=vfpv3 -mfloat-abi=hard -nost
TRACE::2025-03-17.12:06:48::SCWBDomain::artfiles -g -Wall -Wextra -fno-tree-loop-distribute-patterns"

TRACE::2025-03-17.12:06:48::SCWBDomain::"Running Make libs in ps7_cortexa9_0/libsrc/ultrasoon_v1_0/src"

TRACE::2025-03-17.12:06:48::SCWBDomain::make -C ps7_cortexa9_0/libsrc/ultrasoon_v1_0/src -s libs  "SHELL=CMD" "COMPILER=arm-none-eabi-gcc" "ASSEMBLER=arm-none-eabi-as"
TRACE::2025-03-17.12:06:48::SCWBDomain:: "ARCHIVER=arm-none-eabi-ar" "COMPILER_FLAGS=  -O2 -c" "EXTRA_COMPILER_FLAGS=-mcpu=cortex-a9 -mfpu=vfpv3 -mfloat-abi=hard -nost
TRACE::2025-03-17.12:06:48::SCWBDomain::artfiles -g -Wall -Wextra -fno-tree-loop-distribute-patterns"

TRACE::2025-03-17.12:06:48::SCWBDomain::"Compiling ultrasoon..."

TRACE::2025-03-17.12:06:48::SCWBDomain::make: Leaving directory 'C:/devWorks/Ultrasoon_SOC/Vitis/design_1_wrapper/zynq_fsbl/zynq_fsbl_bsp'

TRACE::2025-03-17.12:06:48::SCWBDomain::make -C zynq_fsbl_bsp

TRACE::2025-03-17.12:06:48::SCWBDomain::make[1]: Entering directory 'C:/devWorks/Ultrasoon_SOC/Vitis/design_1_wrapper/zynq_fsbl/zynq_fsbl_bsp'

TRACE::2025-03-17.12:06:48::SCWBDomain::make --no-print-directory seq_libs

TRACE::2025-03-17.12:06:48::SCWBDomain::"Running Make include in ps7_cortexa9_0/libsrc/coresightps_dcc_v1_10/src"

TRACE::2025-03-17.12:06:48::SCWBDomain::make -C ps7_cortexa9_0/libsrc/coresightps_dcc_v1_10/src -s include  "SHELL=CMD" "COMPILER=arm-none-eabi-gcc" "ASSEMBLER=arm-non
TRACE::2025-03-17.12:06:48::SCWBDomain::e-eabi-as" "ARCHIVER=arm-none-eabi-ar" "COMPILER_FLAGS=  -O2 -c" "EXTRA_COMPILER_FLAGS=-mcpu=cortex-a9 -mfpu=vfpv3 -mfloat-abi=
TRACE::2025-03-17.12:06:48::SCWBDomain::hard -nostartfiles -g -Wall -Wextra -fno-tree-loop-distribute-patterns"

TRACE::2025-03-17.12:06:48::SCWBDomain::"Running Make include in ps7_cortexa9_0/libsrc/cpu_cortexa9_v2_12/src"

TRACE::2025-03-17.12:06:48::SCWBDomain::make -C ps7_cortexa9_0/libsrc/cpu_cortexa9_v2_12/src -s include  "SHELL=CMD" "COMPILER=arm-none-eabi-gcc" "ASSEMBLER=arm-none-e
TRACE::2025-03-17.12:06:48::SCWBDomain::abi-as" "ARCHIVER=arm-none-eabi-ar" "COMPILER_FLAGS=  -O2 -c" "EXTRA_COMPILER_FLAGS=-mcpu=cortex-a9 -mfpu=vfpv3 -mfloat-abi=har
TRACE::2025-03-17.12:06:48::SCWBDomain::d -nostartfiles -g -Wall -Wextra -fno-tree-loop-distribute-patterns"

TRACE::2025-03-17.12:06:48::SCWBDomain::"Running Make include in ps7_cortexa9_0/libsrc/ddrps_v1_2/src"

TRACE::2025-03-17.12:06:48::SCWBDomain::make -C ps7_cortexa9_0/libsrc/ddrps_v1_2/src -s include  "SHELL=CMD" "COMPILER=arm-none-eabi-gcc" "ASSEMBLER=arm-none-eabi-as" 
TRACE::2025-03-17.12:06:48::SCWBDomain::"ARCHIVER=arm-none-eabi-ar" "COMPILER_FLAGS=  -O2 -c" "EXTRA_COMPILER_FLAGS=-mcpu=cortex-a9 -mfpu=vfpv3 -mfloat-abi=hard -nosta
TRACE::2025-03-17.12:06:48::SCWBDomain::rtfiles -g -Wall -Wextra -fno-tree-loop-distribute-patterns"

TRACE::2025-03-17.12:06:48::SCWBDomain::"Running Make include in ps7_cortexa9_0/libsrc/devcfg_v3_8/src"

TRACE::2025-03-17.12:06:48::SCWBDomain::make -C ps7_cortexa9_0/libsrc/devcfg_v3_8/src -s include  "SHELL=CMD" "COMPILER=arm-none-eabi-gcc" "ASSEMBLER=arm-none-eabi-as"
TRACE::2025-03-17.12:06:48::SCWBDomain:: "ARCHIVER=arm-none-eabi-ar" "COMPILER_FLAGS=  -O2 -c" "EXTRA_COMPILER_FLAGS=-mcpu=cortex-a9 -mfpu=vfpv3 -mfloat-abi=hard -nost
TRACE::2025-03-17.12:06:48::SCWBDomain::artfiles -g -Wall -Wextra -fno-tree-loop-distribute-patterns"

TRACE::2025-03-17.12:06:48::SCWBDomain::"Running Make include in ps7_cortexa9_0/libsrc/dmaps_v2_10/src"

TRACE::2025-03-17.12:06:48::SCWBDomain::make -C ps7_cortexa9_0/libsrc/dmaps_v2_10/src -s include  "SHELL=CMD" "COMPILER=arm-none-eabi-gcc" "ASSEMBLER=arm-none-eabi-as"
TRACE::2025-03-17.12:06:48::SCWBDomain:: "ARCHIVER=arm-none-eabi-ar" "COMPILER_FLAGS=  -O2 -c" "EXTRA_COMPILER_FLAGS=-mcpu=cortex-a9 -mfpu=vfpv3 -mfloat-abi=hard -nost
TRACE::2025-03-17.12:06:48::SCWBDomain::artfiles -g -Wall -Wextra -fno-tree-loop-distribute-patterns"

TRACE::2025-03-17.12:06:48::SCWBDomain::"Running Make include in ps7_cortexa9_0/libsrc/emacps_v3_20/src"

TRACE::2025-03-17.12:06:48::SCWBDomain::make -C ps7_cortexa9_0/libsrc/emacps_v3_20/src -s include  "SHELL=CMD" "COMPILER=arm-none-eabi-gcc" "ASSEMBLER=arm-none-eabi-as
TRACE::2025-03-17.12:06:48::SCWBDomain::" "ARCHIVER=arm-none-eabi-ar" "COMPILER_FLAGS=  -O2 -c" "EXTRA_COMPILER_FLAGS=-mcpu=cortex-a9 -mfpu=vfpv3 -mfloat-abi=hard -nos
TRACE::2025-03-17.12:06:48::SCWBDomain::tartfiles -g -Wall -Wextra -fno-tree-loop-distribute-patterns"

TRACE::2025-03-17.12:06:49::SCWBDomain::"Running Make include in ps7_cortexa9_0/libsrc/gpiops_v3_13/src"

TRACE::2025-03-17.12:06:49::SCWBDomain::make -C ps7_cortexa9_0/libsrc/gpiops_v3_13/src -s include  "SHELL=CMD" "COMPILER=arm-none-eabi-gcc" "ASSEMBLER=arm-none-eabi-as
TRACE::2025-03-17.12:06:49::SCWBDomain::" "ARCHIVER=arm-none-eabi-ar" "COMPILER_FLAGS=  -O2 -c" "EXTRA_COMPILER_FLAGS=-mcpu=cortex-a9 -mfpu=vfpv3 -mfloat-abi=hard -nos
TRACE::2025-03-17.12:06:49::SCWBDomain::tartfiles -g -Wall -Wextra -fno-tree-loop-distribute-patterns"

TRACE::2025-03-17.12:06:49::SCWBDomain::"Running Make include in ps7_cortexa9_0/libsrc/qspips_v3_12/src"

TRACE::2025-03-17.12:06:49::SCWBDomain::make -C ps7_cortexa9_0/libsrc/qspips_v3_12/src -s include  "SHELL=CMD" "COMPILER=arm-none-eabi-gcc" "ASSEMBLER=arm-none-eabi-as
TRACE::2025-03-17.12:06:49::SCWBDomain::" "ARCHIVER=arm-none-eabi-ar" "COMPILER_FLAGS=  -O2 -c" "EXTRA_COMPILER_FLAGS=-mcpu=cortex-a9 -mfpu=vfpv3 -mfloat-abi=hard -nos
TRACE::2025-03-17.12:06:49::SCWBDomain::tartfiles -g -Wall -Wextra -fno-tree-loop-distribute-patterns"

TRACE::2025-03-17.12:06:49::SCWBDomain::"Running Make include in ps7_cortexa9_0/libsrc/scugic_v5_3/src"

TRACE::2025-03-17.12:06:49::SCWBDomain::make -C ps7_cortexa9_0/libsrc/scugic_v5_3/src -s include  "SHELL=CMD" "COMPILER=arm-none-eabi-gcc" "ASSEMBLER=arm-none-eabi-as"
TRACE::2025-03-17.12:06:49::SCWBDomain:: "ARCHIVER=arm-none-eabi-ar" "COMPILER_FLAGS=  -O2 -c" "EXTRA_COMPILER_FLAGS=-mcpu=cortex-a9 -mfpu=vfpv3 -mfloat-abi=hard -nost
TRACE::2025-03-17.12:06:49::SCWBDomain::artfiles -g -Wall -Wextra -fno-tree-loop-distribute-patterns"

TRACE::2025-03-17.12:06:49::SCWBDomain::"Running Make include in ps7_cortexa9_0/libsrc/scutimer_v2_6/src"

TRACE::2025-03-17.12:06:49::SCWBDomain::make -C ps7_cortexa9_0/libsrc/scutimer_v2_6/src -s include  "SHELL=CMD" "COMPILER=arm-none-eabi-gcc" "ASSEMBLER=arm-none-eabi-a
TRACE::2025-03-17.12:06:49::SCWBDomain::s" "ARCHIVER=arm-none-eabi-ar" "COMPILER_FLAGS=  -O2 -c" "EXTRA_COMPILER_FLAGS=-mcpu=cortex-a9 -mfpu=vfpv3 -mfloat-abi=hard -no
TRACE::2025-03-17.12:06:49::SCWBDomain::startfiles -g -Wall -Wextra -fno-tree-loop-distribute-patterns"

TRACE::2025-03-17.12:06:49::SCWBDomain::"Running Make include in ps7_cortexa9_0/libsrc/scuwdt_v2_5/src"

TRACE::2025-03-17.12:06:49::SCWBDomain::make -C ps7_cortexa9_0/libsrc/scuwdt_v2_5/src -s include  "SHELL=CMD" "COMPILER=arm-none-eabi-gcc" "ASSEMBLER=arm-none-eabi-as"
TRACE::2025-03-17.12:06:49::SCWBDomain:: "ARCHIVER=arm-none-eabi-ar" "COMPILER_FLAGS=  -O2 -c" "EXTRA_COMPILER_FLAGS=-mcpu=cortex-a9 -mfpu=vfpv3 -mfloat-abi=hard -nost
TRACE::2025-03-17.12:06:49::SCWBDomain::artfiles -g -Wall -Wextra -fno-tree-loop-distribute-patterns"

TRACE::2025-03-17.12:06:49::SCWBDomain::"Running Make include in ps7_cortexa9_0/libsrc/sdps_v4_3/src"

TRACE::2025-03-17.12:06:49::SCWBDomain::make -C ps7_cortexa9_0/libsrc/sdps_v4_3/src -s include  "SHELL=CMD" "COMPILER=arm-none-eabi-gcc" "ASSEMBLER=arm-none-eabi-as" "
TRACE::2025-03-17.12:06:49::SCWBDomain::ARCHIVER=arm-none-eabi-ar" "COMPILER_FLAGS=  -O2 -c" "EXTRA_COMPILER_FLAGS=-mcpu=cortex-a9 -mfpu=vfpv3 -mfloat-abi=hard -nostar
TRACE::2025-03-17.12:06:49::SCWBDomain::tfiles -g -Wall -Wextra -fno-tree-loop-distribute-patterns"

TRACE::2025-03-17.12:06:49::SCWBDomain::"Running Make include in ps7_cortexa9_0/libsrc/standalone_v9_1/src"

TRACE::2025-03-17.12:06:49::SCWBDomain::make -C ps7_cortexa9_0/libsrc/standalone_v9_1/src -s include  "SHELL=CMD" "COMPILER=arm-none-eabi-gcc" "ASSEMBLER=arm-none-eabi
TRACE::2025-03-17.12:06:49::SCWBDomain::-as" "ARCHIVER=arm-none-eabi-ar" "COMPILER_FLAGS=  -O2 -c" "EXTRA_COMPILER_FLAGS=-mcpu=cortex-a9 -mfpu=vfpv3 -mfloat-abi=hard -
TRACE::2025-03-17.12:06:49::SCWBDomain::nostartfiles -g -Wall -Wextra -fno-tree-loop-distribute-patterns"

TRACE::2025-03-17.12:06:49::SCWBDomain::"Running Make include in ps7_cortexa9_0/libsrc/uartps_v3_14/src"

TRACE::2025-03-17.12:06:49::SCWBDomain::make -C ps7_cortexa9_0/libsrc/uartps_v3_14/src -s include  "SHELL=CMD" "COMPILER=arm-none-eabi-gcc" "ASSEMBLER=arm-none-eabi-as
TRACE::2025-03-17.12:06:49::SCWBDomain::" "ARCHIVER=arm-none-eabi-ar" "COMPILER_FLAGS=  -O2 -c" "EXTRA_COMPILER_FLAGS=-mcpu=cortex-a9 -mfpu=vfpv3 -mfloat-abi=hard -nos
TRACE::2025-03-17.12:06:49::SCWBDomain::tartfiles -g -Wall -Wextra -fno-tree-loop-distribute-patterns"

TRACE::2025-03-17.12:06:49::SCWBDomain::"Running Make include in ps7_cortexa9_0/libsrc/ultrasoon_v1_0/src"

TRACE::2025-03-17.12:06:49::SCWBDomain::make -C ps7_cortexa9_0/libsrc/ultrasoon_v1_0/src -s include  "SHELL=CMD" "COMPILER=arm-none-eabi-gcc" "ASSEMBLER=arm-none-eabi-
TRACE::2025-03-17.12:06:49::SCWBDomain::as" "ARCHIVER=arm-none-eabi-ar" "COMPILER_FLAGS=  -O2 -c" "EXTRA_COMPILER_FLAGS=-mcpu=cortex-a9 -mfpu=vfpv3 -mfloat-abi=hard -n
TRACE::2025-03-17.12:06:49::SCWBDomain::ostartfiles -g -Wall -Wextra -fno-tree-loop-distribute-patterns"

TRACE::2025-03-17.12:06:49::SCWBDomain::"Running Make include in ps7_cortexa9_0/libsrc/usbps_v2_9/src"

TRACE::2025-03-17.12:06:49::SCWBDomain::make -C ps7_cortexa9_0/libsrc/usbps_v2_9/src -s include  "SHELL=CMD" "COMPILER=arm-none-eabi-gcc" "ASSEMBLER=arm-none-eabi-as" 
TRACE::2025-03-17.12:06:49::SCWBDomain::"ARCHIVER=arm-none-eabi-ar" "COMPILER_FLAGS=  -O2 -c" "EXTRA_COMPILER_FLAGS=-mcpu=cortex-a9 -mfpu=vfpv3 -mfloat-abi=hard -nosta
TRACE::2025-03-17.12:06:49::SCWBDomain::rtfiles -g -Wall -Wextra -fno-tree-loop-distribute-patterns"

TRACE::2025-03-17.12:06:49::SCWBDomain::"Running Make include in ps7_cortexa9_0/libsrc/xadcps_v2_7/src"

TRACE::2025-03-17.12:06:49::SCWBDomain::make -C ps7_cortexa9_0/libsrc/xadcps_v2_7/src -s include  "SHELL=CMD" "COMPILER=arm-none-eabi-gcc" "ASSEMBLER=arm-none-eabi-as"
TRACE::2025-03-17.12:06:49::SCWBDomain:: "ARCHIVER=arm-none-eabi-ar" "COMPILER_FLAGS=  -O2 -c" "EXTRA_COMPILER_FLAGS=-mcpu=cortex-a9 -mfpu=vfpv3 -mfloat-abi=hard -nost
TRACE::2025-03-17.12:06:49::SCWBDomain::artfiles -g -Wall -Wextra -fno-tree-loop-distribute-patterns"

TRACE::2025-03-17.12:06:49::SCWBDomain::"Running Make include in ps7_cortexa9_0/libsrc/xilffs_v5_2/src"

TRACE::2025-03-17.12:06:49::SCWBDomain::make -C ps7_cortexa9_0/libsrc/xilffs_v5_2/src -s include  "SHELL=CMD" "COMPILER=arm-none-eabi-gcc" "ASSEMBLER=arm-none-eabi-as"
TRACE::2025-03-17.12:06:49::SCWBDomain:: "ARCHIVER=arm-none-eabi-ar" "COMPILER_FLAGS=  -O2 -c" "EXTRA_COMPILER_FLAGS=-mcpu=cortex-a9 -mfpu=vfpv3 -mfloat-abi=hard -nost
TRACE::2025-03-17.12:06:49::SCWBDomain::artfiles -g -Wall -Wextra -fno-tree-loop-distribute-patterns"

TRACE::2025-03-17.12:06:49::SCWBDomain::"Running Make include in ps7_cortexa9_0/libsrc/xilrsa_v1_8/src"

TRACE::2025-03-17.12:06:49::SCWBDomain::make -C ps7_cortexa9_0/libsrc/xilrsa_v1_8/src -s include  "SHELL=CMD" "COMPILER=arm-none-eabi-gcc" "ASSEMBLER=arm-none-eabi-as"
TRACE::2025-03-17.12:06:49::SCWBDomain:: "ARCHIVER=arm-none-eabi-ar" "COMPILER_FLAGS=  -O2 -c" "EXTRA_COMPILER_FLAGS=-mcpu=cortex-a9 -mfpu=vfpv3 -mfloat-abi=hard -nost
TRACE::2025-03-17.12:06:49::SCWBDomain::artfiles -g -Wall -Wextra -fno-tree-loop-distribute-patterns"

TRACE::2025-03-17.12:06:49::SCWBDomain::"Running Make libs in ps7_cortexa9_0/libsrc/ultrasoon_v1_0/src"

TRACE::2025-03-17.12:06:49::SCWBDomain::make -C ps7_cortexa9_0/libsrc/ultrasoon_v1_0/src -s libs  "SHELL=CMD" "COMPILER=arm-none-eabi-gcc" "ASSEMBLER=arm-none-eabi-as"
TRACE::2025-03-17.12:06:49::SCWBDomain:: "ARCHIVER=arm-none-eabi-ar" "COMPILER_FLAGS=  -O2 -c" "EXTRA_COMPILER_FLAGS=-mcpu=cortex-a9 -mfpu=vfpv3 -mfloat-abi=hard -nost
TRACE::2025-03-17.12:06:49::SCWBDomain::artfiles -g -Wall -Wextra -fno-tree-loop-distribute-patterns"

TRACE::2025-03-17.12:06:49::SCWBDomain::"Compiling ultrasoon..."

TRACE::2025-03-17.12:06:49::SCWBDomain::make[1]: Leaving directory 'C:/devWorks/Ultrasoon_SOC/Vitis/design_1_wrapper/zynq_fsbl/zynq_fsbl_bsp'

ERROR::2025-03-17.12:06:49::SCWBDomain::Failed to build the  zynq_fsbl application.
LOG::2025-03-17.12:06:49::SCWSystem::Checking the domain standalone_ps7_cortexa9_0
LOG::2025-03-17.12:06:49::SCWSystem::Not a boot domain 
LOG::2025-03-17.12:06:49::SCWSystem::Started Processing the domain standalone_ps7_cortexa9_0
TRACE::2025-03-17.12:06:49::SCWDomain::Generating domain artifcats
TRACE::2025-03-17.12:06:49::SCWMssOS::Generating standalone artifcats
TRACE::2025-03-17.12:06:49::SCWMssOS::Copying the qemu file from  C:/devWorks/Ultrasoon_SOC/Vitis/design_1_wrapper/resources/design_1_wrapper/standalone_ps7_cortexa9_0/qemu_args.txt To C:/devWorks/Ultrasoon_SOC/Vitis/design_1_wrapper/export/design_1_wrapper/sw/design_1_wrapper/standalone_ps7_cortexa9_0/qemu/
TRACE::2025-03-17.12:06:49::SCWMssOS:: Copying the user libraries. 
TRACE::2025-03-17.12:06:49::SCWPlatform::Trying to open the hw design at C:/devWorks/Ultrasoon_SOC/Vitis/design_1_wrapper/hw/design_1_wrapper.xsa
TRACE::2025-03-17.12:06:49::SCWPlatform::DSA given C:/devWorks/Ultrasoon_SOC/Vitis/design_1_wrapper/hw/design_1_wrapper.xsa
TRACE::2025-03-17.12:06:49::SCWPlatform::DSA absoulate path C:/devWorks/Ultrasoon_SOC/Vitis/design_1_wrapper/hw/design_1_wrapper.xsa
TRACE::2025-03-17.12:06:49::SCWPlatform::DSA directory C:/devWorks/Ultrasoon_SOC/Vitis/design_1_wrapper/hw
TRACE::2025-03-17.12:06:49::SCWPlatform:: Platform Path C:/devWorks/Ultrasoon_SOC/Vitis/design_1_wrapper/hw/design_1_wrapper.xsa
TRACE::2025-03-17.12:06:49::SCWPlatform:: Unique name xilinx:pynq-z2::0.0
TRACE::2025-03-17.12:06:49::SCWPlatform::Trying to set the existing hwdb with name design_1_wrapper_0
TRACE::2025-03-17.12:06:49::SCWPlatform::Opened existing hwdb design_1_wrapper_0
TRACE::2025-03-17.12:06:49::SCWPlatform::Found the Hw Db part of the input DSA
TRACE::2025-03-17.12:06:49::SCWMssOS::Checking the sw design at  C:/devWorks/Ultrasoon_SOC/Vitis/design_1_wrapper/ps7_cortexa9_0/standalone_ps7_cortexa9_0/bsp/system.mss
TRACE::2025-03-17.12:06:49::SCWMssOS::DEBUG:  swdes dump  C:/devWorks/Ultrasoon_SOC/Vitis/design_1_wrapper/ps7_cortexa9_0/standalone_ps7_cortexa9_0/bsp/system.mss|system_0||
C:/devWorks/Ultrasoon_SOC/Vitis/design_1_wrapper/zynq_fsbl/zynq_fsbl_bsp/system.mss|system||

TRACE::2025-03-17.12:06:49::SCWMssOS::Sw design exists and opened at  C:/devWorks/Ultrasoon_SOC/Vitis/design_1_wrapper/ps7_cortexa9_0/standalone_ps7_cortexa9_0/bsp/system.mss
TRACE::2025-03-17.12:06:49::SCWMssOS::Completed writing the mss file at C:/devWorks/Ultrasoon_SOC/Vitis/design_1_wrapper/ps7_cortexa9_0/standalone_ps7_cortexa9_0/bsp
TRACE::2025-03-17.12:06:49::SCWMssOS::Mss edits present, copying mssfile into export location C:/devWorks/Ultrasoon_SOC/Vitis/design_1_wrapper/ps7_cortexa9_0/standalone_ps7_cortexa9_0/bsp/system.mss
TRACE::2025-03-17.12:06:49::SCWMssOS::bsp generated is upto date with the mss file. Skipping bsp generation.
TRACE::2025-03-17.12:06:49::SCWMssOS::BSP is already built. skipping the bsp build ... 
TRACE::2025-03-17.12:06:49::SCWDomain::Building the domain as part of full build :  standalone_ps7_cortexa9_0
TRACE::2025-03-17.12:06:49::SCWMssOS::doing bsp build ... 
TRACE::2025-03-17.12:06:49::SCWMssOS::System Command Ran  C: & cd  C:/devWorks/Ultrasoon_SOC/Vitis/design_1_wrapper/ps7_cortexa9_0/standalone_ps7_cortexa9_0/bsp & make 
TRACE::2025-03-17.12:06:49::SCWMssOS::make --no-print-directory seq_libs

TRACE::2025-03-17.12:06:50::SCWMssOS::"Running Make include in ps7_cortexa9_0/libsrc/coresightps_dcc_v1_10/src"

TRACE::2025-03-17.12:06:50::SCWMssOS::make -C ps7_cortexa9_0/libsrc/coresightps_dcc_v1_10/src -s include  "SHELL=CMD" "COMPILER=arm-none-eabi-gcc" "ASSEMBLER=arm-non
TRACE::2025-03-17.12:06:50::SCWMssOS::e-eabi-as" "ARCHIVER=arm-none-eabi-ar" "COMPILER_FLAGS=  -O2 -c" "EXTRA_COMPILER_FLAGS=-mcpu=cortex-a9 -mfpu=vfpv3 -mfloat-abi=
TRACE::2025-03-17.12:06:50::SCWMssOS::hard -nostartfiles -g -Wall -Wextra -fno-tree-loop-distribute-patterns"

TRACE::2025-03-17.12:06:50::SCWMssOS::"Running Make include in ps7_cortexa9_0/libsrc/cpu_cortexa9_v2_12/src"

TRACE::2025-03-17.12:06:50::SCWMssOS::make -C ps7_cortexa9_0/libsrc/cpu_cortexa9_v2_12/src -s include  "SHELL=CMD" "COMPILER=arm-none-eabi-gcc" "ASSEMBLER=arm-none-e
TRACE::2025-03-17.12:06:50::SCWMssOS::abi-as" "ARCHIVER=arm-none-eabi-ar" "COMPILER_FLAGS=  -O2 -c" "EXTRA_COMPILER_FLAGS=-mcpu=cortex-a9 -mfpu=vfpv3 -mfloat-abi=har
TRACE::2025-03-17.12:06:50::SCWMssOS::d -nostartfiles -g -Wall -Wextra -fno-tree-loop-distribute-patterns"

TRACE::2025-03-17.12:06:50::SCWMssOS::"Running Make include in ps7_cortexa9_0/libsrc/ddrps_v1_2/src"

TRACE::2025-03-17.12:06:50::SCWMssOS::make -C ps7_cortexa9_0/libsrc/ddrps_v1_2/src -s include  "SHELL=CMD" "COMPILER=arm-none-eabi-gcc" "ASSEMBLER=arm-none-eabi-as" 
TRACE::2025-03-17.12:06:50::SCWMssOS::"ARCHIVER=arm-none-eabi-ar" "COMPILER_FLAGS=  -O2 -c" "EXTRA_COMPILER_FLAGS=-mcpu=cortex-a9 -mfpu=vfpv3 -mfloat-abi=hard -nosta
TRACE::2025-03-17.12:06:50::SCWMssOS::rtfiles -g -Wall -Wextra -fno-tree-loop-distribute-patterns"

TRACE::2025-03-17.12:06:50::SCWMssOS::"Running Make include in ps7_cortexa9_0/libsrc/devcfg_v3_8/src"

TRACE::2025-03-17.12:06:50::SCWMssOS::make -C ps7_cortexa9_0/libsrc/devcfg_v3_8/src -s include  "SHELL=CMD" "COMPILER=arm-none-eabi-gcc" "ASSEMBLER=arm-none-eabi-as"
TRACE::2025-03-17.12:06:50::SCWMssOS:: "ARCHIVER=arm-none-eabi-ar" "COMPILER_FLAGS=  -O2 -c" "EXTRA_COMPILER_FLAGS=-mcpu=cortex-a9 -mfpu=vfpv3 -mfloat-abi=hard -nost
TRACE::2025-03-17.12:06:50::SCWMssOS::artfiles -g -Wall -Wextra -fno-tree-loop-distribute-patterns"

TRACE::2025-03-17.12:06:50::SCWMssOS::"Running Make include in ps7_cortexa9_0/libsrc/dmaps_v2_10/src"

TRACE::2025-03-17.12:06:50::SCWMssOS::make -C ps7_cortexa9_0/libsrc/dmaps_v2_10/src -s include  "SHELL=CMD" "COMPILER=arm-none-eabi-gcc" "ASSEMBLER=arm-none-eabi-as"
TRACE::2025-03-17.12:06:50::SCWMssOS:: "ARCHIVER=arm-none-eabi-ar" "COMPILER_FLAGS=  -O2 -c" "EXTRA_COMPILER_FLAGS=-mcpu=cortex-a9 -mfpu=vfpv3 -mfloat-abi=hard -nost
TRACE::2025-03-17.12:06:50::SCWMssOS::artfiles -g -Wall -Wextra -fno-tree-loop-distribute-patterns"

TRACE::2025-03-17.12:06:50::SCWMssOS::"Running Make include in ps7_cortexa9_0/libsrc/emacps_v3_20/src"

TRACE::2025-03-17.12:06:50::SCWMssOS::make -C ps7_cortexa9_0/libsrc/emacps_v3_20/src -s include  "SHELL=CMD" "COMPILER=arm-none-eabi-gcc" "ASSEMBLER=arm-none-eabi-as
TRACE::2025-03-17.12:06:50::SCWMssOS::" "ARCHIVER=arm-none-eabi-ar" "COMPILER_FLAGS=  -O2 -c" "EXTRA_COMPILER_FLAGS=-mcpu=cortex-a9 -mfpu=vfpv3 -mfloat-abi=hard -nos
TRACE::2025-03-17.12:06:50::SCWMssOS::tartfiles -g -Wall -Wextra -fno-tree-loop-distribute-patterns"

TRACE::2025-03-17.12:06:50::SCWMssOS::"Running Make include in ps7_cortexa9_0/libsrc/gpiops_v3_13/src"

TRACE::2025-03-17.12:06:50::SCWMssOS::make -C ps7_cortexa9_0/libsrc/gpiops_v3_13/src -s include  "SHELL=CMD" "COMPILER=arm-none-eabi-gcc" "ASSEMBLER=arm-none-eabi-as
TRACE::2025-03-17.12:06:50::SCWMssOS::" "ARCHIVER=arm-none-eabi-ar" "COMPILER_FLAGS=  -O2 -c" "EXTRA_COMPILER_FLAGS=-mcpu=cortex-a9 -mfpu=vfpv3 -mfloat-abi=hard -nos
TRACE::2025-03-17.12:06:50::SCWMssOS::tartfiles -g -Wall -Wextra -fno-tree-loop-distribute-patterns"

TRACE::2025-03-17.12:06:50::SCWMssOS::"Running Make include in ps7_cortexa9_0/libsrc/qspips_v3_12/src"

TRACE::2025-03-17.12:06:50::SCWMssOS::make -C ps7_cortexa9_0/libsrc/qspips_v3_12/src -s include  "SHELL=CMD" "COMPILER=arm-none-eabi-gcc" "ASSEMBLER=arm-none-eabi-as
TRACE::2025-03-17.12:06:50::SCWMssOS::" "ARCHIVER=arm-none-eabi-ar" "COMPILER_FLAGS=  -O2 -c" "EXTRA_COMPILER_FLAGS=-mcpu=cortex-a9 -mfpu=vfpv3 -mfloat-abi=hard -nos
TRACE::2025-03-17.12:06:50::SCWMssOS::tartfiles -g -Wall -Wextra -fno-tree-loop-distribute-patterns"

TRACE::2025-03-17.12:06:50::SCWMssOS::"Running Make include in ps7_cortexa9_0/libsrc/scugic_v5_3/src"

TRACE::2025-03-17.12:06:50::SCWMssOS::make -C ps7_cortexa9_0/libsrc/scugic_v5_3/src -s include  "SHELL=CMD" "COMPILER=arm-none-eabi-gcc" "ASSEMBLER=arm-none-eabi-as"
TRACE::2025-03-17.12:06:50::SCWMssOS:: "ARCHIVER=arm-none-eabi-ar" "COMPILER_FLAGS=  -O2 -c" "EXTRA_COMPILER_FLAGS=-mcpu=cortex-a9 -mfpu=vfpv3 -mfloat-abi=hard -nost
TRACE::2025-03-17.12:06:50::SCWMssOS::artfiles -g -Wall -Wextra -fno-tree-loop-distribute-patterns"

TRACE::2025-03-17.12:06:50::SCWMssOS::"Running Make include in ps7_cortexa9_0/libsrc/scutimer_v2_6/src"

TRACE::2025-03-17.12:06:50::SCWMssOS::make -C ps7_cortexa9_0/libsrc/scutimer_v2_6/src -s include  "SHELL=CMD" "COMPILER=arm-none-eabi-gcc" "ASSEMBLER=arm-none-eabi-a
TRACE::2025-03-17.12:06:50::SCWMssOS::s" "ARCHIVER=arm-none-eabi-ar" "COMPILER_FLAGS=  -O2 -c" "EXTRA_COMPILER_FLAGS=-mcpu=cortex-a9 -mfpu=vfpv3 -mfloat-abi=hard -no
TRACE::2025-03-17.12:06:50::SCWMssOS::startfiles -g -Wall -Wextra -fno-tree-loop-distribute-patterns"

TRACE::2025-03-17.12:06:50::SCWMssOS::"Running Make include in ps7_cortexa9_0/libsrc/scuwdt_v2_5/src"

TRACE::2025-03-17.12:06:50::SCWMssOS::make -C ps7_cortexa9_0/libsrc/scuwdt_v2_5/src -s include  "SHELL=CMD" "COMPILER=arm-none-eabi-gcc" "ASSEMBLER=arm-none-eabi-as"
TRACE::2025-03-17.12:06:50::SCWMssOS:: "ARCHIVER=arm-none-eabi-ar" "COMPILER_FLAGS=  -O2 -c" "EXTRA_COMPILER_FLAGS=-mcpu=cortex-a9 -mfpu=vfpv3 -mfloat-abi=hard -nost
TRACE::2025-03-17.12:06:50::SCWMssOS::artfiles -g -Wall -Wextra -fno-tree-loop-distribute-patterns"

TRACE::2025-03-17.12:06:50::SCWMssOS::"Running Make include in ps7_cortexa9_0/libsrc/sdps_v4_3/src"

TRACE::2025-03-17.12:06:50::SCWMssOS::make -C ps7_cortexa9_0/libsrc/sdps_v4_3/src -s include  "SHELL=CMD" "COMPILER=arm-none-eabi-gcc" "ASSEMBLER=arm-none-eabi-as" "
TRACE::2025-03-17.12:06:50::SCWMssOS::ARCHIVER=arm-none-eabi-ar" "COMPILER_FLAGS=  -O2 -c" "EXTRA_COMPILER_FLAGS=-mcpu=cortex-a9 -mfpu=vfpv3 -mfloat-abi=hard -nostar
TRACE::2025-03-17.12:06:50::SCWMssOS::tfiles -g -Wall -Wextra -fno-tree-loop-distribute-patterns"

TRACE::2025-03-17.12:06:50::SCWMssOS::"Running Make include in ps7_cortexa9_0/libsrc/standalone_v9_1/src"

TRACE::2025-03-17.12:06:50::SCWMssOS::make -C ps7_cortexa9_0/libsrc/standalone_v9_1/src -s include  "SHELL=CMD" "COMPILER=arm-none-eabi-gcc" "ASSEMBLER=arm-none-eabi
TRACE::2025-03-17.12:06:50::SCWMssOS::-as" "ARCHIVER=arm-none-eabi-ar" "COMPILER_FLAGS=  -O2 -c" "EXTRA_COMPILER_FLAGS=-mcpu=cortex-a9 -mfpu=vfpv3 -mfloat-abi=hard -
TRACE::2025-03-17.12:06:50::SCWMssOS::nostartfiles -g -Wall -Wextra -fno-tree-loop-distribute-patterns"

TRACE::2025-03-17.12:06:50::SCWMssOS::"Running Make include in ps7_cortexa9_0/libsrc/uartps_v3_14/src"

TRACE::2025-03-17.12:06:50::SCWMssOS::make -C ps7_cortexa9_0/libsrc/uartps_v3_14/src -s include  "SHELL=CMD" "COMPILER=arm-none-eabi-gcc" "ASSEMBLER=arm-none-eabi-as
TRACE::2025-03-17.12:06:50::SCWMssOS::" "ARCHIVER=arm-none-eabi-ar" "COMPILER_FLAGS=  -O2 -c" "EXTRA_COMPILER_FLAGS=-mcpu=cortex-a9 -mfpu=vfpv3 -mfloat-abi=hard -nos
TRACE::2025-03-17.12:06:50::SCWMssOS::tartfiles -g -Wall -Wextra -fno-tree-loop-distribute-patterns"

TRACE::2025-03-17.12:06:50::SCWMssOS::"Running Make include in ps7_cortexa9_0/libsrc/ultrasoon_v1_0/src"

TRACE::2025-03-17.12:06:50::SCWMssOS::make -C ps7_cortexa9_0/libsrc/ultrasoon_v1_0/src -s include  "SHELL=CMD" "COMPILER=arm-none-eabi-gcc" "ASSEMBLER=arm-none-eabi-
TRACE::2025-03-17.12:06:50::SCWMssOS::as" "ARCHIVER=arm-none-eabi-ar" "COMPILER_FLAGS=  -O2 -c" "EXTRA_COMPILER_FLAGS=-mcpu=cortex-a9 -mfpu=vfpv3 -mfloat-abi=hard -n
TRACE::2025-03-17.12:06:50::SCWMssOS::ostartfiles -g -Wall -Wextra -fno-tree-loop-distribute-patterns"

TRACE::2025-03-17.12:06:50::SCWMssOS::"Running Make include in ps7_cortexa9_0/libsrc/usbps_v2_9/src"

TRACE::2025-03-17.12:06:50::SCWMssOS::make -C ps7_cortexa9_0/libsrc/usbps_v2_9/src -s include  "SHELL=CMD" "COMPILER=arm-none-eabi-gcc" "ASSEMBLER=arm-none-eabi-as" 
TRACE::2025-03-17.12:06:50::SCWMssOS::"ARCHIVER=arm-none-eabi-ar" "COMPILER_FLAGS=  -O2 -c" "EXTRA_COMPILER_FLAGS=-mcpu=cortex-a9 -mfpu=vfpv3 -mfloat-abi=hard -nosta
TRACE::2025-03-17.12:06:50::SCWMssOS::rtfiles -g -Wall -Wextra -fno-tree-loop-distribute-patterns"

TRACE::2025-03-17.12:06:50::SCWMssOS::"Running Make include in ps7_cortexa9_0/libsrc/xadcps_v2_7/src"

TRACE::2025-03-17.12:06:50::SCWMssOS::make -C ps7_cortexa9_0/libsrc/xadcps_v2_7/src -s include  "SHELL=CMD" "COMPILER=arm-none-eabi-gcc" "ASSEMBLER=arm-none-eabi-as"
TRACE::2025-03-17.12:06:50::SCWMssOS:: "ARCHIVER=arm-none-eabi-ar" "COMPILER_FLAGS=  -O2 -c" "EXTRA_COMPILER_FLAGS=-mcpu=cortex-a9 -mfpu=vfpv3 -mfloat-abi=hard -nost
TRACE::2025-03-17.12:06:50::SCWMssOS::artfiles -g -Wall -Wextra -fno-tree-loop-distribute-patterns"

TRACE::2025-03-17.12:06:50::SCWMssOS::"Running Make libs in ps7_cortexa9_0/libsrc/ultrasoon_v1_0/src"

TRACE::2025-03-17.12:06:50::SCWMssOS::make -C ps7_cortexa9_0/libsrc/ultrasoon_v1_0/src -s libs  "SHELL=CMD" "COMPILER=arm-none-eabi-gcc" "ASSEMBLER=arm-none-eabi-as"
TRACE::2025-03-17.12:06:50::SCWMssOS:: "ARCHIVER=arm-none-eabi-ar" "COMPILER_FLAGS=  -O2 -c" "EXTRA_COMPILER_FLAGS=-mcpu=cortex-a9 -mfpu=vfpv3 -mfloat-abi=hard -nost
TRACE::2025-03-17.12:06:50::SCWMssOS::artfiles -g -Wall -Wextra -fno-tree-loop-distribute-patterns"

TRACE::2025-03-17.12:06:51::SCWMssOS::"Compiling ultrasoon..."

ERROR::2025-03-17.12:06:51::SCWMssOS::Failed to build  the bsp sources for domain - standalone_ps7_cortexa9_0
ERROR::2025-03-17.12:06:51::SCWSystem::Error in Processing the domain standalone_ps7_cortexa9_0
LOG::2025-03-17.12:11:51::SCWPlatform::Started generating the artifacts platform design_1_wrapper
TRACE::2025-03-17.12:11:51::SCWPlatform::Sanity checking of platform is completed
LOG::2025-03-17.12:11:51::SCWPlatform::Started generating the artifacts for system configuration design_1_wrapper
LOG::2025-03-17.12:11:51::SCWSystem::Checking the domain zynq_fsbl
LOG::2025-03-17.12:11:51::SCWSystem::Doing application build for :  zynq_fsbl
TRACE::2025-03-17.12:11:51::SCWBDomain::Not a forced makefile updation, No changes are present. 
TRACE::2025-03-17.12:11:51::SCWDomain::Building the domain as part of full build :  zynq_fsbl
TRACE::2025-03-17.12:11:51::SCWPlatform::Trying to open the hw design at C:/devWorks/Ultrasoon_SOC/Vitis/design_1_wrapper/hw/design_1_wrapper.xsa
TRACE::2025-03-17.12:11:51::SCWPlatform::DSA given C:/devWorks/Ultrasoon_SOC/Vitis/design_1_wrapper/hw/design_1_wrapper.xsa
TRACE::2025-03-17.12:11:51::SCWPlatform::DSA absoulate path C:/devWorks/Ultrasoon_SOC/Vitis/design_1_wrapper/hw/design_1_wrapper.xsa
TRACE::2025-03-17.12:11:51::SCWPlatform::DSA directory C:/devWorks/Ultrasoon_SOC/Vitis/design_1_wrapper/hw
TRACE::2025-03-17.12:11:51::SCWPlatform:: Platform Path C:/devWorks/Ultrasoon_SOC/Vitis/design_1_wrapper/hw/design_1_wrapper.xsa
TRACE::2025-03-17.12:11:51::SCWPlatform:: Unique name xilinx:pynq-z2::0.0
TRACE::2025-03-17.12:11:51::SCWPlatform::Trying to set the existing hwdb with name design_1_wrapper_0
TRACE::2025-03-17.12:11:51::SCWPlatform::Opened existing hwdb design_1_wrapper_0
TRACE::2025-03-17.12:11:51::SCWPlatform::Found the Hw Db part of the input DSA
TRACE::2025-03-17.12:11:51::SCWMssOS::Checking the sw design at  C:/devWorks/Ultrasoon_SOC/Vitis/design_1_wrapper/zynq_fsbl/zynq_fsbl_bsp/system.mss
TRACE::2025-03-17.12:11:51::SCWMssOS::DEBUG:  swdes dump  C:/devWorks/Ultrasoon_SOC/Vitis/design_1_wrapper/ps7_cortexa9_0/standalone_ps7_cortexa9_0/bsp/system.mss|system_0||
C:/devWorks/Ultrasoon_SOC/Vitis/design_1_wrapper/zynq_fsbl/zynq_fsbl_bsp/system.mss|system||

TRACE::2025-03-17.12:11:51::SCWMssOS::Sw design exists and opened at  C:/devWorks/Ultrasoon_SOC/Vitis/design_1_wrapper/zynq_fsbl/zynq_fsbl_bsp/system.mss
TRACE::2025-03-17.12:11:51::SCWBDomain::Completed writing the mss file at C:/devWorks/Ultrasoon_SOC/Vitis/design_1_wrapper/zynq_fsbl/zynq_fsbl_bsp
TRACE::2025-03-17.12:11:51::SCWBDomain::bsp generated is upto date with the mss file. Skipping bsp generation.
TRACE::2025-03-17.12:11:51::SCWBDomain::Not a forced makefile updation, No changes are present. 
TRACE::2025-03-17.12:11:51::SCWBDomain::System Command Ran  C:&  cd  C:/devWorks/Ultrasoon_SOC/Vitis/design_1_wrapper/zynq_fsbl& make -C  zynq_fsbl_bsp & make 
TRACE::2025-03-17.12:11:51::SCWBDomain::make: Entering directory 'C:/devWorks/Ultrasoon_SOC/Vitis/design_1_wrapper/zynq_fsbl/zynq_fsbl_bsp'

TRACE::2025-03-17.12:11:51::SCWBDomain::make --no-print-directory seq_libs

TRACE::2025-03-17.12:11:51::SCWBDomain::"Running Make include in ps7_cortexa9_0/libsrc/coresightps_dcc_v1_10/src"

TRACE::2025-03-17.12:11:51::SCWBDomain::make -C ps7_cortexa9_0/libsrc/coresightps_dcc_v1_10/src -s include  "SHELL=CMD" "COMPILER=arm-none-eabi-gcc" "ASSEMBLER=arm-non
TRACE::2025-03-17.12:11:51::SCWBDomain::e-eabi-as" "ARCHIVER=arm-none-eabi-ar" "COMPILER_FLAGS=  -O2 -c" "EXTRA_COMPILER_FLAGS=-mcpu=cortex-a9 -mfpu=vfpv3 -mfloat-abi=
TRACE::2025-03-17.12:11:51::SCWBDomain::hard -nostartfiles -g -Wall -Wextra -fno-tree-loop-distribute-patterns"

TRACE::2025-03-17.12:11:51::SCWBDomain::"Running Make include in ps7_cortexa9_0/libsrc/cpu_cortexa9_v2_12/src"

TRACE::2025-03-17.12:11:51::SCWBDomain::make -C ps7_cortexa9_0/libsrc/cpu_cortexa9_v2_12/src -s include  "SHELL=CMD" "COMPILER=arm-none-eabi-gcc" "ASSEMBLER=arm-none-e
TRACE::2025-03-17.12:11:51::SCWBDomain::abi-as" "ARCHIVER=arm-none-eabi-ar" "COMPILER_FLAGS=  -O2 -c" "EXTRA_COMPILER_FLAGS=-mcpu=cortex-a9 -mfpu=vfpv3 -mfloat-abi=har
TRACE::2025-03-17.12:11:51::SCWBDomain::d -nostartfiles -g -Wall -Wextra -fno-tree-loop-distribute-patterns"

TRACE::2025-03-17.12:11:51::SCWBDomain::"Running Make include in ps7_cortexa9_0/libsrc/ddrps_v1_2/src"

TRACE::2025-03-17.12:11:51::SCWBDomain::make -C ps7_cortexa9_0/libsrc/ddrps_v1_2/src -s include  "SHELL=CMD" "COMPILER=arm-none-eabi-gcc" "ASSEMBLER=arm-none-eabi-as" 
TRACE::2025-03-17.12:11:51::SCWBDomain::"ARCHIVER=arm-none-eabi-ar" "COMPILER_FLAGS=  -O2 -c" "EXTRA_COMPILER_FLAGS=-mcpu=cortex-a9 -mfpu=vfpv3 -mfloat-abi=hard -nosta
TRACE::2025-03-17.12:11:51::SCWBDomain::rtfiles -g -Wall -Wextra -fno-tree-loop-distribute-patterns"

TRACE::2025-03-17.12:11:51::SCWBDomain::"Running Make include in ps7_cortexa9_0/libsrc/devcfg_v3_8/src"

TRACE::2025-03-17.12:11:51::SCWBDomain::make -C ps7_cortexa9_0/libsrc/devcfg_v3_8/src -s include  "SHELL=CMD" "COMPILER=arm-none-eabi-gcc" "ASSEMBLER=arm-none-eabi-as"
TRACE::2025-03-17.12:11:51::SCWBDomain:: "ARCHIVER=arm-none-eabi-ar" "COMPILER_FLAGS=  -O2 -c" "EXTRA_COMPILER_FLAGS=-mcpu=cortex-a9 -mfpu=vfpv3 -mfloat-abi=hard -nost
TRACE::2025-03-17.12:11:51::SCWBDomain::artfiles -g -Wall -Wextra -fno-tree-loop-distribute-patterns"

TRACE::2025-03-17.12:11:51::SCWBDomain::"Running Make include in ps7_cortexa9_0/libsrc/dmaps_v2_10/src"

TRACE::2025-03-17.12:11:51::SCWBDomain::make -C ps7_cortexa9_0/libsrc/dmaps_v2_10/src -s include  "SHELL=CMD" "COMPILER=arm-none-eabi-gcc" "ASSEMBLER=arm-none-eabi-as"
TRACE::2025-03-17.12:11:51::SCWBDomain:: "ARCHIVER=arm-none-eabi-ar" "COMPILER_FLAGS=  -O2 -c" "EXTRA_COMPILER_FLAGS=-mcpu=cortex-a9 -mfpu=vfpv3 -mfloat-abi=hard -nost
TRACE::2025-03-17.12:11:51::SCWBDomain::artfiles -g -Wall -Wextra -fno-tree-loop-distribute-patterns"

TRACE::2025-03-17.12:11:51::SCWBDomain::"Running Make include in ps7_cortexa9_0/libsrc/emacps_v3_20/src"

TRACE::2025-03-17.12:11:51::SCWBDomain::make -C ps7_cortexa9_0/libsrc/emacps_v3_20/src -s include  "SHELL=CMD" "COMPILER=arm-none-eabi-gcc" "ASSEMBLER=arm-none-eabi-as
TRACE::2025-03-17.12:11:51::SCWBDomain::" "ARCHIVER=arm-none-eabi-ar" "COMPILER_FLAGS=  -O2 -c" "EXTRA_COMPILER_FLAGS=-mcpu=cortex-a9 -mfpu=vfpv3 -mfloat-abi=hard -nos
TRACE::2025-03-17.12:11:51::SCWBDomain::tartfiles -g -Wall -Wextra -fno-tree-loop-distribute-patterns"

TRACE::2025-03-17.12:11:51::SCWBDomain::"Running Make include in ps7_cortexa9_0/libsrc/gpiops_v3_13/src"

TRACE::2025-03-17.12:11:51::SCWBDomain::make -C ps7_cortexa9_0/libsrc/gpiops_v3_13/src -s include  "SHELL=CMD" "COMPILER=arm-none-eabi-gcc" "ASSEMBLER=arm-none-eabi-as
TRACE::2025-03-17.12:11:51::SCWBDomain::" "ARCHIVER=arm-none-eabi-ar" "COMPILER_FLAGS=  -O2 -c" "EXTRA_COMPILER_FLAGS=-mcpu=cortex-a9 -mfpu=vfpv3 -mfloat-abi=hard -nos
TRACE::2025-03-17.12:11:51::SCWBDomain::tartfiles -g -Wall -Wextra -fno-tree-loop-distribute-patterns"

TRACE::2025-03-17.12:11:51::SCWBDomain::"Running Make include in ps7_cortexa9_0/libsrc/qspips_v3_12/src"

TRACE::2025-03-17.12:11:51::SCWBDomain::make -C ps7_cortexa9_0/libsrc/qspips_v3_12/src -s include  "SHELL=CMD" "COMPILER=arm-none-eabi-gcc" "ASSEMBLER=arm-none-eabi-as
TRACE::2025-03-17.12:11:51::SCWBDomain::" "ARCHIVER=arm-none-eabi-ar" "COMPILER_FLAGS=  -O2 -c" "EXTRA_COMPILER_FLAGS=-mcpu=cortex-a9 -mfpu=vfpv3 -mfloat-abi=hard -nos
TRACE::2025-03-17.12:11:51::SCWBDomain::tartfiles -g -Wall -Wextra -fno-tree-loop-distribute-patterns"

TRACE::2025-03-17.12:11:51::SCWBDomain::"Running Make include in ps7_cortexa9_0/libsrc/scugic_v5_3/src"

TRACE::2025-03-17.12:11:51::SCWBDomain::make -C ps7_cortexa9_0/libsrc/scugic_v5_3/src -s include  "SHELL=CMD" "COMPILER=arm-none-eabi-gcc" "ASSEMBLER=arm-none-eabi-as"
TRACE::2025-03-17.12:11:51::SCWBDomain:: "ARCHIVER=arm-none-eabi-ar" "COMPILER_FLAGS=  -O2 -c" "EXTRA_COMPILER_FLAGS=-mcpu=cortex-a9 -mfpu=vfpv3 -mfloat-abi=hard -nost
TRACE::2025-03-17.12:11:51::SCWBDomain::artfiles -g -Wall -Wextra -fno-tree-loop-distribute-patterns"

TRACE::2025-03-17.12:11:51::SCWBDomain::"Running Make include in ps7_cortexa9_0/libsrc/scutimer_v2_6/src"

TRACE::2025-03-17.12:11:51::SCWBDomain::make -C ps7_cortexa9_0/libsrc/scutimer_v2_6/src -s include  "SHELL=CMD" "COMPILER=arm-none-eabi-gcc" "ASSEMBLER=arm-none-eabi-a
TRACE::2025-03-17.12:11:51::SCWBDomain::s" "ARCHIVER=arm-none-eabi-ar" "COMPILER_FLAGS=  -O2 -c" "EXTRA_COMPILER_FLAGS=-mcpu=cortex-a9 -mfpu=vfpv3 -mfloat-abi=hard -no
TRACE::2025-03-17.12:11:51::SCWBDomain::startfiles -g -Wall -Wextra -fno-tree-loop-distribute-patterns"

TRACE::2025-03-17.12:11:51::SCWBDomain::"Running Make include in ps7_cortexa9_0/libsrc/scuwdt_v2_5/src"

TRACE::2025-03-17.12:11:51::SCWBDomain::make -C ps7_cortexa9_0/libsrc/scuwdt_v2_5/src -s include  "SHELL=CMD" "COMPILER=arm-none-eabi-gcc" "ASSEMBLER=arm-none-eabi-as"
TRACE::2025-03-17.12:11:51::SCWBDomain:: "ARCHIVER=arm-none-eabi-ar" "COMPILER_FLAGS=  -O2 -c" "EXTRA_COMPILER_FLAGS=-mcpu=cortex-a9 -mfpu=vfpv3 -mfloat-abi=hard -nost
TRACE::2025-03-17.12:11:51::SCWBDomain::artfiles -g -Wall -Wextra -fno-tree-loop-distribute-patterns"

TRACE::2025-03-17.12:11:51::SCWBDomain::"Running Make include in ps7_cortexa9_0/libsrc/sdps_v4_3/src"

TRACE::2025-03-17.12:11:51::SCWBDomain::make -C ps7_cortexa9_0/libsrc/sdps_v4_3/src -s include  "SHELL=CMD" "COMPILER=arm-none-eabi-gcc" "ASSEMBLER=arm-none-eabi-as" "
TRACE::2025-03-17.12:11:51::SCWBDomain::ARCHIVER=arm-none-eabi-ar" "COMPILER_FLAGS=  -O2 -c" "EXTRA_COMPILER_FLAGS=-mcpu=cortex-a9 -mfpu=vfpv3 -mfloat-abi=hard -nostar
TRACE::2025-03-17.12:11:51::SCWBDomain::tfiles -g -Wall -Wextra -fno-tree-loop-distribute-patterns"

TRACE::2025-03-17.12:11:51::SCWBDomain::"Running Make include in ps7_cortexa9_0/libsrc/standalone_v9_1/src"

TRACE::2025-03-17.12:11:51::SCWBDomain::make -C ps7_cortexa9_0/libsrc/standalone_v9_1/src -s include  "SHELL=CMD" "COMPILER=arm-none-eabi-gcc" "ASSEMBLER=arm-none-eabi
TRACE::2025-03-17.12:11:51::SCWBDomain::-as" "ARCHIVER=arm-none-eabi-ar" "COMPILER_FLAGS=  -O2 -c" "EXTRA_COMPILER_FLAGS=-mcpu=cortex-a9 -mfpu=vfpv3 -mfloat-abi=hard -
TRACE::2025-03-17.12:11:51::SCWBDomain::nostartfiles -g -Wall -Wextra -fno-tree-loop-distribute-patterns"

TRACE::2025-03-17.12:11:52::SCWBDomain::"Running Make include in ps7_cortexa9_0/libsrc/uartps_v3_14/src"

TRACE::2025-03-17.12:11:52::SCWBDomain::make -C ps7_cortexa9_0/libsrc/uartps_v3_14/src -s include  "SHELL=CMD" "COMPILER=arm-none-eabi-gcc" "ASSEMBLER=arm-none-eabi-as
TRACE::2025-03-17.12:11:52::SCWBDomain::" "ARCHIVER=arm-none-eabi-ar" "COMPILER_FLAGS=  -O2 -c" "EXTRA_COMPILER_FLAGS=-mcpu=cortex-a9 -mfpu=vfpv3 -mfloat-abi=hard -nos
TRACE::2025-03-17.12:11:52::SCWBDomain::tartfiles -g -Wall -Wextra -fno-tree-loop-distribute-patterns"

TRACE::2025-03-17.12:11:52::SCWBDomain::"Running Make include in ps7_cortexa9_0/libsrc/ultrasoon_v1_0/src"

TRACE::2025-03-17.12:11:52::SCWBDomain::make -C ps7_cortexa9_0/libsrc/ultrasoon_v1_0/src -s include  "SHELL=CMD" "COMPILER=arm-none-eabi-gcc" "ASSEMBLER=arm-none-eabi-
TRACE::2025-03-17.12:11:52::SCWBDomain::as" "ARCHIVER=arm-none-eabi-ar" "COMPILER_FLAGS=  -O2 -c" "EXTRA_COMPILER_FLAGS=-mcpu=cortex-a9 -mfpu=vfpv3 -mfloat-abi=hard -n
TRACE::2025-03-17.12:11:52::SCWBDomain::ostartfiles -g -Wall -Wextra -fno-tree-loop-distribute-patterns"

TRACE::2025-03-17.12:11:52::SCWBDomain::"Running Make include in ps7_cortexa9_0/libsrc/usbps_v2_9/src"

TRACE::2025-03-17.12:11:52::SCWBDomain::make -C ps7_cortexa9_0/libsrc/usbps_v2_9/src -s include  "SHELL=CMD" "COMPILER=arm-none-eabi-gcc" "ASSEMBLER=arm-none-eabi-as" 
TRACE::2025-03-17.12:11:52::SCWBDomain::"ARCHIVER=arm-none-eabi-ar" "COMPILER_FLAGS=  -O2 -c" "EXTRA_COMPILER_FLAGS=-mcpu=cortex-a9 -mfpu=vfpv3 -mfloat-abi=hard -nosta
TRACE::2025-03-17.12:11:52::SCWBDomain::rtfiles -g -Wall -Wextra -fno-tree-loop-distribute-patterns"

TRACE::2025-03-17.12:11:52::SCWBDomain::"Running Make include in ps7_cortexa9_0/libsrc/xadcps_v2_7/src"

TRACE::2025-03-17.12:11:52::SCWBDomain::make -C ps7_cortexa9_0/libsrc/xadcps_v2_7/src -s include  "SHELL=CMD" "COMPILER=arm-none-eabi-gcc" "ASSEMBLER=arm-none-eabi-as"
TRACE::2025-03-17.12:11:52::SCWBDomain:: "ARCHIVER=arm-none-eabi-ar" "COMPILER_FLAGS=  -O2 -c" "EXTRA_COMPILER_FLAGS=-mcpu=cortex-a9 -mfpu=vfpv3 -mfloat-abi=hard -nost
TRACE::2025-03-17.12:11:52::SCWBDomain::artfiles -g -Wall -Wextra -fno-tree-loop-distribute-patterns"

TRACE::2025-03-17.12:11:52::SCWBDomain::"Running Make include in ps7_cortexa9_0/libsrc/xilffs_v5_2/src"

TRACE::2025-03-17.12:11:52::SCWBDomain::make -C ps7_cortexa9_0/libsrc/xilffs_v5_2/src -s include  "SHELL=CMD" "COMPILER=arm-none-eabi-gcc" "ASSEMBLER=arm-none-eabi-as"
TRACE::2025-03-17.12:11:52::SCWBDomain:: "ARCHIVER=arm-none-eabi-ar" "COMPILER_FLAGS=  -O2 -c" "EXTRA_COMPILER_FLAGS=-mcpu=cortex-a9 -mfpu=vfpv3 -mfloat-abi=hard -nost
TRACE::2025-03-17.12:11:52::SCWBDomain::artfiles -g -Wall -Wextra -fno-tree-loop-distribute-patterns"

TRACE::2025-03-17.12:11:52::SCWBDomain::"Running Make include in ps7_cortexa9_0/libsrc/xilrsa_v1_8/src"

TRACE::2025-03-17.12:11:52::SCWBDomain::make -C ps7_cortexa9_0/libsrc/xilrsa_v1_8/src -s include  "SHELL=CMD" "COMPILER=arm-none-eabi-gcc" "ASSEMBLER=arm-none-eabi-as"
TRACE::2025-03-17.12:11:52::SCWBDomain:: "ARCHIVER=arm-none-eabi-ar" "COMPILER_FLAGS=  -O2 -c" "EXTRA_COMPILER_FLAGS=-mcpu=cortex-a9 -mfpu=vfpv3 -mfloat-abi=hard -nost
TRACE::2025-03-17.12:11:52::SCWBDomain::artfiles -g -Wall -Wextra -fno-tree-loop-distribute-patterns"

TRACE::2025-03-17.12:11:52::SCWBDomain::"Running Make libs in ps7_cortexa9_0/libsrc/ultrasoon_v1_0/src"

TRACE::2025-03-17.12:11:52::SCWBDomain::make -C ps7_cortexa9_0/libsrc/ultrasoon_v1_0/src -s libs  "SHELL=CMD" "COMPILER=arm-none-eabi-gcc" "ASSEMBLER=arm-none-eabi-as"
TRACE::2025-03-17.12:11:52::SCWBDomain:: "ARCHIVER=arm-none-eabi-ar" "COMPILER_FLAGS=  -O2 -c" "EXTRA_COMPILER_FLAGS=-mcpu=cortex-a9 -mfpu=vfpv3 -mfloat-abi=hard -nost
TRACE::2025-03-17.12:11:52::SCWBDomain::artfiles -g -Wall -Wextra -fno-tree-loop-distribute-patterns"

TRACE::2025-03-17.12:11:52::SCWBDomain::"Running Make libs in ps7_cortexa9_0/libsrc/xilrsa_v1_8/src"

TRACE::2025-03-17.12:11:52::SCWBDomain::make -C ps7_cortexa9_0/libsrc/xilrsa_v1_8/src -s libs  "SHELL=CMD" "COMPILER=arm-none-eabi-gcc" "ASSEMBLER=arm-none-eabi-as" "A
TRACE::2025-03-17.12:11:52::SCWBDomain::RCHIVER=arm-none-eabi-ar" "COMPILER_FLAGS=  -O2 -c" "EXTRA_COMPILER_FLAGS=-mcpu=cortex-a9 -mfpu=vfpv3 -mfloat-abi=hard -nostart
TRACE::2025-03-17.12:11:52::SCWBDomain::files -g -Wall -Wextra -fno-tree-loop-distribute-patterns"

TRACE::2025-03-17.12:11:52::SCWBDomain::'Finished building libraries sequentially.'

TRACE::2025-03-17.12:11:52::SCWBDomain::make -j 10 --no-print-directory par_libs

TRACE::2025-03-17.12:11:52::SCWBDomain::"Running Make include in ps7_cortexa9_0/libsrc/coresightps_dcc_v1_10/src"

TRACE::2025-03-17.12:11:52::SCWBDomain::make -C ps7_cortexa9_0/libsrc/coresightps_dcc_v1_10/src -s include  "SHELL=CMD" "COMPILER=arm-none-eabi-gcc" "ASSEMBLER=arm-non
TRACE::2025-03-17.12:11:52::SCWBDomain::e-eabi-as" "ARCHIVER=arm-none-eabi-ar" "COMPILER_FLAGS=  -O2 -c" "EXTRA_COMPILER_FLAGS=-mcpu=cortex-a9 -mfpu=vfpv3 -mfloat-abi=
TRACE::2025-03-17.12:11:52::SCWBDomain::hard -nostartfiles -g -Wall -Wextra -fno-tree-loop-distribute-patterns"

TRACE::2025-03-17.12:11:52::SCWBDomain::"Running Make include in ps7_cortexa9_0/libsrc/cpu_cortexa9_v2_12/src"

TRACE::2025-03-17.12:11:52::SCWBDomain::make -C ps7_cortexa9_0/libsrc/cpu_cortexa9_v2_12/src -s include  "SHELL=CMD" "COMPILER=arm-none-eabi-gcc" "ASSEMBLER=arm-none-e
TRACE::2025-03-17.12:11:52::SCWBDomain::abi-as" "ARCHIVER=arm-none-eabi-ar" "COMPILER_FLAGS=  -O2 -c" "EXTRA_COMPILER_FLAGS=-mcpu=cortex-a9 -mfpu=vfpv3 -mfloat-abi=har
TRACE::2025-03-17.12:11:52::SCWBDomain::d -nostartfiles -g -Wall -Wextra -fno-tree-loop-distribute-patterns"

TRACE::2025-03-17.12:11:52::SCWBDomain::"Running Make include in ps7_cortexa9_0/libsrc/ddrps_v1_2/src"

TRACE::2025-03-17.12:11:52::SCWBDomain::make -C ps7_cortexa9_0/libsrc/ddrps_v1_2/src -s include  "SHELL=CMD" "COMPILER=arm-none-eabi-gcc" "ASSEMBLER=arm-none-eabi-as" 
TRACE::2025-03-17.12:11:52::SCWBDomain::"ARCHIVER=arm-none-eabi-ar" "COMPILER_FLAGS=  -O2 -c" "EXTRA_COMPILER_FLAGS=-mcpu=cortex-a9 -mfpu=vfpv3 -mfloat-abi=hard -nosta
TRACE::2025-03-17.12:11:52::SCWBDomain::rtfiles -g -Wall -Wextra -fno-tree-loop-distribute-patterns"

TRACE::2025-03-17.12:11:52::SCWBDomain::"Running Make include in ps7_cortexa9_0/libsrc/devcfg_v3_8/src"

TRACE::2025-03-17.12:11:52::SCWBDomain::make -C ps7_cortexa9_0/libsrc/devcfg_v3_8/src -s include  "SHELL=CMD" "COMPILER=arm-none-eabi-gcc" "ASSEMBLER=arm-none-eabi-as"
TRACE::2025-03-17.12:11:52::SCWBDomain:: "ARCHIVER=arm-none-eabi-ar" "COMPILER_FLAGS=  -O2 -c" "EXTRA_COMPILER_FLAGS=-mcpu=cortex-a9 -mfpu=vfpv3 -mfloat-abi=hard -nost
TRACE::2025-03-17.12:11:52::SCWBDomain::artfiles -g -Wall -Wextra -fno-tree-loop-distribute-patterns"

TRACE::2025-03-17.12:11:52::SCWBDomain::"Running Make include in ps7_cortexa9_0/libsrc/dmaps_v2_10/src"

TRACE::2025-03-17.12:11:52::SCWBDomain::make -C ps7_cortexa9_0/libsrc/dmaps_v2_10/src -s include  "SHELL=CMD" "COMPILER=arm-none-eabi-gcc" "ASSEMBLER=arm-none-eabi-as"
TRACE::2025-03-17.12:11:52::SCWBDomain:: "ARCHIVER=arm-none-eabi-ar" "COMPILER_FLAGS=  -O2 -c" "EXTRA_COMPILER_FLAGS=-mcpu=cortex-a9 -mfpu=vfpv3 -mfloat-abi=hard -nost
TRACE::2025-03-17.12:11:52::SCWBDomain::artfiles -g -Wall -Wextra -fno-tree-loop-distribute-patterns"

TRACE::2025-03-17.12:11:53::SCWBDomain::"Running Make include in ps7_cortexa9_0/libsrc/emacps_v3_20/src"

TRACE::2025-03-17.12:11:53::SCWBDomain::make -C ps7_cortexa9_0/libsrc/emacps_v3_20/src -s include  "SHELL=CMD" "COMPILER=arm-none-eabi-gcc" "ASSEMBLER=arm-none-eabi-as
TRACE::2025-03-17.12:11:53::SCWBDomain::" "ARCHIVER=arm-none-eabi-ar" "COMPILER_FLAGS=  -O2 -c" "EXTRA_COMPILER_FLAGS=-mcpu=cortex-a9 -mfpu=vfpv3 -mfloat-abi=hard -nos
TRACE::2025-03-17.12:11:53::SCWBDomain::tartfiles -g -Wall -Wextra -fno-tree-loop-distribute-patterns"

TRACE::2025-03-17.12:11:53::SCWBDomain::"Running Make include in ps7_cortexa9_0/libsrc/gpiops_v3_13/src"

TRACE::2025-03-17.12:11:53::SCWBDomain::make -C ps7_cortexa9_0/libsrc/gpiops_v3_13/src -s include  "SHELL=CMD" "COMPILER=arm-none-eabi-gcc" "ASSEMBLER=arm-none-eabi-as
TRACE::2025-03-17.12:11:53::SCWBDomain::" "ARCHIVER=arm-none-eabi-ar" "COMPILER_FLAGS=  -O2 -c" "EXTRA_COMPILER_FLAGS=-mcpu=cortex-a9 -mfpu=vfpv3 -mfloat-abi=hard -nos
TRACE::2025-03-17.12:11:53::SCWBDomain::tartfiles -g -Wall -Wextra -fno-tree-loop-distribute-patterns"

TRACE::2025-03-17.12:11:53::SCWBDomain::"Running Make include in ps7_cortexa9_0/libsrc/qspips_v3_12/src"

TRACE::2025-03-17.12:11:53::SCWBDomain::make -C ps7_cortexa9_0/libsrc/qspips_v3_12/src -s include  "SHELL=CMD" "COMPILER=arm-none-eabi-gcc" "ASSEMBLER=arm-none-eabi-as
TRACE::2025-03-17.12:11:53::SCWBDomain::" "ARCHIVER=arm-none-eabi-ar" "COMPILER_FLAGS=  -O2 -c" "EXTRA_COMPILER_FLAGS=-mcpu=cortex-a9 -mfpu=vfpv3 -mfloat-abi=hard -nos
TRACE::2025-03-17.12:11:53::SCWBDomain::tartfiles -g -Wall -Wextra -fno-tree-loop-distribute-patterns"

TRACE::2025-03-17.12:11:53::SCWBDomain::"Running Make include in ps7_cortexa9_0/libsrc/scugic_v5_3/src"

TRACE::2025-03-17.12:11:53::SCWBDomain::make -C ps7_cortexa9_0/libsrc/scugic_v5_3/src -s include  "SHELL=CMD" "COMPILER=arm-none-eabi-gcc" "ASSEMBLER=arm-none-eabi-as"
TRACE::2025-03-17.12:11:53::SCWBDomain:: "ARCHIVER=arm-none-eabi-ar" "COMPILER_FLAGS=  -O2 -c" "EXTRA_COMPILER_FLAGS=-mcpu=cortex-a9 -mfpu=vfpv3 -mfloat-abi=hard -nost
TRACE::2025-03-17.12:11:53::SCWBDomain::artfiles -g -Wall -Wextra -fno-tree-loop-distribute-patterns"

TRACE::2025-03-17.12:11:53::SCWBDomain::"Running Make include in ps7_cortexa9_0/libsrc/scutimer_v2_6/src"

TRACE::2025-03-17.12:11:53::SCWBDomain::make -C ps7_cortexa9_0/libsrc/scutimer_v2_6/src -s include  "SHELL=CMD" "COMPILER=arm-none-eabi-gcc" "ASSEMBLER=arm-none-eabi-a
TRACE::2025-03-17.12:11:53::SCWBDomain::s" "ARCHIVER=arm-none-eabi-ar" "COMPILER_FLAGS=  -O2 -c" "EXTRA_COMPILER_FLAGS=-mcpu=cortex-a9 -mfpu=vfpv3 -mfloat-abi=hard -no
TRACE::2025-03-17.12:11:53::SCWBDomain::startfiles -g -Wall -Wextra -fno-tree-loop-distribute-patterns"

TRACE::2025-03-17.12:11:53::SCWBDomain::"Running Make include in ps7_cortexa9_0/libsrc/scuwdt_v2_5/src"

TRACE::2025-03-17.12:11:53::SCWBDomain::make -C ps7_cortexa9_0/libsrc/scuwdt_v2_5/src -s include  "SHELL=CMD" "COMPILER=arm-none-eabi-gcc" "ASSEMBLER=arm-none-eabi-as"
TRACE::2025-03-17.12:11:53::SCWBDomain:: "ARCHIVER=arm-none-eabi-ar" "COMPILER_FLAGS=  -O2 -c" "EXTRA_COMPILER_FLAGS=-mcpu=cortex-a9 -mfpu=vfpv3 -mfloat-abi=hard -nost
TRACE::2025-03-17.12:11:53::SCWBDomain::artfiles -g -Wall -Wextra -fno-tree-loop-distribute-patterns"

TRACE::2025-03-17.12:11:53::SCWBDomain::"Running Make include in ps7_cortexa9_0/libsrc/sdps_v4_3/src"

TRACE::2025-03-17.12:11:53::SCWBDomain::make -C ps7_cortexa9_0/libsrc/sdps_v4_3/src -s include  "SHELL=CMD" "COMPILER=arm-none-eabi-gcc" "ASSEMBLER=arm-none-eabi-as" "
TRACE::2025-03-17.12:11:53::SCWBDomain::ARCHIVER=arm-none-eabi-ar" "COMPILER_FLAGS=  -O2 -c" "EXTRA_COMPILER_FLAGS=-mcpu=cortex-a9 -mfpu=vfpv3 -mfloat-abi=hard -nostar
TRACE::2025-03-17.12:11:53::SCWBDomain::tfiles -g -Wall -Wextra -fno-tree-loop-distribute-patterns"

TRACE::2025-03-17.12:11:53::SCWBDomain::"Running Make include in ps7_cortexa9_0/libsrc/standalone_v9_1/src"

TRACE::2025-03-17.12:11:53::SCWBDomain::make -C ps7_cortexa9_0/libsrc/standalone_v9_1/src -s include  "SHELL=CMD" "COMPILER=arm-none-eabi-gcc" "ASSEMBLER=arm-none-eabi
TRACE::2025-03-17.12:11:53::SCWBDomain::-as" "ARCHIVER=arm-none-eabi-ar" "COMPILER_FLAGS=  -O2 -c" "EXTRA_COMPILER_FLAGS=-mcpu=cortex-a9 -mfpu=vfpv3 -mfloat-abi=hard -
TRACE::2025-03-17.12:11:53::SCWBDomain::nostartfiles -g -Wall -Wextra -fno-tree-loop-distribute-patterns"

TRACE::2025-03-17.12:11:53::SCWBDomain::"Running Make include in ps7_cortexa9_0/libsrc/uartps_v3_14/src"

TRACE::2025-03-17.12:11:53::SCWBDomain::make -C ps7_cortexa9_0/libsrc/uartps_v3_14/src -s include  "SHELL=CMD" "COMPILER=arm-none-eabi-gcc" "ASSEMBLER=arm-none-eabi-as
TRACE::2025-03-17.12:11:53::SCWBDomain::" "ARCHIVER=arm-none-eabi-ar" "COMPILER_FLAGS=  -O2 -c" "EXTRA_COMPILER_FLAGS=-mcpu=cortex-a9 -mfpu=vfpv3 -mfloat-abi=hard -nos
TRACE::2025-03-17.12:11:53::SCWBDomain::tartfiles -g -Wall -Wextra -fno-tree-loop-distribute-patterns"

TRACE::2025-03-17.12:11:53::SCWBDomain::"Running Make include in ps7_cortexa9_0/libsrc/ultrasoon_v1_0/src"

TRACE::2025-03-17.12:11:53::SCWBDomain::make -C ps7_cortexa9_0/libsrc/ultrasoon_v1_0/src -s include  "SHELL=CMD" "COMPILER=arm-none-eabi-gcc" "ASSEMBLER=arm-none-eabi-
TRACE::2025-03-17.12:11:53::SCWBDomain::as" "ARCHIVER=arm-none-eabi-ar" "COMPILER_FLAGS=  -O2 -c" "EXTRA_COMPILER_FLAGS=-mcpu=cortex-a9 -mfpu=vfpv3 -mfloat-abi=hard -n
TRACE::2025-03-17.12:11:53::SCWBDomain::ostartfiles -g -Wall -Wextra -fno-tree-loop-distribute-patterns"

TRACE::2025-03-17.12:11:53::SCWBDomain::"Running Make include in ps7_cortexa9_0/libsrc/usbps_v2_9/src"

TRACE::2025-03-17.12:11:53::SCWBDomain::make -C ps7_cortexa9_0/libsrc/usbps_v2_9/src -s include  "SHELL=CMD" "COMPILER=arm-none-eabi-gcc" "ASSEMBLER=arm-none-eabi-as" 
TRACE::2025-03-17.12:11:53::SCWBDomain::"ARCHIVER=arm-none-eabi-ar" "COMPILER_FLAGS=  -O2 -c" "EXTRA_COMPILER_FLAGS=-mcpu=cortex-a9 -mfpu=vfpv3 -mfloat-abi=hard -nosta
TRACE::2025-03-17.12:11:53::SCWBDomain::rtfiles -g -Wall -Wextra -fno-tree-loop-distribute-patterns"

TRACE::2025-03-17.12:11:53::SCWBDomain::"Running Make include in ps7_cortexa9_0/libsrc/xadcps_v2_7/src"

TRACE::2025-03-17.12:11:53::SCWBDomain::make -C ps7_cortexa9_0/libsrc/xadcps_v2_7/src -s include  "SHELL=CMD" "COMPILER=arm-none-eabi-gcc" "ASSEMBLER=arm-none-eabi-as"
TRACE::2025-03-17.12:11:53::SCWBDomain:: "ARCHIVER=arm-none-eabi-ar" "COMPILER_FLAGS=  -O2 -c" "EXTRA_COMPILER_FLAGS=-mcpu=cortex-a9 -mfpu=vfpv3 -mfloat-abi=hard -nost
TRACE::2025-03-17.12:11:53::SCWBDomain::artfiles -g -Wall -Wextra -fno-tree-loop-distribute-patterns"

TRACE::2025-03-17.12:11:53::SCWBDomain::"Running Make include in ps7_cortexa9_0/libsrc/xilffs_v5_2/src"

TRACE::2025-03-17.12:11:53::SCWBDomain::make -C ps7_cortexa9_0/libsrc/xilffs_v5_2/src -s include  "SHELL=CMD" "COMPILER=arm-none-eabi-gcc" "ASSEMBLER=arm-none-eabi-as"
TRACE::2025-03-17.12:11:53::SCWBDomain:: "ARCHIVER=arm-none-eabi-ar" "COMPILER_FLAGS=  -O2 -c" "EXTRA_COMPILER_FLAGS=-mcpu=cortex-a9 -mfpu=vfpv3 -mfloat-abi=hard -nost
TRACE::2025-03-17.12:11:53::SCWBDomain::artfiles -g -Wall -Wextra -fno-tree-loop-distribute-patterns"

TRACE::2025-03-17.12:11:53::SCWBDomain::"Running Make include in ps7_cortexa9_0/libsrc/xilrsa_v1_8/src"

TRACE::2025-03-17.12:11:53::SCWBDomain::make -C ps7_cortexa9_0/libsrc/xilrsa_v1_8/src -s include  "SHELL=CMD" "COMPILER=arm-none-eabi-gcc" "ASSEMBLER=arm-none-eabi-as"
TRACE::2025-03-17.12:11:53::SCWBDomain:: "ARCHIVER=arm-none-eabi-ar" "COMPILER_FLAGS=  -O2 -c" "EXTRA_COMPILER_FLAGS=-mcpu=cortex-a9 -mfpu=vfpv3 -mfloat-abi=hard -nost
TRACE::2025-03-17.12:11:53::SCWBDomain::artfiles -g -Wall -Wextra -fno-tree-loop-distribute-patterns"

TRACE::2025-03-17.12:11:53::SCWBDomain::"Running Make libs in ps7_cortexa9_0/libsrc/coresightps_dcc_v1_10/src"

TRACE::2025-03-17.12:11:53::SCWBDomain::make -C ps7_cortexa9_0/libsrc/coresightps_dcc_v1_10/src -s libs  "SHELL=CMD" "COMPILER=arm-none-eabi-gcc" "ASSEMBLER=arm-none-e
TRACE::2025-03-17.12:11:53::SCWBDomain::abi-as" "ARCHIVER=arm-none-eabi-ar" "COMPILER_FLAGS=  -O2 -c" "EXTRA_COMPILER_FLAGS=-mcpu=cortex-a9 -mfpu=vfpv3 -mfloat-abi=har
TRACE::2025-03-17.12:11:53::SCWBDomain::d -nostartfiles -g -Wall -Wextra -fno-tree-loop-distribute-patterns"

TRACE::2025-03-17.12:11:53::SCWBDomain::"Running Make libs in ps7_cortexa9_0/libsrc/cpu_cortexa9_v2_12/src"

TRACE::2025-03-17.12:11:53::SCWBDomain::make -C ps7_cortexa9_0/libsrc/cpu_cortexa9_v2_12/src -s libs  "SHELL=CMD" "COMPILER=arm-none-eabi-gcc" "ASSEMBLER=arm-none-eabi
TRACE::2025-03-17.12:11:53::SCWBDomain::-as" "ARCHIVER=arm-none-eabi-ar" "COMPILER_FLAGS=  -O2 -c" "EXTRA_COMPILER_FLAGS=-mcpu=cortex-a9 -mfpu=vfpv3 -mfloat-abi=hard -
TRACE::2025-03-17.12:11:53::SCWBDomain::nostartfiles -g -Wall -Wextra -fno-tree-loop-distribute-patterns"

TRACE::2025-03-17.12:11:53::SCWBDomain::"Running Make libs in ps7_cortexa9_0/libsrc/ddrps_v1_2/src"

TRACE::2025-03-17.12:11:53::SCWBDomain::make -C ps7_cortexa9_0/libsrc/ddrps_v1_2/src -s libs  "SHELL=CMD" "COMPILER=arm-none-eabi-gcc" "ASSEMBLER=arm-none-eabi-as" "AR
TRACE::2025-03-17.12:11:53::SCWBDomain::CHIVER=arm-none-eabi-ar" "COMPILER_FLAGS=  -O2 -c" "EXTRA_COMPILER_FLAGS=-mcpu=cortex-a9 -mfpu=vfpv3 -mfloat-abi=hard -nostartf
TRACE::2025-03-17.12:11:53::SCWBDomain::iles -g -Wall -Wextra -fno-tree-loop-distribute-patterns"

TRACE::2025-03-17.12:11:53::SCWBDomain::"Running Make libs in ps7_cortexa9_0/libsrc/devcfg_v3_8/src"

TRACE::2025-03-17.12:11:53::SCWBDomain::make -C ps7_cortexa9_0/libsrc/devcfg_v3_8/src -s libs  "SHELL=CMD" "COMPILER=arm-none-eabi-gcc" "ASSEMBLER=arm-none-eabi-as" "A
TRACE::2025-03-17.12:11:53::SCWBDomain::RCHIVER=arm-none-eabi-ar" "COMPILER_FLAGS=  -O2 -c" "EXTRA_COMPILER_FLAGS=-mcpu=cortex-a9 -mfpu=vfpv3 -mfloat-abi=hard -nostart
TRACE::2025-03-17.12:11:53::SCWBDomain::files -g -Wall -Wextra -fno-tree-loop-distribute-patterns"

TRACE::2025-03-17.12:11:53::SCWBDomain::"Running Make libs in ps7_cortexa9_0/libsrc/dmaps_v2_10/src"

TRACE::2025-03-17.12:11:53::SCWBDomain::make -C ps7_cortexa9_0/libsrc/dmaps_v2_10/src -s libs  "SHELL=CMD" "COMPILER=arm-none-eabi-gcc" "ASSEMBLER=arm-none-eabi-as" "A
TRACE::2025-03-17.12:11:53::SCWBDomain::RCHIVER=arm-none-eabi-ar" "COMPILER_FLAGS=  -O2 -c" "EXTRA_COMPILER_FLAGS=-mcpu=cortex-a9 -mfpu=vfpv3 -mfloat-abi=hard -nostart
TRACE::2025-03-17.12:11:53::SCWBDomain::files -g -Wall -Wextra -fno-tree-loop-distribute-patterns"

TRACE::2025-03-17.12:11:53::SCWBDomain::"Running Make libs in ps7_cortexa9_0/libsrc/emacps_v3_20/src"

TRACE::2025-03-17.12:11:53::SCWBDomain::make -C ps7_cortexa9_0/libsrc/emacps_v3_20/src -s libs  "SHELL=CMD" "COMPILER=arm-none-eabi-gcc" "ASSEMBLER=arm-none-eabi-as" "
TRACE::2025-03-17.12:11:53::SCWBDomain::ARCHIVER=arm-none-eabi-ar" "COMPILER_FLAGS=  -O2 -c" "EXTRA_COMPILER_FLAGS=-mcpu=cortex-a9 -mfpu=vfpv3 -mfloat-abi=hard -nostar
TRACE::2025-03-17.12:11:53::SCWBDomain::tfiles -g -Wall -Wextra -fno-tree-loop-distribute-patterns"

TRACE::2025-03-17.12:11:53::SCWBDomain::"Running Make libs in ps7_cortexa9_0/libsrc/gpiops_v3_13/src"

TRACE::2025-03-17.12:11:53::SCWBDomain::make -C ps7_cortexa9_0/libsrc/gpiops_v3_13/src -s libs  "SHELL=CMD" "COMPILER=arm-none-eabi-gcc" "ASSEMBLER=arm-none-eabi-as" "
TRACE::2025-03-17.12:11:53::SCWBDomain::ARCHIVER=arm-none-eabi-ar" "COMPILER_FLAGS=  -O2 -c" "EXTRA_COMPILER_FLAGS=-mcpu=cortex-a9 -mfpu=vfpv3 -mfloat-abi=hard -nostar
TRACE::2025-03-17.12:11:53::SCWBDomain::tfiles -g -Wall -Wextra -fno-tree-loop-distribute-patterns"

TRACE::2025-03-17.12:11:53::SCWBDomain::"Running Make libs in ps7_cortexa9_0/libsrc/qspips_v3_12/src"

TRACE::2025-03-17.12:11:53::SCWBDomain::make -C ps7_cortexa9_0/libsrc/qspips_v3_12/src -s libs  "SHELL=CMD" "COMPILER=arm-none-eabi-gcc" "ASSEMBLER=arm-none-eabi-as" "
TRACE::2025-03-17.12:11:53::SCWBDomain::ARCHIVER=arm-none-eabi-ar" "COMPILER_FLAGS=  -O2 -c" "EXTRA_COMPILER_FLAGS=-mcpu=cortex-a9 -mfpu=vfpv3 -mfloat-abi=hard -nostar
TRACE::2025-03-17.12:11:53::SCWBDomain::tfiles -g -Wall -Wextra -fno-tree-loop-distribute-patterns"

TRACE::2025-03-17.12:11:54::SCWBDomain::"Running Make libs in ps7_cortexa9_0/libsrc/scugic_v5_3/src"

TRACE::2025-03-17.12:11:54::SCWBDomain::make -C ps7_cortexa9_0/libsrc/scugic_v5_3/src -s libs  "SHELL=CMD" "COMPILER=arm-none-eabi-gcc" "ASSEMBLER=arm-none-eabi-as" "A
TRACE::2025-03-17.12:11:54::SCWBDomain::RCHIVER=arm-none-eabi-ar" "COMPILER_FLAGS=  -O2 -c" "EXTRA_COMPILER_FLAGS=-mcpu=cortex-a9 -mfpu=vfpv3 -mfloat-abi=hard -nostart
TRACE::2025-03-17.12:11:54::SCWBDomain::files -g -Wall -Wextra -fno-tree-loop-distribute-patterns"

TRACE::2025-03-17.12:11:54::SCWBDomain::"Running Make libs in ps7_cortexa9_0/libsrc/scutimer_v2_6/src"

TRACE::2025-03-17.12:11:54::SCWBDomain::make -C ps7_cortexa9_0/libsrc/scutimer_v2_6/src -s libs  "SHELL=CMD" "COMPILER=arm-none-eabi-gcc" "ASSEMBLER=arm-none-eabi-as" 
TRACE::2025-03-17.12:11:54::SCWBDomain::"ARCHIVER=arm-none-eabi-ar" "COMPILER_FLAGS=  -O2 -c" "EXTRA_COMPILER_FLAGS=-mcpu=cortex-a9 -mfpu=vfpv3 -mfloat-abi=hard -nosta
TRACE::2025-03-17.12:11:54::SCWBDomain::rtfiles -g -Wall -Wextra -fno-tree-loop-distribute-patterns"

TRACE::2025-03-17.12:11:54::SCWBDomain::"Running Make libs in ps7_cortexa9_0/libsrc/scuwdt_v2_5/src"

TRACE::2025-03-17.12:11:54::SCWBDomain::make -C ps7_cortexa9_0/libsrc/scuwdt_v2_5/src -s libs  "SHELL=CMD" "COMPILER=arm-none-eabi-gcc" "ASSEMBLER=arm-none-eabi-as" "A
TRACE::2025-03-17.12:11:54::SCWBDomain::RCHIVER=arm-none-eabi-ar" "COMPILER_FLAGS=  -O2 -c" "EXTRA_COMPILER_FLAGS=-mcpu=cortex-a9 -mfpu=vfpv3 -mfloat-abi=hard -nostart
TRACE::2025-03-17.12:11:54::SCWBDomain::files -g -Wall -Wextra -fno-tree-loop-distribute-patterns"

TRACE::2025-03-17.12:11:54::SCWBDomain::"Running Make libs in ps7_cortexa9_0/libsrc/sdps_v4_3/src"

TRACE::2025-03-17.12:11:54::SCWBDomain::make -C ps7_cortexa9_0/libsrc/sdps_v4_3/src -s libs  "SHELL=CMD" "COMPILER=arm-none-eabi-gcc" "ASSEMBLER=arm-none-eabi-as" "ARC
TRACE::2025-03-17.12:11:54::SCWBDomain::HIVER=arm-none-eabi-ar" "COMPILER_FLAGS=  -O2 -c" "EXTRA_COMPILER_FLAGS=-mcpu=cortex-a9 -mfpu=vfpv3 -mfloat-abi=hard -nostartfi
TRACE::2025-03-17.12:11:54::SCWBDomain::les -g -Wall -Wextra -fno-tree-loop-distribute-patterns"

TRACE::2025-03-17.12:11:54::SCWBDomain::"Running Make libs in ps7_cortexa9_0/libsrc/standalone_v9_1/src"

TRACE::2025-03-17.12:11:54::SCWBDomain::make -C ps7_cortexa9_0/libsrc/standalone_v9_1/src -s libs  "SHELL=CMD" "COMPILER=arm-none-eabi-gcc" "ASSEMBLER=arm-none-eabi-as
TRACE::2025-03-17.12:11:54::SCWBDomain::" "ARCHIVER=arm-none-eabi-ar" "COMPILER_FLAGS=  -O2 -c" "EXTRA_COMPILER_FLAGS=-mcpu=cortex-a9 -mfpu=vfpv3 -mfloat-abi=hard -nos
TRACE::2025-03-17.12:11:54::SCWBDomain::tartfiles -g -Wall -Wextra -fno-tree-loop-distribute-patterns"

TRACE::2025-03-17.12:11:54::SCWBDomain::"Running Make libs in ps7_cortexa9_0/libsrc/uartps_v3_14/src"

TRACE::2025-03-17.12:11:54::SCWBDomain::make -C ps7_cortexa9_0/libsrc/uartps_v3_14/src -s libs  "SHELL=CMD" "COMPILER=arm-none-eabi-gcc" "ASSEMBLER=arm-none-eabi-as" "
TRACE::2025-03-17.12:11:54::SCWBDomain::ARCHIVER=arm-none-eabi-ar" "COMPILER_FLAGS=  -O2 -c" "EXTRA_COMPILER_FLAGS=-mcpu=cortex-a9 -mfpu=vfpv3 -mfloat-abi=hard -nostar
TRACE::2025-03-17.12:11:54::SCWBDomain::tfiles -g -Wall -Wextra -fno-tree-loop-distribute-patterns"

TRACE::2025-03-17.12:11:55::SCWBDomain::"Running Make libs in ps7_cortexa9_0/libsrc/usbps_v2_9/src"

TRACE::2025-03-17.12:11:55::SCWBDomain::make -C ps7_cortexa9_0/libsrc/usbps_v2_9/src -s libs  "SHELL=CMD" "COMPILER=arm-none-eabi-gcc" "ASSEMBLER=arm-none-eabi-as" "AR
TRACE::2025-03-17.12:11:55::SCWBDomain::CHIVER=arm-none-eabi-ar" "COMPILER_FLAGS=  -O2 -c" "EXTRA_COMPILER_FLAGS=-mcpu=cortex-a9 -mfpu=vfpv3 -mfloat-abi=hard -nostartf
TRACE::2025-03-17.12:11:55::SCWBDomain::iles -g -Wall -Wextra -fno-tree-loop-distribute-patterns"

TRACE::2025-03-17.12:11:55::SCWBDomain::"Running Make libs in ps7_cortexa9_0/libsrc/xadcps_v2_7/src"

TRACE::2025-03-17.12:11:55::SCWBDomain::make -C ps7_cortexa9_0/libsrc/xadcps_v2_7/src -s libs  "SHELL=CMD" "COMPILER=arm-none-eabi-gcc" "ASSEMBLER=arm-none-eabi-as" "A
TRACE::2025-03-17.12:11:55::SCWBDomain::RCHIVER=arm-none-eabi-ar" "COMPILER_FLAGS=  -O2 -c" "EXTRA_COMPILER_FLAGS=-mcpu=cortex-a9 -mfpu=vfpv3 -mfloat-abi=hard -nostart
TRACE::2025-03-17.12:11:55::SCWBDomain::files -g -Wall -Wextra -fno-tree-loop-distribute-patterns"

TRACE::2025-03-17.12:11:55::SCWBDomain::"Running Make libs in ps7_cortexa9_0/libsrc/xilffs_v5_2/src"

TRACE::2025-03-17.12:11:55::SCWBDomain::make -C ps7_cortexa9_0/libsrc/xilffs_v5_2/src -s libs  "SHELL=CMD" "COMPILER=arm-none-eabi-gcc" "ASSEMBLER=arm-none-eabi-as" "A
TRACE::2025-03-17.12:11:55::SCWBDomain::RCHIVER=arm-none-eabi-ar" "COMPILER_FLAGS=  -O2 -c" "EXTRA_COMPILER_FLAGS=-mcpu=cortex-a9 -mfpu=vfpv3 -mfloat-abi=hard -nostart
TRACE::2025-03-17.12:11:55::SCWBDomain::files -g -Wall -Wextra -fno-tree-loop-distribute-patterns"

TRACE::2025-03-17.12:11:57::SCWBDomain::'Finished building libraries parallelly.'

TRACE::2025-03-17.12:11:57::SCWBDomain::make --no-print-directory archive

TRACE::2025-03-17.12:11:57::SCWBDomain::arm-none-eabi-ar -r  ps7_cortexa9_0/lib/libxil.a ps7_cortexa9_0/lib/_exit.o ps7_cortexa9_0/lib/_open.o ps7_cortexa9_0/lib/_sbrk
TRACE::2025-03-17.12:11:57::SCWBDomain::.o ps7_cortexa9_0/lib/abort.o ps7_cortexa9_0/lib/asm_vectors.o ps7_cortexa9_0/lib/boot.o ps7_cortexa9_0/lib/close.o ps7_cortexa
TRACE::2025-03-17.12:11:57::SCWBDomain::9_0/lib/cpputest_time.o ps7_cortexa9_0/lib/cpu_init.o ps7_cortexa9_0/lib/errno.o ps7_cortexa9_0/lib/fcntl.o ps7_cortexa9_0/lib/
TRACE::2025-03-17.12:11:57::SCWBDomain::fstat.o ps7_cortexa9_0/lib/getentropy.o ps7_cortexa9_0/lib/getpid.o ps7_cortexa9_0/lib/inbyte.o ps7_cortexa9_0/lib/isatty.o ps7
TRACE::2025-03-17.12:11:57::SCWBDomain::_cortexa9_0/lib/kill.o ps7_cortexa9_0/lib/lseek.o ps7_cortexa9_0/lib/open.o ps7_cortexa9_0/lib/outbyte.o ps7_cortexa9_0/lib/pri
TRACE::2025-03-17.12:11:57::SCWBDomain::nt.o ps7_cortexa9_0/lib/putnum.o ps7_cortexa9_0/lib/read.o ps7_cortexa9_0/lib/sbrk.o ps7_cortexa9_0/lib/sleep.o ps7_cortexa9_0/
TRACE::2025-03-17.12:11:57::SCWBDomain::lib/time.o ps7_cortexa9_0/lib/translation_table.o ps7_cortexa9_0/lib/ultrasoon.o ps7_cortexa9_0/lib/ultrasoon_selftest.o ps7_co
TRACE::2025-03-17.12:11:57::SCWBDomain::rtexa9_0/lib/unlink.o ps7_cortexa9_0/lib/usleep.o ps7_cortexa9_0/lib/vectors.o ps7_cortexa9_0/lib/write.o ps7_cortexa9_0/lib/xa
TRACE::2025-03-17.12:11:57::SCWBDomain::dcps.o ps7_cortexa9_0/lib/xadcps_g.o ps7_cortexa9_0/lib/xadcps_intr.o ps7_cortexa9_0/lib/xadcps_selftest.o ps7_cortexa9_0/lib/x
TRACE::2025-03-17.12:11:57::SCWBDomain::adcps_sinit.o ps7_cortexa9_0/lib/xcoresightpsdcc.o ps7_cortexa9_0/lib/xdevcfg.o ps7_cortexa9_0/lib/xdevcfg_g.o ps7_cortexa9_0/l
TRACE::2025-03-17.12:11:57::SCWBDomain::ib/xdevcfg_hw.o ps7_cortexa9_0/lib/xdevcfg_intr.o ps7_cortexa9_0/lib/xdevcfg_selftest.o ps7_cortexa9_0/lib/xdevcfg_sinit.o ps7_
TRACE::2025-03-17.12:11:57::SCWBDomain::cortexa9_0/lib/xdmaps.o ps7_cortexa9_0/lib/xdmaps_g.o ps7_cortexa9_0/lib/xdmaps_hw.o ps7_cortexa9_0/lib/xdmaps_selftest.o ps7_c
TRACE::2025-03-17.12:11:57::SCWBDomain::ortexa9_0/lib/xdmaps_sinit.o ps7_cortexa9_0/lib/xemacps.o ps7_cortexa9_0/lib/xemacps_bdring.o ps7_cortexa9_0/lib/xemacps_contro
TRACE::2025-03-17.12:11:57::SCWBDomain::l.o ps7_cortexa9_0/lib/xemacps_g.o ps7_cortexa9_0/lib/xemacps_hw.o ps7_cortexa9_0/lib/xemacps_intr.o ps7_cortexa9_0/lib/xemacps
TRACE::2025-03-17.12:11:57::SCWBDomain::_sinit.o ps7_cortexa9_0/lib/xgpiops.o ps7_cortexa9_0/lib/xgpiops_g.o ps7_cortexa9_0/lib/xgpiops_hw.o ps7_cortexa9_0/lib/xgpiops
TRACE::2025-03-17.12:11:57::SCWBDomain::_intr.o ps7_cortexa9_0/lib/xgpiops_selftest.o ps7_cortexa9_0/lib/xgpiops_sinit.o ps7_cortexa9_0/lib/xil-crt0.o ps7_cortexa9_0/l
TRACE::2025-03-17.12:11:57::SCWBDomain::ib/xil_assert.o ps7_cortexa9_0/lib/xil_cache.o ps7_cortexa9_0/lib/xil_clocking.o ps7_cortexa9_0/lib/xil_exception.o ps7_cortexa
TRACE::2025-03-17.12:11:57::SCWBDomain::9_0/lib/xil_mem.o ps7_cortexa9_0/lib/xil_misc_psreset_api.o ps7_cortexa9_0/lib/xil_mmu.o ps7_cortexa9_0/lib/xil_printf.o ps7_co
TRACE::2025-03-17.12:11:57::SCWBDomain::rtexa9_0/lib/xil_sleepcommon.o ps7_cortexa9_0/lib/xil_sleeptimer.o ps7_cortexa9_0/lib/xil_spinlock.o ps7_cortexa9_0/lib/xil_tes
TRACE::2025-03-17.12:11:57::SCWBDomain::tcache.o ps7_cortexa9_0/lib/xil_testio.o ps7_cortexa9_0/lib/xil_testmem.o ps7_cortexa9_0/lib/xil_util.o ps7_cortexa9_0/lib/xint
TRACE::2025-03-17.12:11:57::SCWBDomain::errupt_wrap.o ps7_cortexa9_0/lib/xl2cc_counter.o ps7_cortexa9_0/lib/xplatform_info.o ps7_cortexa9_0/lib/xpm_counter.o ps7_corte
TRACE::2025-03-17.12:11:57::SCWBDomain::xa9_0/lib/xpm_init.o ps7_cortexa9_0/lib/xqspips.o ps7_cortexa9_0/lib/xqspips_g.o ps7_cortexa9_0/lib/xqspips_hw.o ps7_cortexa9_0
TRACE::2025-03-17.12:11:57::SCWBDomain::/lib/xqspips_options.o ps7_cortexa9_0/lib/xqspips_selftest.o ps7_cortexa9_0/lib/xqspips_sinit.o ps7_cortexa9_0/lib/xscugic.o ps
TRACE::2025-03-17.12:11:57::SCWBDomain::7_cortexa9_0/lib/xscugic_g.o ps7_cortexa9_0/lib/xscugic_hw.o ps7_cortexa9_0/lib/xscugic_intr.o ps7_cortexa9_0/lib/xscugic_selft
TRACE::2025-03-17.12:11:57::SCWBDomain::est.o ps7_cortexa9_0/lib/xscugic_sinit.o ps7_cortexa9_0/lib/xscutimer.o ps7_cortexa9_0/lib/xscutimer_g.o ps7_cortexa9_0/lib/xsc
TRACE::2025-03-17.12:11:57::SCWBDomain::utimer_selftest.o ps7_cortexa9_0/lib/xscutimer_sinit.o ps7_cortexa9_0/lib/xscuwdt.o ps7_cortexa9_0/lib/xscuwdt_g.o ps7_cortexa9
TRACE::2025-03-17.12:11:57::SCWBDomain::_0/lib/xscuwdt_selftest.o ps7_cortexa9_0/lib/xscuwdt_sinit.o ps7_cortexa9_0/lib/xsdps.o ps7_cortexa9_0/lib/xsdps_card.o ps7_cor
TRACE::2025-03-17.12:11:57::SCWBDomain::texa9_0/lib/xsdps_g.o ps7_cortexa9_0/lib/xsdps_host.o ps7_cortexa9_0/lib/xsdps_options.o ps7_cortexa9_0/lib/xsdps_sinit.o ps7_c
TRACE::2025-03-17.12:11:57::SCWBDomain::ortexa9_0/lib/xtime_l.o ps7_cortexa9_0/lib/xuartps.o ps7_cortexa9_0/lib/xuartps_g.o ps7_cortexa9_0/lib/xuartps_hw.o ps7_cortexa
TRACE::2025-03-17.12:11:57::SCWBDomain::9_0/lib/xuartps_intr.o ps7_cortexa9_0/lib/xuartps_options.o ps7_cortexa9_0/lib/xuartps_selftest.o ps7_cortexa9_0/lib/xuartps_si
TRACE::2025-03-17.12:11:57::SCWBDomain::nit.o ps7_cortexa9_0/lib/xusbps.o ps7_cortexa9_0/lib/xusbps_endpoint.o ps7_cortexa9_0/lib/xusbps_g.o ps7_cortexa9_0/lib/xusbps_
TRACE::2025-03-17.12:11:57::SCWBDomain::hw.o ps7_cortexa9_0/lib/xusbps_intr.o ps7_cortexa9_0/lib/xusbps_sinit.o

TRACE::2025-03-17.12:11:57::SCWBDomain::'Finished building libraries'

TRACE::2025-03-17.12:11:57::SCWBDomain::make: Leaving directory 'C:/devWorks/Ultrasoon_SOC/Vitis/design_1_wrapper/zynq_fsbl/zynq_fsbl_bsp'

TRACE::2025-03-17.12:11:58::SCWBDomain::arm-none-eabi-gcc  -O2 -c -MMD -MP       -mcpu=cortex-a9 -mfpu=vfpv3 -mfloat-abi=hard  -c sd.c -o sd.o -Izynq_fsbl_bsp/ps7_cort
TRACE::2025-03-17.12:11:58::SCWBDomain::exa9_0/include -I.

TRACE::2025-03-17.12:11:58::SCWBDomain::arm-none-eabi-gcc  -O2 -c -MMD -MP       -mcpu=cortex-a9 -mfpu=vfpv3 -mfloat-abi=hard  -c nand.c -o nand.o -Izynq_fsbl_bsp/ps7_
TRACE::2025-03-17.12:11:58::SCWBDomain::cortexa9_0/include -I.

TRACE::2025-03-17.12:11:58::SCWBDomain::arm-none-eabi-gcc  -O2 -c -MMD -MP       -mcpu=cortex-a9 -mfpu=vfpv3 -mfloat-abi=hard  -c nor.c -o nor.o -Izynq_fsbl_bsp/ps7_co
TRACE::2025-03-17.12:11:58::SCWBDomain::rtexa9_0/include -I.

TRACE::2025-03-17.12:11:58::SCWBDomain::arm-none-eabi-gcc  -O2 -c -MMD -MP       -mcpu=cortex-a9 -mfpu=vfpv3 -mfloat-abi=hard  -c image_mover.c -o image_mover.o -Izynq
TRACE::2025-03-17.12:11:58::SCWBDomain::_fsbl_bsp/ps7_cortexa9_0/include -I.

TRACE::2025-03-17.12:11:58::SCWBDomain::arm-none-eabi-gcc  -O2 -c -MMD -MP       -mcpu=cortex-a9 -mfpu=vfpv3 -mfloat-abi=hard  -c md5.c -o md5.o -Izynq_fsbl_bsp/ps7_co
TRACE::2025-03-17.12:11:58::SCWBDomain::rtexa9_0/include -I.

TRACE::2025-03-17.12:11:58::SCWBDomain::arm-none-eabi-gcc  -O2 -c -MMD -MP       -mcpu=cortex-a9 -mfpu=vfpv3 -mfloat-abi=hard  -c fsbl_hooks.c -o fsbl_hooks.o -Izynq_f
TRACE::2025-03-17.12:11:58::SCWBDomain::sbl_bsp/ps7_cortexa9_0/include -I.

TRACE::2025-03-17.12:11:58::SCWBDomain::arm-none-eabi-gcc  -O2 -c -MMD -MP       -mcpu=cortex-a9 -mfpu=vfpv3 -mfloat-abi=hard  -c main.c -o main.o -Izynq_fsbl_bsp/ps7_
TRACE::2025-03-17.12:11:58::SCWBDomain::cortexa9_0/include -I.

TRACE::2025-03-17.12:11:58::SCWBDomain::arm-none-eabi-gcc  -O2 -c -MMD -MP       -mcpu=cortex-a9 -mfpu=vfpv3 -mfloat-abi=hard  -c rsa.c -o rsa.o -Izynq_fsbl_bsp/ps7_co
TRACE::2025-03-17.12:11:58::SCWBDomain::rtexa9_0/include -I.

TRACE::2025-03-17.12:11:58::SCWBDomain::arm-none-eabi-gcc  -O2 -c -MMD -MP       -mcpu=cortex-a9 -mfpu=vfpv3 -mfloat-abi=hard  -c qspi.c -o qspi.o -Izynq_fsbl_bsp/ps7_
TRACE::2025-03-17.12:11:58::SCWBDomain::cortexa9_0/include -I.

TRACE::2025-03-17.12:11:58::SCWBDomain::arm-none-eabi-gcc  -O2 -c -MMD -MP       -mcpu=cortex-a9 -mfpu=vfpv3 -mfloat-abi=hard  -c ps7_init.c -o ps7_init.o -Izynq_fsbl_
TRACE::2025-03-17.12:11:58::SCWBDomain::bsp/ps7_cortexa9_0/include -I.

TRACE::2025-03-17.12:11:59::SCWBDomain::arm-none-eabi-gcc  -O2 -c -MMD -MP       -mcpu=cortex-a9 -mfpu=vfpv3 -mfloat-abi=hard  -c pcap.c -o pcap.o -Izynq_fsbl_bsp/ps7_
TRACE::2025-03-17.12:11:59::SCWBDomain::cortexa9_0/include -I.

TRACE::2025-03-17.12:11:59::SCWBDomain::arm-none-eabi-gcc  -O2 -c -MMD -MP       -mcpu=cortex-a9 -mfpu=vfpv3 -mfloat-abi=hard  -c fsbl_handoff.S -o fsbl_handoff.o -Izy
TRACE::2025-03-17.12:11:59::SCWBDomain::nq_fsbl_bsp/ps7_cortexa9_0/include -I.

TRACE::2025-03-17.12:11:59::SCWBDomain::arm-none-eabi-gcc -o fsbl.elf fsbl_handoff.o fsbl_hooks.o image_mover.o main.o md5.o nand.o nor.o pcap.o ps7_init.o qspi.o rsa.
TRACE::2025-03-17.12:11:59::SCWBDomain::o sd.o -MMD -MP       -mcpu=cortex-a9 -mfpu=vfpv3 -mfloat-abi=hard   -mcpu=cortex-a9 -mfpu=vfpv3 -mfloat-abi=hard -Wl,-build-id
TRACE::2025-03-17.12:11:59::SCWBDomain::=none -specs=Xilinx.spec  -lrsa -Wl,--start-group,-lxil,-lgcc,-lc,--end-group -Wl,--start-group,-lxilffs,-lxil,-lgcc,-lc,--end-
TRACE::2025-03-17.12:11:59::SCWBDomain::group -Wl,--start-group,-lrsa,-lxil,-lgcc,-lc,--end-group                                     -Wl,--gc-sections -Lzynq_fsbl_bsp
TRACE::2025-03-17.12:11:59::SCWBDomain::/ps7_cortexa9_0/lib -L./ -Tlscript.ld

LOG::2025-03-17.12:11:59::SCWSystem::Checking the domain standalone_ps7_cortexa9_0
LOG::2025-03-17.12:11:59::SCWSystem::Not a boot domain 
LOG::2025-03-17.12:11:59::SCWSystem::Started Processing the domain standalone_ps7_cortexa9_0
TRACE::2025-03-17.12:11:59::SCWDomain::Generating domain artifcats
TRACE::2025-03-17.12:11:59::SCWMssOS::Generating standalone artifcats
TRACE::2025-03-17.12:11:59::SCWMssOS::Copying the qemu file from  C:/devWorks/Ultrasoon_SOC/Vitis/design_1_wrapper/resources/design_1_wrapper/standalone_ps7_cortexa9_0/qemu_args.txt To C:/devWorks/Ultrasoon_SOC/Vitis/design_1_wrapper/export/design_1_wrapper/sw/design_1_wrapper/standalone_ps7_cortexa9_0/qemu/
TRACE::2025-03-17.12:11:59::SCWMssOS:: Copying the user libraries. 
TRACE::2025-03-17.12:11:59::SCWPlatform::Trying to open the hw design at C:/devWorks/Ultrasoon_SOC/Vitis/design_1_wrapper/hw/design_1_wrapper.xsa
TRACE::2025-03-17.12:11:59::SCWPlatform::DSA given C:/devWorks/Ultrasoon_SOC/Vitis/design_1_wrapper/hw/design_1_wrapper.xsa
TRACE::2025-03-17.12:11:59::SCWPlatform::DSA absoulate path C:/devWorks/Ultrasoon_SOC/Vitis/design_1_wrapper/hw/design_1_wrapper.xsa
TRACE::2025-03-17.12:11:59::SCWPlatform::DSA directory C:/devWorks/Ultrasoon_SOC/Vitis/design_1_wrapper/hw
TRACE::2025-03-17.12:11:59::SCWPlatform:: Platform Path C:/devWorks/Ultrasoon_SOC/Vitis/design_1_wrapper/hw/design_1_wrapper.xsa
TRACE::2025-03-17.12:11:59::SCWPlatform:: Unique name xilinx:pynq-z2::0.0
TRACE::2025-03-17.12:11:59::SCWPlatform::Trying to set the existing hwdb with name design_1_wrapper_0
TRACE::2025-03-17.12:11:59::SCWPlatform::Opened existing hwdb design_1_wrapper_0
TRACE::2025-03-17.12:11:59::SCWPlatform::Found the Hw Db part of the input DSA
TRACE::2025-03-17.12:11:59::SCWMssOS::Checking the sw design at  C:/devWorks/Ultrasoon_SOC/Vitis/design_1_wrapper/ps7_cortexa9_0/standalone_ps7_cortexa9_0/bsp/system.mss
TRACE::2025-03-17.12:11:59::SCWMssOS::DEBUG:  swdes dump  C:/devWorks/Ultrasoon_SOC/Vitis/design_1_wrapper/ps7_cortexa9_0/standalone_ps7_cortexa9_0/bsp/system.mss|system_0||
C:/devWorks/Ultrasoon_SOC/Vitis/design_1_wrapper/zynq_fsbl/zynq_fsbl_bsp/system.mss|system||

TRACE::2025-03-17.12:11:59::SCWMssOS::Sw design exists and opened at  C:/devWorks/Ultrasoon_SOC/Vitis/design_1_wrapper/ps7_cortexa9_0/standalone_ps7_cortexa9_0/bsp/system.mss
TRACE::2025-03-17.12:11:59::SCWMssOS::Completed writing the mss file at C:/devWorks/Ultrasoon_SOC/Vitis/design_1_wrapper/ps7_cortexa9_0/standalone_ps7_cortexa9_0/bsp
TRACE::2025-03-17.12:11:59::SCWMssOS::Mss edits present, copying mssfile into export location C:/devWorks/Ultrasoon_SOC/Vitis/design_1_wrapper/ps7_cortexa9_0/standalone_ps7_cortexa9_0/bsp/system.mss
TRACE::2025-03-17.12:11:59::SCWMssOS::bsp generated is upto date with the mss file. Skipping bsp generation.
TRACE::2025-03-17.12:11:59::SCWMssOS::BSP is already built. skipping the bsp build ... 
TRACE::2025-03-17.12:11:59::SCWDomain::Building the domain as part of full build :  standalone_ps7_cortexa9_0
TRACE::2025-03-17.12:11:59::SCWMssOS::doing bsp build ... 
TRACE::2025-03-17.12:11:59::SCWMssOS::System Command Ran  C: & cd  C:/devWorks/Ultrasoon_SOC/Vitis/design_1_wrapper/ps7_cortexa9_0/standalone_ps7_cortexa9_0/bsp & make 
TRACE::2025-03-17.12:11:59::SCWMssOS::make --no-print-directory seq_libs

TRACE::2025-03-17.12:11:59::SCWMssOS::"Running Make include in ps7_cortexa9_0/libsrc/coresightps_dcc_v1_10/src"

TRACE::2025-03-17.12:11:59::SCWMssOS::make -C ps7_cortexa9_0/libsrc/coresightps_dcc_v1_10/src -s include  "SHELL=CMD" "COMPILER=arm-none-eabi-gcc" "ASSEMBLER=arm-non
TRACE::2025-03-17.12:11:59::SCWMssOS::e-eabi-as" "ARCHIVER=arm-none-eabi-ar" "COMPILER_FLAGS=  -O2 -c" "EXTRA_COMPILER_FLAGS=-mcpu=cortex-a9 -mfpu=vfpv3 -mfloat-abi=
TRACE::2025-03-17.12:11:59::SCWMssOS::hard -nostartfiles -g -Wall -Wextra -fno-tree-loop-distribute-patterns"

TRACE::2025-03-17.12:11:59::SCWMssOS::"Running Make include in ps7_cortexa9_0/libsrc/cpu_cortexa9_v2_12/src"

TRACE::2025-03-17.12:11:59::SCWMssOS::make -C ps7_cortexa9_0/libsrc/cpu_cortexa9_v2_12/src -s include  "SHELL=CMD" "COMPILER=arm-none-eabi-gcc" "ASSEMBLER=arm-none-e
TRACE::2025-03-17.12:11:59::SCWMssOS::abi-as" "ARCHIVER=arm-none-eabi-ar" "COMPILER_FLAGS=  -O2 -c" "EXTRA_COMPILER_FLAGS=-mcpu=cortex-a9 -mfpu=vfpv3 -mfloat-abi=har
TRACE::2025-03-17.12:11:59::SCWMssOS::d -nostartfiles -g -Wall -Wextra -fno-tree-loop-distribute-patterns"

TRACE::2025-03-17.12:11:59::SCWMssOS::"Running Make include in ps7_cortexa9_0/libsrc/ddrps_v1_2/src"

TRACE::2025-03-17.12:11:59::SCWMssOS::make -C ps7_cortexa9_0/libsrc/ddrps_v1_2/src -s include  "SHELL=CMD" "COMPILER=arm-none-eabi-gcc" "ASSEMBLER=arm-none-eabi-as" 
TRACE::2025-03-17.12:11:59::SCWMssOS::"ARCHIVER=arm-none-eabi-ar" "COMPILER_FLAGS=  -O2 -c" "EXTRA_COMPILER_FLAGS=-mcpu=cortex-a9 -mfpu=vfpv3 -mfloat-abi=hard -nosta
TRACE::2025-03-17.12:11:59::SCWMssOS::rtfiles -g -Wall -Wextra -fno-tree-loop-distribute-patterns"

TRACE::2025-03-17.12:11:59::SCWMssOS::"Running Make include in ps7_cortexa9_0/libsrc/devcfg_v3_8/src"

TRACE::2025-03-17.12:11:59::SCWMssOS::make -C ps7_cortexa9_0/libsrc/devcfg_v3_8/src -s include  "SHELL=CMD" "COMPILER=arm-none-eabi-gcc" "ASSEMBLER=arm-none-eabi-as"
TRACE::2025-03-17.12:11:59::SCWMssOS:: "ARCHIVER=arm-none-eabi-ar" "COMPILER_FLAGS=  -O2 -c" "EXTRA_COMPILER_FLAGS=-mcpu=cortex-a9 -mfpu=vfpv3 -mfloat-abi=hard -nost
TRACE::2025-03-17.12:11:59::SCWMssOS::artfiles -g -Wall -Wextra -fno-tree-loop-distribute-patterns"

TRACE::2025-03-17.12:11:59::SCWMssOS::"Running Make include in ps7_cortexa9_0/libsrc/dmaps_v2_10/src"

TRACE::2025-03-17.12:11:59::SCWMssOS::make -C ps7_cortexa9_0/libsrc/dmaps_v2_10/src -s include  "SHELL=CMD" "COMPILER=arm-none-eabi-gcc" "ASSEMBLER=arm-none-eabi-as"
TRACE::2025-03-17.12:11:59::SCWMssOS:: "ARCHIVER=arm-none-eabi-ar" "COMPILER_FLAGS=  -O2 -c" "EXTRA_COMPILER_FLAGS=-mcpu=cortex-a9 -mfpu=vfpv3 -mfloat-abi=hard -nost
TRACE::2025-03-17.12:11:59::SCWMssOS::artfiles -g -Wall -Wextra -fno-tree-loop-distribute-patterns"

TRACE::2025-03-17.12:12:00::SCWMssOS::"Running Make include in ps7_cortexa9_0/libsrc/emacps_v3_20/src"

TRACE::2025-03-17.12:12:00::SCWMssOS::make -C ps7_cortexa9_0/libsrc/emacps_v3_20/src -s include  "SHELL=CMD" "COMPILER=arm-none-eabi-gcc" "ASSEMBLER=arm-none-eabi-as
TRACE::2025-03-17.12:12:00::SCWMssOS::" "ARCHIVER=arm-none-eabi-ar" "COMPILER_FLAGS=  -O2 -c" "EXTRA_COMPILER_FLAGS=-mcpu=cortex-a9 -mfpu=vfpv3 -mfloat-abi=hard -nos
TRACE::2025-03-17.12:12:00::SCWMssOS::tartfiles -g -Wall -Wextra -fno-tree-loop-distribute-patterns"

TRACE::2025-03-17.12:12:00::SCWMssOS::"Running Make include in ps7_cortexa9_0/libsrc/gpiops_v3_13/src"

TRACE::2025-03-17.12:12:00::SCWMssOS::make -C ps7_cortexa9_0/libsrc/gpiops_v3_13/src -s include  "SHELL=CMD" "COMPILER=arm-none-eabi-gcc" "ASSEMBLER=arm-none-eabi-as
TRACE::2025-03-17.12:12:00::SCWMssOS::" "ARCHIVER=arm-none-eabi-ar" "COMPILER_FLAGS=  -O2 -c" "EXTRA_COMPILER_FLAGS=-mcpu=cortex-a9 -mfpu=vfpv3 -mfloat-abi=hard -nos
TRACE::2025-03-17.12:12:00::SCWMssOS::tartfiles -g -Wall -Wextra -fno-tree-loop-distribute-patterns"

TRACE::2025-03-17.12:12:00::SCWMssOS::"Running Make include in ps7_cortexa9_0/libsrc/qspips_v3_12/src"

TRACE::2025-03-17.12:12:00::SCWMssOS::make -C ps7_cortexa9_0/libsrc/qspips_v3_12/src -s include  "SHELL=CMD" "COMPILER=arm-none-eabi-gcc" "ASSEMBLER=arm-none-eabi-as
TRACE::2025-03-17.12:12:00::SCWMssOS::" "ARCHIVER=arm-none-eabi-ar" "COMPILER_FLAGS=  -O2 -c" "EXTRA_COMPILER_FLAGS=-mcpu=cortex-a9 -mfpu=vfpv3 -mfloat-abi=hard -nos
TRACE::2025-03-17.12:12:00::SCWMssOS::tartfiles -g -Wall -Wextra -fno-tree-loop-distribute-patterns"

TRACE::2025-03-17.12:12:00::SCWMssOS::"Running Make include in ps7_cortexa9_0/libsrc/scugic_v5_3/src"

TRACE::2025-03-17.12:12:00::SCWMssOS::make -C ps7_cortexa9_0/libsrc/scugic_v5_3/src -s include  "SHELL=CMD" "COMPILER=arm-none-eabi-gcc" "ASSEMBLER=arm-none-eabi-as"
TRACE::2025-03-17.12:12:00::SCWMssOS:: "ARCHIVER=arm-none-eabi-ar" "COMPILER_FLAGS=  -O2 -c" "EXTRA_COMPILER_FLAGS=-mcpu=cortex-a9 -mfpu=vfpv3 -mfloat-abi=hard -nost
TRACE::2025-03-17.12:12:00::SCWMssOS::artfiles -g -Wall -Wextra -fno-tree-loop-distribute-patterns"

TRACE::2025-03-17.12:12:00::SCWMssOS::"Running Make include in ps7_cortexa9_0/libsrc/scutimer_v2_6/src"

TRACE::2025-03-17.12:12:00::SCWMssOS::make -C ps7_cortexa9_0/libsrc/scutimer_v2_6/src -s include  "SHELL=CMD" "COMPILER=arm-none-eabi-gcc" "ASSEMBLER=arm-none-eabi-a
TRACE::2025-03-17.12:12:00::SCWMssOS::s" "ARCHIVER=arm-none-eabi-ar" "COMPILER_FLAGS=  -O2 -c" "EXTRA_COMPILER_FLAGS=-mcpu=cortex-a9 -mfpu=vfpv3 -mfloat-abi=hard -no
TRACE::2025-03-17.12:12:00::SCWMssOS::startfiles -g -Wall -Wextra -fno-tree-loop-distribute-patterns"

TRACE::2025-03-17.12:12:00::SCWMssOS::"Running Make include in ps7_cortexa9_0/libsrc/scuwdt_v2_5/src"

TRACE::2025-03-17.12:12:00::SCWMssOS::make -C ps7_cortexa9_0/libsrc/scuwdt_v2_5/src -s include  "SHELL=CMD" "COMPILER=arm-none-eabi-gcc" "ASSEMBLER=arm-none-eabi-as"
TRACE::2025-03-17.12:12:00::SCWMssOS:: "ARCHIVER=arm-none-eabi-ar" "COMPILER_FLAGS=  -O2 -c" "EXTRA_COMPILER_FLAGS=-mcpu=cortex-a9 -mfpu=vfpv3 -mfloat-abi=hard -nost
TRACE::2025-03-17.12:12:00::SCWMssOS::artfiles -g -Wall -Wextra -fno-tree-loop-distribute-patterns"

TRACE::2025-03-17.12:12:00::SCWMssOS::"Running Make include in ps7_cortexa9_0/libsrc/sdps_v4_3/src"

TRACE::2025-03-17.12:12:00::SCWMssOS::make -C ps7_cortexa9_0/libsrc/sdps_v4_3/src -s include  "SHELL=CMD" "COMPILER=arm-none-eabi-gcc" "ASSEMBLER=arm-none-eabi-as" "
TRACE::2025-03-17.12:12:00::SCWMssOS::ARCHIVER=arm-none-eabi-ar" "COMPILER_FLAGS=  -O2 -c" "EXTRA_COMPILER_FLAGS=-mcpu=cortex-a9 -mfpu=vfpv3 -mfloat-abi=hard -nostar
TRACE::2025-03-17.12:12:00::SCWMssOS::tfiles -g -Wall -Wextra -fno-tree-loop-distribute-patterns"

TRACE::2025-03-17.12:12:00::SCWMssOS::"Running Make include in ps7_cortexa9_0/libsrc/standalone_v9_1/src"

TRACE::2025-03-17.12:12:00::SCWMssOS::make -C ps7_cortexa9_0/libsrc/standalone_v9_1/src -s include  "SHELL=CMD" "COMPILER=arm-none-eabi-gcc" "ASSEMBLER=arm-none-eabi
TRACE::2025-03-17.12:12:00::SCWMssOS::-as" "ARCHIVER=arm-none-eabi-ar" "COMPILER_FLAGS=  -O2 -c" "EXTRA_COMPILER_FLAGS=-mcpu=cortex-a9 -mfpu=vfpv3 -mfloat-abi=hard -
TRACE::2025-03-17.12:12:00::SCWMssOS::nostartfiles -g -Wall -Wextra -fno-tree-loop-distribute-patterns"

TRACE::2025-03-17.12:12:00::SCWMssOS::"Running Make include in ps7_cortexa9_0/libsrc/uartps_v3_14/src"

TRACE::2025-03-17.12:12:00::SCWMssOS::make -C ps7_cortexa9_0/libsrc/uartps_v3_14/src -s include  "SHELL=CMD" "COMPILER=arm-none-eabi-gcc" "ASSEMBLER=arm-none-eabi-as
TRACE::2025-03-17.12:12:00::SCWMssOS::" "ARCHIVER=arm-none-eabi-ar" "COMPILER_FLAGS=  -O2 -c" "EXTRA_COMPILER_FLAGS=-mcpu=cortex-a9 -mfpu=vfpv3 -mfloat-abi=hard -nos
TRACE::2025-03-17.12:12:00::SCWMssOS::tartfiles -g -Wall -Wextra -fno-tree-loop-distribute-patterns"

TRACE::2025-03-17.12:12:00::SCWMssOS::"Running Make include in ps7_cortexa9_0/libsrc/ultrasoon_v1_0/src"

TRACE::2025-03-17.12:12:00::SCWMssOS::make -C ps7_cortexa9_0/libsrc/ultrasoon_v1_0/src -s include  "SHELL=CMD" "COMPILER=arm-none-eabi-gcc" "ASSEMBLER=arm-none-eabi-
TRACE::2025-03-17.12:12:00::SCWMssOS::as" "ARCHIVER=arm-none-eabi-ar" "COMPILER_FLAGS=  -O2 -c" "EXTRA_COMPILER_FLAGS=-mcpu=cortex-a9 -mfpu=vfpv3 -mfloat-abi=hard -n
TRACE::2025-03-17.12:12:00::SCWMssOS::ostartfiles -g -Wall -Wextra -fno-tree-loop-distribute-patterns"

TRACE::2025-03-17.12:12:00::SCWMssOS::"Running Make include in ps7_cortexa9_0/libsrc/usbps_v2_9/src"

TRACE::2025-03-17.12:12:00::SCWMssOS::make -C ps7_cortexa9_0/libsrc/usbps_v2_9/src -s include  "SHELL=CMD" "COMPILER=arm-none-eabi-gcc" "ASSEMBLER=arm-none-eabi-as" 
TRACE::2025-03-17.12:12:00::SCWMssOS::"ARCHIVER=arm-none-eabi-ar" "COMPILER_FLAGS=  -O2 -c" "EXTRA_COMPILER_FLAGS=-mcpu=cortex-a9 -mfpu=vfpv3 -mfloat-abi=hard -nosta
TRACE::2025-03-17.12:12:00::SCWMssOS::rtfiles -g -Wall -Wextra -fno-tree-loop-distribute-patterns"

TRACE::2025-03-17.12:12:00::SCWMssOS::"Running Make include in ps7_cortexa9_0/libsrc/xadcps_v2_7/src"

TRACE::2025-03-17.12:12:00::SCWMssOS::make -C ps7_cortexa9_0/libsrc/xadcps_v2_7/src -s include  "SHELL=CMD" "COMPILER=arm-none-eabi-gcc" "ASSEMBLER=arm-none-eabi-as"
TRACE::2025-03-17.12:12:00::SCWMssOS:: "ARCHIVER=arm-none-eabi-ar" "COMPILER_FLAGS=  -O2 -c" "EXTRA_COMPILER_FLAGS=-mcpu=cortex-a9 -mfpu=vfpv3 -mfloat-abi=hard -nost
TRACE::2025-03-17.12:12:00::SCWMssOS::artfiles -g -Wall -Wextra -fno-tree-loop-distribute-patterns"

TRACE::2025-03-17.12:12:00::SCWMssOS::"Running Make libs in ps7_cortexa9_0/libsrc/ultrasoon_v1_0/src"

TRACE::2025-03-17.12:12:00::SCWMssOS::make -C ps7_cortexa9_0/libsrc/ultrasoon_v1_0/src -s libs  "SHELL=CMD" "COMPILER=arm-none-eabi-gcc" "ASSEMBLER=arm-none-eabi-as"
TRACE::2025-03-17.12:12:00::SCWMssOS:: "ARCHIVER=arm-none-eabi-ar" "COMPILER_FLAGS=  -O2 -c" "EXTRA_COMPILER_FLAGS=-mcpu=cortex-a9 -mfpu=vfpv3 -mfloat-abi=hard -nost
TRACE::2025-03-17.12:12:00::SCWMssOS::artfiles -g -Wall -Wextra -fno-tree-loop-distribute-patterns"

TRACE::2025-03-17.12:12:00::SCWMssOS::'Finished building libraries sequentially.'

TRACE::2025-03-17.12:12:00::SCWMssOS::make -j 10 --no-print-directory par_libs

TRACE::2025-03-17.12:12:00::SCWMssOS::"Running Make include in ps7_cortexa9_0/libsrc/coresightps_dcc_v1_10/src"

TRACE::2025-03-17.12:12:00::SCWMssOS::make -C ps7_cortexa9_0/libsrc/coresightps_dcc_v1_10/src -s include  "SHELL=CMD" "COMPILER=arm-none-eabi-gcc" "ASSEMBLER=arm-non
TRACE::2025-03-17.12:12:00::SCWMssOS::e-eabi-as" "ARCHIVER=arm-none-eabi-ar" "COMPILER_FLAGS=  -O2 -c" "EXTRA_COMPILER_FLAGS=-mcpu=cortex-a9 -mfpu=vfpv3 -mfloat-abi=
TRACE::2025-03-17.12:12:00::SCWMssOS::hard -nostartfiles -g -Wall -Wextra -fno-tree-loop-distribute-patterns"

TRACE::2025-03-17.12:12:00::SCWMssOS::"Running Make include in ps7_cortexa9_0/libsrc/cpu_cortexa9_v2_12/src"

TRACE::2025-03-17.12:12:00::SCWMssOS::make -C ps7_cortexa9_0/libsrc/cpu_cortexa9_v2_12/src -s include  "SHELL=CMD" "COMPILER=arm-none-eabi-gcc" "ASSEMBLER=arm-none-e
TRACE::2025-03-17.12:12:00::SCWMssOS::abi-as" "ARCHIVER=arm-none-eabi-ar" "COMPILER_FLAGS=  -O2 -c" "EXTRA_COMPILER_FLAGS=-mcpu=cortex-a9 -mfpu=vfpv3 -mfloat-abi=har
TRACE::2025-03-17.12:12:00::SCWMssOS::d -nostartfiles -g -Wall -Wextra -fno-tree-loop-distribute-patterns"

TRACE::2025-03-17.12:12:00::SCWMssOS::"Running Make include in ps7_cortexa9_0/libsrc/ddrps_v1_2/src"

TRACE::2025-03-17.12:12:01::SCWMssOS::make -C ps7_cortexa9_0/libsrc/ddrps_v1_2/src -s include  "SHELL=CMD" "COMPILER=arm-none-eabi-gcc" "ASSEMBLER=arm-none-eabi-as" 
TRACE::2025-03-17.12:12:01::SCWMssOS::"ARCHIVER=arm-none-eabi-ar" "COMPILER_FLAGS=  -O2 -c" "EXTRA_COMPILER_FLAGS=-mcpu=cortex-a9 -mfpu=vfpv3 -mfloat-abi=hard -nosta
TRACE::2025-03-17.12:12:01::SCWMssOS::rtfiles -g -Wall -Wextra -fno-tree-loop-distribute-patterns"

TRACE::2025-03-17.12:12:01::SCWMssOS::"Running Make include in ps7_cortexa9_0/libsrc/devcfg_v3_8/src"

TRACE::2025-03-17.12:12:01::SCWMssOS::make -C ps7_cortexa9_0/libsrc/devcfg_v3_8/src -s include  "SHELL=CMD" "COMPILER=arm-none-eabi-gcc" "ASSEMBLER=arm-none-eabi-as"
TRACE::2025-03-17.12:12:01::SCWMssOS:: "ARCHIVER=arm-none-eabi-ar" "COMPILER_FLAGS=  -O2 -c" "EXTRA_COMPILER_FLAGS=-mcpu=cortex-a9 -mfpu=vfpv3 -mfloat-abi=hard -nost
TRACE::2025-03-17.12:12:01::SCWMssOS::artfiles -g -Wall -Wextra -fno-tree-loop-distribute-patterns"

TRACE::2025-03-17.12:12:01::SCWMssOS::"Running Make include in ps7_cortexa9_0/libsrc/dmaps_v2_10/src"

TRACE::2025-03-17.12:12:01::SCWMssOS::make -C ps7_cortexa9_0/libsrc/dmaps_v2_10/src -s include  "SHELL=CMD" "COMPILER=arm-none-eabi-gcc" "ASSEMBLER=arm-none-eabi-as"
TRACE::2025-03-17.12:12:01::SCWMssOS:: "ARCHIVER=arm-none-eabi-ar" "COMPILER_FLAGS=  -O2 -c" "EXTRA_COMPILER_FLAGS=-mcpu=cortex-a9 -mfpu=vfpv3 -mfloat-abi=hard -nost
TRACE::2025-03-17.12:12:01::SCWMssOS::artfiles -g -Wall -Wextra -fno-tree-loop-distribute-patterns"

TRACE::2025-03-17.12:12:01::SCWMssOS::"Running Make include in ps7_cortexa9_0/libsrc/emacps_v3_20/src"

TRACE::2025-03-17.12:12:01::SCWMssOS::make -C ps7_cortexa9_0/libsrc/emacps_v3_20/src -s include  "SHELL=CMD" "COMPILER=arm-none-eabi-gcc" "ASSEMBLER=arm-none-eabi-as
TRACE::2025-03-17.12:12:01::SCWMssOS::" "ARCHIVER=arm-none-eabi-ar" "COMPILER_FLAGS=  -O2 -c" "EXTRA_COMPILER_FLAGS=-mcpu=cortex-a9 -mfpu=vfpv3 -mfloat-abi=hard -nos
TRACE::2025-03-17.12:12:01::SCWMssOS::tartfiles -g -Wall -Wextra -fno-tree-loop-distribute-patterns"

TRACE::2025-03-17.12:12:01::SCWMssOS::"Running Make include in ps7_cortexa9_0/libsrc/gpiops_v3_13/src"

TRACE::2025-03-17.12:12:01::SCWMssOS::make -C ps7_cortexa9_0/libsrc/gpiops_v3_13/src -s include  "SHELL=CMD" "COMPILER=arm-none-eabi-gcc" "ASSEMBLER=arm-none-eabi-as
TRACE::2025-03-17.12:12:01::SCWMssOS::" "ARCHIVER=arm-none-eabi-ar" "COMPILER_FLAGS=  -O2 -c" "EXTRA_COMPILER_FLAGS=-mcpu=cortex-a9 -mfpu=vfpv3 -mfloat-abi=hard -nos
TRACE::2025-03-17.12:12:01::SCWMssOS::tartfiles -g -Wall -Wextra -fno-tree-loop-distribute-patterns"

TRACE::2025-03-17.12:12:01::SCWMssOS::"Running Make include in ps7_cortexa9_0/libsrc/qspips_v3_12/src"

TRACE::2025-03-17.12:12:01::SCWMssOS::make -C ps7_cortexa9_0/libsrc/qspips_v3_12/src -s include  "SHELL=CMD" "COMPILER=arm-none-eabi-gcc" "ASSEMBLER=arm-none-eabi-as
TRACE::2025-03-17.12:12:01::SCWMssOS::" "ARCHIVER=arm-none-eabi-ar" "COMPILER_FLAGS=  -O2 -c" "EXTRA_COMPILER_FLAGS=-mcpu=cortex-a9 -mfpu=vfpv3 -mfloat-abi=hard -nos
TRACE::2025-03-17.12:12:01::SCWMssOS::tartfiles -g -Wall -Wextra -fno-tree-loop-distribute-patterns"

TRACE::2025-03-17.12:12:01::SCWMssOS::"Running Make include in ps7_cortexa9_0/libsrc/scugic_v5_3/src"

TRACE::2025-03-17.12:12:01::SCWMssOS::make -C ps7_cortexa9_0/libsrc/scugic_v5_3/src -s include  "SHELL=CMD" "COMPILER=arm-none-eabi-gcc" "ASSEMBLER=arm-none-eabi-as"
TRACE::2025-03-17.12:12:01::SCWMssOS:: "ARCHIVER=arm-none-eabi-ar" "COMPILER_FLAGS=  -O2 -c" "EXTRA_COMPILER_FLAGS=-mcpu=cortex-a9 -mfpu=vfpv3 -mfloat-abi=hard -nost
TRACE::2025-03-17.12:12:01::SCWMssOS::artfiles -g -Wall -Wextra -fno-tree-loop-distribute-patterns"

TRACE::2025-03-17.12:12:01::SCWMssOS::"Running Make include in ps7_cortexa9_0/libsrc/scutimer_v2_6/src"

TRACE::2025-03-17.12:12:01::SCWMssOS::make -C ps7_cortexa9_0/libsrc/scutimer_v2_6/src -s include  "SHELL=CMD" "COMPILER=arm-none-eabi-gcc" "ASSEMBLER=arm-none-eabi-a
TRACE::2025-03-17.12:12:01::SCWMssOS::s" "ARCHIVER=arm-none-eabi-ar" "COMPILER_FLAGS=  -O2 -c" "EXTRA_COMPILER_FLAGS=-mcpu=cortex-a9 -mfpu=vfpv3 -mfloat-abi=hard -no
TRACE::2025-03-17.12:12:01::SCWMssOS::startfiles -g -Wall -Wextra -fno-tree-loop-distribute-patterns"

TRACE::2025-03-17.12:12:01::SCWMssOS::"Running Make include in ps7_cortexa9_0/libsrc/scuwdt_v2_5/src"

TRACE::2025-03-17.12:12:01::SCWMssOS::make -C ps7_cortexa9_0/libsrc/scuwdt_v2_5/src -s include  "SHELL=CMD" "COMPILER=arm-none-eabi-gcc" "ASSEMBLER=arm-none-eabi-as"
TRACE::2025-03-17.12:12:01::SCWMssOS:: "ARCHIVER=arm-none-eabi-ar" "COMPILER_FLAGS=  -O2 -c" "EXTRA_COMPILER_FLAGS=-mcpu=cortex-a9 -mfpu=vfpv3 -mfloat-abi=hard -nost
TRACE::2025-03-17.12:12:01::SCWMssOS::artfiles -g -Wall -Wextra -fno-tree-loop-distribute-patterns"

TRACE::2025-03-17.12:12:01::SCWMssOS::"Running Make include in ps7_cortexa9_0/libsrc/sdps_v4_3/src"

TRACE::2025-03-17.12:12:01::SCWMssOS::make -C ps7_cortexa9_0/libsrc/sdps_v4_3/src -s include  "SHELL=CMD" "COMPILER=arm-none-eabi-gcc" "ASSEMBLER=arm-none-eabi-as" "
TRACE::2025-03-17.12:12:01::SCWMssOS::ARCHIVER=arm-none-eabi-ar" "COMPILER_FLAGS=  -O2 -c" "EXTRA_COMPILER_FLAGS=-mcpu=cortex-a9 -mfpu=vfpv3 -mfloat-abi=hard -nostar
TRACE::2025-03-17.12:12:01::SCWMssOS::tfiles -g -Wall -Wextra -fno-tree-loop-distribute-patterns"

TRACE::2025-03-17.12:12:01::SCWMssOS::"Running Make include in ps7_cortexa9_0/libsrc/standalone_v9_1/src"

TRACE::2025-03-17.12:12:01::SCWMssOS::make -C ps7_cortexa9_0/libsrc/standalone_v9_1/src -s include  "SHELL=CMD" "COMPILER=arm-none-eabi-gcc" "ASSEMBLER=arm-none-eabi
TRACE::2025-03-17.12:12:01::SCWMssOS::-as" "ARCHIVER=arm-none-eabi-ar" "COMPILER_FLAGS=  -O2 -c" "EXTRA_COMPILER_FLAGS=-mcpu=cortex-a9 -mfpu=vfpv3 -mfloat-abi=hard -
TRACE::2025-03-17.12:12:01::SCWMssOS::nostartfiles -g -Wall -Wextra -fno-tree-loop-distribute-patterns"

TRACE::2025-03-17.12:12:01::SCWMssOS::"Running Make include in ps7_cortexa9_0/libsrc/uartps_v3_14/src"

TRACE::2025-03-17.12:12:01::SCWMssOS::make -C ps7_cortexa9_0/libsrc/uartps_v3_14/src -s include  "SHELL=CMD" "COMPILER=arm-none-eabi-gcc" "ASSEMBLER=arm-none-eabi-as
TRACE::2025-03-17.12:12:01::SCWMssOS::" "ARCHIVER=arm-none-eabi-ar" "COMPILER_FLAGS=  -O2 -c" "EXTRA_COMPILER_FLAGS=-mcpu=cortex-a9 -mfpu=vfpv3 -mfloat-abi=hard -nos
TRACE::2025-03-17.12:12:01::SCWMssOS::tartfiles -g -Wall -Wextra -fno-tree-loop-distribute-patterns"

TRACE::2025-03-17.12:12:01::SCWMssOS::"Running Make include in ps7_cortexa9_0/libsrc/ultrasoon_v1_0/src"

TRACE::2025-03-17.12:12:01::SCWMssOS::make -C ps7_cortexa9_0/libsrc/ultrasoon_v1_0/src -s include  "SHELL=CMD" "COMPILER=arm-none-eabi-gcc" "ASSEMBLER=arm-none-eabi-
TRACE::2025-03-17.12:12:01::SCWMssOS::as" "ARCHIVER=arm-none-eabi-ar" "COMPILER_FLAGS=  -O2 -c" "EXTRA_COMPILER_FLAGS=-mcpu=cortex-a9 -mfpu=vfpv3 -mfloat-abi=hard -n
TRACE::2025-03-17.12:12:01::SCWMssOS::ostartfiles -g -Wall -Wextra -fno-tree-loop-distribute-patterns"

TRACE::2025-03-17.12:12:01::SCWMssOS::"Running Make include in ps7_cortexa9_0/libsrc/usbps_v2_9/src"

TRACE::2025-03-17.12:12:01::SCWMssOS::make -C ps7_cortexa9_0/libsrc/usbps_v2_9/src -s include  "SHELL=CMD" "COMPILER=arm-none-eabi-gcc" "ASSEMBLER=arm-none-eabi-as" 
TRACE::2025-03-17.12:12:01::SCWMssOS::"ARCHIVER=arm-none-eabi-ar" "COMPILER_FLAGS=  -O2 -c" "EXTRA_COMPILER_FLAGS=-mcpu=cortex-a9 -mfpu=vfpv3 -mfloat-abi=hard -nosta
TRACE::2025-03-17.12:12:01::SCWMssOS::rtfiles -g -Wall -Wextra -fno-tree-loop-distribute-patterns"

TRACE::2025-03-17.12:12:01::SCWMssOS::"Running Make include in ps7_cortexa9_0/libsrc/xadcps_v2_7/src"

TRACE::2025-03-17.12:12:01::SCWMssOS::make -C ps7_cortexa9_0/libsrc/xadcps_v2_7/src -s include  "SHELL=CMD" "COMPILER=arm-none-eabi-gcc" "ASSEMBLER=arm-none-eabi-as"
TRACE::2025-03-17.12:12:01::SCWMssOS:: "ARCHIVER=arm-none-eabi-ar" "COMPILER_FLAGS=  -O2 -c" "EXTRA_COMPILER_FLAGS=-mcpu=cortex-a9 -mfpu=vfpv3 -mfloat-abi=hard -nost
TRACE::2025-03-17.12:12:01::SCWMssOS::artfiles -g -Wall -Wextra -fno-tree-loop-distribute-patterns"

TRACE::2025-03-17.12:12:01::SCWMssOS::"Running Make libs in ps7_cortexa9_0/libsrc/coresightps_dcc_v1_10/src"

TRACE::2025-03-17.12:12:01::SCWMssOS::make -C ps7_cortexa9_0/libsrc/coresightps_dcc_v1_10/src -s libs  "SHELL=CMD" "COMPILER=arm-none-eabi-gcc" "ASSEMBLER=arm-none-e
TRACE::2025-03-17.12:12:01::SCWMssOS::abi-as" "ARCHIVER=arm-none-eabi-ar" "COMPILER_FLAGS=  -O2 -c" "EXTRA_COMPILER_FLAGS=-mcpu=cortex-a9 -mfpu=vfpv3 -mfloat-abi=har
TRACE::2025-03-17.12:12:01::SCWMssOS::d -nostartfiles -g -Wall -Wextra -fno-tree-loop-distribute-patterns"

TRACE::2025-03-17.12:12:01::SCWMssOS::"Running Make libs in ps7_cortexa9_0/libsrc/cpu_cortexa9_v2_12/src"

TRACE::2025-03-17.12:12:01::SCWMssOS::make -C ps7_cortexa9_0/libsrc/cpu_cortexa9_v2_12/src -s libs  "SHELL=CMD" "COMPILER=arm-none-eabi-gcc" "ASSEMBLER=arm-none-eabi
TRACE::2025-03-17.12:12:01::SCWMssOS::-as" "ARCHIVER=arm-none-eabi-ar" "COMPILER_FLAGS=  -O2 -c" "EXTRA_COMPILER_FLAGS=-mcpu=cortex-a9 -mfpu=vfpv3 -mfloat-abi=hard -
TRACE::2025-03-17.12:12:01::SCWMssOS::nostartfiles -g -Wall -Wextra -fno-tree-loop-distribute-patterns"

TRACE::2025-03-17.12:12:01::SCWMssOS::"Running Make libs in ps7_cortexa9_0/libsrc/ddrps_v1_2/src"

TRACE::2025-03-17.12:12:01::SCWMssOS::make -C ps7_cortexa9_0/libsrc/ddrps_v1_2/src -s libs  "SHELL=CMD" "COMPILER=arm-none-eabi-gcc" "ASSEMBLER=arm-none-eabi-as" "AR
TRACE::2025-03-17.12:12:01::SCWMssOS::CHIVER=arm-none-eabi-ar" "COMPILER_FLAGS=  -O2 -c" "EXTRA_COMPILER_FLAGS=-mcpu=cortex-a9 -mfpu=vfpv3 -mfloat-abi=hard -nostartf
TRACE::2025-03-17.12:12:01::SCWMssOS::iles -g -Wall -Wextra -fno-tree-loop-distribute-patterns"

TRACE::2025-03-17.12:12:01::SCWMssOS::"Running Make libs in ps7_cortexa9_0/libsrc/devcfg_v3_8/src"

TRACE::2025-03-17.12:12:01::SCWMssOS::make -C ps7_cortexa9_0/libsrc/devcfg_v3_8/src -s libs  "SHELL=CMD" "COMPILER=arm-none-eabi-gcc" "ASSEMBLER=arm-none-eabi-as" "A
TRACE::2025-03-17.12:12:01::SCWMssOS::RCHIVER=arm-none-eabi-ar" "COMPILER_FLAGS=  -O2 -c" "EXTRA_COMPILER_FLAGS=-mcpu=cortex-a9 -mfpu=vfpv3 -mfloat-abi=hard -nostart
TRACE::2025-03-17.12:12:01::SCWMssOS::files -g -Wall -Wextra -fno-tree-loop-distribute-patterns"

TRACE::2025-03-17.12:12:01::SCWMssOS::"Running Make libs in ps7_cortexa9_0/libsrc/dmaps_v2_10/src"

TRACE::2025-03-17.12:12:01::SCWMssOS::make -C ps7_cortexa9_0/libsrc/dmaps_v2_10/src -s libs  "SHELL=CMD" "COMPILER=arm-none-eabi-gcc" "ASSEMBLER=arm-none-eabi-as" "A
TRACE::2025-03-17.12:12:01::SCWMssOS::RCHIVER=arm-none-eabi-ar" "COMPILER_FLAGS=  -O2 -c" "EXTRA_COMPILER_FLAGS=-mcpu=cortex-a9 -mfpu=vfpv3 -mfloat-abi=hard -nostart
TRACE::2025-03-17.12:12:01::SCWMssOS::files -g -Wall -Wextra -fno-tree-loop-distribute-patterns"

TRACE::2025-03-17.12:12:01::SCWMssOS::"Running Make libs in ps7_cortexa9_0/libsrc/emacps_v3_20/src"

TRACE::2025-03-17.12:12:01::SCWMssOS::make -C ps7_cortexa9_0/libsrc/emacps_v3_20/src -s libs  "SHELL=CMD" "COMPILER=arm-none-eabi-gcc" "ASSEMBLER=arm-none-eabi-as" "
TRACE::2025-03-17.12:12:01::SCWMssOS::ARCHIVER=arm-none-eabi-ar" "COMPILER_FLAGS=  -O2 -c" "EXTRA_COMPILER_FLAGS=-mcpu=cortex-a9 -mfpu=vfpv3 -mfloat-abi=hard -nostar
TRACE::2025-03-17.12:12:01::SCWMssOS::tfiles -g -Wall -Wextra -fno-tree-loop-distribute-patterns"

TRACE::2025-03-17.12:12:01::SCWMssOS::"Running Make libs in ps7_cortexa9_0/libsrc/gpiops_v3_13/src"

TRACE::2025-03-17.12:12:01::SCWMssOS::make -C ps7_cortexa9_0/libsrc/gpiops_v3_13/src -s libs  "SHELL=CMD" "COMPILER=arm-none-eabi-gcc" "ASSEMBLER=arm-none-eabi-as" "
TRACE::2025-03-17.12:12:01::SCWMssOS::ARCHIVER=arm-none-eabi-ar" "COMPILER_FLAGS=  -O2 -c" "EXTRA_COMPILER_FLAGS=-mcpu=cortex-a9 -mfpu=vfpv3 -mfloat-abi=hard -nostar
TRACE::2025-03-17.12:12:01::SCWMssOS::tfiles -g -Wall -Wextra -fno-tree-loop-distribute-patterns"

TRACE::2025-03-17.12:12:01::SCWMssOS::"Running Make libs in ps7_cortexa9_0/libsrc/qspips_v3_12/src"

TRACE::2025-03-17.12:12:01::SCWMssOS::make -C ps7_cortexa9_0/libsrc/qspips_v3_12/src -s libs  "SHELL=CMD" "COMPILER=arm-none-eabi-gcc" "ASSEMBLER=arm-none-eabi-as" "
TRACE::2025-03-17.12:12:01::SCWMssOS::ARCHIVER=arm-none-eabi-ar" "COMPILER_FLAGS=  -O2 -c" "EXTRA_COMPILER_FLAGS=-mcpu=cortex-a9 -mfpu=vfpv3 -mfloat-abi=hard -nostar
TRACE::2025-03-17.12:12:01::SCWMssOS::tfiles -g -Wall -Wextra -fno-tree-loop-distribute-patterns"

TRACE::2025-03-17.12:12:01::SCWMssOS::"Running Make libs in ps7_cortexa9_0/libsrc/scugic_v5_3/src"

TRACE::2025-03-17.12:12:01::SCWMssOS::make -C ps7_cortexa9_0/libsrc/scugic_v5_3/src -s libs  "SHELL=CMD" "COMPILER=arm-none-eabi-gcc" "ASSEMBLER=arm-none-eabi-as" "A
TRACE::2025-03-17.12:12:01::SCWMssOS::RCHIVER=arm-none-eabi-ar" "COMPILER_FLAGS=  -O2 -c" "EXTRA_COMPILER_FLAGS=-mcpu=cortex-a9 -mfpu=vfpv3 -mfloat-abi=hard -nostart
TRACE::2025-03-17.12:12:01::SCWMssOS::files -g -Wall -Wextra -fno-tree-loop-distribute-patterns"

TRACE::2025-03-17.12:12:02::SCWMssOS::"Running Make libs in ps7_cortexa9_0/libsrc/scutimer_v2_6/src"

TRACE::2025-03-17.12:12:02::SCWMssOS::make -C ps7_cortexa9_0/libsrc/scutimer_v2_6/src -s libs  "SHELL=CMD" "COMPILER=arm-none-eabi-gcc" "ASSEMBLER=arm-none-eabi-as" 
TRACE::2025-03-17.12:12:02::SCWMssOS::"ARCHIVER=arm-none-eabi-ar" "COMPILER_FLAGS=  -O2 -c" "EXTRA_COMPILER_FLAGS=-mcpu=cortex-a9 -mfpu=vfpv3 -mfloat-abi=hard -nosta
TRACE::2025-03-17.12:12:02::SCWMssOS::rtfiles -g -Wall -Wextra -fno-tree-loop-distribute-patterns"

TRACE::2025-03-17.12:12:02::SCWMssOS::"Running Make libs in ps7_cortexa9_0/libsrc/scuwdt_v2_5/src"

TRACE::2025-03-17.12:12:02::SCWMssOS::make -C ps7_cortexa9_0/libsrc/scuwdt_v2_5/src -s libs  "SHELL=CMD" "COMPILER=arm-none-eabi-gcc" "ASSEMBLER=arm-none-eabi-as" "A
TRACE::2025-03-17.12:12:02::SCWMssOS::RCHIVER=arm-none-eabi-ar" "COMPILER_FLAGS=  -O2 -c" "EXTRA_COMPILER_FLAGS=-mcpu=cortex-a9 -mfpu=vfpv3 -mfloat-abi=hard -nostart
TRACE::2025-03-17.12:12:02::SCWMssOS::files -g -Wall -Wextra -fno-tree-loop-distribute-patterns"

TRACE::2025-03-17.12:12:02::SCWMssOS::"Running Make libs in ps7_cortexa9_0/libsrc/sdps_v4_3/src"

TRACE::2025-03-17.12:12:02::SCWMssOS::make -C ps7_cortexa9_0/libsrc/sdps_v4_3/src -s libs  "SHELL=CMD" "COMPILER=arm-none-eabi-gcc" "ASSEMBLER=arm-none-eabi-as" "ARC
TRACE::2025-03-17.12:12:02::SCWMssOS::HIVER=arm-none-eabi-ar" "COMPILER_FLAGS=  -O2 -c" "EXTRA_COMPILER_FLAGS=-mcpu=cortex-a9 -mfpu=vfpv3 -mfloat-abi=hard -nostartfi
TRACE::2025-03-17.12:12:02::SCWMssOS::les -g -Wall -Wextra -fno-tree-loop-distribute-patterns"

TRACE::2025-03-17.12:12:03::SCWMssOS::"Running Make libs in ps7_cortexa9_0/libsrc/standalone_v9_1/src"

TRACE::2025-03-17.12:12:03::SCWMssOS::make -C ps7_cortexa9_0/libsrc/standalone_v9_1/src -s libs  "SHELL=CMD" "COMPILER=arm-none-eabi-gcc" "ASSEMBLER=arm-none-eabi-as
TRACE::2025-03-17.12:12:03::SCWMssOS::" "ARCHIVER=arm-none-eabi-ar" "COMPILER_FLAGS=  -O2 -c" "EXTRA_COMPILER_FLAGS=-mcpu=cortex-a9 -mfpu=vfpv3 -mfloat-abi=hard -nos
TRACE::2025-03-17.12:12:03::SCWMssOS::tartfiles -g -Wall -Wextra -fno-tree-loop-distribute-patterns"

TRACE::2025-03-17.12:12:03::SCWMssOS::"Running Make libs in ps7_cortexa9_0/libsrc/uartps_v3_14/src"

TRACE::2025-03-17.12:12:03::SCWMssOS::make -C ps7_cortexa9_0/libsrc/uartps_v3_14/src -s libs  "SHELL=CMD" "COMPILER=arm-none-eabi-gcc" "ASSEMBLER=arm-none-eabi-as" "
TRACE::2025-03-17.12:12:03::SCWMssOS::ARCHIVER=arm-none-eabi-ar" "COMPILER_FLAGS=  -O2 -c" "EXTRA_COMPILER_FLAGS=-mcpu=cortex-a9 -mfpu=vfpv3 -mfloat-abi=hard -nostar
TRACE::2025-03-17.12:12:03::SCWMssOS::tfiles -g -Wall -Wextra -fno-tree-loop-distribute-patterns"

TRACE::2025-03-17.12:12:03::SCWMssOS::"Running Make libs in ps7_cortexa9_0/libsrc/usbps_v2_9/src"

TRACE::2025-03-17.12:12:03::SCWMssOS::make -C ps7_cortexa9_0/libsrc/usbps_v2_9/src -s libs  "SHELL=CMD" "COMPILER=arm-none-eabi-gcc" "ASSEMBLER=arm-none-eabi-as" "AR
TRACE::2025-03-17.12:12:03::SCWMssOS::CHIVER=arm-none-eabi-ar" "COMPILER_FLAGS=  -O2 -c" "EXTRA_COMPILER_FLAGS=-mcpu=cortex-a9 -mfpu=vfpv3 -mfloat-abi=hard -nostartf
TRACE::2025-03-17.12:12:03::SCWMssOS::iles -g -Wall -Wextra -fno-tree-loop-distribute-patterns"

TRACE::2025-03-17.12:12:03::SCWMssOS::"Running Make libs in ps7_cortexa9_0/libsrc/xadcps_v2_7/src"

TRACE::2025-03-17.12:12:03::SCWMssOS::make -C ps7_cortexa9_0/libsrc/xadcps_v2_7/src -s libs  "SHELL=CMD" "COMPILER=arm-none-eabi-gcc" "ASSEMBLER=arm-none-eabi-as" "A
TRACE::2025-03-17.12:12:03::SCWMssOS::RCHIVER=arm-none-eabi-ar" "COMPILER_FLAGS=  -O2 -c" "EXTRA_COMPILER_FLAGS=-mcpu=cortex-a9 -mfpu=vfpv3 -mfloat-abi=hard -nostart
TRACE::2025-03-17.12:12:03::SCWMssOS::files -g -Wall -Wextra -fno-tree-loop-distribute-patterns"

TRACE::2025-03-17.12:12:05::SCWMssOS::'Finished building libraries parallelly.'

TRACE::2025-03-17.12:12:05::SCWMssOS::make --no-print-directory archive

TRACE::2025-03-17.12:12:05::SCWMssOS::arm-none-eabi-ar -r  ps7_cortexa9_0/lib/libxil.a ps7_cortexa9_0/lib/_exit.o ps7_cortexa9_0/lib/_open.o ps7_cortexa9_0/lib/_sbrk
TRACE::2025-03-17.12:12:05::SCWMssOS::.o ps7_cortexa9_0/lib/abort.o ps7_cortexa9_0/lib/asm_vectors.o ps7_cortexa9_0/lib/boot.o ps7_cortexa9_0/lib/close.o ps7_cortexa
TRACE::2025-03-17.12:12:05::SCWMssOS::9_0/lib/cpputest_time.o ps7_cortexa9_0/lib/cpu_init.o ps7_cortexa9_0/lib/errno.o ps7_cortexa9_0/lib/fcntl.o ps7_cortexa9_0/lib/
TRACE::2025-03-17.12:12:05::SCWMssOS::fstat.o ps7_cortexa9_0/lib/getentropy.o ps7_cortexa9_0/lib/getpid.o ps7_cortexa9_0/lib/inbyte.o ps7_cortexa9_0/lib/isatty.o ps7
TRACE::2025-03-17.12:12:05::SCWMssOS::_cortexa9_0/lib/kill.o ps7_cortexa9_0/lib/lseek.o ps7_cortexa9_0/lib/open.o ps7_cortexa9_0/lib/outbyte.o ps7_cortexa9_0/lib/pri
TRACE::2025-03-17.12:12:05::SCWMssOS::nt.o ps7_cortexa9_0/lib/putnum.o ps7_cortexa9_0/lib/read.o ps7_cortexa9_0/lib/sbrk.o ps7_cortexa9_0/lib/sleep.o ps7_cortexa9_0/
TRACE::2025-03-17.12:12:05::SCWMssOS::lib/time.o ps7_cortexa9_0/lib/translation_table.o ps7_cortexa9_0/lib/ultrasoon.o ps7_cortexa9_0/lib/ultrasoon_selftest.o ps7_co
TRACE::2025-03-17.12:12:05::SCWMssOS::rtexa9_0/lib/unlink.o ps7_cortexa9_0/lib/usleep.o ps7_cortexa9_0/lib/vectors.o ps7_cortexa9_0/lib/write.o ps7_cortexa9_0/lib/xa
TRACE::2025-03-17.12:12:05::SCWMssOS::dcps.o ps7_cortexa9_0/lib/xadcps_g.o ps7_cortexa9_0/lib/xadcps_intr.o ps7_cortexa9_0/lib/xadcps_selftest.o ps7_cortexa9_0/lib/x
TRACE::2025-03-17.12:12:05::SCWMssOS::adcps_sinit.o ps7_cortexa9_0/lib/xcoresightpsdcc.o ps7_cortexa9_0/lib/xdevcfg.o ps7_cortexa9_0/lib/xdevcfg_g.o ps7_cortexa9_0/l
TRACE::2025-03-17.12:12:05::SCWMssOS::ib/xdevcfg_hw.o ps7_cortexa9_0/lib/xdevcfg_intr.o ps7_cortexa9_0/lib/xdevcfg_selftest.o ps7_cortexa9_0/lib/xdevcfg_sinit.o ps7_
TRACE::2025-03-17.12:12:05::SCWMssOS::cortexa9_0/lib/xdmaps.o ps7_cortexa9_0/lib/xdmaps_g.o ps7_cortexa9_0/lib/xdmaps_hw.o ps7_cortexa9_0/lib/xdmaps_selftest.o ps7_c
TRACE::2025-03-17.12:12:05::SCWMssOS::ortexa9_0/lib/xdmaps_sinit.o ps7_cortexa9_0/lib/xemacps.o ps7_cortexa9_0/lib/xemacps_bdring.o ps7_cortexa9_0/lib/xemacps_contro
TRACE::2025-03-17.12:12:05::SCWMssOS::l.o ps7_cortexa9_0/lib/xemacps_g.o ps7_cortexa9_0/lib/xemacps_hw.o ps7_cortexa9_0/lib/xemacps_intr.o ps7_cortexa9_0/lib/xemacps
TRACE::2025-03-17.12:12:05::SCWMssOS::_sinit.o ps7_cortexa9_0/lib/xgpiops.o ps7_cortexa9_0/lib/xgpiops_g.o ps7_cortexa9_0/lib/xgpiops_hw.o ps7_cortexa9_0/lib/xgpiops
TRACE::2025-03-17.12:12:05::SCWMssOS::_intr.o ps7_cortexa9_0/lib/xgpiops_selftest.o ps7_cortexa9_0/lib/xgpiops_sinit.o ps7_cortexa9_0/lib/xil-crt0.o ps7_cortexa9_0/l
TRACE::2025-03-17.12:12:05::SCWMssOS::ib/xil_assert.o ps7_cortexa9_0/lib/xil_cache.o ps7_cortexa9_0/lib/xil_clocking.o ps7_cortexa9_0/lib/xil_exception.o ps7_cortexa
TRACE::2025-03-17.12:12:05::SCWMssOS::9_0/lib/xil_mem.o ps7_cortexa9_0/lib/xil_misc_psreset_api.o ps7_cortexa9_0/lib/xil_mmu.o ps7_cortexa9_0/lib/xil_printf.o ps7_co
TRACE::2025-03-17.12:12:05::SCWMssOS::rtexa9_0/lib/xil_sleepcommon.o ps7_cortexa9_0/lib/xil_sleeptimer.o ps7_cortexa9_0/lib/xil_spinlock.o ps7_cortexa9_0/lib/xil_tes
TRACE::2025-03-17.12:12:05::SCWMssOS::tcache.o ps7_cortexa9_0/lib/xil_testio.o ps7_cortexa9_0/lib/xil_testmem.o ps7_cortexa9_0/lib/xil_util.o ps7_cortexa9_0/lib/xint
TRACE::2025-03-17.12:12:05::SCWMssOS::errupt_wrap.o ps7_cortexa9_0/lib/xl2cc_counter.o ps7_cortexa9_0/lib/xplatform_info.o ps7_cortexa9_0/lib/xpm_counter.o ps7_corte
TRACE::2025-03-17.12:12:05::SCWMssOS::xa9_0/lib/xpm_init.o ps7_cortexa9_0/lib/xqspips.o ps7_cortexa9_0/lib/xqspips_g.o ps7_cortexa9_0/lib/xqspips_hw.o ps7_cortexa9_0
TRACE::2025-03-17.12:12:05::SCWMssOS::/lib/xqspips_options.o ps7_cortexa9_0/lib/xqspips_selftest.o ps7_cortexa9_0/lib/xqspips_sinit.o ps7_cortexa9_0/lib/xscugic.o ps
TRACE::2025-03-17.12:12:05::SCWMssOS::7_cortexa9_0/lib/xscugic_g.o ps7_cortexa9_0/lib/xscugic_hw.o ps7_cortexa9_0/lib/xscugic_intr.o ps7_cortexa9_0/lib/xscugic_selft
TRACE::2025-03-17.12:12:05::SCWMssOS::est.o ps7_cortexa9_0/lib/xscugic_sinit.o ps7_cortexa9_0/lib/xscutimer.o ps7_cortexa9_0/lib/xscutimer_g.o ps7_cortexa9_0/lib/xsc
TRACE::2025-03-17.12:12:05::SCWMssOS::utimer_selftest.o ps7_cortexa9_0/lib/xscutimer_sinit.o ps7_cortexa9_0/lib/xscuwdt.o ps7_cortexa9_0/lib/xscuwdt_g.o ps7_cortexa9
TRACE::2025-03-17.12:12:05::SCWMssOS::_0/lib/xscuwdt_selftest.o ps7_cortexa9_0/lib/xscuwdt_sinit.o ps7_cortexa9_0/lib/xsdps.o ps7_cortexa9_0/lib/xsdps_card.o ps7_cor
TRACE::2025-03-17.12:12:05::SCWMssOS::texa9_0/lib/xsdps_g.o ps7_cortexa9_0/lib/xsdps_host.o ps7_cortexa9_0/lib/xsdps_options.o ps7_cortexa9_0/lib/xsdps_sinit.o ps7_c
TRACE::2025-03-17.12:12:05::SCWMssOS::ortexa9_0/lib/xtime_l.o ps7_cortexa9_0/lib/xuartps.o ps7_cortexa9_0/lib/xuartps_g.o ps7_cortexa9_0/lib/xuartps_hw.o ps7_cortexa
TRACE::2025-03-17.12:12:05::SCWMssOS::9_0/lib/xuartps_intr.o ps7_cortexa9_0/lib/xuartps_options.o ps7_cortexa9_0/lib/xuartps_selftest.o ps7_cortexa9_0/lib/xuartps_si
TRACE::2025-03-17.12:12:05::SCWMssOS::nit.o ps7_cortexa9_0/lib/xusbps.o ps7_cortexa9_0/lib/xusbps_endpoint.o ps7_cortexa9_0/lib/xusbps_g.o ps7_cortexa9_0/lib/xusbps_
TRACE::2025-03-17.12:12:05::SCWMssOS::hw.o ps7_cortexa9_0/lib/xusbps_intr.o ps7_cortexa9_0/lib/xusbps_sinit.o

TRACE::2025-03-17.12:12:05::SCWMssOS::'Finished building libraries'

TRACE::2025-03-17.12:12:05::SCWMssOS::Copying to export directory.
TRACE::2025-03-17.12:12:06::SCWMssOS:: Checking if to create the Supporting Applications
TRACE::2025-03-17.12:12:06::SCWMssOS:: No Linux domain exists, trying to generate FSBL 
LOG::2025-03-17.12:12:06::SCWSystem::Completed Processing the domain standalone_ps7_cortexa9_0
LOG::2025-03-17.12:12:06::SCWSystem::Completed Processing the sysconfig design_1_wrapper
LOG::2025-03-17.12:12:06::SCWPlatform::Completed generating the artifacts for system configuration design_1_wrapper
TRACE::2025-03-17.12:12:06::SCWPlatform::Started preparing the platform 
TRACE::2025-03-17.12:12:06::SCWSystem::Writing the bif file for system config design_1_wrapper
TRACE::2025-03-17.12:12:06::SCWSystem::dir created 
TRACE::2025-03-17.12:12:06::SCWSystem::Writing the bif 
TRACE::2025-03-17.12:12:06::SCWPlatform::Started writing the spfm file 
TRACE::2025-03-17.12:12:06::SCWPlatform::Started writing the xpfm file 
TRACE::2025-03-17.12:12:06::SCWPlatform::Completed generating the platform
TRACE::2025-03-17.12:12:06::SCWMssOS::Saving the mss changes C:/devWorks/Ultrasoon_SOC/Vitis/design_1_wrapper/zynq_fsbl/zynq_fsbl_bsp/system.mss
TRACE::2025-03-17.12:12:06::SCWMssOS::Found a swdesign opened with the mssfile.
TRACE::2025-03-17.12:12:06::SCWMssOS::Completed writemss as part of save.
TRACE::2025-03-17.12:12:06::SCWMssOS::Commit changes completed.
TRACE::2025-03-17.12:12:06::SCWMssOS::Saving the mss changes C:/devWorks/Ultrasoon_SOC/Vitis/design_1_wrapper/ps7_cortexa9_0/standalone_ps7_cortexa9_0/bsp/system.mss
TRACE::2025-03-17.12:12:06::SCWMssOS::Found a swdesign opened with the mssfile.
TRACE::2025-03-17.12:12:06::SCWMssOS::Completed writemss as part of save.
TRACE::2025-03-17.12:12:06::SCWMssOS::Commit changes completed.
TRACE::2025-03-17.12:12:06::SCWPlatform::Trying to open the hw design at C:/devWorks/Ultrasoon_SOC/Vitis/design_1_wrapper/hw/design_1_wrapper.xsa
TRACE::2025-03-17.12:12:06::SCWPlatform::DSA given C:/devWorks/Ultrasoon_SOC/Vitis/design_1_wrapper/hw/design_1_wrapper.xsa
TRACE::2025-03-17.12:12:06::SCWPlatform::DSA absoulate path C:/devWorks/Ultrasoon_SOC/Vitis/design_1_wrapper/hw/design_1_wrapper.xsa
TRACE::2025-03-17.12:12:06::SCWPlatform::DSA directory C:/devWorks/Ultrasoon_SOC/Vitis/design_1_wrapper/hw
TRACE::2025-03-17.12:12:06::SCWPlatform:: Platform Path C:/devWorks/Ultrasoon_SOC/Vitis/design_1_wrapper/hw/design_1_wrapper.xsa
TRACE::2025-03-17.12:12:06::SCWPlatform:: Unique name xilinx:pynq-z2::0.0
TRACE::2025-03-17.12:12:06::SCWPlatform::Trying to set the existing hwdb with name design_1_wrapper_0
TRACE::2025-03-17.12:12:06::SCWPlatform::Opened existing hwdb design_1_wrapper_0
TRACE::2025-03-17.12:12:06::SCWPlatform::Found the Hw Db part of the input DSA
TRACE::2025-03-17.12:12:06::SCWMssOS::Checking the sw design at  C:/devWorks/Ultrasoon_SOC/Vitis/design_1_wrapper/zynq_fsbl/zynq_fsbl_bsp/system.mss
TRACE::2025-03-17.12:12:06::SCWMssOS::DEBUG:  swdes dump  C:/devWorks/Ultrasoon_SOC/Vitis/design_1_wrapper/ps7_cortexa9_0/standalone_ps7_cortexa9_0/bsp/system.mss|system_0||
C:/devWorks/Ultrasoon_SOC/Vitis/design_1_wrapper/zynq_fsbl/zynq_fsbl_bsp/system.mss|system||

TRACE::2025-03-17.12:12:06::SCWMssOS::Sw design exists and opened at  C:/devWorks/Ultrasoon_SOC/Vitis/design_1_wrapper/zynq_fsbl/zynq_fsbl_bsp/system.mss
TRACE::2025-03-17.12:12:06::SCWPlatform::Trying to open the hw design at C:/devWorks/Ultrasoon_SOC/Vitis/design_1_wrapper/hw/design_1_wrapper.xsa
TRACE::2025-03-17.12:12:06::SCWPlatform::DSA given C:/devWorks/Ultrasoon_SOC/Vitis/design_1_wrapper/hw/design_1_wrapper.xsa
TRACE::2025-03-17.12:12:06::SCWPlatform::DSA absoulate path C:/devWorks/Ultrasoon_SOC/Vitis/design_1_wrapper/hw/design_1_wrapper.xsa
TRACE::2025-03-17.12:12:06::SCWPlatform::DSA directory C:/devWorks/Ultrasoon_SOC/Vitis/design_1_wrapper/hw
TRACE::2025-03-17.12:12:06::SCWPlatform:: Platform Path C:/devWorks/Ultrasoon_SOC/Vitis/design_1_wrapper/hw/design_1_wrapper.xsa
TRACE::2025-03-17.12:12:06::SCWPlatform:: Unique name xilinx:pynq-z2::0.0
TRACE::2025-03-17.12:12:06::SCWPlatform::Trying to set the existing hwdb with name design_1_wrapper_0
TRACE::2025-03-17.12:12:06::SCWPlatform::Opened existing hwdb design_1_wrapper_0
TRACE::2025-03-17.12:12:06::SCWPlatform::Found the Hw Db part of the input DSA
TRACE::2025-03-17.12:12:06::SCWMssOS::Checking the sw design at  C:/devWorks/Ultrasoon_SOC/Vitis/design_1_wrapper/zynq_fsbl/zynq_fsbl_bsp/system.mss
TRACE::2025-03-17.12:12:06::SCWMssOS::DEBUG:  swdes dump  C:/devWorks/Ultrasoon_SOC/Vitis/design_1_wrapper/ps7_cortexa9_0/standalone_ps7_cortexa9_0/bsp/system.mss|system_0||
C:/devWorks/Ultrasoon_SOC/Vitis/design_1_wrapper/zynq_fsbl/zynq_fsbl_bsp/system.mss|system||

TRACE::2025-03-17.12:12:06::SCWMssOS::Sw design exists and opened at  C:/devWorks/Ultrasoon_SOC/Vitis/design_1_wrapper/zynq_fsbl/zynq_fsbl_bsp/system.mss
TRACE::2025-03-17.12:12:06::SCWPlatform::Trying to open the hw design at C:/devWorks/Ultrasoon_SOC/Vitis/design_1_wrapper/hw/design_1_wrapper.xsa
TRACE::2025-03-17.12:12:06::SCWPlatform::DSA given C:/devWorks/Ultrasoon_SOC/Vitis/design_1_wrapper/hw/design_1_wrapper.xsa
TRACE::2025-03-17.12:12:06::SCWPlatform::DSA absoulate path C:/devWorks/Ultrasoon_SOC/Vitis/design_1_wrapper/hw/design_1_wrapper.xsa
TRACE::2025-03-17.12:12:06::SCWPlatform::DSA directory C:/devWorks/Ultrasoon_SOC/Vitis/design_1_wrapper/hw
TRACE::2025-03-17.12:12:06::SCWPlatform:: Platform Path C:/devWorks/Ultrasoon_SOC/Vitis/design_1_wrapper/hw/design_1_wrapper.xsa
TRACE::2025-03-17.12:12:06::SCWPlatform:: Unique name xilinx:pynq-z2::0.0
TRACE::2025-03-17.12:12:06::SCWPlatform::Trying to set the existing hwdb with name design_1_wrapper_0
TRACE::2025-03-17.12:12:06::SCWPlatform::Opened existing hwdb design_1_wrapper_0
TRACE::2025-03-17.12:12:06::SCWPlatform::Found the Hw Db part of the input DSA
TRACE::2025-03-17.12:12:06::SCWMssOS::Checking the sw design at  C:/devWorks/Ultrasoon_SOC/Vitis/design_1_wrapper/zynq_fsbl/zynq_fsbl_bsp/system.mss
TRACE::2025-03-17.12:12:06::SCWMssOS::DEBUG:  swdes dump  C:/devWorks/Ultrasoon_SOC/Vitis/design_1_wrapper/ps7_cortexa9_0/standalone_ps7_cortexa9_0/bsp/system.mss|system_0||
C:/devWorks/Ultrasoon_SOC/Vitis/design_1_wrapper/zynq_fsbl/zynq_fsbl_bsp/system.mss|system||

TRACE::2025-03-17.12:12:06::SCWMssOS::Sw design exists and opened at  C:/devWorks/Ultrasoon_SOC/Vitis/design_1_wrapper/zynq_fsbl/zynq_fsbl_bsp/system.mss
TRACE::2025-03-17.12:12:06::SCWPlatform::Trying to open the hw design at C:/devWorks/Ultrasoon_SOC/Vitis/design_1_wrapper/hw/design_1_wrapper.xsa
TRACE::2025-03-17.12:12:06::SCWPlatform::DSA given C:/devWorks/Ultrasoon_SOC/Vitis/design_1_wrapper/hw/design_1_wrapper.xsa
TRACE::2025-03-17.12:12:06::SCWPlatform::DSA absoulate path C:/devWorks/Ultrasoon_SOC/Vitis/design_1_wrapper/hw/design_1_wrapper.xsa
TRACE::2025-03-17.12:12:06::SCWPlatform::DSA directory C:/devWorks/Ultrasoon_SOC/Vitis/design_1_wrapper/hw
TRACE::2025-03-17.12:12:06::SCWPlatform:: Platform Path C:/devWorks/Ultrasoon_SOC/Vitis/design_1_wrapper/hw/design_1_wrapper.xsa
TRACE::2025-03-17.12:12:06::SCWPlatform:: Unique name xilinx:pynq-z2::0.0
TRACE::2025-03-17.12:12:06::SCWPlatform::Trying to set the existing hwdb with name design_1_wrapper_0
TRACE::2025-03-17.12:12:06::SCWPlatform::Opened existing hwdb design_1_wrapper_0
TRACE::2025-03-17.12:12:06::SCWPlatform::Found the Hw Db part of the input DSA
TRACE::2025-03-17.12:12:06::SCWMssOS::Checking the sw design at  C:/devWorks/Ultrasoon_SOC/Vitis/design_1_wrapper/ps7_cortexa9_0/standalone_ps7_cortexa9_0/bsp/system.mss
TRACE::2025-03-17.12:12:06::SCWMssOS::DEBUG:  swdes dump  C:/devWorks/Ultrasoon_SOC/Vitis/design_1_wrapper/ps7_cortexa9_0/standalone_ps7_cortexa9_0/bsp/system.mss|system_0||
C:/devWorks/Ultrasoon_SOC/Vitis/design_1_wrapper/zynq_fsbl/zynq_fsbl_bsp/system.mss|system||

TRACE::2025-03-17.12:12:06::SCWMssOS::Sw design exists and opened at  C:/devWorks/Ultrasoon_SOC/Vitis/design_1_wrapper/ps7_cortexa9_0/standalone_ps7_cortexa9_0/bsp/system.mss
TRACE::2025-03-17.12:12:06::SCWPlatform::Trying to open the hw design at C:/devWorks/Ultrasoon_SOC/Vitis/design_1_wrapper/hw/design_1_wrapper.xsa
TRACE::2025-03-17.12:12:06::SCWPlatform::DSA given C:/devWorks/Ultrasoon_SOC/Vitis/design_1_wrapper/hw/design_1_wrapper.xsa
TRACE::2025-03-17.12:12:06::SCWPlatform::DSA absoulate path C:/devWorks/Ultrasoon_SOC/Vitis/design_1_wrapper/hw/design_1_wrapper.xsa
TRACE::2025-03-17.12:12:06::SCWPlatform::DSA directory C:/devWorks/Ultrasoon_SOC/Vitis/design_1_wrapper/hw
TRACE::2025-03-17.12:12:06::SCWPlatform:: Platform Path C:/devWorks/Ultrasoon_SOC/Vitis/design_1_wrapper/hw/design_1_wrapper.xsa
TRACE::2025-03-17.12:12:06::SCWPlatform:: Unique name xilinx:pynq-z2::0.0
TRACE::2025-03-17.12:12:06::SCWPlatform::Trying to set the existing hwdb with name design_1_wrapper_0
TRACE::2025-03-17.12:12:06::SCWPlatform::Opened existing hwdb design_1_wrapper_0
TRACE::2025-03-17.12:12:06::SCWPlatform::Found the Hw Db part of the input DSA
TRACE::2025-03-17.12:12:06::SCWMssOS::Checking the sw design at  C:/devWorks/Ultrasoon_SOC/Vitis/design_1_wrapper/ps7_cortexa9_0/standalone_ps7_cortexa9_0/bsp/system.mss
TRACE::2025-03-17.12:12:06::SCWMssOS::DEBUG:  swdes dump  C:/devWorks/Ultrasoon_SOC/Vitis/design_1_wrapper/ps7_cortexa9_0/standalone_ps7_cortexa9_0/bsp/system.mss|system_0||
C:/devWorks/Ultrasoon_SOC/Vitis/design_1_wrapper/zynq_fsbl/zynq_fsbl_bsp/system.mss|system||

TRACE::2025-03-17.12:12:06::SCWMssOS::Sw design exists and opened at  C:/devWorks/Ultrasoon_SOC/Vitis/design_1_wrapper/ps7_cortexa9_0/standalone_ps7_cortexa9_0/bsp/system.mss
TRACE::2025-03-17.12:12:06::SCWPlatform::Trying to open the hw design at C:/devWorks/Ultrasoon_SOC/Vitis/design_1_wrapper/hw/design_1_wrapper.xsa
TRACE::2025-03-17.12:12:06::SCWPlatform::DSA given C:/devWorks/Ultrasoon_SOC/Vitis/design_1_wrapper/hw/design_1_wrapper.xsa
TRACE::2025-03-17.12:12:06::SCWPlatform::DSA absoulate path C:/devWorks/Ultrasoon_SOC/Vitis/design_1_wrapper/hw/design_1_wrapper.xsa
TRACE::2025-03-17.12:12:06::SCWPlatform::DSA directory C:/devWorks/Ultrasoon_SOC/Vitis/design_1_wrapper/hw
TRACE::2025-03-17.12:12:06::SCWPlatform:: Platform Path C:/devWorks/Ultrasoon_SOC/Vitis/design_1_wrapper/hw/design_1_wrapper.xsa
TRACE::2025-03-17.12:12:06::SCWPlatform:: Unique name xilinx:pynq-z2::0.0
TRACE::2025-03-17.12:12:06::SCWPlatform::Trying to set the existing hwdb with name design_1_wrapper_0
TRACE::2025-03-17.12:12:06::SCWPlatform::Opened existing hwdb design_1_wrapper_0
TRACE::2025-03-17.12:12:06::SCWPlatform::Found the Hw Db part of the input DSA
TRACE::2025-03-17.12:12:06::SCWMssOS::Checking the sw design at  C:/devWorks/Ultrasoon_SOC/Vitis/design_1_wrapper/ps7_cortexa9_0/standalone_ps7_cortexa9_0/bsp/system.mss
TRACE::2025-03-17.12:12:06::SCWMssOS::DEBUG:  swdes dump  C:/devWorks/Ultrasoon_SOC/Vitis/design_1_wrapper/ps7_cortexa9_0/standalone_ps7_cortexa9_0/bsp/system.mss|system_0||
C:/devWorks/Ultrasoon_SOC/Vitis/design_1_wrapper/zynq_fsbl/zynq_fsbl_bsp/system.mss|system||

TRACE::2025-03-17.12:12:06::SCWMssOS::Sw design exists and opened at  C:/devWorks/Ultrasoon_SOC/Vitis/design_1_wrapper/ps7_cortexa9_0/standalone_ps7_cortexa9_0/bsp/system.mss
TRACE::2025-03-17.12:12:06::SCWWriter::formatted JSON is {
	"platformName":	"design_1_wrapper",
	"sprVersion":	"2.0",
	"mode":	"gui",
	"dsaType":	"Fixed",
	"platformDesc":	"design_1_wrapper",
	"platHandOff":	"C:/devWorks/Ultrasoon_SOC/design_1_wrapper.xsa",
	"platIntHandOff":	"<platformDir>/hw/design_1_wrapper.xsa",
	"deviceType":	"zynq",
	"platIsPrebuiltAutogen":	"false",
	"platIsNoBootBsp":	"false",
	"platFsblTarget":	"ps7_cortexa9_0",
	"hasFsblMakeHasChanges":	"false",
	"hasPmufwMakeHasChanges":	"false",
	"fsblExtraCompilerFlags":	"-MMD -MP       -mcpu=cortex-a9 -mfpu=vfpv3 -mfloat-abi=hard ",
	"platPreBuiltFlag":	false,
	"platformSamplesDir":	"",
	"platActiveSys":	"design_1_wrapper",
	"systems":	[{
			"systemName":	"design_1_wrapper",
			"systemDesc":	"design_1_wrapper",
			"sysIsBootAutoGen":	"true",
			"systemDispName":	"design_1_wrapper",
			"sysActiveDom":	"standalone_ps7_cortexa9_0",
			"sysDefaultDom":	"standalone_ps7_cortexa9_0",
			"domains":	[{
					"domainName":	"zynq_fsbl",
					"domainDispName":	"zynq_fsbl",
					"domainDesc":	"FSBL Application BSP - Auto Generated.",
					"processors":	"ps7_cortexa9_0",
					"os":	"standalone",
					"sdxOs":	"standalone",
					"debugEnable":	"",
					"domRuntimes":	["cpp"],
					"swRepo":	"",
					"mssOsVer":	"9.1",
					"mssFile":	"",
					"md5Digest":	"9efe651139896911d8304288c112af41",
					"compatibleApp":	"zynq_fsbl",
					"domType":	"bootDomain",
					"arch":	"32-bit",
					"appSettings":	{
						"appCompilerFlags":	"",
						"appLinkerFlags":	""
					},
					"addedLibs":	["xilffs:5.2", "xilrsa:1.8"],
					"libOptions":	{
						"libsContainingOptions":	[]
					},
					"prebuiltLibs":	{
						"prebuiltIncPath":	[],
						"prebuiltLibPath":	[]
					},
					"isolation":	{
					}
				}, {
					"domainName":	"standalone_ps7_cortexa9_0",
					"domainDispName":	"standalone_ps7_cortexa9_0",
					"domainDesc":	"standalone_ps7_cortexa9_0",
					"processors":	"ps7_cortexa9_0",
					"os":	"standalone",
					"sdxOs":	"standalone",
					"qemuArgs":	"<platformDir>/resources/design_1_wrapper/standalone_ps7_cortexa9_0/qemu_args.txt",
					"qemuData":	"<platformDir>/resources/design_1_wrapper/standalone_ps7_cortexa9_0/qemu",
					"debugEnable":	"False",
					"domRuntimes":	["cpp"],
					"swRepo":	"",
					"mssOsVer":	"9.1",
					"mssFile":	"",
					"md5Digest":	"e16c5a05474eb5878f3d5c795fb9c37a",
					"compatibleApp":	"hello_world",
					"domType":	"mssDomain",
					"arch":	"32-bit",
					"appSettings":	{
						"appCompilerFlags":	"",
						"appLinkerFlags":	""
					},
					"addedLibs":	[],
					"libOptions":	{
						"libsContainingOptions":	[]
					},
					"prebuiltLibs":	{
						"prebuiltIncPath":	[],
						"prebuiltLibPath":	[]
					},
					"isolation":	{
					}
				}]
		}]
}
KEYINFO::2025-03-17.12:12:06::SCWPlatform::updated the xpfm file.
TRACE::2025-03-17.12:12:06::SCWPlatform::Trying to open the hw design at C:/devWorks/Ultrasoon_SOC/Vitis/design_1_wrapper/hw/design_1_wrapper.xsa
TRACE::2025-03-17.12:12:06::SCWPlatform::DSA given C:/devWorks/Ultrasoon_SOC/Vitis/design_1_wrapper/hw/design_1_wrapper.xsa
TRACE::2025-03-17.12:12:06::SCWPlatform::DSA absoulate path C:/devWorks/Ultrasoon_SOC/Vitis/design_1_wrapper/hw/design_1_wrapper.xsa
TRACE::2025-03-17.12:12:06::SCWPlatform::DSA directory C:/devWorks/Ultrasoon_SOC/Vitis/design_1_wrapper/hw
TRACE::2025-03-17.12:12:06::SCWPlatform:: Platform Path C:/devWorks/Ultrasoon_SOC/Vitis/design_1_wrapper/hw/design_1_wrapper.xsa
TRACE::2025-03-17.12:12:06::SCWPlatform:: Unique name xilinx:pynq-z2::0.0
TRACE::2025-03-17.12:12:06::SCWPlatform::Trying to set the existing hwdb with name design_1_wrapper_0
TRACE::2025-03-17.12:12:06::SCWPlatform::Opened existing hwdb design_1_wrapper_0
TRACE::2025-03-17.12:12:06::SCWPlatform::Found the Hw Db part of the input DSA
TRACE::2025-03-17.12:12:06::SCWMssOS::Checking the sw design at  C:/devWorks/Ultrasoon_SOC/Vitis/design_1_wrapper/ps7_cortexa9_0/standalone_ps7_cortexa9_0/bsp/system.mss
TRACE::2025-03-17.12:12:06::SCWMssOS::DEBUG:  swdes dump  C:/devWorks/Ultrasoon_SOC/Vitis/design_1_wrapper/ps7_cortexa9_0/standalone_ps7_cortexa9_0/bsp/system.mss|system_0||
C:/devWorks/Ultrasoon_SOC/Vitis/design_1_wrapper/zynq_fsbl/zynq_fsbl_bsp/system.mss|system||

TRACE::2025-03-17.12:12:06::SCWMssOS::Sw design exists and opened at  C:/devWorks/Ultrasoon_SOC/Vitis/design_1_wrapper/ps7_cortexa9_0/standalone_ps7_cortexa9_0/bsp/system.mss
