Copyright 1986-2022 Xilinx, Inc. All Rights Reserved. Copyright 2022-2024 Advanced Micro Devices, Inc. All Rights Reserved.
---------------------------------------------------------------------------------------------------------------------------------------------------------------------------------------------------------------------------------------------
| Tool Version : Vivado v.2024.1 (win64) Build 5076996 Wed May 22 18:37:14 MDT 2024
| Date         : Mon May  5 12:08:51 2025
| Host         : 5CD322B26V running 64-bit major release  (build 9200)
| Command      : report_timing_summary -max_paths 10 -report_unconstrained -file design_1_wrapper_timing_summary_routed.rpt -pb design_1_wrapper_timing_summary_routed.pb -rpx design_1_wrapper_timing_summary_routed.rpx -warn_on_violation
| Design       : design_1_wrapper
| Device       : 7z020-clg400
| Speed File   : -1  PRODUCTION 1.12 2019-11-22
| Design State : Routed
---------------------------------------------------------------------------------------------------------------------------------------------------------------------------------------------------------------------------------------------

Timing Summary Report

------------------------------------------------------------------------------------------------
| Timer Settings
| --------------
------------------------------------------------------------------------------------------------

  Enable Multi Corner Analysis               :  Yes
  Enable Pessimism Removal                   :  Yes
  Pessimism Removal Resolution               :  Nearest Common Node
  Enable Input Delay Default Clock           :  No
  Enable Preset / Clear Arcs                 :  No
  Disable Flight Delays                      :  No
  Ignore I/O Paths                           :  No
  Timing Early Launch at Borrowing Latches   :  No
  Borrow Time for Max Delay Exceptions       :  Yes
  Merge Timing Exceptions                    :  Yes
  Inter-SLR Compensation                     :  Conservative

  Corner  Analyze    Analyze    
  Name    Max Paths  Min Paths  
  ------  ---------  ---------  
  Slow    Yes        Yes        
  Fast    Yes        Yes        


------------------------------------------------------------------------------------------------
| Report Methodology
| ------------------
------------------------------------------------------------------------------------------------

Rule       Severity  Description                    Violations  
---------  --------  -----------------------------  ----------  
TIMING-18  Warning   Missing input or output delay  4           

Note: This report is based on the most recent report_methodology run and may not be up-to-date. Run report_methodology on the current design for the latest report.



check_timing report

Table of Contents
-----------------
1. checking no_clock (0)
2. checking constant_clock (0)
3. checking pulse_width_clock (0)
4. checking unconstrained_internal_endpoints (0)
5. checking no_input_delay (2)
6. checking no_output_delay (2)
7. checking multiple_clock (0)
8. checking generated_clocks (0)
9. checking loops (0)
10. checking partial_input_delay (0)
11. checking partial_output_delay (0)
12. checking latch_loops (0)

1. checking no_clock (0)
------------------------
 There are 0 register/latch pins with no clock.


2. checking constant_clock (0)
------------------------------
 There are 0 register/latch pins with constant_clock.


3. checking pulse_width_clock (0)
---------------------------------
 There are 0 register/latch pins which need pulse_width check


4. checking unconstrained_internal_endpoints (0)
------------------------------------------------
 There are 0 pins that are not constrained for maximum delay.

 There are 0 pins that are not constrained for maximum delay due to constant clock.


5. checking no_input_delay (2)
------------------------------
 There are 2 input ports with no input delay specified. (HIGH)

 There are 0 input ports with no input delay but user has a false path constraint.


6. checking no_output_delay (2)
-------------------------------
 There are 2 ports with no output delay specified. (HIGH)

 There are 0 ports with no output delay but user has a false path constraint

 There are 0 ports with no output delay but with a timing clock defined on it or propagating through it


7. checking multiple_clock (0)
------------------------------
 There are 0 register/latch pins with multiple clocks.


8. checking generated_clocks (0)
--------------------------------
 There are 0 generated clocks that are not connected to a clock source.


9. checking loops (0)
---------------------
 There are 0 combinational loops in the design.


10. checking partial_input_delay (0)
------------------------------------
 There are 0 input ports with partial input delay specified.


11. checking partial_output_delay (0)
-------------------------------------
 There are 0 ports with partial output delay specified.


12. checking latch_loops (0)
----------------------------
 There are 0 combinational latch loops in the design through latch input



------------------------------------------------------------------------------------------------
| Design Timing Summary
| ---------------------
------------------------------------------------------------------------------------------------

    WNS(ns)      TNS(ns)  TNS Failing Endpoints  TNS Total Endpoints      WHS(ns)      THS(ns)  THS Failing Endpoints  THS Total Endpoints     WPWS(ns)     TPWS(ns)  TPWS Failing Endpoints  TPWS Total Endpoints  
    -------      -------  ---------------------  -------------------      -------      -------  ---------------------  -------------------     --------     --------  ----------------------  --------------------  
      3.469        0.000                      0                 1942        0.086        0.000                      0                 1942        4.020        0.000                       0                   896  


All user specified timing constraints are met.


------------------------------------------------------------------------------------------------
| Clock Summary
| -------------
------------------------------------------------------------------------------------------------

Clock       Waveform(ns)       Period(ns)      Frequency(MHz)
-----       ------------       ----------      --------------
clk_fpga_0  {0.000 5.000}      10.000          100.000         


------------------------------------------------------------------------------------------------
| Intra Clock Table
| -----------------
------------------------------------------------------------------------------------------------

Clock             WNS(ns)      TNS(ns)  TNS Failing Endpoints  TNS Total Endpoints      WHS(ns)      THS(ns)  THS Failing Endpoints  THS Total Endpoints     WPWS(ns)     TPWS(ns)  TPWS Failing Endpoints  TPWS Total Endpoints  
-----             -------      -------  ---------------------  -------------------      -------      -------  ---------------------  -------------------     --------     --------  ----------------------  --------------------  
clk_fpga_0          3.469        0.000                      0                 1942        0.086        0.000                      0                 1942        4.020        0.000                       0                   896  


------------------------------------------------------------------------------------------------
| Inter Clock Table
| -----------------
------------------------------------------------------------------------------------------------

From Clock    To Clock          WNS(ns)      TNS(ns)  TNS Failing Endpoints  TNS Total Endpoints      WHS(ns)      THS(ns)  THS Failing Endpoints  THS Total Endpoints  
----------    --------          -------      -------  ---------------------  -------------------      -------      -------  ---------------------  -------------------  


------------------------------------------------------------------------------------------------
| Other Path Groups Table
| -----------------------
------------------------------------------------------------------------------------------------

Path Group    From Clock    To Clock          WNS(ns)      TNS(ns)  TNS Failing Endpoints  TNS Total Endpoints      WHS(ns)      THS(ns)  THS Failing Endpoints  THS Total Endpoints  
----------    ----------    --------          -------      -------  ---------------------  -------------------      -------      -------  ---------------------  -------------------  


------------------------------------------------------------------------------------------------
| User Ignored Path Table
| -----------------------
------------------------------------------------------------------------------------------------

Path Group    From Clock    To Clock    
----------    ----------    --------    
(none)                      clk_fpga_0    


------------------------------------------------------------------------------------------------
| Unconstrained Path Table
| ------------------------
------------------------------------------------------------------------------------------------

Path Group    From Clock    To Clock    
----------    ----------    --------    
(none)        clk_fpga_0                  
(none)                      clk_fpga_0    


------------------------------------------------------------------------------------------------
| Timing Details
| --------------
------------------------------------------------------------------------------------------------


---------------------------------------------------------------------------------------------------
From Clock:  clk_fpga_0
  To Clock:  clk_fpga_0

Setup :            0  Failing Endpoints,  Worst Slack        3.469ns,  Total Violation        0.000ns
Hold  :            0  Failing Endpoints,  Worst Slack        0.086ns,  Total Violation        0.000ns
PW    :            0  Failing Endpoints,  Worst Slack        4.020ns,  Total Violation        0.000ns
---------------------------------------------------------------------------------------------------


Max Delay Paths
--------------------------------------------------------------------------------------
Slack (MET) :             3.469ns  (required time - arrival time)
  Source:                 design_1_i/axi_iic_0/U0/X_IIC/X_AXI_IPIF_SSP1/AXI_LITE_IPIF_I/I_SLAVE_ATTACHMENT/INCLUDE_DPHASE_TIMER.dpto_cnt_reg[2]/C
                            (rising edge-triggered cell FDRE clocked by clk_fpga_0  {rise@0.000ns fall@5.000ns period=10.000ns})
  Destination:            design_1_i/ps7_0_axi_periph/s00_couplers/auto_pc/inst/gen_axilite.gen_b2s_conv.axilite_b2s/WR.aw_channel_0/cmd_translator_0/incr_cmd_0/axaddr_incr_reg[9]/D
                            (rising edge-triggered cell FDRE clocked by clk_fpga_0  {rise@0.000ns fall@5.000ns period=10.000ns})
  Path Group:             clk_fpga_0
  Path Type:              Setup (Max at Slow Process Corner)
  Requirement:            10.000ns  (clk_fpga_0 rise@10.000ns - clk_fpga_0 rise@0.000ns)
  Data Path Delay:        6.441ns  (logic 2.230ns (34.620%)  route 4.211ns (65.380%))
  Logic Levels:           9  (CARRY4=3 LUT3=2 LUT4=3 LUT6=1)
  Clock Path Skew:        -0.011ns (DCD - SCD + CPR)
    Destination Clock Delay (DCD):    2.705ns = ( 12.705 - 10.000 ) 
    Source Clock Delay      (SCD):    2.945ns
    Clock Pessimism Removal (CPR):    0.229ns
  Clock Uncertainty:      0.154ns  ((TSJ^2 + TIJ^2)^1/2 + DJ) / 2 + PE
    Total System Jitter     (TSJ):    0.071ns
    Total Input Jitter      (TIJ):    0.300ns
    Discrete Jitter          (DJ):    0.000ns
    Phase Error              (PE):    0.000ns

    Location             Delay type                Incr(ns)  Path(ns)    Netlist Resource(s)
  -------------------------------------------------------------------    -------------------
                         (clock clk_fpga_0 rise edge)
                                                      0.000     0.000 r  
    PS7_X0Y0             PS7                          0.000     0.000 r  design_1_i/processing_system7_0/inst/PS7_i/FCLKCLK[0]
                         net (fo=1, routed)           1.193     1.193    design_1_i/processing_system7_0/inst/FCLK_CLK_unbuffered[0]
    BUFGCTRL_X0Y16       BUFG (Prop_bufg_I_O)         0.101     1.294 r  design_1_i/processing_system7_0/inst/buffer_fclk_clk_0.FCLK_CLK_0_BUFG/O
                         net (fo=896, routed)         1.651     2.945    design_1_i/axi_iic_0/U0/X_IIC/X_AXI_IPIF_SSP1/AXI_LITE_IPIF_I/I_SLAVE_ATTACHMENT/s_axi_aclk
    SLICE_X35Y92         FDRE                                         r  design_1_i/axi_iic_0/U0/X_IIC/X_AXI_IPIF_SSP1/AXI_LITE_IPIF_I/I_SLAVE_ATTACHMENT/INCLUDE_DPHASE_TIMER.dpto_cnt_reg[2]/C
  -------------------------------------------------------------------    -------------------
    SLICE_X35Y92         FDRE (Prop_fdre_C_Q)         0.456     3.401 f  design_1_i/axi_iic_0/U0/X_IIC/X_AXI_IPIF_SSP1/AXI_LITE_IPIF_I/I_SLAVE_ATTACHMENT/INCLUDE_DPHASE_TIMER.dpto_cnt_reg[2]/Q
                         net (fo=3, routed)           0.651     4.052    design_1_i/axi_iic_0/U0/X_IIC/X_AXI_IPIF_SSP1/AXI_LITE_IPIF_I/I_SLAVE_ATTACHMENT/I_DECODER/s_axi_awready_0[2]
    SLICE_X35Y92         LUT4 (Prop_lut4_I3_O)        0.124     4.176 f  design_1_i/axi_iic_0/U0/X_IIC/X_AXI_IPIF_SSP1/AXI_LITE_IPIF_I/I_SLAVE_ATTACHMENT/I_DECODER/s_axi_wready_INST_0_i_1/O
                         net (fo=2, routed)           0.363     4.539    design_1_i/axi_iic_0/U0/X_IIC/X_AXI_IPIF_SSP1/AXI_LITE_IPIF_I/I_SLAVE_ATTACHMENT/I_DECODER/s_axi_wready_INST_0_i_1_n_0
    SLICE_X34Y92         LUT4 (Prop_lut4_I0_O)        0.124     4.663 r  design_1_i/axi_iic_0/U0/X_IIC/X_AXI_IPIF_SSP1/AXI_LITE_IPIF_I/I_SLAVE_ATTACHMENT/I_DECODER/s_axi_wready_INST_0/O
                         net (fo=9, routed)           0.809     5.472    design_1_i/ps7_0_axi_periph/s00_couplers/auto_pc/inst/gen_axilite.gen_b2s_conv.axilite_b2s/WR.aw_channel_0/aw_cmd_fsm_0/m_axi_awready
    SLICE_X30Y99         LUT6 (Prop_lut6_I0_O)        0.124     5.596 r  design_1_i/ps7_0_axi_periph/s00_couplers/auto_pc/inst/gen_axilite.gen_b2s_conv.axilite_b2s/WR.aw_channel_0/aw_cmd_fsm_0/memory_reg[3][0]_srl4_i_1/O
                         net (fo=30, routed)          0.512     6.108    design_1_i/ps7_0_axi_periph/s00_couplers/auto_pc/inst/gen_axilite.gen_b2s_conv.axilite_b2s/WR.aw_channel_0/aw_cmd_fsm_0/m_axi_awready_0
    SLICE_X30Y100        LUT3 (Prop_lut3_I2_O)        0.124     6.232 r  design_1_i/ps7_0_axi_periph/s00_couplers/auto_pc/inst/gen_axilite.gen_b2s_conv.axilite_b2s/WR.aw_channel_0/aw_cmd_fsm_0/next_pending_r_i_3/O
                         net (fo=23, routed)          1.064     7.296    design_1_i/ps7_0_axi_periph/s00_couplers/auto_pc/inst/gen_axilite.gen_b2s_conv.axilite_b2s/WR.aw_channel_0/cmd_translator_0/incr_cmd_0/next
    SLICE_X30Y94         LUT4 (Prop_lut4_I3_O)        0.124     7.420 r  design_1_i/ps7_0_axi_periph/s00_couplers/auto_pc/inst/gen_axilite.gen_b2s_conv.axilite_b2s/WR.aw_channel_0/cmd_translator_0/incr_cmd_0/axaddr_incr[3]_i_8/O
                         net (fo=1, routed)           0.000     7.420    design_1_i/ps7_0_axi_periph/s00_couplers/auto_pc/inst/gen_axilite.gen_b2s_conv.axilite_b2s/SI_REG/aw.aw_pipe/axaddr_incr_reg[3][2]
    SLICE_X30Y94         CARRY4 (Prop_carry4_S[2]_CO[3])
                                                      0.380     7.800 r  design_1_i/ps7_0_axi_periph/s00_couplers/auto_pc/inst/gen_axilite.gen_b2s_conv.axilite_b2s/SI_REG/aw.aw_pipe/axaddr_incr_reg[3]_i_2/CO[3]
                         net (fo=1, routed)           0.000     7.800    design_1_i/ps7_0_axi_periph/s00_couplers/auto_pc/inst/gen_axilite.gen_b2s_conv.axilite_b2s/SI_REG/aw.aw_pipe/axaddr_incr_reg[3]_i_2_n_0
    SLICE_X30Y95         CARRY4 (Prop_carry4_CI_CO[3])
                                                      0.117     7.917 r  design_1_i/ps7_0_axi_periph/s00_couplers/auto_pc/inst/gen_axilite.gen_b2s_conv.axilite_b2s/SI_REG/aw.aw_pipe/axaddr_incr_reg[7]_i_2/CO[3]
                         net (fo=1, routed)           0.000     7.917    design_1_i/ps7_0_axi_periph/s00_couplers/auto_pc/inst/gen_axilite.gen_b2s_conv.axilite_b2s/SI_REG/aw.aw_pipe/axaddr_incr_reg[7]_i_2_n_0
    SLICE_X30Y96         CARRY4 (Prop_carry4_CI_O[1])
                                                      0.323     8.240 r  design_1_i/ps7_0_axi_periph/s00_couplers/auto_pc/inst/gen_axilite.gen_b2s_conv.axilite_b2s/SI_REG/aw.aw_pipe/axaddr_incr_reg[11]_i_3/O[1]
                         net (fo=1, routed)           0.812     9.052    design_1_i/ps7_0_axi_periph/s00_couplers/auto_pc/inst/gen_axilite.gen_b2s_conv.axilite_b2s/WR.aw_channel_0/cmd_translator_0/incr_cmd_0/axaddr_incr[9]
    SLICE_X31Y97         LUT3 (Prop_lut3_I0_O)        0.334     9.386 r  design_1_i/ps7_0_axi_periph/s00_couplers/auto_pc/inst/gen_axilite.gen_b2s_conv.axilite_b2s/WR.aw_channel_0/cmd_translator_0/incr_cmd_0/axaddr_incr[9]_i_1/O
                         net (fo=1, routed)           0.000     9.386    design_1_i/ps7_0_axi_periph/s00_couplers/auto_pc/inst/gen_axilite.gen_b2s_conv.axilite_b2s/WR.aw_channel_0/cmd_translator_0/incr_cmd_0/p_1_in[9]
    SLICE_X31Y97         FDRE                                         r  design_1_i/ps7_0_axi_periph/s00_couplers/auto_pc/inst/gen_axilite.gen_b2s_conv.axilite_b2s/WR.aw_channel_0/cmd_translator_0/incr_cmd_0/axaddr_incr_reg[9]/D
  -------------------------------------------------------------------    -------------------

                         (clock clk_fpga_0 rise edge)
                                                     10.000    10.000 r  
    PS7_X0Y0             PS7                          0.000    10.000 r  design_1_i/processing_system7_0/inst/PS7_i/FCLKCLK[0]
                         net (fo=1, routed)           1.088    11.088    design_1_i/processing_system7_0/inst/FCLK_CLK_unbuffered[0]
    BUFGCTRL_X0Y16       BUFG (Prop_bufg_I_O)         0.091    11.179 r  design_1_i/processing_system7_0/inst/buffer_fclk_clk_0.FCLK_CLK_0_BUFG/O
                         net (fo=896, routed)         1.526    12.705    design_1_i/ps7_0_axi_periph/s00_couplers/auto_pc/inst/gen_axilite.gen_b2s_conv.axilite_b2s/WR.aw_channel_0/cmd_translator_0/incr_cmd_0/aclk
    SLICE_X31Y97         FDRE                                         r  design_1_i/ps7_0_axi_periph/s00_couplers/auto_pc/inst/gen_axilite.gen_b2s_conv.axilite_b2s/WR.aw_channel_0/cmd_translator_0/incr_cmd_0/axaddr_incr_reg[9]/C
                         clock pessimism              0.229    12.934    
                         clock uncertainty           -0.154    12.780    
    SLICE_X31Y97         FDRE (Setup_fdre_C_D)        0.075    12.855    design_1_i/ps7_0_axi_periph/s00_couplers/auto_pc/inst/gen_axilite.gen_b2s_conv.axilite_b2s/WR.aw_channel_0/cmd_translator_0/incr_cmd_0/axaddr_incr_reg[9]
  -------------------------------------------------------------------
                         required time                         12.855    
                         arrival time                          -9.386    
  -------------------------------------------------------------------
                         slack                                  3.469    

Slack (MET) :             3.507ns  (required time - arrival time)
  Source:                 design_1_i/axi_iic_0/U0/X_IIC/X_AXI_IPIF_SSP1/AXI_LITE_IPIF_I/I_SLAVE_ATTACHMENT/INCLUDE_DPHASE_TIMER.dpto_cnt_reg[2]/C
                            (rising edge-triggered cell FDRE clocked by clk_fpga_0  {rise@0.000ns fall@5.000ns period=10.000ns})
  Destination:            design_1_i/ps7_0_axi_periph/s00_couplers/auto_pc/inst/gen_axilite.gen_b2s_conv.axilite_b2s/WR.aw_channel_0/cmd_translator_0/incr_cmd_0/axaddr_incr_reg[7]/D
                            (rising edge-triggered cell FDRE clocked by clk_fpga_0  {rise@0.000ns fall@5.000ns period=10.000ns})
  Path Group:             clk_fpga_0
  Path Type:              Setup (Max at Slow Process Corner)
  Requirement:            10.000ns  (clk_fpga_0 rise@10.000ns - clk_fpga_0 rise@0.000ns)
  Data Path Delay:        6.402ns  (logic 2.104ns (32.865%)  route 4.298ns (67.135%))
  Logic Levels:           8  (CARRY4=2 LUT3=2 LUT4=3 LUT6=1)
  Clock Path Skew:        -0.012ns (DCD - SCD + CPR)
    Destination Clock Delay (DCD):    2.704ns = ( 12.704 - 10.000 ) 
    Source Clock Delay      (SCD):    2.945ns
    Clock Pessimism Removal (CPR):    0.229ns
  Clock Uncertainty:      0.154ns  ((TSJ^2 + TIJ^2)^1/2 + DJ) / 2 + PE
    Total System Jitter     (TSJ):    0.071ns
    Total Input Jitter      (TIJ):    0.300ns
    Discrete Jitter          (DJ):    0.000ns
    Phase Error              (PE):    0.000ns

    Location             Delay type                Incr(ns)  Path(ns)    Netlist Resource(s)
  -------------------------------------------------------------------    -------------------
                         (clock clk_fpga_0 rise edge)
                                                      0.000     0.000 r  
    PS7_X0Y0             PS7                          0.000     0.000 r  design_1_i/processing_system7_0/inst/PS7_i/FCLKCLK[0]
                         net (fo=1, routed)           1.193     1.193    design_1_i/processing_system7_0/inst/FCLK_CLK_unbuffered[0]
    BUFGCTRL_X0Y16       BUFG (Prop_bufg_I_O)         0.101     1.294 r  design_1_i/processing_system7_0/inst/buffer_fclk_clk_0.FCLK_CLK_0_BUFG/O
                         net (fo=896, routed)         1.651     2.945    design_1_i/axi_iic_0/U0/X_IIC/X_AXI_IPIF_SSP1/AXI_LITE_IPIF_I/I_SLAVE_ATTACHMENT/s_axi_aclk
    SLICE_X35Y92         FDRE                                         r  design_1_i/axi_iic_0/U0/X_IIC/X_AXI_IPIF_SSP1/AXI_LITE_IPIF_I/I_SLAVE_ATTACHMENT/INCLUDE_DPHASE_TIMER.dpto_cnt_reg[2]/C
  -------------------------------------------------------------------    -------------------
    SLICE_X35Y92         FDRE (Prop_fdre_C_Q)         0.456     3.401 f  design_1_i/axi_iic_0/U0/X_IIC/X_AXI_IPIF_SSP1/AXI_LITE_IPIF_I/I_SLAVE_ATTACHMENT/INCLUDE_DPHASE_TIMER.dpto_cnt_reg[2]/Q
                         net (fo=3, routed)           0.651     4.052    design_1_i/axi_iic_0/U0/X_IIC/X_AXI_IPIF_SSP1/AXI_LITE_IPIF_I/I_SLAVE_ATTACHMENT/I_DECODER/s_axi_awready_0[2]
    SLICE_X35Y92         LUT4 (Prop_lut4_I3_O)        0.124     4.176 f  design_1_i/axi_iic_0/U0/X_IIC/X_AXI_IPIF_SSP1/AXI_LITE_IPIF_I/I_SLAVE_ATTACHMENT/I_DECODER/s_axi_wready_INST_0_i_1/O
                         net (fo=2, routed)           0.363     4.539    design_1_i/axi_iic_0/U0/X_IIC/X_AXI_IPIF_SSP1/AXI_LITE_IPIF_I/I_SLAVE_ATTACHMENT/I_DECODER/s_axi_wready_INST_0_i_1_n_0
    SLICE_X34Y92         LUT4 (Prop_lut4_I0_O)        0.124     4.663 r  design_1_i/axi_iic_0/U0/X_IIC/X_AXI_IPIF_SSP1/AXI_LITE_IPIF_I/I_SLAVE_ATTACHMENT/I_DECODER/s_axi_wready_INST_0/O
                         net (fo=9, routed)           0.809     5.472    design_1_i/ps7_0_axi_periph/s00_couplers/auto_pc/inst/gen_axilite.gen_b2s_conv.axilite_b2s/WR.aw_channel_0/aw_cmd_fsm_0/m_axi_awready
    SLICE_X30Y99         LUT6 (Prop_lut6_I0_O)        0.124     5.596 r  design_1_i/ps7_0_axi_periph/s00_couplers/auto_pc/inst/gen_axilite.gen_b2s_conv.axilite_b2s/WR.aw_channel_0/aw_cmd_fsm_0/memory_reg[3][0]_srl4_i_1/O
                         net (fo=30, routed)          0.512     6.108    design_1_i/ps7_0_axi_periph/s00_couplers/auto_pc/inst/gen_axilite.gen_b2s_conv.axilite_b2s/WR.aw_channel_0/aw_cmd_fsm_0/m_axi_awready_0
    SLICE_X30Y100        LUT3 (Prop_lut3_I2_O)        0.124     6.232 r  design_1_i/ps7_0_axi_periph/s00_couplers/auto_pc/inst/gen_axilite.gen_b2s_conv.axilite_b2s/WR.aw_channel_0/aw_cmd_fsm_0/next_pending_r_i_3/O
                         net (fo=23, routed)          1.064     7.296    design_1_i/ps7_0_axi_periph/s00_couplers/auto_pc/inst/gen_axilite.gen_b2s_conv.axilite_b2s/WR.aw_channel_0/cmd_translator_0/incr_cmd_0/next
    SLICE_X30Y94         LUT4 (Prop_lut4_I3_O)        0.124     7.420 r  design_1_i/ps7_0_axi_periph/s00_couplers/auto_pc/inst/gen_axilite.gen_b2s_conv.axilite_b2s/WR.aw_channel_0/cmd_translator_0/incr_cmd_0/axaddr_incr[3]_i_8/O
                         net (fo=1, routed)           0.000     7.420    design_1_i/ps7_0_axi_periph/s00_couplers/auto_pc/inst/gen_axilite.gen_b2s_conv.axilite_b2s/SI_REG/aw.aw_pipe/axaddr_incr_reg[3][2]
    SLICE_X30Y94         CARRY4 (Prop_carry4_S[2]_CO[3])
                                                      0.380     7.800 r  design_1_i/ps7_0_axi_periph/s00_couplers/auto_pc/inst/gen_axilite.gen_b2s_conv.axilite_b2s/SI_REG/aw.aw_pipe/axaddr_incr_reg[3]_i_2/CO[3]
                         net (fo=1, routed)           0.000     7.800    design_1_i/ps7_0_axi_periph/s00_couplers/auto_pc/inst/gen_axilite.gen_b2s_conv.axilite_b2s/SI_REG/aw.aw_pipe/axaddr_incr_reg[3]_i_2_n_0
    SLICE_X30Y95         CARRY4 (Prop_carry4_CI_O[3])
                                                      0.315     8.115 r  design_1_i/ps7_0_axi_periph/s00_couplers/auto_pc/inst/gen_axilite.gen_b2s_conv.axilite_b2s/SI_REG/aw.aw_pipe/axaddr_incr_reg[7]_i_2/O[3]
                         net (fo=1, routed)           0.899     9.014    design_1_i/ps7_0_axi_periph/s00_couplers/auto_pc/inst/gen_axilite.gen_b2s_conv.axilite_b2s/WR.aw_channel_0/cmd_translator_0/incr_cmd_0/axaddr_incr[7]
    SLICE_X29Y95         LUT3 (Prop_lut3_I0_O)        0.333     9.347 r  design_1_i/ps7_0_axi_periph/s00_couplers/auto_pc/inst/gen_axilite.gen_b2s_conv.axilite_b2s/WR.aw_channel_0/cmd_translator_0/incr_cmd_0/axaddr_incr[7]_i_1/O
                         net (fo=1, routed)           0.000     9.347    design_1_i/ps7_0_axi_periph/s00_couplers/auto_pc/inst/gen_axilite.gen_b2s_conv.axilite_b2s/WR.aw_channel_0/cmd_translator_0/incr_cmd_0/p_1_in[7]
    SLICE_X29Y95         FDRE                                         r  design_1_i/ps7_0_axi_periph/s00_couplers/auto_pc/inst/gen_axilite.gen_b2s_conv.axilite_b2s/WR.aw_channel_0/cmd_translator_0/incr_cmd_0/axaddr_incr_reg[7]/D
  -------------------------------------------------------------------    -------------------

                         (clock clk_fpga_0 rise edge)
                                                     10.000    10.000 r  
    PS7_X0Y0             PS7                          0.000    10.000 r  design_1_i/processing_system7_0/inst/PS7_i/FCLKCLK[0]
                         net (fo=1, routed)           1.088    11.088    design_1_i/processing_system7_0/inst/FCLK_CLK_unbuffered[0]
    BUFGCTRL_X0Y16       BUFG (Prop_bufg_I_O)         0.091    11.179 r  design_1_i/processing_system7_0/inst/buffer_fclk_clk_0.FCLK_CLK_0_BUFG/O
                         net (fo=896, routed)         1.525    12.704    design_1_i/ps7_0_axi_periph/s00_couplers/auto_pc/inst/gen_axilite.gen_b2s_conv.axilite_b2s/WR.aw_channel_0/cmd_translator_0/incr_cmd_0/aclk
    SLICE_X29Y95         FDRE                                         r  design_1_i/ps7_0_axi_periph/s00_couplers/auto_pc/inst/gen_axilite.gen_b2s_conv.axilite_b2s/WR.aw_channel_0/cmd_translator_0/incr_cmd_0/axaddr_incr_reg[7]/C
                         clock pessimism              0.229    12.933    
                         clock uncertainty           -0.154    12.779    
    SLICE_X29Y95         FDRE (Setup_fdre_C_D)        0.075    12.854    design_1_i/ps7_0_axi_periph/s00_couplers/auto_pc/inst/gen_axilite.gen_b2s_conv.axilite_b2s/WR.aw_channel_0/cmd_translator_0/incr_cmd_0/axaddr_incr_reg[7]
  -------------------------------------------------------------------
                         required time                         12.854    
                         arrival time                          -9.347    
  -------------------------------------------------------------------
                         slack                                  3.507    

Slack (MET) :             3.695ns  (required time - arrival time)
  Source:                 design_1_i/axi_iic_0/U0/X_IIC/X_AXI_IPIF_SSP1/AXI_LITE_IPIF_I/I_SLAVE_ATTACHMENT/INCLUDE_DPHASE_TIMER.dpto_cnt_reg[2]/C
                            (rising edge-triggered cell FDRE clocked by clk_fpga_0  {rise@0.000ns fall@5.000ns period=10.000ns})
  Destination:            design_1_i/ps7_0_axi_periph/s00_couplers/auto_pc/inst/gen_axilite.gen_b2s_conv.axilite_b2s/WR.aw_channel_0/cmd_translator_0/incr_cmd_0/axaddr_incr_reg[11]/D
                            (rising edge-triggered cell FDRE clocked by clk_fpga_0  {rise@0.000ns fall@5.000ns period=10.000ns})
  Path Group:             clk_fpga_0
  Path Type:              Setup (Max at Slow Process Corner)
  Requirement:            10.000ns  (clk_fpga_0 rise@10.000ns - clk_fpga_0 rise@0.000ns)
  Data Path Delay:        6.171ns  (logic 2.195ns (35.570%)  route 3.976ns (64.430%))
  Logic Levels:           9  (CARRY4=3 LUT3=2 LUT4=3 LUT6=1)
  Clock Path Skew:        -0.011ns (DCD - SCD + CPR)
    Destination Clock Delay (DCD):    2.705ns = ( 12.705 - 10.000 ) 
    Source Clock Delay      (SCD):    2.945ns
    Clock Pessimism Removal (CPR):    0.229ns
  Clock Uncertainty:      0.154ns  ((TSJ^2 + TIJ^2)^1/2 + DJ) / 2 + PE
    Total System Jitter     (TSJ):    0.071ns
    Total Input Jitter      (TIJ):    0.300ns
    Discrete Jitter          (DJ):    0.000ns
    Phase Error              (PE):    0.000ns

    Location             Delay type                Incr(ns)  Path(ns)    Netlist Resource(s)
  -------------------------------------------------------------------    -------------------
                         (clock clk_fpga_0 rise edge)
                                                      0.000     0.000 r  
    PS7_X0Y0             PS7                          0.000     0.000 r  design_1_i/processing_system7_0/inst/PS7_i/FCLKCLK[0]
                         net (fo=1, routed)           1.193     1.193    design_1_i/processing_system7_0/inst/FCLK_CLK_unbuffered[0]
    BUFGCTRL_X0Y16       BUFG (Prop_bufg_I_O)         0.101     1.294 r  design_1_i/processing_system7_0/inst/buffer_fclk_clk_0.FCLK_CLK_0_BUFG/O
                         net (fo=896, routed)         1.651     2.945    design_1_i/axi_iic_0/U0/X_IIC/X_AXI_IPIF_SSP1/AXI_LITE_IPIF_I/I_SLAVE_ATTACHMENT/s_axi_aclk
    SLICE_X35Y92         FDRE                                         r  design_1_i/axi_iic_0/U0/X_IIC/X_AXI_IPIF_SSP1/AXI_LITE_IPIF_I/I_SLAVE_ATTACHMENT/INCLUDE_DPHASE_TIMER.dpto_cnt_reg[2]/C
  -------------------------------------------------------------------    -------------------
    SLICE_X35Y92         FDRE (Prop_fdre_C_Q)         0.456     3.401 f  design_1_i/axi_iic_0/U0/X_IIC/X_AXI_IPIF_SSP1/AXI_LITE_IPIF_I/I_SLAVE_ATTACHMENT/INCLUDE_DPHASE_TIMER.dpto_cnt_reg[2]/Q
                         net (fo=3, routed)           0.651     4.052    design_1_i/axi_iic_0/U0/X_IIC/X_AXI_IPIF_SSP1/AXI_LITE_IPIF_I/I_SLAVE_ATTACHMENT/I_DECODER/s_axi_awready_0[2]
    SLICE_X35Y92         LUT4 (Prop_lut4_I3_O)        0.124     4.176 f  design_1_i/axi_iic_0/U0/X_IIC/X_AXI_IPIF_SSP1/AXI_LITE_IPIF_I/I_SLAVE_ATTACHMENT/I_DECODER/s_axi_wready_INST_0_i_1/O
                         net (fo=2, routed)           0.363     4.539    design_1_i/axi_iic_0/U0/X_IIC/X_AXI_IPIF_SSP1/AXI_LITE_IPIF_I/I_SLAVE_ATTACHMENT/I_DECODER/s_axi_wready_INST_0_i_1_n_0
    SLICE_X34Y92         LUT4 (Prop_lut4_I0_O)        0.124     4.663 r  design_1_i/axi_iic_0/U0/X_IIC/X_AXI_IPIF_SSP1/AXI_LITE_IPIF_I/I_SLAVE_ATTACHMENT/I_DECODER/s_axi_wready_INST_0/O
                         net (fo=9, routed)           0.809     5.472    design_1_i/ps7_0_axi_periph/s00_couplers/auto_pc/inst/gen_axilite.gen_b2s_conv.axilite_b2s/WR.aw_channel_0/aw_cmd_fsm_0/m_axi_awready
    SLICE_X30Y99         LUT6 (Prop_lut6_I0_O)        0.124     5.596 r  design_1_i/ps7_0_axi_periph/s00_couplers/auto_pc/inst/gen_axilite.gen_b2s_conv.axilite_b2s/WR.aw_channel_0/aw_cmd_fsm_0/memory_reg[3][0]_srl4_i_1/O
                         net (fo=30, routed)          0.512     6.108    design_1_i/ps7_0_axi_periph/s00_couplers/auto_pc/inst/gen_axilite.gen_b2s_conv.axilite_b2s/WR.aw_channel_0/aw_cmd_fsm_0/m_axi_awready_0
    SLICE_X30Y100        LUT3 (Prop_lut3_I2_O)        0.124     6.232 r  design_1_i/ps7_0_axi_periph/s00_couplers/auto_pc/inst/gen_axilite.gen_b2s_conv.axilite_b2s/WR.aw_channel_0/aw_cmd_fsm_0/next_pending_r_i_3/O
                         net (fo=23, routed)          1.064     7.296    design_1_i/ps7_0_axi_periph/s00_couplers/auto_pc/inst/gen_axilite.gen_b2s_conv.axilite_b2s/WR.aw_channel_0/cmd_translator_0/incr_cmd_0/next
    SLICE_X30Y94         LUT4 (Prop_lut4_I3_O)        0.124     7.420 r  design_1_i/ps7_0_axi_periph/s00_couplers/auto_pc/inst/gen_axilite.gen_b2s_conv.axilite_b2s/WR.aw_channel_0/cmd_translator_0/incr_cmd_0/axaddr_incr[3]_i_8/O
                         net (fo=1, routed)           0.000     7.420    design_1_i/ps7_0_axi_periph/s00_couplers/auto_pc/inst/gen_axilite.gen_b2s_conv.axilite_b2s/SI_REG/aw.aw_pipe/axaddr_incr_reg[3][2]
    SLICE_X30Y94         CARRY4 (Prop_carry4_S[2]_CO[3])
                                                      0.380     7.800 r  design_1_i/ps7_0_axi_periph/s00_couplers/auto_pc/inst/gen_axilite.gen_b2s_conv.axilite_b2s/SI_REG/aw.aw_pipe/axaddr_incr_reg[3]_i_2/CO[3]
                         net (fo=1, routed)           0.000     7.800    design_1_i/ps7_0_axi_periph/s00_couplers/auto_pc/inst/gen_axilite.gen_b2s_conv.axilite_b2s/SI_REG/aw.aw_pipe/axaddr_incr_reg[3]_i_2_n_0
    SLICE_X30Y95         CARRY4 (Prop_carry4_CI_CO[3])
                                                      0.117     7.917 r  design_1_i/ps7_0_axi_periph/s00_couplers/auto_pc/inst/gen_axilite.gen_b2s_conv.axilite_b2s/SI_REG/aw.aw_pipe/axaddr_incr_reg[7]_i_2/CO[3]
                         net (fo=1, routed)           0.000     7.917    design_1_i/ps7_0_axi_periph/s00_couplers/auto_pc/inst/gen_axilite.gen_b2s_conv.axilite_b2s/SI_REG/aw.aw_pipe/axaddr_incr_reg[7]_i_2_n_0
    SLICE_X30Y96         CARRY4 (Prop_carry4_CI_O[3])
                                                      0.315     8.232 r  design_1_i/ps7_0_axi_periph/s00_couplers/auto_pc/inst/gen_axilite.gen_b2s_conv.axilite_b2s/SI_REG/aw.aw_pipe/axaddr_incr_reg[11]_i_3/O[3]
                         net (fo=1, routed)           0.577     8.809    design_1_i/ps7_0_axi_periph/s00_couplers/auto_pc/inst/gen_axilite.gen_b2s_conv.axilite_b2s/WR.aw_channel_0/cmd_translator_0/incr_cmd_0/axaddr_incr[11]
    SLICE_X31Y97         LUT3 (Prop_lut3_I0_O)        0.307     9.116 r  design_1_i/ps7_0_axi_periph/s00_couplers/auto_pc/inst/gen_axilite.gen_b2s_conv.axilite_b2s/WR.aw_channel_0/cmd_translator_0/incr_cmd_0/axaddr_incr[11]_i_2/O
                         net (fo=1, routed)           0.000     9.116    design_1_i/ps7_0_axi_periph/s00_couplers/auto_pc/inst/gen_axilite.gen_b2s_conv.axilite_b2s/WR.aw_channel_0/cmd_translator_0/incr_cmd_0/p_1_in[11]
    SLICE_X31Y97         FDRE                                         r  design_1_i/ps7_0_axi_periph/s00_couplers/auto_pc/inst/gen_axilite.gen_b2s_conv.axilite_b2s/WR.aw_channel_0/cmd_translator_0/incr_cmd_0/axaddr_incr_reg[11]/D
  -------------------------------------------------------------------    -------------------

                         (clock clk_fpga_0 rise edge)
                                                     10.000    10.000 r  
    PS7_X0Y0             PS7                          0.000    10.000 r  design_1_i/processing_system7_0/inst/PS7_i/FCLKCLK[0]
                         net (fo=1, routed)           1.088    11.088    design_1_i/processing_system7_0/inst/FCLK_CLK_unbuffered[0]
    BUFGCTRL_X0Y16       BUFG (Prop_bufg_I_O)         0.091    11.179 r  design_1_i/processing_system7_0/inst/buffer_fclk_clk_0.FCLK_CLK_0_BUFG/O
                         net (fo=896, routed)         1.526    12.705    design_1_i/ps7_0_axi_periph/s00_couplers/auto_pc/inst/gen_axilite.gen_b2s_conv.axilite_b2s/WR.aw_channel_0/cmd_translator_0/incr_cmd_0/aclk
    SLICE_X31Y97         FDRE                                         r  design_1_i/ps7_0_axi_periph/s00_couplers/auto_pc/inst/gen_axilite.gen_b2s_conv.axilite_b2s/WR.aw_channel_0/cmd_translator_0/incr_cmd_0/axaddr_incr_reg[11]/C
                         clock pessimism              0.229    12.934    
                         clock uncertainty           -0.154    12.780    
    SLICE_X31Y97         FDRE (Setup_fdre_C_D)        0.031    12.811    design_1_i/ps7_0_axi_periph/s00_couplers/auto_pc/inst/gen_axilite.gen_b2s_conv.axilite_b2s/WR.aw_channel_0/cmd_translator_0/incr_cmd_0/axaddr_incr_reg[11]
  -------------------------------------------------------------------
                         required time                         12.811    
                         arrival time                          -9.116    
  -------------------------------------------------------------------
                         slack                                  3.695    

Slack (MET) :             3.815ns  (required time - arrival time)
  Source:                 design_1_i/axi_iic_0/U0/X_IIC/X_AXI_IPIF_SSP1/AXI_LITE_IPIF_I/I_SLAVE_ATTACHMENT/INCLUDE_DPHASE_TIMER.dpto_cnt_reg[2]/C
                            (rising edge-triggered cell FDRE clocked by clk_fpga_0  {rise@0.000ns fall@5.000ns period=10.000ns})
  Destination:            design_1_i/ps7_0_axi_periph/s00_couplers/auto_pc/inst/gen_axilite.gen_b2s_conv.axilite_b2s/WR.aw_channel_0/cmd_translator_0/incr_cmd_0/axaddr_incr_reg[4]/D
                            (rising edge-triggered cell FDRE clocked by clk_fpga_0  {rise@0.000ns fall@5.000ns period=10.000ns})
  Path Group:             clk_fpga_0
  Path Type:              Setup (Max at Slow Process Corner)
  Requirement:            10.000ns  (clk_fpga_0 rise@10.000ns - clk_fpga_0 rise@0.000ns)
  Data Path Delay:        6.047ns  (logic 1.970ns (32.575%)  route 4.077ns (67.425%))
  Logic Levels:           8  (CARRY4=2 LUT3=2 LUT4=3 LUT6=1)
  Clock Path Skew:        -0.012ns (DCD - SCD + CPR)
    Destination Clock Delay (DCD):    2.704ns = ( 12.704 - 10.000 ) 
    Source Clock Delay      (SCD):    2.945ns
    Clock Pessimism Removal (CPR):    0.229ns
  Clock Uncertainty:      0.154ns  ((TSJ^2 + TIJ^2)^1/2 + DJ) / 2 + PE
    Total System Jitter     (TSJ):    0.071ns
    Total Input Jitter      (TIJ):    0.300ns
    Discrete Jitter          (DJ):    0.000ns
    Phase Error              (PE):    0.000ns

    Location             Delay type                Incr(ns)  Path(ns)    Netlist Resource(s)
  -------------------------------------------------------------------    -------------------
                         (clock clk_fpga_0 rise edge)
                                                      0.000     0.000 r  
    PS7_X0Y0             PS7                          0.000     0.000 r  design_1_i/processing_system7_0/inst/PS7_i/FCLKCLK[0]
                         net (fo=1, routed)           1.193     1.193    design_1_i/processing_system7_0/inst/FCLK_CLK_unbuffered[0]
    BUFGCTRL_X0Y16       BUFG (Prop_bufg_I_O)         0.101     1.294 r  design_1_i/processing_system7_0/inst/buffer_fclk_clk_0.FCLK_CLK_0_BUFG/O
                         net (fo=896, routed)         1.651     2.945    design_1_i/axi_iic_0/U0/X_IIC/X_AXI_IPIF_SSP1/AXI_LITE_IPIF_I/I_SLAVE_ATTACHMENT/s_axi_aclk
    SLICE_X35Y92         FDRE                                         r  design_1_i/axi_iic_0/U0/X_IIC/X_AXI_IPIF_SSP1/AXI_LITE_IPIF_I/I_SLAVE_ATTACHMENT/INCLUDE_DPHASE_TIMER.dpto_cnt_reg[2]/C
  -------------------------------------------------------------------    -------------------
    SLICE_X35Y92         FDRE (Prop_fdre_C_Q)         0.456     3.401 f  design_1_i/axi_iic_0/U0/X_IIC/X_AXI_IPIF_SSP1/AXI_LITE_IPIF_I/I_SLAVE_ATTACHMENT/INCLUDE_DPHASE_TIMER.dpto_cnt_reg[2]/Q
                         net (fo=3, routed)           0.651     4.052    design_1_i/axi_iic_0/U0/X_IIC/X_AXI_IPIF_SSP1/AXI_LITE_IPIF_I/I_SLAVE_ATTACHMENT/I_DECODER/s_axi_awready_0[2]
    SLICE_X35Y92         LUT4 (Prop_lut4_I3_O)        0.124     4.176 f  design_1_i/axi_iic_0/U0/X_IIC/X_AXI_IPIF_SSP1/AXI_LITE_IPIF_I/I_SLAVE_ATTACHMENT/I_DECODER/s_axi_wready_INST_0_i_1/O
                         net (fo=2, routed)           0.363     4.539    design_1_i/axi_iic_0/U0/X_IIC/X_AXI_IPIF_SSP1/AXI_LITE_IPIF_I/I_SLAVE_ATTACHMENT/I_DECODER/s_axi_wready_INST_0_i_1_n_0
    SLICE_X34Y92         LUT4 (Prop_lut4_I0_O)        0.124     4.663 r  design_1_i/axi_iic_0/U0/X_IIC/X_AXI_IPIF_SSP1/AXI_LITE_IPIF_I/I_SLAVE_ATTACHMENT/I_DECODER/s_axi_wready_INST_0/O
                         net (fo=9, routed)           0.809     5.472    design_1_i/ps7_0_axi_periph/s00_couplers/auto_pc/inst/gen_axilite.gen_b2s_conv.axilite_b2s/WR.aw_channel_0/aw_cmd_fsm_0/m_axi_awready
    SLICE_X30Y99         LUT6 (Prop_lut6_I0_O)        0.124     5.596 r  design_1_i/ps7_0_axi_periph/s00_couplers/auto_pc/inst/gen_axilite.gen_b2s_conv.axilite_b2s/WR.aw_channel_0/aw_cmd_fsm_0/memory_reg[3][0]_srl4_i_1/O
                         net (fo=30, routed)          0.512     6.108    design_1_i/ps7_0_axi_periph/s00_couplers/auto_pc/inst/gen_axilite.gen_b2s_conv.axilite_b2s/WR.aw_channel_0/aw_cmd_fsm_0/m_axi_awready_0
    SLICE_X30Y100        LUT3 (Prop_lut3_I2_O)        0.124     6.232 r  design_1_i/ps7_0_axi_periph/s00_couplers/auto_pc/inst/gen_axilite.gen_b2s_conv.axilite_b2s/WR.aw_channel_0/aw_cmd_fsm_0/next_pending_r_i_3/O
                         net (fo=23, routed)          1.064     7.296    design_1_i/ps7_0_axi_periph/s00_couplers/auto_pc/inst/gen_axilite.gen_b2s_conv.axilite_b2s/WR.aw_channel_0/cmd_translator_0/incr_cmd_0/next
    SLICE_X30Y94         LUT4 (Prop_lut4_I3_O)        0.124     7.420 r  design_1_i/ps7_0_axi_periph/s00_couplers/auto_pc/inst/gen_axilite.gen_b2s_conv.axilite_b2s/WR.aw_channel_0/cmd_translator_0/incr_cmd_0/axaddr_incr[3]_i_8/O
                         net (fo=1, routed)           0.000     7.420    design_1_i/ps7_0_axi_periph/s00_couplers/auto_pc/inst/gen_axilite.gen_b2s_conv.axilite_b2s/SI_REG/aw.aw_pipe/axaddr_incr_reg[3][2]
    SLICE_X30Y94         CARRY4 (Prop_carry4_S[2]_CO[3])
                                                      0.380     7.800 r  design_1_i/ps7_0_axi_periph/s00_couplers/auto_pc/inst/gen_axilite.gen_b2s_conv.axilite_b2s/SI_REG/aw.aw_pipe/axaddr_incr_reg[3]_i_2/CO[3]
                         net (fo=1, routed)           0.000     7.800    design_1_i/ps7_0_axi_periph/s00_couplers/auto_pc/inst/gen_axilite.gen_b2s_conv.axilite_b2s/SI_REG/aw.aw_pipe/axaddr_incr_reg[3]_i_2_n_0
    SLICE_X30Y95         CARRY4 (Prop_carry4_CI_O[0])
                                                      0.219     8.019 r  design_1_i/ps7_0_axi_periph/s00_couplers/auto_pc/inst/gen_axilite.gen_b2s_conv.axilite_b2s/SI_REG/aw.aw_pipe/axaddr_incr_reg[7]_i_2/O[0]
                         net (fo=1, routed)           0.678     8.697    design_1_i/ps7_0_axi_periph/s00_couplers/auto_pc/inst/gen_axilite.gen_b2s_conv.axilite_b2s/WR.aw_channel_0/cmd_translator_0/incr_cmd_0/axaddr_incr[4]
    SLICE_X29Y95         LUT3 (Prop_lut3_I0_O)        0.295     8.992 r  design_1_i/ps7_0_axi_periph/s00_couplers/auto_pc/inst/gen_axilite.gen_b2s_conv.axilite_b2s/WR.aw_channel_0/cmd_translator_0/incr_cmd_0/axaddr_incr[4]_i_1/O
                         net (fo=1, routed)           0.000     8.992    design_1_i/ps7_0_axi_periph/s00_couplers/auto_pc/inst/gen_axilite.gen_b2s_conv.axilite_b2s/WR.aw_channel_0/cmd_translator_0/incr_cmd_0/p_1_in[4]
    SLICE_X29Y95         FDRE                                         r  design_1_i/ps7_0_axi_periph/s00_couplers/auto_pc/inst/gen_axilite.gen_b2s_conv.axilite_b2s/WR.aw_channel_0/cmd_translator_0/incr_cmd_0/axaddr_incr_reg[4]/D
  -------------------------------------------------------------------    -------------------

                         (clock clk_fpga_0 rise edge)
                                                     10.000    10.000 r  
    PS7_X0Y0             PS7                          0.000    10.000 r  design_1_i/processing_system7_0/inst/PS7_i/FCLKCLK[0]
                         net (fo=1, routed)           1.088    11.088    design_1_i/processing_system7_0/inst/FCLK_CLK_unbuffered[0]
    BUFGCTRL_X0Y16       BUFG (Prop_bufg_I_O)         0.091    11.179 r  design_1_i/processing_system7_0/inst/buffer_fclk_clk_0.FCLK_CLK_0_BUFG/O
                         net (fo=896, routed)         1.525    12.704    design_1_i/ps7_0_axi_periph/s00_couplers/auto_pc/inst/gen_axilite.gen_b2s_conv.axilite_b2s/WR.aw_channel_0/cmd_translator_0/incr_cmd_0/aclk
    SLICE_X29Y95         FDRE                                         r  design_1_i/ps7_0_axi_periph/s00_couplers/auto_pc/inst/gen_axilite.gen_b2s_conv.axilite_b2s/WR.aw_channel_0/cmd_translator_0/incr_cmd_0/axaddr_incr_reg[4]/C
                         clock pessimism              0.229    12.933    
                         clock uncertainty           -0.154    12.779    
    SLICE_X29Y95         FDRE (Setup_fdre_C_D)        0.029    12.808    design_1_i/ps7_0_axi_periph/s00_couplers/auto_pc/inst/gen_axilite.gen_b2s_conv.axilite_b2s/WR.aw_channel_0/cmd_translator_0/incr_cmd_0/axaddr_incr_reg[4]
  -------------------------------------------------------------------
                         required time                         12.808    
                         arrival time                          -8.992    
  -------------------------------------------------------------------
                         slack                                  3.815    

Slack (MET) :             3.820ns  (required time - arrival time)
  Source:                 design_1_i/ps7_0_axi_periph/s00_couplers/auto_pc/inst/gen_axilite.gen_b2s_conv.axilite_b2s/SI_REG/ar.ar_pipe/m_valid_i_reg/C
                            (rising edge-triggered cell FDRE clocked by clk_fpga_0  {rise@0.000ns fall@5.000ns period=10.000ns})
  Destination:            design_1_i/ps7_0_axi_periph/s00_couplers/auto_pc/inst/gen_axilite.gen_b2s_conv.axilite_b2s/RD.ar_channel_0/cmd_translator_0/incr_cmd_0/axlen_cnt_reg[4]/R
                            (rising edge-triggered cell FDRE clocked by clk_fpga_0  {rise@0.000ns fall@5.000ns period=10.000ns})
  Path Group:             clk_fpga_0
  Path Type:              Setup (Max at Slow Process Corner)
  Requirement:            10.000ns  (clk_fpga_0 rise@10.000ns - clk_fpga_0 rise@0.000ns)
  Data Path Delay:        5.263ns  (logic 1.082ns (20.560%)  route 4.181ns (79.440%))
  Logic Levels:           3  (LUT3=1 LUT5=2)
  Clock Path Skew:        -0.035ns (DCD - SCD + CPR)
    Destination Clock Delay (DCD):    2.694ns = ( 12.694 - 10.000 ) 
    Source Clock Delay      (SCD):    2.993ns
    Clock Pessimism Removal (CPR):    0.264ns
  Clock Uncertainty:      0.154ns  ((TSJ^2 + TIJ^2)^1/2 + DJ) / 2 + PE
    Total System Jitter     (TSJ):    0.071ns
    Total Input Jitter      (TIJ):    0.300ns
    Discrete Jitter          (DJ):    0.000ns
    Phase Error              (PE):    0.000ns

    Location             Delay type                Incr(ns)  Path(ns)    Netlist Resource(s)
  -------------------------------------------------------------------    -------------------
                         (clock clk_fpga_0 rise edge)
                                                      0.000     0.000 r  
    PS7_X0Y0             PS7                          0.000     0.000 r  design_1_i/processing_system7_0/inst/PS7_i/FCLKCLK[0]
                         net (fo=1, routed)           1.193     1.193    design_1_i/processing_system7_0/inst/FCLK_CLK_unbuffered[0]
    BUFGCTRL_X0Y16       BUFG (Prop_bufg_I_O)         0.101     1.294 r  design_1_i/processing_system7_0/inst/buffer_fclk_clk_0.FCLK_CLK_0_BUFG/O
                         net (fo=896, routed)         1.699     2.993    design_1_i/ps7_0_axi_periph/s00_couplers/auto_pc/inst/gen_axilite.gen_b2s_conv.axilite_b2s/SI_REG/ar.ar_pipe/aclk
    SLICE_X28Y96         FDRE                                         r  design_1_i/ps7_0_axi_periph/s00_couplers/auto_pc/inst/gen_axilite.gen_b2s_conv.axilite_b2s/SI_REG/ar.ar_pipe/m_valid_i_reg/C
  -------------------------------------------------------------------    -------------------
    SLICE_X28Y96         FDRE (Prop_fdre_C_Q)         0.456     3.449 r  design_1_i/ps7_0_axi_periph/s00_couplers/auto_pc/inst/gen_axilite.gen_b2s_conv.axilite_b2s/SI_REG/ar.ar_pipe/m_valid_i_reg/Q
                         net (fo=20, routed)          2.135     5.584    design_1_i/ps7_0_axi_periph/s00_couplers/auto_pc/inst/gen_axilite.gen_b2s_conv.axilite_b2s/RD.ar_channel_0/ar_cmd_fsm_0/si_rs_arvalid
    SLICE_X30Y84         LUT3 (Prop_lut3_I2_O)        0.150     5.734 f  design_1_i/ps7_0_axi_periph/s00_couplers/auto_pc/inst/gen_axilite.gen_b2s_conv.axilite_b2s/RD.ar_channel_0/ar_cmd_fsm_0/axlen_cnt[2]_i_2__0/O
                         net (fo=15, routed)          0.656     6.390    design_1_i/ps7_0_axi_periph/s00_couplers/auto_pc/inst/gen_axilite.gen_b2s_conv.axilite_b2s/RD.ar_channel_0/cmd_translator_0/incr_cmd_0/axlen_cnt_reg[2]_0
    SLICE_X31Y81         LUT5 (Prop_lut5_I0_O)        0.328     6.718 f  design_1_i/ps7_0_axi_periph/s00_couplers/auto_pc/inst/gen_axilite.gen_b2s_conv.axilite_b2s/RD.ar_channel_0/cmd_translator_0/incr_cmd_0/next_pending_r_i_2__0/O
                         net (fo=6, routed)           0.848     7.566    design_1_i/ps7_0_axi_periph/s00_couplers/auto_pc/inst/gen_axilite.gen_b2s_conv.axilite_b2s/RD.ar_channel_0/ar_cmd_fsm_0/axlen_cnt_reg[7]
    SLICE_X30Y83         LUT5 (Prop_lut5_I4_O)        0.148     7.714 r  design_1_i/ps7_0_axi_periph/s00_couplers/auto_pc/inst/gen_axilite.gen_b2s_conv.axilite_b2s/RD.ar_channel_0/ar_cmd_fsm_0/axlen_cnt[7]_i_1/O
                         net (fo=4, routed)           0.542     8.256    design_1_i/ps7_0_axi_periph/s00_couplers/auto_pc/inst/gen_axilite.gen_b2s_conv.axilite_b2s/RD.ar_channel_0/cmd_translator_0/incr_cmd_0/axlen_cnt_reg[7]_1
    SLICE_X30Y81         FDRE                                         r  design_1_i/ps7_0_axi_periph/s00_couplers/auto_pc/inst/gen_axilite.gen_b2s_conv.axilite_b2s/RD.ar_channel_0/cmd_translator_0/incr_cmd_0/axlen_cnt_reg[4]/R
  -------------------------------------------------------------------    -------------------

                         (clock clk_fpga_0 rise edge)
                                                     10.000    10.000 r  
    PS7_X0Y0             PS7                          0.000    10.000 r  design_1_i/processing_system7_0/inst/PS7_i/FCLKCLK[0]
                         net (fo=1, routed)           1.088    11.088    design_1_i/processing_system7_0/inst/FCLK_CLK_unbuffered[0]
    BUFGCTRL_X0Y16       BUFG (Prop_bufg_I_O)         0.091    11.179 r  design_1_i/processing_system7_0/inst/buffer_fclk_clk_0.FCLK_CLK_0_BUFG/O
                         net (fo=896, routed)         1.515    12.694    design_1_i/ps7_0_axi_periph/s00_couplers/auto_pc/inst/gen_axilite.gen_b2s_conv.axilite_b2s/RD.ar_channel_0/cmd_translator_0/incr_cmd_0/aclk
    SLICE_X30Y81         FDRE                                         r  design_1_i/ps7_0_axi_periph/s00_couplers/auto_pc/inst/gen_axilite.gen_b2s_conv.axilite_b2s/RD.ar_channel_0/cmd_translator_0/incr_cmd_0/axlen_cnt_reg[4]/C
                         clock pessimism              0.264    12.958    
                         clock uncertainty           -0.154    12.804    
    SLICE_X30Y81         FDRE (Setup_fdre_C_R)       -0.728    12.076    design_1_i/ps7_0_axi_periph/s00_couplers/auto_pc/inst/gen_axilite.gen_b2s_conv.axilite_b2s/RD.ar_channel_0/cmd_translator_0/incr_cmd_0/axlen_cnt_reg[4]
  -------------------------------------------------------------------
                         required time                         12.076    
                         arrival time                          -8.256    
  -------------------------------------------------------------------
                         slack                                  3.820    

Slack (MET) :             3.820ns  (required time - arrival time)
  Source:                 design_1_i/ps7_0_axi_periph/s00_couplers/auto_pc/inst/gen_axilite.gen_b2s_conv.axilite_b2s/SI_REG/ar.ar_pipe/m_valid_i_reg/C
                            (rising edge-triggered cell FDRE clocked by clk_fpga_0  {rise@0.000ns fall@5.000ns period=10.000ns})
  Destination:            design_1_i/ps7_0_axi_periph/s00_couplers/auto_pc/inst/gen_axilite.gen_b2s_conv.axilite_b2s/RD.ar_channel_0/cmd_translator_0/incr_cmd_0/axlen_cnt_reg[5]/R
                            (rising edge-triggered cell FDRE clocked by clk_fpga_0  {rise@0.000ns fall@5.000ns period=10.000ns})
  Path Group:             clk_fpga_0
  Path Type:              Setup (Max at Slow Process Corner)
  Requirement:            10.000ns  (clk_fpga_0 rise@10.000ns - clk_fpga_0 rise@0.000ns)
  Data Path Delay:        5.263ns  (logic 1.082ns (20.560%)  route 4.181ns (79.440%))
  Logic Levels:           3  (LUT3=1 LUT5=2)
  Clock Path Skew:        -0.035ns (DCD - SCD + CPR)
    Destination Clock Delay (DCD):    2.694ns = ( 12.694 - 10.000 ) 
    Source Clock Delay      (SCD):    2.993ns
    Clock Pessimism Removal (CPR):    0.264ns
  Clock Uncertainty:      0.154ns  ((TSJ^2 + TIJ^2)^1/2 + DJ) / 2 + PE
    Total System Jitter     (TSJ):    0.071ns
    Total Input Jitter      (TIJ):    0.300ns
    Discrete Jitter          (DJ):    0.000ns
    Phase Error              (PE):    0.000ns

    Location             Delay type                Incr(ns)  Path(ns)    Netlist Resource(s)
  -------------------------------------------------------------------    -------------------
                         (clock clk_fpga_0 rise edge)
                                                      0.000     0.000 r  
    PS7_X0Y0             PS7                          0.000     0.000 r  design_1_i/processing_system7_0/inst/PS7_i/FCLKCLK[0]
                         net (fo=1, routed)           1.193     1.193    design_1_i/processing_system7_0/inst/FCLK_CLK_unbuffered[0]
    BUFGCTRL_X0Y16       BUFG (Prop_bufg_I_O)         0.101     1.294 r  design_1_i/processing_system7_0/inst/buffer_fclk_clk_0.FCLK_CLK_0_BUFG/O
                         net (fo=896, routed)         1.699     2.993    design_1_i/ps7_0_axi_periph/s00_couplers/auto_pc/inst/gen_axilite.gen_b2s_conv.axilite_b2s/SI_REG/ar.ar_pipe/aclk
    SLICE_X28Y96         FDRE                                         r  design_1_i/ps7_0_axi_periph/s00_couplers/auto_pc/inst/gen_axilite.gen_b2s_conv.axilite_b2s/SI_REG/ar.ar_pipe/m_valid_i_reg/C
  -------------------------------------------------------------------    -------------------
    SLICE_X28Y96         FDRE (Prop_fdre_C_Q)         0.456     3.449 r  design_1_i/ps7_0_axi_periph/s00_couplers/auto_pc/inst/gen_axilite.gen_b2s_conv.axilite_b2s/SI_REG/ar.ar_pipe/m_valid_i_reg/Q
                         net (fo=20, routed)          2.135     5.584    design_1_i/ps7_0_axi_periph/s00_couplers/auto_pc/inst/gen_axilite.gen_b2s_conv.axilite_b2s/RD.ar_channel_0/ar_cmd_fsm_0/si_rs_arvalid
    SLICE_X30Y84         LUT3 (Prop_lut3_I2_O)        0.150     5.734 f  design_1_i/ps7_0_axi_periph/s00_couplers/auto_pc/inst/gen_axilite.gen_b2s_conv.axilite_b2s/RD.ar_channel_0/ar_cmd_fsm_0/axlen_cnt[2]_i_2__0/O
                         net (fo=15, routed)          0.656     6.390    design_1_i/ps7_0_axi_periph/s00_couplers/auto_pc/inst/gen_axilite.gen_b2s_conv.axilite_b2s/RD.ar_channel_0/cmd_translator_0/incr_cmd_0/axlen_cnt_reg[2]_0
    SLICE_X31Y81         LUT5 (Prop_lut5_I0_O)        0.328     6.718 f  design_1_i/ps7_0_axi_periph/s00_couplers/auto_pc/inst/gen_axilite.gen_b2s_conv.axilite_b2s/RD.ar_channel_0/cmd_translator_0/incr_cmd_0/next_pending_r_i_2__0/O
                         net (fo=6, routed)           0.848     7.566    design_1_i/ps7_0_axi_periph/s00_couplers/auto_pc/inst/gen_axilite.gen_b2s_conv.axilite_b2s/RD.ar_channel_0/ar_cmd_fsm_0/axlen_cnt_reg[7]
    SLICE_X30Y83         LUT5 (Prop_lut5_I4_O)        0.148     7.714 r  design_1_i/ps7_0_axi_periph/s00_couplers/auto_pc/inst/gen_axilite.gen_b2s_conv.axilite_b2s/RD.ar_channel_0/ar_cmd_fsm_0/axlen_cnt[7]_i_1/O
                         net (fo=4, routed)           0.542     8.256    design_1_i/ps7_0_axi_periph/s00_couplers/auto_pc/inst/gen_axilite.gen_b2s_conv.axilite_b2s/RD.ar_channel_0/cmd_translator_0/incr_cmd_0/axlen_cnt_reg[7]_1
    SLICE_X30Y81         FDRE                                         r  design_1_i/ps7_0_axi_periph/s00_couplers/auto_pc/inst/gen_axilite.gen_b2s_conv.axilite_b2s/RD.ar_channel_0/cmd_translator_0/incr_cmd_0/axlen_cnt_reg[5]/R
  -------------------------------------------------------------------    -------------------

                         (clock clk_fpga_0 rise edge)
                                                     10.000    10.000 r  
    PS7_X0Y0             PS7                          0.000    10.000 r  design_1_i/processing_system7_0/inst/PS7_i/FCLKCLK[0]
                         net (fo=1, routed)           1.088    11.088    design_1_i/processing_system7_0/inst/FCLK_CLK_unbuffered[0]
    BUFGCTRL_X0Y16       BUFG (Prop_bufg_I_O)         0.091    11.179 r  design_1_i/processing_system7_0/inst/buffer_fclk_clk_0.FCLK_CLK_0_BUFG/O
                         net (fo=896, routed)         1.515    12.694    design_1_i/ps7_0_axi_periph/s00_couplers/auto_pc/inst/gen_axilite.gen_b2s_conv.axilite_b2s/RD.ar_channel_0/cmd_translator_0/incr_cmd_0/aclk
    SLICE_X30Y81         FDRE                                         r  design_1_i/ps7_0_axi_periph/s00_couplers/auto_pc/inst/gen_axilite.gen_b2s_conv.axilite_b2s/RD.ar_channel_0/cmd_translator_0/incr_cmd_0/axlen_cnt_reg[5]/C
                         clock pessimism              0.264    12.958    
                         clock uncertainty           -0.154    12.804    
    SLICE_X30Y81         FDRE (Setup_fdre_C_R)       -0.728    12.076    design_1_i/ps7_0_axi_periph/s00_couplers/auto_pc/inst/gen_axilite.gen_b2s_conv.axilite_b2s/RD.ar_channel_0/cmd_translator_0/incr_cmd_0/axlen_cnt_reg[5]
  -------------------------------------------------------------------
                         required time                         12.076    
                         arrival time                          -8.256    
  -------------------------------------------------------------------
                         slack                                  3.820    

Slack (MET) :             3.821ns  (required time - arrival time)
  Source:                 design_1_i/axi_iic_0/U0/X_IIC/X_AXI_IPIF_SSP1/AXI_LITE_IPIF_I/I_SLAVE_ATTACHMENT/INCLUDE_DPHASE_TIMER.dpto_cnt_reg[2]/C
                            (rising edge-triggered cell FDRE clocked by clk_fpga_0  {rise@0.000ns fall@5.000ns period=10.000ns})
  Destination:            design_1_i/ps7_0_axi_periph/s00_couplers/auto_pc/inst/gen_axilite.gen_b2s_conv.axilite_b2s/WR.aw_channel_0/cmd_translator_0/incr_cmd_0/axaddr_incr_reg[8]/D
                            (rising edge-triggered cell FDRE clocked by clk_fpga_0  {rise@0.000ns fall@5.000ns period=10.000ns})
  Path Group:             clk_fpga_0
  Path Type:              Setup (Max at Slow Process Corner)
  Requirement:            10.000ns  (clk_fpga_0 rise@10.000ns - clk_fpga_0 rise@0.000ns)
  Data Path Delay:        6.089ns  (logic 2.113ns (34.703%)  route 3.976ns (65.297%))
  Logic Levels:           9  (CARRY4=3 LUT3=2 LUT4=3 LUT6=1)
  Clock Path Skew:        -0.011ns (DCD - SCD + CPR)
    Destination Clock Delay (DCD):    2.705ns = ( 12.705 - 10.000 ) 
    Source Clock Delay      (SCD):    2.945ns
    Clock Pessimism Removal (CPR):    0.229ns
  Clock Uncertainty:      0.154ns  ((TSJ^2 + TIJ^2)^1/2 + DJ) / 2 + PE
    Total System Jitter     (TSJ):    0.071ns
    Total Input Jitter      (TIJ):    0.300ns
    Discrete Jitter          (DJ):    0.000ns
    Phase Error              (PE):    0.000ns

    Location             Delay type                Incr(ns)  Path(ns)    Netlist Resource(s)
  -------------------------------------------------------------------    -------------------
                         (clock clk_fpga_0 rise edge)
                                                      0.000     0.000 r  
    PS7_X0Y0             PS7                          0.000     0.000 r  design_1_i/processing_system7_0/inst/PS7_i/FCLKCLK[0]
                         net (fo=1, routed)           1.193     1.193    design_1_i/processing_system7_0/inst/FCLK_CLK_unbuffered[0]
    BUFGCTRL_X0Y16       BUFG (Prop_bufg_I_O)         0.101     1.294 r  design_1_i/processing_system7_0/inst/buffer_fclk_clk_0.FCLK_CLK_0_BUFG/O
                         net (fo=896, routed)         1.651     2.945    design_1_i/axi_iic_0/U0/X_IIC/X_AXI_IPIF_SSP1/AXI_LITE_IPIF_I/I_SLAVE_ATTACHMENT/s_axi_aclk
    SLICE_X35Y92         FDRE                                         r  design_1_i/axi_iic_0/U0/X_IIC/X_AXI_IPIF_SSP1/AXI_LITE_IPIF_I/I_SLAVE_ATTACHMENT/INCLUDE_DPHASE_TIMER.dpto_cnt_reg[2]/C
  -------------------------------------------------------------------    -------------------
    SLICE_X35Y92         FDRE (Prop_fdre_C_Q)         0.456     3.401 f  design_1_i/axi_iic_0/U0/X_IIC/X_AXI_IPIF_SSP1/AXI_LITE_IPIF_I/I_SLAVE_ATTACHMENT/INCLUDE_DPHASE_TIMER.dpto_cnt_reg[2]/Q
                         net (fo=3, routed)           0.651     4.052    design_1_i/axi_iic_0/U0/X_IIC/X_AXI_IPIF_SSP1/AXI_LITE_IPIF_I/I_SLAVE_ATTACHMENT/I_DECODER/s_axi_awready_0[2]
    SLICE_X35Y92         LUT4 (Prop_lut4_I3_O)        0.124     4.176 f  design_1_i/axi_iic_0/U0/X_IIC/X_AXI_IPIF_SSP1/AXI_LITE_IPIF_I/I_SLAVE_ATTACHMENT/I_DECODER/s_axi_wready_INST_0_i_1/O
                         net (fo=2, routed)           0.363     4.539    design_1_i/axi_iic_0/U0/X_IIC/X_AXI_IPIF_SSP1/AXI_LITE_IPIF_I/I_SLAVE_ATTACHMENT/I_DECODER/s_axi_wready_INST_0_i_1_n_0
    SLICE_X34Y92         LUT4 (Prop_lut4_I0_O)        0.124     4.663 r  design_1_i/axi_iic_0/U0/X_IIC/X_AXI_IPIF_SSP1/AXI_LITE_IPIF_I/I_SLAVE_ATTACHMENT/I_DECODER/s_axi_wready_INST_0/O
                         net (fo=9, routed)           0.809     5.472    design_1_i/ps7_0_axi_periph/s00_couplers/auto_pc/inst/gen_axilite.gen_b2s_conv.axilite_b2s/WR.aw_channel_0/aw_cmd_fsm_0/m_axi_awready
    SLICE_X30Y99         LUT6 (Prop_lut6_I0_O)        0.124     5.596 r  design_1_i/ps7_0_axi_periph/s00_couplers/auto_pc/inst/gen_axilite.gen_b2s_conv.axilite_b2s/WR.aw_channel_0/aw_cmd_fsm_0/memory_reg[3][0]_srl4_i_1/O
                         net (fo=30, routed)          0.512     6.108    design_1_i/ps7_0_axi_periph/s00_couplers/auto_pc/inst/gen_axilite.gen_b2s_conv.axilite_b2s/WR.aw_channel_0/aw_cmd_fsm_0/m_axi_awready_0
    SLICE_X30Y100        LUT3 (Prop_lut3_I2_O)        0.124     6.232 r  design_1_i/ps7_0_axi_periph/s00_couplers/auto_pc/inst/gen_axilite.gen_b2s_conv.axilite_b2s/WR.aw_channel_0/aw_cmd_fsm_0/next_pending_r_i_3/O
                         net (fo=23, routed)          1.064     7.296    design_1_i/ps7_0_axi_periph/s00_couplers/auto_pc/inst/gen_axilite.gen_b2s_conv.axilite_b2s/WR.aw_channel_0/cmd_translator_0/incr_cmd_0/next
    SLICE_X30Y94         LUT4 (Prop_lut4_I3_O)        0.124     7.420 r  design_1_i/ps7_0_axi_periph/s00_couplers/auto_pc/inst/gen_axilite.gen_b2s_conv.axilite_b2s/WR.aw_channel_0/cmd_translator_0/incr_cmd_0/axaddr_incr[3]_i_8/O
                         net (fo=1, routed)           0.000     7.420    design_1_i/ps7_0_axi_periph/s00_couplers/auto_pc/inst/gen_axilite.gen_b2s_conv.axilite_b2s/SI_REG/aw.aw_pipe/axaddr_incr_reg[3][2]
    SLICE_X30Y94         CARRY4 (Prop_carry4_S[2]_CO[3])
                                                      0.380     7.800 r  design_1_i/ps7_0_axi_periph/s00_couplers/auto_pc/inst/gen_axilite.gen_b2s_conv.axilite_b2s/SI_REG/aw.aw_pipe/axaddr_incr_reg[3]_i_2/CO[3]
                         net (fo=1, routed)           0.000     7.800    design_1_i/ps7_0_axi_periph/s00_couplers/auto_pc/inst/gen_axilite.gen_b2s_conv.axilite_b2s/SI_REG/aw.aw_pipe/axaddr_incr_reg[3]_i_2_n_0
    SLICE_X30Y95         CARRY4 (Prop_carry4_CI_CO[3])
                                                      0.117     7.917 r  design_1_i/ps7_0_axi_periph/s00_couplers/auto_pc/inst/gen_axilite.gen_b2s_conv.axilite_b2s/SI_REG/aw.aw_pipe/axaddr_incr_reg[7]_i_2/CO[3]
                         net (fo=1, routed)           0.000     7.917    design_1_i/ps7_0_axi_periph/s00_couplers/auto_pc/inst/gen_axilite.gen_b2s_conv.axilite_b2s/SI_REG/aw.aw_pipe/axaddr_incr_reg[7]_i_2_n_0
    SLICE_X30Y96         CARRY4 (Prop_carry4_CI_O[0])
                                                      0.219     8.136 r  design_1_i/ps7_0_axi_periph/s00_couplers/auto_pc/inst/gen_axilite.gen_b2s_conv.axilite_b2s/SI_REG/aw.aw_pipe/axaddr_incr_reg[11]_i_3/O[0]
                         net (fo=1, routed)           0.577     8.713    design_1_i/ps7_0_axi_periph/s00_couplers/auto_pc/inst/gen_axilite.gen_b2s_conv.axilite_b2s/WR.aw_channel_0/cmd_translator_0/incr_cmd_0/axaddr_incr[8]
    SLICE_X31Y97         LUT3 (Prop_lut3_I0_O)        0.321     9.034 r  design_1_i/ps7_0_axi_periph/s00_couplers/auto_pc/inst/gen_axilite.gen_b2s_conv.axilite_b2s/WR.aw_channel_0/cmd_translator_0/incr_cmd_0/axaddr_incr[8]_i_1/O
                         net (fo=1, routed)           0.000     9.034    design_1_i/ps7_0_axi_periph/s00_couplers/auto_pc/inst/gen_axilite.gen_b2s_conv.axilite_b2s/WR.aw_channel_0/cmd_translator_0/incr_cmd_0/p_1_in[8]
    SLICE_X31Y97         FDRE                                         r  design_1_i/ps7_0_axi_periph/s00_couplers/auto_pc/inst/gen_axilite.gen_b2s_conv.axilite_b2s/WR.aw_channel_0/cmd_translator_0/incr_cmd_0/axaddr_incr_reg[8]/D
  -------------------------------------------------------------------    -------------------

                         (clock clk_fpga_0 rise edge)
                                                     10.000    10.000 r  
    PS7_X0Y0             PS7                          0.000    10.000 r  design_1_i/processing_system7_0/inst/PS7_i/FCLKCLK[0]
                         net (fo=1, routed)           1.088    11.088    design_1_i/processing_system7_0/inst/FCLK_CLK_unbuffered[0]
    BUFGCTRL_X0Y16       BUFG (Prop_bufg_I_O)         0.091    11.179 r  design_1_i/processing_system7_0/inst/buffer_fclk_clk_0.FCLK_CLK_0_BUFG/O
                         net (fo=896, routed)         1.526    12.705    design_1_i/ps7_0_axi_periph/s00_couplers/auto_pc/inst/gen_axilite.gen_b2s_conv.axilite_b2s/WR.aw_channel_0/cmd_translator_0/incr_cmd_0/aclk
    SLICE_X31Y97         FDRE                                         r  design_1_i/ps7_0_axi_periph/s00_couplers/auto_pc/inst/gen_axilite.gen_b2s_conv.axilite_b2s/WR.aw_channel_0/cmd_translator_0/incr_cmd_0/axaddr_incr_reg[8]/C
                         clock pessimism              0.229    12.934    
                         clock uncertainty           -0.154    12.780    
    SLICE_X31Y97         FDRE (Setup_fdre_C_D)        0.075    12.855    design_1_i/ps7_0_axi_periph/s00_couplers/auto_pc/inst/gen_axilite.gen_b2s_conv.axilite_b2s/WR.aw_channel_0/cmd_translator_0/incr_cmd_0/axaddr_incr_reg[8]
  -------------------------------------------------------------------
                         required time                         12.855    
                         arrival time                          -9.034    
  -------------------------------------------------------------------
                         slack                                  3.821    

Slack (MET) :             3.836ns  (required time - arrival time)
  Source:                 design_1_i/axi_iic_0/U0/X_IIC/X_AXI_IPIF_SSP1/AXI_LITE_IPIF_I/I_SLAVE_ATTACHMENT/INCLUDE_DPHASE_TIMER.dpto_cnt_reg[2]/C
                            (rising edge-triggered cell FDRE clocked by clk_fpga_0  {rise@0.000ns fall@5.000ns period=10.000ns})
  Destination:            design_1_i/ps7_0_axi_periph/s00_couplers/auto_pc/inst/gen_axilite.gen_b2s_conv.axilite_b2s/WR.aw_channel_0/cmd_translator_0/incr_cmd_0/axaddr_incr_reg[5]/D
                            (rising edge-triggered cell FDRE clocked by clk_fpga_0  {rise@0.000ns fall@5.000ns period=10.000ns})
  Path Group:             clk_fpga_0
  Path Type:              Setup (Max at Slow Process Corner)
  Requirement:            10.000ns  (clk_fpga_0 rise@10.000ns - clk_fpga_0 rise@0.000ns)
  Data Path Delay:        6.029ns  (logic 2.085ns (34.582%)  route 3.944ns (65.418%))
  Logic Levels:           8  (CARRY4=2 LUT3=2 LUT4=3 LUT6=1)
  Clock Path Skew:        -0.012ns (DCD - SCD + CPR)
    Destination Clock Delay (DCD):    2.704ns = ( 12.704 - 10.000 ) 
    Source Clock Delay      (SCD):    2.945ns
    Clock Pessimism Removal (CPR):    0.229ns
  Clock Uncertainty:      0.154ns  ((TSJ^2 + TIJ^2)^1/2 + DJ) / 2 + PE
    Total System Jitter     (TSJ):    0.071ns
    Total Input Jitter      (TIJ):    0.300ns
    Discrete Jitter          (DJ):    0.000ns
    Phase Error              (PE):    0.000ns

    Location             Delay type                Incr(ns)  Path(ns)    Netlist Resource(s)
  -------------------------------------------------------------------    -------------------
                         (clock clk_fpga_0 rise edge)
                                                      0.000     0.000 r  
    PS7_X0Y0             PS7                          0.000     0.000 r  design_1_i/processing_system7_0/inst/PS7_i/FCLKCLK[0]
                         net (fo=1, routed)           1.193     1.193    design_1_i/processing_system7_0/inst/FCLK_CLK_unbuffered[0]
    BUFGCTRL_X0Y16       BUFG (Prop_bufg_I_O)         0.101     1.294 r  design_1_i/processing_system7_0/inst/buffer_fclk_clk_0.FCLK_CLK_0_BUFG/O
                         net (fo=896, routed)         1.651     2.945    design_1_i/axi_iic_0/U0/X_IIC/X_AXI_IPIF_SSP1/AXI_LITE_IPIF_I/I_SLAVE_ATTACHMENT/s_axi_aclk
    SLICE_X35Y92         FDRE                                         r  design_1_i/axi_iic_0/U0/X_IIC/X_AXI_IPIF_SSP1/AXI_LITE_IPIF_I/I_SLAVE_ATTACHMENT/INCLUDE_DPHASE_TIMER.dpto_cnt_reg[2]/C
  -------------------------------------------------------------------    -------------------
    SLICE_X35Y92         FDRE (Prop_fdre_C_Q)         0.456     3.401 f  design_1_i/axi_iic_0/U0/X_IIC/X_AXI_IPIF_SSP1/AXI_LITE_IPIF_I/I_SLAVE_ATTACHMENT/INCLUDE_DPHASE_TIMER.dpto_cnt_reg[2]/Q
                         net (fo=3, routed)           0.651     4.052    design_1_i/axi_iic_0/U0/X_IIC/X_AXI_IPIF_SSP1/AXI_LITE_IPIF_I/I_SLAVE_ATTACHMENT/I_DECODER/s_axi_awready_0[2]
    SLICE_X35Y92         LUT4 (Prop_lut4_I3_O)        0.124     4.176 f  design_1_i/axi_iic_0/U0/X_IIC/X_AXI_IPIF_SSP1/AXI_LITE_IPIF_I/I_SLAVE_ATTACHMENT/I_DECODER/s_axi_wready_INST_0_i_1/O
                         net (fo=2, routed)           0.363     4.539    design_1_i/axi_iic_0/U0/X_IIC/X_AXI_IPIF_SSP1/AXI_LITE_IPIF_I/I_SLAVE_ATTACHMENT/I_DECODER/s_axi_wready_INST_0_i_1_n_0
    SLICE_X34Y92         LUT4 (Prop_lut4_I0_O)        0.124     4.663 r  design_1_i/axi_iic_0/U0/X_IIC/X_AXI_IPIF_SSP1/AXI_LITE_IPIF_I/I_SLAVE_ATTACHMENT/I_DECODER/s_axi_wready_INST_0/O
                         net (fo=9, routed)           0.809     5.472    design_1_i/ps7_0_axi_periph/s00_couplers/auto_pc/inst/gen_axilite.gen_b2s_conv.axilite_b2s/WR.aw_channel_0/aw_cmd_fsm_0/m_axi_awready
    SLICE_X30Y99         LUT6 (Prop_lut6_I0_O)        0.124     5.596 r  design_1_i/ps7_0_axi_periph/s00_couplers/auto_pc/inst/gen_axilite.gen_b2s_conv.axilite_b2s/WR.aw_channel_0/aw_cmd_fsm_0/memory_reg[3][0]_srl4_i_1/O
                         net (fo=30, routed)          0.512     6.108    design_1_i/ps7_0_axi_periph/s00_couplers/auto_pc/inst/gen_axilite.gen_b2s_conv.axilite_b2s/WR.aw_channel_0/aw_cmd_fsm_0/m_axi_awready_0
    SLICE_X30Y100        LUT3 (Prop_lut3_I2_O)        0.124     6.232 r  design_1_i/ps7_0_axi_periph/s00_couplers/auto_pc/inst/gen_axilite.gen_b2s_conv.axilite_b2s/WR.aw_channel_0/aw_cmd_fsm_0/next_pending_r_i_3/O
                         net (fo=23, routed)          1.064     7.296    design_1_i/ps7_0_axi_periph/s00_couplers/auto_pc/inst/gen_axilite.gen_b2s_conv.axilite_b2s/WR.aw_channel_0/cmd_translator_0/incr_cmd_0/next
    SLICE_X30Y94         LUT4 (Prop_lut4_I3_O)        0.124     7.420 r  design_1_i/ps7_0_axi_periph/s00_couplers/auto_pc/inst/gen_axilite.gen_b2s_conv.axilite_b2s/WR.aw_channel_0/cmd_translator_0/incr_cmd_0/axaddr_incr[3]_i_8/O
                         net (fo=1, routed)           0.000     7.420    design_1_i/ps7_0_axi_periph/s00_couplers/auto_pc/inst/gen_axilite.gen_b2s_conv.axilite_b2s/SI_REG/aw.aw_pipe/axaddr_incr_reg[3][2]
    SLICE_X30Y94         CARRY4 (Prop_carry4_S[2]_CO[3])
                                                      0.380     7.800 r  design_1_i/ps7_0_axi_periph/s00_couplers/auto_pc/inst/gen_axilite.gen_b2s_conv.axilite_b2s/SI_REG/aw.aw_pipe/axaddr_incr_reg[3]_i_2/CO[3]
                         net (fo=1, routed)           0.000     7.800    design_1_i/ps7_0_axi_periph/s00_couplers/auto_pc/inst/gen_axilite.gen_b2s_conv.axilite_b2s/SI_REG/aw.aw_pipe/axaddr_incr_reg[3]_i_2_n_0
    SLICE_X30Y95         CARRY4 (Prop_carry4_CI_O[1])
                                                      0.323     8.123 r  design_1_i/ps7_0_axi_periph/s00_couplers/auto_pc/inst/gen_axilite.gen_b2s_conv.axilite_b2s/SI_REG/aw.aw_pipe/axaddr_incr_reg[7]_i_2/O[1]
                         net (fo=1, routed)           0.545     8.668    design_1_i/ps7_0_axi_periph/s00_couplers/auto_pc/inst/gen_axilite.gen_b2s_conv.axilite_b2s/WR.aw_channel_0/cmd_translator_0/incr_cmd_0/axaddr_incr[5]
    SLICE_X29Y95         LUT3 (Prop_lut3_I0_O)        0.306     8.974 r  design_1_i/ps7_0_axi_periph/s00_couplers/auto_pc/inst/gen_axilite.gen_b2s_conv.axilite_b2s/WR.aw_channel_0/cmd_translator_0/incr_cmd_0/axaddr_incr[5]_i_1/O
                         net (fo=1, routed)           0.000     8.974    design_1_i/ps7_0_axi_periph/s00_couplers/auto_pc/inst/gen_axilite.gen_b2s_conv.axilite_b2s/WR.aw_channel_0/cmd_translator_0/incr_cmd_0/p_1_in[5]
    SLICE_X29Y95         FDRE                                         r  design_1_i/ps7_0_axi_periph/s00_couplers/auto_pc/inst/gen_axilite.gen_b2s_conv.axilite_b2s/WR.aw_channel_0/cmd_translator_0/incr_cmd_0/axaddr_incr_reg[5]/D
  -------------------------------------------------------------------    -------------------

                         (clock clk_fpga_0 rise edge)
                                                     10.000    10.000 r  
    PS7_X0Y0             PS7                          0.000    10.000 r  design_1_i/processing_system7_0/inst/PS7_i/FCLKCLK[0]
                         net (fo=1, routed)           1.088    11.088    design_1_i/processing_system7_0/inst/FCLK_CLK_unbuffered[0]
    BUFGCTRL_X0Y16       BUFG (Prop_bufg_I_O)         0.091    11.179 r  design_1_i/processing_system7_0/inst/buffer_fclk_clk_0.FCLK_CLK_0_BUFG/O
                         net (fo=896, routed)         1.525    12.704    design_1_i/ps7_0_axi_periph/s00_couplers/auto_pc/inst/gen_axilite.gen_b2s_conv.axilite_b2s/WR.aw_channel_0/cmd_translator_0/incr_cmd_0/aclk
    SLICE_X29Y95         FDRE                                         r  design_1_i/ps7_0_axi_periph/s00_couplers/auto_pc/inst/gen_axilite.gen_b2s_conv.axilite_b2s/WR.aw_channel_0/cmd_translator_0/incr_cmd_0/axaddr_incr_reg[5]/C
                         clock pessimism              0.229    12.933    
                         clock uncertainty           -0.154    12.779    
    SLICE_X29Y95         FDRE (Setup_fdre_C_D)        0.031    12.810    design_1_i/ps7_0_axi_periph/s00_couplers/auto_pc/inst/gen_axilite.gen_b2s_conv.axilite_b2s/WR.aw_channel_0/cmd_translator_0/incr_cmd_0/axaddr_incr_reg[5]
  -------------------------------------------------------------------
                         required time                         12.810    
                         arrival time                          -8.974    
  -------------------------------------------------------------------
                         slack                                  3.836    

Slack (MET) :             3.915ns  (required time - arrival time)
  Source:                 design_1_i/ps7_0_axi_periph/s00_couplers/auto_pc/inst/gen_axilite.gen_b2s_conv.axilite_b2s/SI_REG/ar.ar_pipe/m_valid_i_reg/C
                            (rising edge-triggered cell FDRE clocked by clk_fpga_0  {rise@0.000ns fall@5.000ns period=10.000ns})
  Destination:            design_1_i/ps7_0_axi_periph/s00_couplers/auto_pc/inst/gen_axilite.gen_b2s_conv.axilite_b2s/RD.ar_channel_0/cmd_translator_0/incr_cmd_0/axlen_cnt_reg[6]/R
                            (rising edge-triggered cell FDRE clocked by clk_fpga_0  {rise@0.000ns fall@5.000ns period=10.000ns})
  Path Group:             clk_fpga_0
  Path Type:              Setup (Max at Slow Process Corner)
  Requirement:            10.000ns  (clk_fpga_0 rise@10.000ns - clk_fpga_0 rise@0.000ns)
  Data Path Delay:        5.263ns  (logic 1.082ns (20.560%)  route 4.181ns (79.440%))
  Logic Levels:           3  (LUT3=1 LUT5=2)
  Clock Path Skew:        -0.035ns (DCD - SCD + CPR)
    Destination Clock Delay (DCD):    2.694ns = ( 12.694 - 10.000 ) 
    Source Clock Delay      (SCD):    2.993ns
    Clock Pessimism Removal (CPR):    0.264ns
  Clock Uncertainty:      0.154ns  ((TSJ^2 + TIJ^2)^1/2 + DJ) / 2 + PE
    Total System Jitter     (TSJ):    0.071ns
    Total Input Jitter      (TIJ):    0.300ns
    Discrete Jitter          (DJ):    0.000ns
    Phase Error              (PE):    0.000ns

    Location             Delay type                Incr(ns)  Path(ns)    Netlist Resource(s)
  -------------------------------------------------------------------    -------------------
                         (clock clk_fpga_0 rise edge)
                                                      0.000     0.000 r  
    PS7_X0Y0             PS7                          0.000     0.000 r  design_1_i/processing_system7_0/inst/PS7_i/FCLKCLK[0]
                         net (fo=1, routed)           1.193     1.193    design_1_i/processing_system7_0/inst/FCLK_CLK_unbuffered[0]
    BUFGCTRL_X0Y16       BUFG (Prop_bufg_I_O)         0.101     1.294 r  design_1_i/processing_system7_0/inst/buffer_fclk_clk_0.FCLK_CLK_0_BUFG/O
                         net (fo=896, routed)         1.699     2.993    design_1_i/ps7_0_axi_periph/s00_couplers/auto_pc/inst/gen_axilite.gen_b2s_conv.axilite_b2s/SI_REG/ar.ar_pipe/aclk
    SLICE_X28Y96         FDRE                                         r  design_1_i/ps7_0_axi_periph/s00_couplers/auto_pc/inst/gen_axilite.gen_b2s_conv.axilite_b2s/SI_REG/ar.ar_pipe/m_valid_i_reg/C
  -------------------------------------------------------------------    -------------------
    SLICE_X28Y96         FDRE (Prop_fdre_C_Q)         0.456     3.449 r  design_1_i/ps7_0_axi_periph/s00_couplers/auto_pc/inst/gen_axilite.gen_b2s_conv.axilite_b2s/SI_REG/ar.ar_pipe/m_valid_i_reg/Q
                         net (fo=20, routed)          2.135     5.584    design_1_i/ps7_0_axi_periph/s00_couplers/auto_pc/inst/gen_axilite.gen_b2s_conv.axilite_b2s/RD.ar_channel_0/ar_cmd_fsm_0/si_rs_arvalid
    SLICE_X30Y84         LUT3 (Prop_lut3_I2_O)        0.150     5.734 f  design_1_i/ps7_0_axi_periph/s00_couplers/auto_pc/inst/gen_axilite.gen_b2s_conv.axilite_b2s/RD.ar_channel_0/ar_cmd_fsm_0/axlen_cnt[2]_i_2__0/O
                         net (fo=15, routed)          0.656     6.390    design_1_i/ps7_0_axi_periph/s00_couplers/auto_pc/inst/gen_axilite.gen_b2s_conv.axilite_b2s/RD.ar_channel_0/cmd_translator_0/incr_cmd_0/axlen_cnt_reg[2]_0
    SLICE_X31Y81         LUT5 (Prop_lut5_I0_O)        0.328     6.718 f  design_1_i/ps7_0_axi_periph/s00_couplers/auto_pc/inst/gen_axilite.gen_b2s_conv.axilite_b2s/RD.ar_channel_0/cmd_translator_0/incr_cmd_0/next_pending_r_i_2__0/O
                         net (fo=6, routed)           0.848     7.566    design_1_i/ps7_0_axi_periph/s00_couplers/auto_pc/inst/gen_axilite.gen_b2s_conv.axilite_b2s/RD.ar_channel_0/ar_cmd_fsm_0/axlen_cnt_reg[7]
    SLICE_X30Y83         LUT5 (Prop_lut5_I4_O)        0.148     7.714 r  design_1_i/ps7_0_axi_periph/s00_couplers/auto_pc/inst/gen_axilite.gen_b2s_conv.axilite_b2s/RD.ar_channel_0/ar_cmd_fsm_0/axlen_cnt[7]_i_1/O
                         net (fo=4, routed)           0.542     8.256    design_1_i/ps7_0_axi_periph/s00_couplers/auto_pc/inst/gen_axilite.gen_b2s_conv.axilite_b2s/RD.ar_channel_0/cmd_translator_0/incr_cmd_0/axlen_cnt_reg[7]_1
    SLICE_X31Y81         FDRE                                         r  design_1_i/ps7_0_axi_periph/s00_couplers/auto_pc/inst/gen_axilite.gen_b2s_conv.axilite_b2s/RD.ar_channel_0/cmd_translator_0/incr_cmd_0/axlen_cnt_reg[6]/R
  -------------------------------------------------------------------    -------------------

                         (clock clk_fpga_0 rise edge)
                                                     10.000    10.000 r  
    PS7_X0Y0             PS7                          0.000    10.000 r  design_1_i/processing_system7_0/inst/PS7_i/FCLKCLK[0]
                         net (fo=1, routed)           1.088    11.088    design_1_i/processing_system7_0/inst/FCLK_CLK_unbuffered[0]
    BUFGCTRL_X0Y16       BUFG (Prop_bufg_I_O)         0.091    11.179 r  design_1_i/processing_system7_0/inst/buffer_fclk_clk_0.FCLK_CLK_0_BUFG/O
                         net (fo=896, routed)         1.515    12.694    design_1_i/ps7_0_axi_periph/s00_couplers/auto_pc/inst/gen_axilite.gen_b2s_conv.axilite_b2s/RD.ar_channel_0/cmd_translator_0/incr_cmd_0/aclk
    SLICE_X31Y81         FDRE                                         r  design_1_i/ps7_0_axi_periph/s00_couplers/auto_pc/inst/gen_axilite.gen_b2s_conv.axilite_b2s/RD.ar_channel_0/cmd_translator_0/incr_cmd_0/axlen_cnt_reg[6]/C
                         clock pessimism              0.264    12.958    
                         clock uncertainty           -0.154    12.804    
    SLICE_X31Y81         FDRE (Setup_fdre_C_R)       -0.633    12.171    design_1_i/ps7_0_axi_periph/s00_couplers/auto_pc/inst/gen_axilite.gen_b2s_conv.axilite_b2s/RD.ar_channel_0/cmd_translator_0/incr_cmd_0/axlen_cnt_reg[6]
  -------------------------------------------------------------------
                         required time                         12.171    
                         arrival time                          -8.256    
  -------------------------------------------------------------------
                         slack                                  3.915    

Slack (MET) :             3.915ns  (required time - arrival time)
  Source:                 design_1_i/ps7_0_axi_periph/s00_couplers/auto_pc/inst/gen_axilite.gen_b2s_conv.axilite_b2s/SI_REG/ar.ar_pipe/m_valid_i_reg/C
                            (rising edge-triggered cell FDRE clocked by clk_fpga_0  {rise@0.000ns fall@5.000ns period=10.000ns})
  Destination:            design_1_i/ps7_0_axi_periph/s00_couplers/auto_pc/inst/gen_axilite.gen_b2s_conv.axilite_b2s/RD.ar_channel_0/cmd_translator_0/incr_cmd_0/axlen_cnt_reg[7]/R
                            (rising edge-triggered cell FDRE clocked by clk_fpga_0  {rise@0.000ns fall@5.000ns period=10.000ns})
  Path Group:             clk_fpga_0
  Path Type:              Setup (Max at Slow Process Corner)
  Requirement:            10.000ns  (clk_fpga_0 rise@10.000ns - clk_fpga_0 rise@0.000ns)
  Data Path Delay:        5.263ns  (logic 1.082ns (20.560%)  route 4.181ns (79.440%))
  Logic Levels:           3  (LUT3=1 LUT5=2)
  Clock Path Skew:        -0.035ns (DCD - SCD + CPR)
    Destination Clock Delay (DCD):    2.694ns = ( 12.694 - 10.000 ) 
    Source Clock Delay      (SCD):    2.993ns
    Clock Pessimism Removal (CPR):    0.264ns
  Clock Uncertainty:      0.154ns  ((TSJ^2 + TIJ^2)^1/2 + DJ) / 2 + PE
    Total System Jitter     (TSJ):    0.071ns
    Total Input Jitter      (TIJ):    0.300ns
    Discrete Jitter          (DJ):    0.000ns
    Phase Error              (PE):    0.000ns

    Location             Delay type                Incr(ns)  Path(ns)    Netlist Resource(s)
  -------------------------------------------------------------------    -------------------
                         (clock clk_fpga_0 rise edge)
                                                      0.000     0.000 r  
    PS7_X0Y0             PS7                          0.000     0.000 r  design_1_i/processing_system7_0/inst/PS7_i/FCLKCLK[0]
                         net (fo=1, routed)           1.193     1.193    design_1_i/processing_system7_0/inst/FCLK_CLK_unbuffered[0]
    BUFGCTRL_X0Y16       BUFG (Prop_bufg_I_O)         0.101     1.294 r  design_1_i/processing_system7_0/inst/buffer_fclk_clk_0.FCLK_CLK_0_BUFG/O
                         net (fo=896, routed)         1.699     2.993    design_1_i/ps7_0_axi_periph/s00_couplers/auto_pc/inst/gen_axilite.gen_b2s_conv.axilite_b2s/SI_REG/ar.ar_pipe/aclk
    SLICE_X28Y96         FDRE                                         r  design_1_i/ps7_0_axi_periph/s00_couplers/auto_pc/inst/gen_axilite.gen_b2s_conv.axilite_b2s/SI_REG/ar.ar_pipe/m_valid_i_reg/C
  -------------------------------------------------------------------    -------------------
    SLICE_X28Y96         FDRE (Prop_fdre_C_Q)         0.456     3.449 r  design_1_i/ps7_0_axi_periph/s00_couplers/auto_pc/inst/gen_axilite.gen_b2s_conv.axilite_b2s/SI_REG/ar.ar_pipe/m_valid_i_reg/Q
                         net (fo=20, routed)          2.135     5.584    design_1_i/ps7_0_axi_periph/s00_couplers/auto_pc/inst/gen_axilite.gen_b2s_conv.axilite_b2s/RD.ar_channel_0/ar_cmd_fsm_0/si_rs_arvalid
    SLICE_X30Y84         LUT3 (Prop_lut3_I2_O)        0.150     5.734 f  design_1_i/ps7_0_axi_periph/s00_couplers/auto_pc/inst/gen_axilite.gen_b2s_conv.axilite_b2s/RD.ar_channel_0/ar_cmd_fsm_0/axlen_cnt[2]_i_2__0/O
                         net (fo=15, routed)          0.656     6.390    design_1_i/ps7_0_axi_periph/s00_couplers/auto_pc/inst/gen_axilite.gen_b2s_conv.axilite_b2s/RD.ar_channel_0/cmd_translator_0/incr_cmd_0/axlen_cnt_reg[2]_0
    SLICE_X31Y81         LUT5 (Prop_lut5_I0_O)        0.328     6.718 f  design_1_i/ps7_0_axi_periph/s00_couplers/auto_pc/inst/gen_axilite.gen_b2s_conv.axilite_b2s/RD.ar_channel_0/cmd_translator_0/incr_cmd_0/next_pending_r_i_2__0/O
                         net (fo=6, routed)           0.848     7.566    design_1_i/ps7_0_axi_periph/s00_couplers/auto_pc/inst/gen_axilite.gen_b2s_conv.axilite_b2s/RD.ar_channel_0/ar_cmd_fsm_0/axlen_cnt_reg[7]
    SLICE_X30Y83         LUT5 (Prop_lut5_I4_O)        0.148     7.714 r  design_1_i/ps7_0_axi_periph/s00_couplers/auto_pc/inst/gen_axilite.gen_b2s_conv.axilite_b2s/RD.ar_channel_0/ar_cmd_fsm_0/axlen_cnt[7]_i_1/O
                         net (fo=4, routed)           0.542     8.256    design_1_i/ps7_0_axi_periph/s00_couplers/auto_pc/inst/gen_axilite.gen_b2s_conv.axilite_b2s/RD.ar_channel_0/cmd_translator_0/incr_cmd_0/axlen_cnt_reg[7]_1
    SLICE_X31Y81         FDRE                                         r  design_1_i/ps7_0_axi_periph/s00_couplers/auto_pc/inst/gen_axilite.gen_b2s_conv.axilite_b2s/RD.ar_channel_0/cmd_translator_0/incr_cmd_0/axlen_cnt_reg[7]/R
  -------------------------------------------------------------------    -------------------

                         (clock clk_fpga_0 rise edge)
                                                     10.000    10.000 r  
    PS7_X0Y0             PS7                          0.000    10.000 r  design_1_i/processing_system7_0/inst/PS7_i/FCLKCLK[0]
                         net (fo=1, routed)           1.088    11.088    design_1_i/processing_system7_0/inst/FCLK_CLK_unbuffered[0]
    BUFGCTRL_X0Y16       BUFG (Prop_bufg_I_O)         0.091    11.179 r  design_1_i/processing_system7_0/inst/buffer_fclk_clk_0.FCLK_CLK_0_BUFG/O
                         net (fo=896, routed)         1.515    12.694    design_1_i/ps7_0_axi_periph/s00_couplers/auto_pc/inst/gen_axilite.gen_b2s_conv.axilite_b2s/RD.ar_channel_0/cmd_translator_0/incr_cmd_0/aclk
    SLICE_X31Y81         FDRE                                         r  design_1_i/ps7_0_axi_periph/s00_couplers/auto_pc/inst/gen_axilite.gen_b2s_conv.axilite_b2s/RD.ar_channel_0/cmd_translator_0/incr_cmd_0/axlen_cnt_reg[7]/C
                         clock pessimism              0.264    12.958    
                         clock uncertainty           -0.154    12.804    
    SLICE_X31Y81         FDRE (Setup_fdre_C_R)       -0.633    12.171    design_1_i/ps7_0_axi_periph/s00_couplers/auto_pc/inst/gen_axilite.gen_b2s_conv.axilite_b2s/RD.ar_channel_0/cmd_translator_0/incr_cmd_0/axlen_cnt_reg[7]
  -------------------------------------------------------------------
                         required time                         12.171    
                         arrival time                          -8.256    
  -------------------------------------------------------------------
                         slack                                  3.915    





Min Delay Paths
--------------------------------------------------------------------------------------
Slack (MET) :             0.086ns  (arrival time - required time)
  Source:                 design_1_i/ps7_0_axi_periph/s00_couplers/auto_pc/inst/gen_axilite.gen_b2s_conv.axilite_b2s/areset_d1_reg/C
                            (rising edge-triggered cell FDRE clocked by clk_fpga_0  {rise@0.000ns fall@5.000ns period=10.000ns})
  Destination:            design_1_i/ps7_0_axi_periph/s00_couplers/auto_pc/inst/gen_axilite.gen_b2s_conv.axilite_b2s/WR.b_channel_0/mhandshake_r_reg/R
                            (rising edge-triggered cell FDRE clocked by clk_fpga_0  {rise@0.000ns fall@5.000ns period=10.000ns})
  Path Group:             clk_fpga_0
  Path Type:              Hold (Min at Fast Process Corner)
  Requirement:            0.000ns  (clk_fpga_0 rise@0.000ns - clk_fpga_0 rise@0.000ns)
  Data Path Delay:        0.418ns  (logic 0.141ns (33.757%)  route 0.277ns (66.243%))
  Logic Levels:           0  
  Clock Path Skew:        0.349ns (DCD - SCD - CPR)
    Destination Clock Delay (DCD):    1.297ns
    Source Clock Delay      (SCD):    0.913ns
    Clock Pessimism Removal (CPR):    0.035ns

    Location             Delay type                Incr(ns)  Path(ns)    Netlist Resource(s)
  -------------------------------------------------------------------    -------------------
                         (clock clk_fpga_0 rise edge)
                                                      0.000     0.000 r  
    PS7_X0Y0             PS7                          0.000     0.000 r  design_1_i/processing_system7_0/inst/PS7_i/FCLKCLK[0]
                         net (fo=1, routed)           0.310     0.310    design_1_i/processing_system7_0/inst/FCLK_CLK_unbuffered[0]
    BUFGCTRL_X0Y16       BUFG (Prop_bufg_I_O)         0.026     0.336 r  design_1_i/processing_system7_0/inst/buffer_fclk_clk_0.FCLK_CLK_0_BUFG/O
                         net (fo=896, routed)         0.577     0.913    design_1_i/ps7_0_axi_periph/s00_couplers/auto_pc/inst/gen_axilite.gen_b2s_conv.axilite_b2s/aclk
    SLICE_X31Y98         FDRE                                         r  design_1_i/ps7_0_axi_periph/s00_couplers/auto_pc/inst/gen_axilite.gen_b2s_conv.axilite_b2s/areset_d1_reg/C
  -------------------------------------------------------------------    -------------------
    SLICE_X31Y98         FDRE (Prop_fdre_C_Q)         0.141     1.054 r  design_1_i/ps7_0_axi_periph/s00_couplers/auto_pc/inst/gen_axilite.gen_b2s_conv.axilite_b2s/areset_d1_reg/Q
                         net (fo=29, routed)          0.277     1.330    design_1_i/ps7_0_axi_periph/s00_couplers/auto_pc/inst/gen_axilite.gen_b2s_conv.axilite_b2s/WR.b_channel_0/areset_d1
    SLICE_X29Y100        FDRE                                         r  design_1_i/ps7_0_axi_periph/s00_couplers/auto_pc/inst/gen_axilite.gen_b2s_conv.axilite_b2s/WR.b_channel_0/mhandshake_r_reg/R
  -------------------------------------------------------------------    -------------------

                         (clock clk_fpga_0 rise edge)
                                                      0.000     0.000 r  
    PS7_X0Y0             PS7                          0.000     0.000 r  design_1_i/processing_system7_0/inst/PS7_i/FCLKCLK[0]
                         net (fo=1, routed)           0.337     0.337    design_1_i/processing_system7_0/inst/FCLK_CLK_unbuffered[0]
    BUFGCTRL_X0Y16       BUFG (Prop_bufg_I_O)         0.029     0.366 r  design_1_i/processing_system7_0/inst/buffer_fclk_clk_0.FCLK_CLK_0_BUFG/O
                         net (fo=896, routed)         0.931     1.297    design_1_i/ps7_0_axi_periph/s00_couplers/auto_pc/inst/gen_axilite.gen_b2s_conv.axilite_b2s/WR.b_channel_0/aclk
    SLICE_X29Y100        FDRE                                         r  design_1_i/ps7_0_axi_periph/s00_couplers/auto_pc/inst/gen_axilite.gen_b2s_conv.axilite_b2s/WR.b_channel_0/mhandshake_r_reg/C
                         clock pessimism             -0.035     1.262    
    SLICE_X29Y100        FDRE (Hold_fdre_C_R)        -0.018     1.244    design_1_i/ps7_0_axi_periph/s00_couplers/auto_pc/inst/gen_axilite.gen_b2s_conv.axilite_b2s/WR.b_channel_0/mhandshake_r_reg
  -------------------------------------------------------------------
                         required time                         -1.244    
                         arrival time                           1.330    
  -------------------------------------------------------------------
                         slack                                  0.086    

Slack (MET) :             0.091ns  (arrival time - required time)
  Source:                 design_1_i/ps7_0_axi_periph/s00_couplers/auto_pc/inst/gen_axilite.gen_b2s_conv.axilite_b2s/areset_d1_reg/C
                            (rising edge-triggered cell FDRE clocked by clk_fpga_0  {rise@0.000ns fall@5.000ns period=10.000ns})
  Destination:            design_1_i/ps7_0_axi_periph/s00_couplers/auto_pc/inst/gen_axilite.gen_b2s_conv.axilite_b2s/WR.b_channel_0/bresp_fifo_0/cnt_read_reg[0]/S
                            (rising edge-triggered cell FDSE clocked by clk_fpga_0  {rise@0.000ns fall@5.000ns period=10.000ns})
  Path Group:             clk_fpga_0
  Path Type:              Hold (Min at Fast Process Corner)
  Requirement:            0.000ns  (clk_fpga_0 rise@0.000ns - clk_fpga_0 rise@0.000ns)
  Data Path Delay:        0.422ns  (logic 0.141ns (33.409%)  route 0.281ns (66.591%))
  Logic Levels:           0  
  Clock Path Skew:        0.349ns (DCD - SCD - CPR)
    Destination Clock Delay (DCD):    1.297ns
    Source Clock Delay      (SCD):    0.913ns
    Clock Pessimism Removal (CPR):    0.035ns

    Location             Delay type                Incr(ns)  Path(ns)    Netlist Resource(s)
  -------------------------------------------------------------------    -------------------
                         (clock clk_fpga_0 rise edge)
                                                      0.000     0.000 r  
    PS7_X0Y0             PS7                          0.000     0.000 r  design_1_i/processing_system7_0/inst/PS7_i/FCLKCLK[0]
                         net (fo=1, routed)           0.310     0.310    design_1_i/processing_system7_0/inst/FCLK_CLK_unbuffered[0]
    BUFGCTRL_X0Y16       BUFG (Prop_bufg_I_O)         0.026     0.336 r  design_1_i/processing_system7_0/inst/buffer_fclk_clk_0.FCLK_CLK_0_BUFG/O
                         net (fo=896, routed)         0.577     0.913    design_1_i/ps7_0_axi_periph/s00_couplers/auto_pc/inst/gen_axilite.gen_b2s_conv.axilite_b2s/aclk
    SLICE_X31Y98         FDRE                                         r  design_1_i/ps7_0_axi_periph/s00_couplers/auto_pc/inst/gen_axilite.gen_b2s_conv.axilite_b2s/areset_d1_reg/C
  -------------------------------------------------------------------    -------------------
    SLICE_X31Y98         FDRE (Prop_fdre_C_Q)         0.141     1.054 r  design_1_i/ps7_0_axi_periph/s00_couplers/auto_pc/inst/gen_axilite.gen_b2s_conv.axilite_b2s/areset_d1_reg/Q
                         net (fo=29, routed)          0.281     1.335    design_1_i/ps7_0_axi_periph/s00_couplers/auto_pc/inst/gen_axilite.gen_b2s_conv.axilite_b2s/WR.b_channel_0/bresp_fifo_0/areset_d1
    SLICE_X28Y100        FDSE                                         r  design_1_i/ps7_0_axi_periph/s00_couplers/auto_pc/inst/gen_axilite.gen_b2s_conv.axilite_b2s/WR.b_channel_0/bresp_fifo_0/cnt_read_reg[0]/S
  -------------------------------------------------------------------    -------------------

                         (clock clk_fpga_0 rise edge)
                                                      0.000     0.000 r  
    PS7_X0Y0             PS7                          0.000     0.000 r  design_1_i/processing_system7_0/inst/PS7_i/FCLKCLK[0]
                         net (fo=1, routed)           0.337     0.337    design_1_i/processing_system7_0/inst/FCLK_CLK_unbuffered[0]
    BUFGCTRL_X0Y16       BUFG (Prop_bufg_I_O)         0.029     0.366 r  design_1_i/processing_system7_0/inst/buffer_fclk_clk_0.FCLK_CLK_0_BUFG/O
                         net (fo=896, routed)         0.931     1.297    design_1_i/ps7_0_axi_periph/s00_couplers/auto_pc/inst/gen_axilite.gen_b2s_conv.axilite_b2s/WR.b_channel_0/bresp_fifo_0/aclk
    SLICE_X28Y100        FDSE                                         r  design_1_i/ps7_0_axi_periph/s00_couplers/auto_pc/inst/gen_axilite.gen_b2s_conv.axilite_b2s/WR.b_channel_0/bresp_fifo_0/cnt_read_reg[0]/C
                         clock pessimism             -0.035     1.262    
    SLICE_X28Y100        FDSE (Hold_fdse_C_S)        -0.018     1.244    design_1_i/ps7_0_axi_periph/s00_couplers/auto_pc/inst/gen_axilite.gen_b2s_conv.axilite_b2s/WR.b_channel_0/bresp_fifo_0/cnt_read_reg[0]
  -------------------------------------------------------------------
                         required time                         -1.244    
                         arrival time                           1.335    
  -------------------------------------------------------------------
                         slack                                  0.091    

Slack (MET) :             0.091ns  (arrival time - required time)
  Source:                 design_1_i/ps7_0_axi_periph/s00_couplers/auto_pc/inst/gen_axilite.gen_b2s_conv.axilite_b2s/areset_d1_reg/C
                            (rising edge-triggered cell FDRE clocked by clk_fpga_0  {rise@0.000ns fall@5.000ns period=10.000ns})
  Destination:            design_1_i/ps7_0_axi_periph/s00_couplers/auto_pc/inst/gen_axilite.gen_b2s_conv.axilite_b2s/WR.b_channel_0/bresp_fifo_0/cnt_read_reg[1]/S
                            (rising edge-triggered cell FDSE clocked by clk_fpga_0  {rise@0.000ns fall@5.000ns period=10.000ns})
  Path Group:             clk_fpga_0
  Path Type:              Hold (Min at Fast Process Corner)
  Requirement:            0.000ns  (clk_fpga_0 rise@0.000ns - clk_fpga_0 rise@0.000ns)
  Data Path Delay:        0.422ns  (logic 0.141ns (33.409%)  route 0.281ns (66.591%))
  Logic Levels:           0  
  Clock Path Skew:        0.349ns (DCD - SCD - CPR)
    Destination Clock Delay (DCD):    1.297ns
    Source Clock Delay      (SCD):    0.913ns
    Clock Pessimism Removal (CPR):    0.035ns

    Location             Delay type                Incr(ns)  Path(ns)    Netlist Resource(s)
  -------------------------------------------------------------------    -------------------
                         (clock clk_fpga_0 rise edge)
                                                      0.000     0.000 r  
    PS7_X0Y0             PS7                          0.000     0.000 r  design_1_i/processing_system7_0/inst/PS7_i/FCLKCLK[0]
                         net (fo=1, routed)           0.310     0.310    design_1_i/processing_system7_0/inst/FCLK_CLK_unbuffered[0]
    BUFGCTRL_X0Y16       BUFG (Prop_bufg_I_O)         0.026     0.336 r  design_1_i/processing_system7_0/inst/buffer_fclk_clk_0.FCLK_CLK_0_BUFG/O
                         net (fo=896, routed)         0.577     0.913    design_1_i/ps7_0_axi_periph/s00_couplers/auto_pc/inst/gen_axilite.gen_b2s_conv.axilite_b2s/aclk
    SLICE_X31Y98         FDRE                                         r  design_1_i/ps7_0_axi_periph/s00_couplers/auto_pc/inst/gen_axilite.gen_b2s_conv.axilite_b2s/areset_d1_reg/C
  -------------------------------------------------------------------    -------------------
    SLICE_X31Y98         FDRE (Prop_fdre_C_Q)         0.141     1.054 r  design_1_i/ps7_0_axi_periph/s00_couplers/auto_pc/inst/gen_axilite.gen_b2s_conv.axilite_b2s/areset_d1_reg/Q
                         net (fo=29, routed)          0.281     1.335    design_1_i/ps7_0_axi_periph/s00_couplers/auto_pc/inst/gen_axilite.gen_b2s_conv.axilite_b2s/WR.b_channel_0/bresp_fifo_0/areset_d1
    SLICE_X28Y100        FDSE                                         r  design_1_i/ps7_0_axi_periph/s00_couplers/auto_pc/inst/gen_axilite.gen_b2s_conv.axilite_b2s/WR.b_channel_0/bresp_fifo_0/cnt_read_reg[1]/S
  -------------------------------------------------------------------    -------------------

                         (clock clk_fpga_0 rise edge)
                                                      0.000     0.000 r  
    PS7_X0Y0             PS7                          0.000     0.000 r  design_1_i/processing_system7_0/inst/PS7_i/FCLKCLK[0]
                         net (fo=1, routed)           0.337     0.337    design_1_i/processing_system7_0/inst/FCLK_CLK_unbuffered[0]
    BUFGCTRL_X0Y16       BUFG (Prop_bufg_I_O)         0.029     0.366 r  design_1_i/processing_system7_0/inst/buffer_fclk_clk_0.FCLK_CLK_0_BUFG/O
                         net (fo=896, routed)         0.931     1.297    design_1_i/ps7_0_axi_periph/s00_couplers/auto_pc/inst/gen_axilite.gen_b2s_conv.axilite_b2s/WR.b_channel_0/bresp_fifo_0/aclk
    SLICE_X28Y100        FDSE                                         r  design_1_i/ps7_0_axi_periph/s00_couplers/auto_pc/inst/gen_axilite.gen_b2s_conv.axilite_b2s/WR.b_channel_0/bresp_fifo_0/cnt_read_reg[1]/C
                         clock pessimism             -0.035     1.262    
    SLICE_X28Y100        FDSE (Hold_fdse_C_S)        -0.018     1.244    design_1_i/ps7_0_axi_periph/s00_couplers/auto_pc/inst/gen_axilite.gen_b2s_conv.axilite_b2s/WR.b_channel_0/bresp_fifo_0/cnt_read_reg[1]
  -------------------------------------------------------------------
                         required time                         -1.244    
                         arrival time                           1.335    
  -------------------------------------------------------------------
                         slack                                  0.091    

Slack (MET) :             0.093ns  (arrival time - required time)
  Source:                 design_1_i/axi_iic_0/U0/X_IIC/X_AXI_IPIF_SSP1/AXI_LITE_IPIF_I/I_SLAVE_ATTACHMENT/s_axi_rdata_i_reg[5]/C
                            (rising edge-triggered cell FDRE clocked by clk_fpga_0  {rise@0.000ns fall@5.000ns period=10.000ns})
  Destination:            design_1_i/ps7_0_axi_periph/s00_couplers/auto_pc/inst/gen_axilite.gen_b2s_conv.axilite_b2s/RD.r_channel_0/rd_data_fifo_0/memory_reg[31][5]_srl32/D
                            (rising edge-triggered cell SRLC32E clocked by clk_fpga_0  {rise@0.000ns fall@5.000ns period=10.000ns})
  Path Group:             clk_fpga_0
  Path Type:              Hold (Min at Fast Process Corner)
  Requirement:            0.000ns  (clk_fpga_0 rise@0.000ns - clk_fpga_0 rise@0.000ns)
  Data Path Delay:        0.310ns  (logic 0.141ns (45.531%)  route 0.169ns (54.469%))
  Logic Levels:           0  
  Clock Path Skew:        0.034ns (DCD - SCD - CPR)
    Destination Clock Delay (DCD):    1.189ns
    Source Clock Delay      (SCD):    0.891ns
    Clock Pessimism Removal (CPR):    0.264ns

    Location             Delay type                Incr(ns)  Path(ns)    Netlist Resource(s)
  -------------------------------------------------------------------    -------------------
                         (clock clk_fpga_0 rise edge)
                                                      0.000     0.000 r  
    PS7_X0Y0             PS7                          0.000     0.000 r  design_1_i/processing_system7_0/inst/PS7_i/FCLKCLK[0]
                         net (fo=1, routed)           0.310     0.310    design_1_i/processing_system7_0/inst/FCLK_CLK_unbuffered[0]
    BUFGCTRL_X0Y16       BUFG (Prop_bufg_I_O)         0.026     0.336 r  design_1_i/processing_system7_0/inst/buffer_fclk_clk_0.FCLK_CLK_0_BUFG/O
                         net (fo=896, routed)         0.555     0.891    design_1_i/axi_iic_0/U0/X_IIC/X_AXI_IPIF_SSP1/AXI_LITE_IPIF_I/I_SLAVE_ATTACHMENT/s_axi_aclk
    SLICE_X37Y90         FDRE                                         r  design_1_i/axi_iic_0/U0/X_IIC/X_AXI_IPIF_SSP1/AXI_LITE_IPIF_I/I_SLAVE_ATTACHMENT/s_axi_rdata_i_reg[5]/C
  -------------------------------------------------------------------    -------------------
    SLICE_X37Y90         FDRE (Prop_fdre_C_Q)         0.141     1.032 r  design_1_i/axi_iic_0/U0/X_IIC/X_AXI_IPIF_SSP1/AXI_LITE_IPIF_I/I_SLAVE_ATTACHMENT/s_axi_rdata_i_reg[5]/Q
                         net (fo=1, routed)           0.169     1.200    design_1_i/ps7_0_axi_periph/s00_couplers/auto_pc/inst/gen_axilite.gen_b2s_conv.axilite_b2s/RD.r_channel_0/rd_data_fifo_0/in[5]
    SLICE_X34Y89         SRLC32E                                      r  design_1_i/ps7_0_axi_periph/s00_couplers/auto_pc/inst/gen_axilite.gen_b2s_conv.axilite_b2s/RD.r_channel_0/rd_data_fifo_0/memory_reg[31][5]_srl32/D
  -------------------------------------------------------------------    -------------------

                         (clock clk_fpga_0 rise edge)
                                                      0.000     0.000 r  
    PS7_X0Y0             PS7                          0.000     0.000 r  design_1_i/processing_system7_0/inst/PS7_i/FCLKCLK[0]
                         net (fo=1, routed)           0.337     0.337    design_1_i/processing_system7_0/inst/FCLK_CLK_unbuffered[0]
    BUFGCTRL_X0Y16       BUFG (Prop_bufg_I_O)         0.029     0.366 r  design_1_i/processing_system7_0/inst/buffer_fclk_clk_0.FCLK_CLK_0_BUFG/O
                         net (fo=896, routed)         0.823     1.189    design_1_i/ps7_0_axi_periph/s00_couplers/auto_pc/inst/gen_axilite.gen_b2s_conv.axilite_b2s/RD.r_channel_0/rd_data_fifo_0/aclk
    SLICE_X34Y89         SRLC32E                                      r  design_1_i/ps7_0_axi_periph/s00_couplers/auto_pc/inst/gen_axilite.gen_b2s_conv.axilite_b2s/RD.r_channel_0/rd_data_fifo_0/memory_reg[31][5]_srl32/CLK
                         clock pessimism             -0.264     0.925    
    SLICE_X34Y89         SRLC32E (Hold_srlc32e_CLK_D)
                                                      0.183     1.108    design_1_i/ps7_0_axi_periph/s00_couplers/auto_pc/inst/gen_axilite.gen_b2s_conv.axilite_b2s/RD.r_channel_0/rd_data_fifo_0/memory_reg[31][5]_srl32
  -------------------------------------------------------------------
                         required time                         -1.108    
                         arrival time                           1.200    
  -------------------------------------------------------------------
                         slack                                  0.093    

Slack (MET) :             0.107ns  (arrival time - required time)
  Source:                 design_1_i/ps7_0_axi_periph/s00_couplers/auto_pc/inst/gen_axilite.gen_b2s_conv.axilite_b2s/RD.r_channel_0/r_arid_r_reg[1]/C
                            (rising edge-triggered cell FDRE clocked by clk_fpga_0  {rise@0.000ns fall@5.000ns period=10.000ns})
  Destination:            design_1_i/ps7_0_axi_periph/s00_couplers/auto_pc/inst/gen_axilite.gen_b2s_conv.axilite_b2s/RD.r_channel_0/transaction_fifo_0/memory_reg[31][2]_srl32/D
                            (rising edge-triggered cell SRLC32E clocked by clk_fpga_0  {rise@0.000ns fall@5.000ns period=10.000ns})
  Path Group:             clk_fpga_0
  Path Type:              Hold (Min at Fast Process Corner)
  Requirement:            0.000ns  (clk_fpga_0 rise@0.000ns - clk_fpga_0 rise@0.000ns)
  Data Path Delay:        0.256ns  (logic 0.141ns (55.071%)  route 0.115ns (44.929%))
  Logic Levels:           0  
  Clock Path Skew:        0.034ns (DCD - SCD - CPR)
    Destination Clock Delay (DCD):    1.208ns
    Source Clock Delay      (SCD):    0.910ns
    Clock Pessimism Removal (CPR):    0.264ns

    Location             Delay type                Incr(ns)  Path(ns)    Netlist Resource(s)
  -------------------------------------------------------------------    -------------------
                         (clock clk_fpga_0 rise edge)
                                                      0.000     0.000 r  
    PS7_X0Y0             PS7                          0.000     0.000 r  design_1_i/processing_system7_0/inst/PS7_i/FCLKCLK[0]
                         net (fo=1, routed)           0.310     0.310    design_1_i/processing_system7_0/inst/FCLK_CLK_unbuffered[0]
    BUFGCTRL_X0Y16       BUFG (Prop_bufg_I_O)         0.026     0.336 r  design_1_i/processing_system7_0/inst/buffer_fclk_clk_0.FCLK_CLK_0_BUFG/O
                         net (fo=896, routed)         0.574     0.910    design_1_i/ps7_0_axi_periph/s00_couplers/auto_pc/inst/gen_axilite.gen_b2s_conv.axilite_b2s/RD.r_channel_0/aclk
    SLICE_X29Y89         FDRE                                         r  design_1_i/ps7_0_axi_periph/s00_couplers/auto_pc/inst/gen_axilite.gen_b2s_conv.axilite_b2s/RD.r_channel_0/r_arid_r_reg[1]/C
  -------------------------------------------------------------------    -------------------
    SLICE_X29Y89         FDRE (Prop_fdre_C_Q)         0.141     1.051 r  design_1_i/ps7_0_axi_periph/s00_couplers/auto_pc/inst/gen_axilite.gen_b2s_conv.axilite_b2s/RD.r_channel_0/r_arid_r_reg[1]/Q
                         net (fo=1, routed)           0.115     1.166    design_1_i/ps7_0_axi_periph/s00_couplers/auto_pc/inst/gen_axilite.gen_b2s_conv.axilite_b2s/RD.r_channel_0/transaction_fifo_0/in[2]
    SLICE_X26Y90         SRLC32E                                      r  design_1_i/ps7_0_axi_periph/s00_couplers/auto_pc/inst/gen_axilite.gen_b2s_conv.axilite_b2s/RD.r_channel_0/transaction_fifo_0/memory_reg[31][2]_srl32/D
  -------------------------------------------------------------------    -------------------

                         (clock clk_fpga_0 rise edge)
                                                      0.000     0.000 r  
    PS7_X0Y0             PS7                          0.000     0.000 r  design_1_i/processing_system7_0/inst/PS7_i/FCLKCLK[0]
                         net (fo=1, routed)           0.337     0.337    design_1_i/processing_system7_0/inst/FCLK_CLK_unbuffered[0]
    BUFGCTRL_X0Y16       BUFG (Prop_bufg_I_O)         0.029     0.366 r  design_1_i/processing_system7_0/inst/buffer_fclk_clk_0.FCLK_CLK_0_BUFG/O
                         net (fo=896, routed)         0.842     1.208    design_1_i/ps7_0_axi_periph/s00_couplers/auto_pc/inst/gen_axilite.gen_b2s_conv.axilite_b2s/RD.r_channel_0/transaction_fifo_0/aclk
    SLICE_X26Y90         SRLC32E                                      r  design_1_i/ps7_0_axi_periph/s00_couplers/auto_pc/inst/gen_axilite.gen_b2s_conv.axilite_b2s/RD.r_channel_0/transaction_fifo_0/memory_reg[31][2]_srl32/CLK
                         clock pessimism             -0.264     0.944    
    SLICE_X26Y90         SRLC32E (Hold_srlc32e_CLK_D)
                                                      0.115     1.059    design_1_i/ps7_0_axi_periph/s00_couplers/auto_pc/inst/gen_axilite.gen_b2s_conv.axilite_b2s/RD.r_channel_0/transaction_fifo_0/memory_reg[31][2]_srl32
  -------------------------------------------------------------------
                         required time                         -1.059    
                         arrival time                           1.166    
  -------------------------------------------------------------------
                         slack                                  0.107    

Slack (MET) :             0.116ns  (arrival time - required time)
  Source:                 design_1_i/axi_iic_0/U0/X_IIC/X_AXI_IPIF_SSP1/AXI_LITE_IPIF_I/I_SLAVE_ATTACHMENT/s_axi_rdata_i_reg[3]/C
                            (rising edge-triggered cell FDRE clocked by clk_fpga_0  {rise@0.000ns fall@5.000ns period=10.000ns})
  Destination:            design_1_i/ps7_0_axi_periph/s00_couplers/auto_pc/inst/gen_axilite.gen_b2s_conv.axilite_b2s/RD.r_channel_0/rd_data_fifo_0/memory_reg[31][3]_srl32/D
                            (rising edge-triggered cell SRLC32E clocked by clk_fpga_0  {rise@0.000ns fall@5.000ns period=10.000ns})
  Path Group:             clk_fpga_0
  Path Type:              Hold (Min at Fast Process Corner)
  Requirement:            0.000ns  (clk_fpga_0 rise@0.000ns - clk_fpga_0 rise@0.000ns)
  Data Path Delay:        0.258ns  (logic 0.141ns (54.686%)  route 0.117ns (45.314%))
  Logic Levels:           0  
  Clock Path Skew:        0.033ns (DCD - SCD - CPR)
    Destination Clock Delay (DCD):    1.189ns
    Source Clock Delay      (SCD):    0.892ns
    Clock Pessimism Removal (CPR):    0.264ns

    Location             Delay type                Incr(ns)  Path(ns)    Netlist Resource(s)
  -------------------------------------------------------------------    -------------------
                         (clock clk_fpga_0 rise edge)
                                                      0.000     0.000 r  
    PS7_X0Y0             PS7                          0.000     0.000 r  design_1_i/processing_system7_0/inst/PS7_i/FCLKCLK[0]
                         net (fo=1, routed)           0.310     0.310    design_1_i/processing_system7_0/inst/FCLK_CLK_unbuffered[0]
    BUFGCTRL_X0Y16       BUFG (Prop_bufg_I_O)         0.026     0.336 r  design_1_i/processing_system7_0/inst/buffer_fclk_clk_0.FCLK_CLK_0_BUFG/O
                         net (fo=896, routed)         0.556     0.892    design_1_i/axi_iic_0/U0/X_IIC/X_AXI_IPIF_SSP1/AXI_LITE_IPIF_I/I_SLAVE_ATTACHMENT/s_axi_aclk
    SLICE_X33Y89         FDRE                                         r  design_1_i/axi_iic_0/U0/X_IIC/X_AXI_IPIF_SSP1/AXI_LITE_IPIF_I/I_SLAVE_ATTACHMENT/s_axi_rdata_i_reg[3]/C
  -------------------------------------------------------------------    -------------------
    SLICE_X33Y89         FDRE (Prop_fdre_C_Q)         0.141     1.033 r  design_1_i/axi_iic_0/U0/X_IIC/X_AXI_IPIF_SSP1/AXI_LITE_IPIF_I/I_SLAVE_ATTACHMENT/s_axi_rdata_i_reg[3]/Q
                         net (fo=1, routed)           0.117     1.149    design_1_i/ps7_0_axi_periph/s00_couplers/auto_pc/inst/gen_axilite.gen_b2s_conv.axilite_b2s/RD.r_channel_0/rd_data_fifo_0/in[3]
    SLICE_X34Y89         SRLC32E                                      r  design_1_i/ps7_0_axi_periph/s00_couplers/auto_pc/inst/gen_axilite.gen_b2s_conv.axilite_b2s/RD.r_channel_0/rd_data_fifo_0/memory_reg[31][3]_srl32/D
  -------------------------------------------------------------------    -------------------

                         (clock clk_fpga_0 rise edge)
                                                      0.000     0.000 r  
    PS7_X0Y0             PS7                          0.000     0.000 r  design_1_i/processing_system7_0/inst/PS7_i/FCLKCLK[0]
                         net (fo=1, routed)           0.337     0.337    design_1_i/processing_system7_0/inst/FCLK_CLK_unbuffered[0]
    BUFGCTRL_X0Y16       BUFG (Prop_bufg_I_O)         0.029     0.366 r  design_1_i/processing_system7_0/inst/buffer_fclk_clk_0.FCLK_CLK_0_BUFG/O
                         net (fo=896, routed)         0.823     1.189    design_1_i/ps7_0_axi_periph/s00_couplers/auto_pc/inst/gen_axilite.gen_b2s_conv.axilite_b2s/RD.r_channel_0/rd_data_fifo_0/aclk
    SLICE_X34Y89         SRLC32E                                      r  design_1_i/ps7_0_axi_periph/s00_couplers/auto_pc/inst/gen_axilite.gen_b2s_conv.axilite_b2s/RD.r_channel_0/rd_data_fifo_0/memory_reg[31][3]_srl32/CLK
                         clock pessimism             -0.264     0.925    
    SLICE_X34Y89         SRLC32E (Hold_srlc32e_CLK_D)
                                                      0.109     1.034    design_1_i/ps7_0_axi_periph/s00_couplers/auto_pc/inst/gen_axilite.gen_b2s_conv.axilite_b2s/RD.r_channel_0/rd_data_fifo_0/memory_reg[31][3]_srl32
  -------------------------------------------------------------------
                         required time                         -1.034    
                         arrival time                           1.149    
  -------------------------------------------------------------------
                         slack                                  0.116    

Slack (MET) :             0.119ns  (arrival time - required time)
  Source:                 design_1_i/ps7_0_axi_periph/s00_couplers/auto_pc/inst/gen_axilite.gen_b2s_conv.axilite_b2s/WR.aw_channel_0/s_awid_r_reg[1]/C
                            (rising edge-triggered cell FDRE clocked by clk_fpga_0  {rise@0.000ns fall@5.000ns period=10.000ns})
  Destination:            design_1_i/ps7_0_axi_periph/s00_couplers/auto_pc/inst/gen_axilite.gen_b2s_conv.axilite_b2s/WR.b_channel_0/bid_fifo_0/memory_reg[3][9]_srl4/D
                            (rising edge-triggered cell SRL16E clocked by clk_fpga_0  {rise@0.000ns fall@5.000ns period=10.000ns})
  Path Group:             clk_fpga_0
  Path Type:              Hold (Min at Fast Process Corner)
  Requirement:            0.000ns  (clk_fpga_0 rise@0.000ns - clk_fpga_0 rise@0.000ns)
  Data Path Delay:        0.261ns  (logic 0.141ns (54.034%)  route 0.120ns (45.966%))
  Logic Levels:           0  
  Clock Path Skew:        0.033ns (DCD - SCD - CPR)
    Destination Clock Delay (DCD):    1.210ns
    Source Clock Delay      (SCD):    0.913ns
    Clock Pessimism Removal (CPR):    0.264ns

    Location             Delay type                Incr(ns)  Path(ns)    Netlist Resource(s)
  -------------------------------------------------------------------    -------------------
                         (clock clk_fpga_0 rise edge)
                                                      0.000     0.000 r  
    PS7_X0Y0             PS7                          0.000     0.000 r  design_1_i/processing_system7_0/inst/PS7_i/FCLKCLK[0]
                         net (fo=1, routed)           0.310     0.310    design_1_i/processing_system7_0/inst/FCLK_CLK_unbuffered[0]
    BUFGCTRL_X0Y16       BUFG (Prop_bufg_I_O)         0.026     0.336 r  design_1_i/processing_system7_0/inst/buffer_fclk_clk_0.FCLK_CLK_0_BUFG/O
                         net (fo=896, routed)         0.577     0.913    design_1_i/ps7_0_axi_periph/s00_couplers/auto_pc/inst/gen_axilite.gen_b2s_conv.axilite_b2s/WR.aw_channel_0/aclk
    SLICE_X28Y97         FDRE                                         r  design_1_i/ps7_0_axi_periph/s00_couplers/auto_pc/inst/gen_axilite.gen_b2s_conv.axilite_b2s/WR.aw_channel_0/s_awid_r_reg[1]/C
  -------------------------------------------------------------------    -------------------
    SLICE_X28Y97         FDRE (Prop_fdre_C_Q)         0.141     1.054 r  design_1_i/ps7_0_axi_periph/s00_couplers/auto_pc/inst/gen_axilite.gen_b2s_conv.axilite_b2s/WR.aw_channel_0/s_awid_r_reg[1]/Q
                         net (fo=1, routed)           0.120     1.174    design_1_i/ps7_0_axi_periph/s00_couplers/auto_pc/inst/gen_axilite.gen_b2s_conv.axilite_b2s/WR.b_channel_0/bid_fifo_0/in[5]
    SLICE_X26Y97         SRL16E                                       r  design_1_i/ps7_0_axi_periph/s00_couplers/auto_pc/inst/gen_axilite.gen_b2s_conv.axilite_b2s/WR.b_channel_0/bid_fifo_0/memory_reg[3][9]_srl4/D
  -------------------------------------------------------------------    -------------------

                         (clock clk_fpga_0 rise edge)
                                                      0.000     0.000 r  
    PS7_X0Y0             PS7                          0.000     0.000 r  design_1_i/processing_system7_0/inst/PS7_i/FCLKCLK[0]
                         net (fo=1, routed)           0.337     0.337    design_1_i/processing_system7_0/inst/FCLK_CLK_unbuffered[0]
    BUFGCTRL_X0Y16       BUFG (Prop_bufg_I_O)         0.029     0.366 r  design_1_i/processing_system7_0/inst/buffer_fclk_clk_0.FCLK_CLK_0_BUFG/O
                         net (fo=896, routed)         0.844     1.210    design_1_i/ps7_0_axi_periph/s00_couplers/auto_pc/inst/gen_axilite.gen_b2s_conv.axilite_b2s/WR.b_channel_0/bid_fifo_0/aclk
    SLICE_X26Y97         SRL16E                                       r  design_1_i/ps7_0_axi_periph/s00_couplers/auto_pc/inst/gen_axilite.gen_b2s_conv.axilite_b2s/WR.b_channel_0/bid_fifo_0/memory_reg[3][9]_srl4/CLK
                         clock pessimism             -0.264     0.946    
    SLICE_X26Y97         SRL16E (Hold_srl16e_CLK_D)
                                                      0.109     1.055    design_1_i/ps7_0_axi_periph/s00_couplers/auto_pc/inst/gen_axilite.gen_b2s_conv.axilite_b2s/WR.b_channel_0/bid_fifo_0/memory_reg[3][9]_srl4
  -------------------------------------------------------------------
                         required time                         -1.055    
                         arrival time                           1.174    
  -------------------------------------------------------------------
                         slack                                  0.119    

Slack (MET) :             0.121ns  (arrival time - required time)
  Source:                 design_1_i/ps7_0_axi_periph/s00_couplers/auto_pc/inst/gen_axilite.gen_b2s_conv.axilite_b2s/RD.ar_channel_0/s_arid_r_reg[8]/C
                            (rising edge-triggered cell FDRE clocked by clk_fpga_0  {rise@0.000ns fall@5.000ns period=10.000ns})
  Destination:            design_1_i/ps7_0_axi_periph/s00_couplers/auto_pc/inst/gen_axilite.gen_b2s_conv.axilite_b2s/RD.r_channel_0/r_arid_r_reg[8]/D
                            (rising edge-triggered cell FDRE clocked by clk_fpga_0  {rise@0.000ns fall@5.000ns period=10.000ns})
  Path Group:             clk_fpga_0
  Path Type:              Hold (Min at Fast Process Corner)
  Requirement:            0.000ns  (clk_fpga_0 rise@0.000ns - clk_fpga_0 rise@0.000ns)
  Data Path Delay:        0.197ns  (logic 0.141ns (71.611%)  route 0.056ns (28.389%))
  Logic Levels:           0  
  Clock Path Skew:        0.000ns (DCD - SCD - CPR)
    Destination Clock Delay (DCD):    1.209ns
    Source Clock Delay      (SCD):    0.909ns
    Clock Pessimism Removal (CPR):    0.300ns

    Location             Delay type                Incr(ns)  Path(ns)    Netlist Resource(s)
  -------------------------------------------------------------------    -------------------
                         (clock clk_fpga_0 rise edge)
                                                      0.000     0.000 r  
    PS7_X0Y0             PS7                          0.000     0.000 r  design_1_i/processing_system7_0/inst/PS7_i/FCLKCLK[0]
                         net (fo=1, routed)           0.310     0.310    design_1_i/processing_system7_0/inst/FCLK_CLK_unbuffered[0]
    BUFGCTRL_X0Y16       BUFG (Prop_bufg_I_O)         0.026     0.336 r  design_1_i/processing_system7_0/inst/buffer_fclk_clk_0.FCLK_CLK_0_BUFG/O
                         net (fo=896, routed)         0.573     0.909    design_1_i/ps7_0_axi_periph/s00_couplers/auto_pc/inst/gen_axilite.gen_b2s_conv.axilite_b2s/RD.ar_channel_0/aclk
    SLICE_X27Y94         FDRE                                         r  design_1_i/ps7_0_axi_periph/s00_couplers/auto_pc/inst/gen_axilite.gen_b2s_conv.axilite_b2s/RD.ar_channel_0/s_arid_r_reg[8]/C
  -------------------------------------------------------------------    -------------------
    SLICE_X27Y94         FDRE (Prop_fdre_C_Q)         0.141     1.050 r  design_1_i/ps7_0_axi_periph/s00_couplers/auto_pc/inst/gen_axilite.gen_b2s_conv.axilite_b2s/RD.ar_channel_0/s_arid_r_reg[8]/Q
                         net (fo=1, routed)           0.056     1.105    design_1_i/ps7_0_axi_periph/s00_couplers/auto_pc/inst/gen_axilite.gen_b2s_conv.axilite_b2s/RD.r_channel_0/D[8]
    SLICE_X27Y94         FDRE                                         r  design_1_i/ps7_0_axi_periph/s00_couplers/auto_pc/inst/gen_axilite.gen_b2s_conv.axilite_b2s/RD.r_channel_0/r_arid_r_reg[8]/D
  -------------------------------------------------------------------    -------------------

                         (clock clk_fpga_0 rise edge)
                                                      0.000     0.000 r  
    PS7_X0Y0             PS7                          0.000     0.000 r  design_1_i/processing_system7_0/inst/PS7_i/FCLKCLK[0]
                         net (fo=1, routed)           0.337     0.337    design_1_i/processing_system7_0/inst/FCLK_CLK_unbuffered[0]
    BUFGCTRL_X0Y16       BUFG (Prop_bufg_I_O)         0.029     0.366 r  design_1_i/processing_system7_0/inst/buffer_fclk_clk_0.FCLK_CLK_0_BUFG/O
                         net (fo=896, routed)         0.843     1.209    design_1_i/ps7_0_axi_periph/s00_couplers/auto_pc/inst/gen_axilite.gen_b2s_conv.axilite_b2s/RD.r_channel_0/aclk
    SLICE_X27Y94         FDRE                                         r  design_1_i/ps7_0_axi_periph/s00_couplers/auto_pc/inst/gen_axilite.gen_b2s_conv.axilite_b2s/RD.r_channel_0/r_arid_r_reg[8]/C
                         clock pessimism             -0.300     0.909    
    SLICE_X27Y94         FDRE (Hold_fdre_C_D)         0.076     0.985    design_1_i/ps7_0_axi_periph/s00_couplers/auto_pc/inst/gen_axilite.gen_b2s_conv.axilite_b2s/RD.r_channel_0/r_arid_r_reg[8]
  -------------------------------------------------------------------
                         required time                         -0.985    
                         arrival time                           1.105    
  -------------------------------------------------------------------
                         slack                                  0.121    

Slack (MET) :             0.121ns  (arrival time - required time)
  Source:                 design_1_i/ps7_0_axi_periph/s00_couplers/auto_pc/inst/gen_axilite.gen_b2s_conv.axilite_b2s/WR.aw_channel_0/s_awid_r_reg[0]/C
                            (rising edge-triggered cell FDRE clocked by clk_fpga_0  {rise@0.000ns fall@5.000ns period=10.000ns})
  Destination:            design_1_i/ps7_0_axi_periph/s00_couplers/auto_pc/inst/gen_axilite.gen_b2s_conv.axilite_b2s/WR.b_channel_0/bid_fifo_0/memory_reg[3][8]_srl4/D
                            (rising edge-triggered cell SRL16E clocked by clk_fpga_0  {rise@0.000ns fall@5.000ns period=10.000ns})
  Path Group:             clk_fpga_0
  Path Type:              Hold (Min at Fast Process Corner)
  Requirement:            0.000ns  (clk_fpga_0 rise@0.000ns - clk_fpga_0 rise@0.000ns)
  Data Path Delay:        0.256ns  (logic 0.141ns (54.984%)  route 0.115ns (45.016%))
  Logic Levels:           0  
  Clock Path Skew:        0.033ns (DCD - SCD - CPR)
    Destination Clock Delay (DCD):    1.210ns
    Source Clock Delay      (SCD):    0.913ns
    Clock Pessimism Removal (CPR):    0.264ns

    Location             Delay type                Incr(ns)  Path(ns)    Netlist Resource(s)
  -------------------------------------------------------------------    -------------------
                         (clock clk_fpga_0 rise edge)
                                                      0.000     0.000 r  
    PS7_X0Y0             PS7                          0.000     0.000 r  design_1_i/processing_system7_0/inst/PS7_i/FCLKCLK[0]
                         net (fo=1, routed)           0.310     0.310    design_1_i/processing_system7_0/inst/FCLK_CLK_unbuffered[0]
    BUFGCTRL_X0Y16       BUFG (Prop_bufg_I_O)         0.026     0.336 r  design_1_i/processing_system7_0/inst/buffer_fclk_clk_0.FCLK_CLK_0_BUFG/O
                         net (fo=896, routed)         0.577     0.913    design_1_i/ps7_0_axi_periph/s00_couplers/auto_pc/inst/gen_axilite.gen_b2s_conv.axilite_b2s/WR.aw_channel_0/aclk
    SLICE_X29Y97         FDRE                                         r  design_1_i/ps7_0_axi_periph/s00_couplers/auto_pc/inst/gen_axilite.gen_b2s_conv.axilite_b2s/WR.aw_channel_0/s_awid_r_reg[0]/C
  -------------------------------------------------------------------    -------------------
    SLICE_X29Y97         FDRE (Prop_fdre_C_Q)         0.141     1.054 r  design_1_i/ps7_0_axi_periph/s00_couplers/auto_pc/inst/gen_axilite.gen_b2s_conv.axilite_b2s/WR.aw_channel_0/s_awid_r_reg[0]/Q
                         net (fo=1, routed)           0.115     1.169    design_1_i/ps7_0_axi_periph/s00_couplers/auto_pc/inst/gen_axilite.gen_b2s_conv.axilite_b2s/WR.b_channel_0/bid_fifo_0/in[4]
    SLICE_X26Y97         SRL16E                                       r  design_1_i/ps7_0_axi_periph/s00_couplers/auto_pc/inst/gen_axilite.gen_b2s_conv.axilite_b2s/WR.b_channel_0/bid_fifo_0/memory_reg[3][8]_srl4/D
  -------------------------------------------------------------------    -------------------

                         (clock clk_fpga_0 rise edge)
                                                      0.000     0.000 r  
    PS7_X0Y0             PS7                          0.000     0.000 r  design_1_i/processing_system7_0/inst/PS7_i/FCLKCLK[0]
                         net (fo=1, routed)           0.337     0.337    design_1_i/processing_system7_0/inst/FCLK_CLK_unbuffered[0]
    BUFGCTRL_X0Y16       BUFG (Prop_bufg_I_O)         0.029     0.366 r  design_1_i/processing_system7_0/inst/buffer_fclk_clk_0.FCLK_CLK_0_BUFG/O
                         net (fo=896, routed)         0.844     1.210    design_1_i/ps7_0_axi_periph/s00_couplers/auto_pc/inst/gen_axilite.gen_b2s_conv.axilite_b2s/WR.b_channel_0/bid_fifo_0/aclk
    SLICE_X26Y97         SRL16E                                       r  design_1_i/ps7_0_axi_periph/s00_couplers/auto_pc/inst/gen_axilite.gen_b2s_conv.axilite_b2s/WR.b_channel_0/bid_fifo_0/memory_reg[3][8]_srl4/CLK
                         clock pessimism             -0.264     0.946    
    SLICE_X26Y97         SRL16E (Hold_srl16e_CLK_D)
                                                      0.102     1.048    design_1_i/ps7_0_axi_periph/s00_couplers/auto_pc/inst/gen_axilite.gen_b2s_conv.axilite_b2s/WR.b_channel_0/bid_fifo_0/memory_reg[3][8]_srl4
  -------------------------------------------------------------------
                         required time                         -1.048    
                         arrival time                           1.169    
  -------------------------------------------------------------------
                         slack                                  0.121    

Slack (MET) :             0.122ns  (arrival time - required time)
  Source:                 design_1_i/axi_iic_0/U0/X_IIC/FILTER_I/SDA_DEBOUNCE/INPUT_DOUBLE_REGS/GENERATE_LEVEL_P_S_CDC.SINGLE_BIT.CROSS_PLEVEL_IN2SCNDRY_IN_cdc_to/C
                            (rising edge-triggered cell FDRE clocked by clk_fpga_0  {rise@0.000ns fall@5.000ns period=10.000ns})
  Destination:            design_1_i/axi_iic_0/U0/X_IIC/FILTER_I/SDA_DEBOUNCE/INPUT_DOUBLE_REGS/GENERATE_LEVEL_P_S_CDC.SINGLE_BIT.CROSS_PLEVEL_IN2SCNDRY_s_level_out_d2/D
                            (rising edge-triggered cell FDRE clocked by clk_fpga_0  {rise@0.000ns fall@5.000ns period=10.000ns})
  Path Group:             clk_fpga_0
  Path Type:              Hold (Min at Fast Process Corner)
  Requirement:            0.000ns  (clk_fpga_0 rise@0.000ns - clk_fpga_0 rise@0.000ns)
  Data Path Delay:        0.197ns  (logic 0.141ns (71.611%)  route 0.056ns (28.389%))
  Logic Levels:           0  
  Clock Path Skew:        0.000ns (DCD - SCD - CPR)
    Destination Clock Delay (DCD):    1.183ns
    Source Clock Delay      (SCD):    0.887ns
    Clock Pessimism Removal (CPR):    0.296ns

    Location             Delay type                Incr(ns)  Path(ns)    Netlist Resource(s)
  -------------------------------------------------------------------    -------------------
                         (clock clk_fpga_0 rise edge)
                                                      0.000     0.000 r  
    PS7_X0Y0             PS7                          0.000     0.000 r  design_1_i/processing_system7_0/inst/PS7_i/FCLKCLK[0]
                         net (fo=1, routed)           0.310     0.310    design_1_i/processing_system7_0/inst/FCLK_CLK_unbuffered[0]
    BUFGCTRL_X0Y16       BUFG (Prop_bufg_I_O)         0.026     0.336 r  design_1_i/processing_system7_0/inst/buffer_fclk_clk_0.FCLK_CLK_0_BUFG/O
                         net (fo=896, routed)         0.551     0.887    design_1_i/axi_iic_0/U0/X_IIC/FILTER_I/SDA_DEBOUNCE/INPUT_DOUBLE_REGS/s_axi_aclk
    SLICE_X45Y83         FDRE                                         r  design_1_i/axi_iic_0/U0/X_IIC/FILTER_I/SDA_DEBOUNCE/INPUT_DOUBLE_REGS/GENERATE_LEVEL_P_S_CDC.SINGLE_BIT.CROSS_PLEVEL_IN2SCNDRY_IN_cdc_to/C
  -------------------------------------------------------------------    -------------------
    SLICE_X45Y83         FDRE (Prop_fdre_C_Q)         0.141     1.028 r  design_1_i/axi_iic_0/U0/X_IIC/FILTER_I/SDA_DEBOUNCE/INPUT_DOUBLE_REGS/GENERATE_LEVEL_P_S_CDC.SINGLE_BIT.CROSS_PLEVEL_IN2SCNDRY_IN_cdc_to/Q
                         net (fo=1, routed)           0.056     1.083    design_1_i/axi_iic_0/U0/X_IIC/FILTER_I/SDA_DEBOUNCE/INPUT_DOUBLE_REGS/Q
    SLICE_X45Y83         FDRE                                         r  design_1_i/axi_iic_0/U0/X_IIC/FILTER_I/SDA_DEBOUNCE/INPUT_DOUBLE_REGS/GENERATE_LEVEL_P_S_CDC.SINGLE_BIT.CROSS_PLEVEL_IN2SCNDRY_s_level_out_d2/D
  -------------------------------------------------------------------    -------------------

                         (clock clk_fpga_0 rise edge)
                                                      0.000     0.000 r  
    PS7_X0Y0             PS7                          0.000     0.000 r  design_1_i/processing_system7_0/inst/PS7_i/FCLKCLK[0]
                         net (fo=1, routed)           0.337     0.337    design_1_i/processing_system7_0/inst/FCLK_CLK_unbuffered[0]
    BUFGCTRL_X0Y16       BUFG (Prop_bufg_I_O)         0.029     0.366 r  design_1_i/processing_system7_0/inst/buffer_fclk_clk_0.FCLK_CLK_0_BUFG/O
                         net (fo=896, routed)         0.817     1.183    design_1_i/axi_iic_0/U0/X_IIC/FILTER_I/SDA_DEBOUNCE/INPUT_DOUBLE_REGS/s_axi_aclk
    SLICE_X45Y83         FDRE                                         r  design_1_i/axi_iic_0/U0/X_IIC/FILTER_I/SDA_DEBOUNCE/INPUT_DOUBLE_REGS/GENERATE_LEVEL_P_S_CDC.SINGLE_BIT.CROSS_PLEVEL_IN2SCNDRY_s_level_out_d2/C
                         clock pessimism             -0.296     0.887    
    SLICE_X45Y83         FDRE (Hold_fdre_C_D)         0.075     0.962    design_1_i/axi_iic_0/U0/X_IIC/FILTER_I/SDA_DEBOUNCE/INPUT_DOUBLE_REGS/GENERATE_LEVEL_P_S_CDC.SINGLE_BIT.CROSS_PLEVEL_IN2SCNDRY_s_level_out_d2
  -------------------------------------------------------------------
                         required time                         -0.962    
                         arrival time                           1.083    
  -------------------------------------------------------------------
                         slack                                  0.122    





Pulse Width Checks
--------------------------------------------------------------------------------------
Clock Name:         clk_fpga_0
Waveform(ns):       { 0.000 5.000 }
Period(ns):         10.000
Sources:            { design_1_i/processing_system7_0/inst/PS7_i/FCLKCLK[0] }

Check Type        Corner  Lib Pin     Reference Pin  Required(ns)  Actual(ns)  Slack(ns)  Location        Pin
Min Period        n/a     BUFG/I      n/a            2.155         10.000      7.845      BUFGCTRL_X0Y16  design_1_i/processing_system7_0/inst/buffer_fclk_clk_0.FCLK_CLK_0_BUFG/I
Min Period        n/a     FDRE/C      n/a            1.000         10.000      9.000      SLICE_X35Y82    design_1_i/axi_iic_0/U0/X_IIC/Rc_fifo_rd_d_reg/C
Min Period        n/a     FDRE/C      n/a            1.000         10.000      9.000      SLICE_X35Y82    design_1_i/axi_iic_0/U0/X_IIC/Rc_fifo_wr_d_reg/C
Min Period        n/a     FDRE/C      n/a            1.000         10.000      9.000      SLICE_X39Y82    design_1_i/axi_iic_0/U0/X_IIC/Tx_fifo_rd_d_reg/C
Min Period        n/a     FDRE/C      n/a            1.000         10.000      9.000      SLICE_X39Y82    design_1_i/axi_iic_0/U0/X_IIC/Tx_fifo_wr_d_reg/C
Min Period        n/a     FDRE/C      n/a            1.000         10.000      9.000      SLICE_X40Y84    design_1_i/axi_iic_0/U0/X_IIC/DYN_MASTER_I/Cr_txModeSelect_clr_reg/C
Min Period        n/a     FDRE/C      n/a            1.000         10.000      9.000      SLICE_X40Y84    design_1_i/axi_iic_0/U0/X_IIC/DYN_MASTER_I/Cr_txModeSelect_set_reg/C
Min Period        n/a     FDRE/C      n/a            1.000         10.000      9.000      SLICE_X40Y82    design_1_i/axi_iic_0/U0/X_IIC/DYN_MASTER_I/ackDataState_d1_reg/C
Min Period        n/a     FDRE/C      n/a            1.000         10.000      9.000      SLICE_X39Y83    design_1_i/axi_iic_0/U0/X_IIC/DYN_MASTER_I/callingReadAccess_reg/C
Min Period        n/a     FDRE/C      n/a            1.000         10.000      9.000      SLICE_X38Y81    design_1_i/axi_iic_0/U0/X_IIC/DYN_MASTER_I/earlyAckDataState_d1_reg/C
Low Pulse Width   Slow    SRL16E/CLK  n/a            0.980         5.000       4.020      SLICE_X34Y84    design_1_i/axi_iic_0/U0/X_IIC/READ_FIFO_I/FIFO_RAM[0].SRL16E_I/CLK
Low Pulse Width   Fast    SRL16E/CLK  n/a            0.980         5.000       4.020      SLICE_X34Y84    design_1_i/axi_iic_0/U0/X_IIC/READ_FIFO_I/FIFO_RAM[0].SRL16E_I/CLK
Low Pulse Width   Slow    SRL16E/CLK  n/a            0.980         5.000       4.020      SLICE_X34Y84    design_1_i/axi_iic_0/U0/X_IIC/READ_FIFO_I/FIFO_RAM[1].SRL16E_I/CLK
Low Pulse Width   Fast    SRL16E/CLK  n/a            0.980         5.000       4.020      SLICE_X34Y84    design_1_i/axi_iic_0/U0/X_IIC/READ_FIFO_I/FIFO_RAM[1].SRL16E_I/CLK
Low Pulse Width   Slow    SRL16E/CLK  n/a            0.980         5.000       4.020      SLICE_X34Y84    design_1_i/axi_iic_0/U0/X_IIC/READ_FIFO_I/FIFO_RAM[2].SRL16E_I/CLK
Low Pulse Width   Fast    SRL16E/CLK  n/a            0.980         5.000       4.020      SLICE_X34Y84    design_1_i/axi_iic_0/U0/X_IIC/READ_FIFO_I/FIFO_RAM[2].SRL16E_I/CLK
Low Pulse Width   Slow    SRL16E/CLK  n/a            0.980         5.000       4.020      SLICE_X34Y84    design_1_i/axi_iic_0/U0/X_IIC/READ_FIFO_I/FIFO_RAM[3].SRL16E_I/CLK
Low Pulse Width   Fast    SRL16E/CLK  n/a            0.980         5.000       4.020      SLICE_X34Y84    design_1_i/axi_iic_0/U0/X_IIC/READ_FIFO_I/FIFO_RAM[3].SRL16E_I/CLK
Low Pulse Width   Slow    SRL16E/CLK  n/a            0.980         5.000       4.020      SLICE_X34Y84    design_1_i/axi_iic_0/U0/X_IIC/READ_FIFO_I/FIFO_RAM[4].SRL16E_I/CLK
Low Pulse Width   Fast    SRL16E/CLK  n/a            0.980         5.000       4.020      SLICE_X34Y84    design_1_i/axi_iic_0/U0/X_IIC/READ_FIFO_I/FIFO_RAM[4].SRL16E_I/CLK
High Pulse Width  Slow    SRL16E/CLK  n/a            0.980         5.000       4.020      SLICE_X34Y84    design_1_i/axi_iic_0/U0/X_IIC/READ_FIFO_I/FIFO_RAM[0].SRL16E_I/CLK
High Pulse Width  Fast    SRL16E/CLK  n/a            0.980         5.000       4.020      SLICE_X34Y84    design_1_i/axi_iic_0/U0/X_IIC/READ_FIFO_I/FIFO_RAM[0].SRL16E_I/CLK
High Pulse Width  Slow    SRL16E/CLK  n/a            0.980         5.000       4.020      SLICE_X34Y84    design_1_i/axi_iic_0/U0/X_IIC/READ_FIFO_I/FIFO_RAM[1].SRL16E_I/CLK
High Pulse Width  Fast    SRL16E/CLK  n/a            0.980         5.000       4.020      SLICE_X34Y84    design_1_i/axi_iic_0/U0/X_IIC/READ_FIFO_I/FIFO_RAM[1].SRL16E_I/CLK
High Pulse Width  Slow    SRL16E/CLK  n/a            0.980         5.000       4.020      SLICE_X34Y84    design_1_i/axi_iic_0/U0/X_IIC/READ_FIFO_I/FIFO_RAM[2].SRL16E_I/CLK
High Pulse Width  Fast    SRL16E/CLK  n/a            0.980         5.000       4.020      SLICE_X34Y84    design_1_i/axi_iic_0/U0/X_IIC/READ_FIFO_I/FIFO_RAM[2].SRL16E_I/CLK
High Pulse Width  Slow    SRL16E/CLK  n/a            0.980         5.000       4.020      SLICE_X34Y84    design_1_i/axi_iic_0/U0/X_IIC/READ_FIFO_I/FIFO_RAM[3].SRL16E_I/CLK
High Pulse Width  Fast    SRL16E/CLK  n/a            0.980         5.000       4.020      SLICE_X34Y84    design_1_i/axi_iic_0/U0/X_IIC/READ_FIFO_I/FIFO_RAM[3].SRL16E_I/CLK
High Pulse Width  Slow    SRL16E/CLK  n/a            0.980         5.000       4.020      SLICE_X34Y84    design_1_i/axi_iic_0/U0/X_IIC/READ_FIFO_I/FIFO_RAM[4].SRL16E_I/CLK
High Pulse Width  Fast    SRL16E/CLK  n/a            0.980         5.000       4.020      SLICE_X34Y84    design_1_i/axi_iic_0/U0/X_IIC/READ_FIFO_I/FIFO_RAM[4].SRL16E_I/CLK



--------------------------------------------------------------------------------------
Path Group:  (none)
From Clock:  
  To Clock:  clk_fpga_0

Max Delay             1 Endpoint
Min Delay             1 Endpoint
--------------------------------------------------------------------------------------


Max Delay Paths
--------------------------------------------------------------------------------------
Slack:                    inf
  Source:                 design_1_i/processing_system7_0/inst/PS7_i/FCLKRESETN[0]
                            (internal pin)
  Destination:            design_1_i/rst_ps7_0_100M/U0/EXT_LPF/ACTIVE_LOW_EXT.ACT_LO_EXT/GENERATE_LEVEL_P_S_CDC.SINGLE_BIT.CROSS_PLEVEL_IN2SCNDRY_IN_cdc_to/D
                            (rising edge-triggered cell FDRE clocked by clk_fpga_0  {rise@0.000ns fall@5.000ns period=10.000ns})
  Path Group:             (none)
  Path Type:              Setup (Max at Slow Process Corner)
  Data Path Delay:        1.981ns  (logic 0.124ns (6.258%)  route 1.857ns (93.742%))
  Logic Levels:           1  (LUT1=1)
  Clock Uncertainty:      0.152ns  ((TSJ^2 + TIJ^2)^1/2 + DJ) / 2 + PE
    Total System Jitter     (TSJ):    0.050ns
    Total Input Jitter      (TIJ):    0.300ns
    Discrete Jitter          (DJ):    0.000ns
    Phase Error              (PE):    0.000ns
  Timing Exception:       False Path

    Location             Delay type                Incr(ns)  Path(ns)    Netlist Resource(s)
  -------------------------------------------------------------------    -------------------
    PS7_X0Y0             PS7                          0.000     0.000 f  design_1_i/processing_system7_0/inst/PS7_i/FCLKRESETN[0]
                         net (fo=1, routed)           1.857     1.857    design_1_i/rst_ps7_0_100M/U0/EXT_LPF/ACTIVE_LOW_EXT.ACT_LO_EXT/ext_reset_in
    SLICE_X36Y103        LUT1 (Prop_lut1_I0_O)        0.124     1.981 r  design_1_i/rst_ps7_0_100M/U0/EXT_LPF/ACTIVE_LOW_EXT.ACT_LO_EXT/GENERATE_LEVEL_P_S_CDC.SINGLE_BIT.CROSS_PLEVEL_IN2SCNDRY_IN_cdc_to_i_1/O
                         net (fo=1, routed)           0.000     1.981    design_1_i/rst_ps7_0_100M/U0/EXT_LPF/ACTIVE_LOW_EXT.ACT_LO_EXT/exr_d1
    SLICE_X36Y103        FDRE                                         r  design_1_i/rst_ps7_0_100M/U0/EXT_LPF/ACTIVE_LOW_EXT.ACT_LO_EXT/GENERATE_LEVEL_P_S_CDC.SINGLE_BIT.CROSS_PLEVEL_IN2SCNDRY_IN_cdc_to/D
  -------------------------------------------------------------------    -------------------

                         (clock clk_fpga_0 rise edge)
                                                      0.000     0.000 r  
    PS7_X0Y0             PS7                          0.000     0.000 r  design_1_i/processing_system7_0/inst/PS7_i/FCLKCLK[0]
                         net (fo=1, routed)           1.088     1.088    design_1_i/processing_system7_0/inst/FCLK_CLK_unbuffered[0]
    BUFGCTRL_X0Y16       BUFG (Prop_bufg_I_O)         0.091     1.179 r  design_1_i/processing_system7_0/inst/buffer_fclk_clk_0.FCLK_CLK_0_BUFG/O
                         net (fo=896, routed)         1.653     2.832    design_1_i/rst_ps7_0_100M/U0/EXT_LPF/ACTIVE_LOW_EXT.ACT_LO_EXT/slowest_sync_clk
    SLICE_X36Y103        FDRE                                         r  design_1_i/rst_ps7_0_100M/U0/EXT_LPF/ACTIVE_LOW_EXT.ACT_LO_EXT/GENERATE_LEVEL_P_S_CDC.SINGLE_BIT.CROSS_PLEVEL_IN2SCNDRY_IN_cdc_to/C





Min Delay Paths
--------------------------------------------------------------------------------------
Slack:                    inf
  Source:                 design_1_i/processing_system7_0/inst/PS7_i/FCLKRESETN[0]
                            (internal pin)
  Destination:            design_1_i/rst_ps7_0_100M/U0/EXT_LPF/ACTIVE_LOW_EXT.ACT_LO_EXT/GENERATE_LEVEL_P_S_CDC.SINGLE_BIT.CROSS_PLEVEL_IN2SCNDRY_IN_cdc_to/D
                            (rising edge-triggered cell FDRE clocked by clk_fpga_0  {rise@0.000ns fall@5.000ns period=10.000ns})
  Path Group:             (none)
  Path Type:              Hold (Min at Fast Process Corner)
  Data Path Delay:        0.812ns  (logic 0.045ns (5.539%)  route 0.767ns (94.461%))
  Logic Levels:           1  (LUT1=1)
  Clock Uncertainty:      0.152ns  ((TSJ^2 + TIJ^2)^1/2 + DJ) / 2 + PE
    Total System Jitter     (TSJ):    0.050ns
    Total Input Jitter      (TIJ):    0.300ns
    Discrete Jitter          (DJ):    0.000ns
    Phase Error              (PE):    0.000ns
  Timing Exception:       False Path

    Location             Delay type                Incr(ns)  Path(ns)    Netlist Resource(s)
  -------------------------------------------------------------------    -------------------
    PS7_X0Y0             PS7                          0.000     0.000 f  design_1_i/processing_system7_0/inst/PS7_i/FCLKRESETN[0]
                         net (fo=1, routed)           0.767     0.767    design_1_i/rst_ps7_0_100M/U0/EXT_LPF/ACTIVE_LOW_EXT.ACT_LO_EXT/ext_reset_in
    SLICE_X36Y103        LUT1 (Prop_lut1_I0_O)        0.045     0.812 r  design_1_i/rst_ps7_0_100M/U0/EXT_LPF/ACTIVE_LOW_EXT.ACT_LO_EXT/GENERATE_LEVEL_P_S_CDC.SINGLE_BIT.CROSS_PLEVEL_IN2SCNDRY_IN_cdc_to_i_1/O
                         net (fo=1, routed)           0.000     0.812    design_1_i/rst_ps7_0_100M/U0/EXT_LPF/ACTIVE_LOW_EXT.ACT_LO_EXT/exr_d1
    SLICE_X36Y103        FDRE                                         r  design_1_i/rst_ps7_0_100M/U0/EXT_LPF/ACTIVE_LOW_EXT.ACT_LO_EXT/GENERATE_LEVEL_P_S_CDC.SINGLE_BIT.CROSS_PLEVEL_IN2SCNDRY_IN_cdc_to/D
  -------------------------------------------------------------------    -------------------

                         (clock clk_fpga_0 rise edge)
                                                      0.000     0.000 r  
    PS7_X0Y0             PS7                          0.000     0.000 r  design_1_i/processing_system7_0/inst/PS7_i/FCLKCLK[0]
                         net (fo=1, routed)           0.337     0.337    design_1_i/processing_system7_0/inst/FCLK_CLK_unbuffered[0]
    BUFGCTRL_X0Y16       BUFG (Prop_bufg_I_O)         0.029     0.366 r  design_1_i/processing_system7_0/inst/buffer_fclk_clk_0.FCLK_CLK_0_BUFG/O
                         net (fo=896, routed)         0.910     1.276    design_1_i/rst_ps7_0_100M/U0/EXT_LPF/ACTIVE_LOW_EXT.ACT_LO_EXT/slowest_sync_clk
    SLICE_X36Y103        FDRE                                         r  design_1_i/rst_ps7_0_100M/U0/EXT_LPF/ACTIVE_LOW_EXT.ACT_LO_EXT/GENERATE_LEVEL_P_S_CDC.SINGLE_BIT.CROSS_PLEVEL_IN2SCNDRY_IN_cdc_to/C





--------------------------------------------------------------------------------------
Path Group:  (none)
From Clock:  clk_fpga_0
  To Clock:  

Max Delay             2 Endpoints
Min Delay             2 Endpoints
--------------------------------------------------------------------------------------


Max Delay Paths
--------------------------------------------------------------------------------------
Slack:                    inf
  Source:                 design_1_i/axi_iic_0/U0/X_IIC/REG_INTERFACE_I/RD_FIFO_CNTRL.ro_prev_i_reg/C
                            (rising edge-triggered cell FDRE clocked by clk_fpga_0  {rise@0.000ns fall@5.000ns period=10.000ns})
  Destination:            IIC_0_scl_io
                            (output port)
  Path Group:             (none)
  Path Type:              Max at Slow Process Corner
  Data Path Delay:        9.539ns  (logic 4.175ns (43.766%)  route 5.364ns (56.234%))
  Logic Levels:           2  (LUT4=1 OBUFT=1)
  Clock Uncertainty:      0.152ns  ((TSJ^2 + TIJ^2)^1/2 + DJ) / 2 + PE
    Total System Jitter     (TSJ):    0.050ns
    Total Input Jitter      (TIJ):    0.300ns
    Discrete Jitter          (DJ):    0.000ns
    Phase Error              (PE):    0.000ns

    Location             Delay type                Incr(ns)  Path(ns)    Netlist Resource(s)
  -------------------------------------------------------------------    -------------------
                         (clock clk_fpga_0 rise edge)
                                                      0.000     0.000 r  
    PS7_X0Y0             PS7                          0.000     0.000 r  design_1_i/processing_system7_0/inst/PS7_i/FCLKCLK[0]
                         net (fo=1, routed)           1.193     1.193    design_1_i/processing_system7_0/inst/FCLK_CLK_unbuffered[0]
    BUFGCTRL_X0Y16       BUFG (Prop_bufg_I_O)         0.101     1.294 r  design_1_i/processing_system7_0/inst/buffer_fclk_clk_0.FCLK_CLK_0_BUFG/O
                         net (fo=896, routed)         1.644     2.938    design_1_i/axi_iic_0/U0/X_IIC/REG_INTERFACE_I/s_axi_aclk
    SLICE_X35Y83         FDRE                                         r  design_1_i/axi_iic_0/U0/X_IIC/REG_INTERFACE_I/RD_FIFO_CNTRL.ro_prev_i_reg/C
  -------------------------------------------------------------------    -------------------
    SLICE_X35Y83         FDRE (Prop_fdre_C_Q)         0.456     3.394 r  design_1_i/axi_iic_0/U0/X_IIC/REG_INTERFACE_I/RD_FIFO_CNTRL.ro_prev_i_reg/Q
                         net (fo=11, routed)          1.030     4.424    design_1_i/axi_iic_0/U0/X_IIC/IIC_CONTROL_I/Ro_prev
    SLICE_X41Y84         LUT4 (Prop_lut4_I2_O)        0.124     4.548 f  design_1_i/axi_iic_0/U0/X_IIC/IIC_CONTROL_I/Scl_T_inferred_i_1/O
                         net (fo=1, routed)           4.334     8.882    IIC_0_scl_iobuf/T
    Y18                  OBUFT (TriStatE_obuft_T_O)
                                                      3.595    12.477 r  IIC_0_scl_iobuf/OBUFT/O
                         net (fo=1, unset)            0.000    12.477    IIC_0_scl_io
    Y18                                                               r  IIC_0_scl_io (INOUT)
  -------------------------------------------------------------------    -------------------

Slack:                    inf
  Source:                 design_1_i/axi_iic_0/U0/X_IIC/IIC_CONTROL_I/stop_scl_reg_reg/C
                            (rising edge-triggered cell FDRE clocked by clk_fpga_0  {rise@0.000ns fall@5.000ns period=10.000ns})
  Destination:            IIC_0_sda_io
                            (output port)
  Path Group:             (none)
  Path Type:              Max at Slow Process Corner
  Data Path Delay:        8.579ns  (logic 4.169ns (48.593%)  route 4.410ns (51.407%))
  Logic Levels:           2  (LUT5=1 OBUFT=1)
  Clock Uncertainty:      0.152ns  ((TSJ^2 + TIJ^2)^1/2 + DJ) / 2 + PE
    Total System Jitter     (TSJ):    0.050ns
    Total Input Jitter      (TIJ):    0.300ns
    Discrete Jitter          (DJ):    0.000ns
    Phase Error              (PE):    0.000ns

    Location             Delay type                Incr(ns)  Path(ns)    Netlist Resource(s)
  -------------------------------------------------------------------    -------------------
                         (clock clk_fpga_0 rise edge)
                                                      0.000     0.000 r  
    PS7_X0Y0             PS7                          0.000     0.000 r  design_1_i/processing_system7_0/inst/PS7_i/FCLKCLK[0]
                         net (fo=1, routed)           1.193     1.193    design_1_i/processing_system7_0/inst/FCLK_CLK_unbuffered[0]
    BUFGCTRL_X0Y16       BUFG (Prop_bufg_I_O)         0.101     1.294 r  design_1_i/processing_system7_0/inst/buffer_fclk_clk_0.FCLK_CLK_0_BUFG/O
                         net (fo=896, routed)         1.648     2.942    design_1_i/axi_iic_0/U0/X_IIC/IIC_CONTROL_I/s_axi_aclk
    SLICE_X43Y88         FDRE                                         r  design_1_i/axi_iic_0/U0/X_IIC/IIC_CONTROL_I/stop_scl_reg_reg/C
  -------------------------------------------------------------------    -------------------
    SLICE_X43Y88         FDRE (Prop_fdre_C_Q)         0.456     3.398 r  design_1_i/axi_iic_0/U0/X_IIC/IIC_CONTROL_I/stop_scl_reg_reg/Q
                         net (fo=6, routed)           0.862     4.260    design_1_i/axi_iic_0/U0/X_IIC/IIC_CONTROL_I/stop_scl_reg
    SLICE_X43Y86         LUT5 (Prop_lut5_I4_O)        0.124     4.384 f  design_1_i/axi_iic_0/U0/X_IIC/IIC_CONTROL_I/Sda_T_inferred_i_1/O
                         net (fo=1, routed)           3.548     7.932    IIC_0_sda_iobuf/T
    Y19                  OBUFT (TriStatE_obuft_T_O)
                                                      3.589    11.521 r  IIC_0_sda_iobuf/OBUFT/O
                         net (fo=1, unset)            0.000    11.521    IIC_0_sda_io
    Y19                                                               r  IIC_0_sda_io (INOUT)
  -------------------------------------------------------------------    -------------------





Min Delay Paths
--------------------------------------------------------------------------------------
Slack:                    inf
  Source:                 design_1_i/axi_iic_0/U0/X_IIC/IIC_CONTROL_I/slave_sda_reg/C
                            (rising edge-triggered cell FDSE clocked by clk_fpga_0  {rise@0.000ns fall@5.000ns period=10.000ns})
  Destination:            IIC_0_sda_io
                            (output port)
  Path Group:             (none)
  Path Type:              Min at Fast Process Corner
  Data Path Delay:        2.746ns  (logic 1.010ns (36.774%)  route 1.736ns (63.226%))
  Logic Levels:           2  (LUT5=1 OBUFT=1)
  Clock Uncertainty:      0.152ns  ((TSJ^2 + TIJ^2)^1/2 + DJ) / 2 + PE
    Total System Jitter     (TSJ):    0.050ns
    Total Input Jitter      (TIJ):    0.300ns
    Discrete Jitter          (DJ):    0.000ns
    Phase Error              (PE):    0.000ns

    Location             Delay type                Incr(ns)  Path(ns)    Netlist Resource(s)
  -------------------------------------------------------------------    -------------------
                         (clock clk_fpga_0 rise edge)
                                                      0.000     0.000 r  
    PS7_X0Y0             PS7                          0.000     0.000 r  design_1_i/processing_system7_0/inst/PS7_i/FCLKCLK[0]
                         net (fo=1, routed)           0.310     0.310    design_1_i/processing_system7_0/inst/FCLK_CLK_unbuffered[0]
    BUFGCTRL_X0Y16       BUFG (Prop_bufg_I_O)         0.026     0.336 r  design_1_i/processing_system7_0/inst/buffer_fclk_clk_0.FCLK_CLK_0_BUFG/O
                         net (fo=896, routed)         0.552     0.888    design_1_i/axi_iic_0/U0/X_IIC/IIC_CONTROL_I/s_axi_aclk
    SLICE_X43Y84         FDSE                                         r  design_1_i/axi_iic_0/U0/X_IIC/IIC_CONTROL_I/slave_sda_reg/C
  -------------------------------------------------------------------    -------------------
    SLICE_X43Y84         FDSE (Prop_fdse_C_Q)         0.141     1.029 r  design_1_i/axi_iic_0/U0/X_IIC/IIC_CONTROL_I/slave_sda_reg/Q
                         net (fo=1, routed)           0.196     1.225    design_1_i/axi_iic_0/U0/X_IIC/IIC_CONTROL_I/slave_sda_reg_n_0
    SLICE_X43Y86         LUT5 (Prop_lut5_I3_O)        0.045     1.270 r  design_1_i/axi_iic_0/U0/X_IIC/IIC_CONTROL_I/Sda_T_inferred_i_1/O
                         net (fo=1, routed)           1.540     2.810    IIC_0_sda_iobuf/T
    Y19                  OBUFT (TriStatD_obuft_T_O)
                                                      0.824     3.634 r  IIC_0_sda_iobuf/OBUFT/O
                         net (fo=1, unset)            0.000     3.634    IIC_0_sda_io
    Y19                                                               r  IIC_0_sda_io (INOUT)
  -------------------------------------------------------------------    -------------------

Slack:                    inf
  Source:                 design_1_i/axi_iic_0/U0/X_IIC/IIC_CONTROL_I/rsta_tx_under_prev_reg/C
                            (rising edge-triggered cell FDRE clocked by clk_fpga_0  {rise@0.000ns fall@5.000ns period=10.000ns})
  Destination:            IIC_0_scl_io
                            (output port)
  Path Group:             (none)
  Path Type:              Min at Fast Process Corner
  Data Path Delay:        3.114ns  (logic 1.010ns (32.434%)  route 2.104ns (67.566%))
  Logic Levels:           2  (LUT4=1 OBUFT=1)
  Clock Uncertainty:      0.152ns  ((TSJ^2 + TIJ^2)^1/2 + DJ) / 2 + PE
    Total System Jitter     (TSJ):    0.050ns
    Total Input Jitter      (TIJ):    0.300ns
    Discrete Jitter          (DJ):    0.000ns
    Phase Error              (PE):    0.000ns

    Location             Delay type                Incr(ns)  Path(ns)    Netlist Resource(s)
  -------------------------------------------------------------------    -------------------
                         (clock clk_fpga_0 rise edge)
                                                      0.000     0.000 r  
    PS7_X0Y0             PS7                          0.000     0.000 r  design_1_i/processing_system7_0/inst/PS7_i/FCLKCLK[0]
                         net (fo=1, routed)           0.310     0.310    design_1_i/processing_system7_0/inst/FCLK_CLK_unbuffered[0]
    BUFGCTRL_X0Y16       BUFG (Prop_bufg_I_O)         0.026     0.336 r  design_1_i/processing_system7_0/inst/buffer_fclk_clk_0.FCLK_CLK_0_BUFG/O
                         net (fo=896, routed)         0.552     0.888    design_1_i/axi_iic_0/U0/X_IIC/IIC_CONTROL_I/s_axi_aclk
    SLICE_X41Y84         FDRE                                         r  design_1_i/axi_iic_0/U0/X_IIC/IIC_CONTROL_I/rsta_tx_under_prev_reg/C
  -------------------------------------------------------------------    -------------------
    SLICE_X41Y84         FDRE (Prop_fdre_C_Q)         0.141     1.029 f  design_1_i/axi_iic_0/U0/X_IIC/IIC_CONTROL_I/rsta_tx_under_prev_reg/Q
                         net (fo=2, routed)           0.209     1.238    design_1_i/axi_iic_0/U0/X_IIC/IIC_CONTROL_I/rsta_tx_under_prev
    SLICE_X41Y84         LUT4 (Prop_lut4_I0_O)        0.045     1.283 r  design_1_i/axi_iic_0/U0/X_IIC/IIC_CONTROL_I/Scl_T_inferred_i_1/O
                         net (fo=1, routed)           1.895     3.178    IIC_0_scl_iobuf/T
    Y18                  OBUFT (TriStatD_obuft_T_O)
                                                      0.824     4.002 r  IIC_0_scl_iobuf/OBUFT/O
                         net (fo=1, unset)            0.000     4.002    IIC_0_scl_io
    Y18                                                               r  IIC_0_scl_io (INOUT)
  -------------------------------------------------------------------    -------------------





--------------------------------------------------------------------------------------
Path Group:  (none)
From Clock:  
  To Clock:  clk_fpga_0

Max Delay             2 Endpoints
Min Delay             2 Endpoints
--------------------------------------------------------------------------------------


Max Delay Paths
--------------------------------------------------------------------------------------
Slack:                    inf
  Source:                 IIC_0_sda_io
                            (input port)
  Destination:            design_1_i/axi_iic_0/U0/X_IIC/FILTER_I/SDA_DEBOUNCE/INPUT_DOUBLE_REGS/GENERATE_LEVEL_P_S_CDC.SINGLE_BIT.CROSS_PLEVEL_IN2SCNDRY_IN_cdc_to/D
                            (rising edge-triggered cell FDRE clocked by clk_fpga_0  {rise@0.000ns fall@5.000ns period=10.000ns})
  Path Group:             (none)
  Path Type:              Setup (Max at Slow Process Corner)
  Data Path Delay:        5.055ns  (logic 1.519ns (30.041%)  route 3.536ns (69.959%))
  Logic Levels:           1  (IBUF=1)
  Clock Path Skew:        2.650ns (DCD - SCD + CPR)
    Destination Clock Delay (DCD):    2.650ns
    Source Clock Delay      (SCD):    0.000ns
    Clock Pessimism Removal (CPR):    0.000ns
  Clock Uncertainty:      0.152ns  ((TSJ^2 + TIJ^2)^1/2 + DJ) / 2 + PE
    Total System Jitter     (TSJ):    0.050ns
    Total Input Jitter      (TIJ):    0.300ns
    Discrete Jitter          (DJ):    0.000ns
    Phase Error              (PE):    0.000ns

    Location             Delay type                Incr(ns)  Path(ns)    Netlist Resource(s)
  -------------------------------------------------------------------    -------------------
    Y19                                               0.000     0.000 r  IIC_0_sda_io (INOUT)
                         net (fo=1, unset)            0.000     0.000    IIC_0_sda_iobuf/IO
    Y19                  IBUF (Prop_ibuf_I_O)         1.519     1.519 r  IIC_0_sda_iobuf/IBUF/O
                         net (fo=1, routed)           3.536     5.055    design_1_i/axi_iic_0/U0/X_IIC/FILTER_I/SDA_DEBOUNCE/INPUT_DOUBLE_REGS/sda_i
    SLICE_X45Y83         FDRE                                         r  design_1_i/axi_iic_0/U0/X_IIC/FILTER_I/SDA_DEBOUNCE/INPUT_DOUBLE_REGS/GENERATE_LEVEL_P_S_CDC.SINGLE_BIT.CROSS_PLEVEL_IN2SCNDRY_IN_cdc_to/D
  -------------------------------------------------------------------    -------------------

                         (clock clk_fpga_0 rise edge)
                                                      0.000     0.000 r  
    PS7_X0Y0             PS7                          0.000     0.000 r  design_1_i/processing_system7_0/inst/PS7_i/FCLKCLK[0]
                         net (fo=1, routed)           1.088     1.088    design_1_i/processing_system7_0/inst/FCLK_CLK_unbuffered[0]
    BUFGCTRL_X0Y16       BUFG (Prop_bufg_I_O)         0.091     1.179 r  design_1_i/processing_system7_0/inst/buffer_fclk_clk_0.FCLK_CLK_0_BUFG/O
                         net (fo=896, routed)         1.471     2.650    design_1_i/axi_iic_0/U0/X_IIC/FILTER_I/SDA_DEBOUNCE/INPUT_DOUBLE_REGS/s_axi_aclk
    SLICE_X45Y83         FDRE                                         r  design_1_i/axi_iic_0/U0/X_IIC/FILTER_I/SDA_DEBOUNCE/INPUT_DOUBLE_REGS/GENERATE_LEVEL_P_S_CDC.SINGLE_BIT.CROSS_PLEVEL_IN2SCNDRY_IN_cdc_to/C

Slack:                    inf
  Source:                 IIC_0_scl_io
                            (input port)
  Destination:            design_1_i/axi_iic_0/U0/X_IIC/FILTER_I/SCL_DEBOUNCE/INPUT_DOUBLE_REGS/GENERATE_LEVEL_P_S_CDC.SINGLE_BIT.CROSS_PLEVEL_IN2SCNDRY_IN_cdc_to/D
                            (rising edge-triggered cell FDRE clocked by clk_fpga_0  {rise@0.000ns fall@5.000ns period=10.000ns})
  Path Group:             (none)
  Path Type:              Setup (Max at Slow Process Corner)
  Data Path Delay:        4.977ns  (logic 1.525ns (30.634%)  route 3.452ns (69.366%))
  Logic Levels:           1  (IBUF=1)
  Clock Path Skew:        2.650ns (DCD - SCD + CPR)
    Destination Clock Delay (DCD):    2.650ns
    Source Clock Delay      (SCD):    0.000ns
    Clock Pessimism Removal (CPR):    0.000ns
  Clock Uncertainty:      0.152ns  ((TSJ^2 + TIJ^2)^1/2 + DJ) / 2 + PE
    Total System Jitter     (TSJ):    0.050ns
    Total Input Jitter      (TIJ):    0.300ns
    Discrete Jitter          (DJ):    0.000ns
    Phase Error              (PE):    0.000ns

    Location             Delay type                Incr(ns)  Path(ns)    Netlist Resource(s)
  -------------------------------------------------------------------    -------------------
    Y18                                               0.000     0.000 r  IIC_0_scl_io (INOUT)
                         net (fo=1, unset)            0.000     0.000    IIC_0_scl_iobuf/IO
    Y18                  IBUF (Prop_ibuf_I_O)         1.525     1.525 r  IIC_0_scl_iobuf/IBUF/O
                         net (fo=1, routed)           3.452     4.977    design_1_i/axi_iic_0/U0/X_IIC/FILTER_I/SCL_DEBOUNCE/INPUT_DOUBLE_REGS/scl_i
    SLICE_X46Y83         FDRE                                         r  design_1_i/axi_iic_0/U0/X_IIC/FILTER_I/SCL_DEBOUNCE/INPUT_DOUBLE_REGS/GENERATE_LEVEL_P_S_CDC.SINGLE_BIT.CROSS_PLEVEL_IN2SCNDRY_IN_cdc_to/D
  -------------------------------------------------------------------    -------------------

                         (clock clk_fpga_0 rise edge)
                                                      0.000     0.000 r  
    PS7_X0Y0             PS7                          0.000     0.000 r  design_1_i/processing_system7_0/inst/PS7_i/FCLKCLK[0]
                         net (fo=1, routed)           1.088     1.088    design_1_i/processing_system7_0/inst/FCLK_CLK_unbuffered[0]
    BUFGCTRL_X0Y16       BUFG (Prop_bufg_I_O)         0.091     1.179 r  design_1_i/processing_system7_0/inst/buffer_fclk_clk_0.FCLK_CLK_0_BUFG/O
                         net (fo=896, routed)         1.471     2.650    design_1_i/axi_iic_0/U0/X_IIC/FILTER_I/SCL_DEBOUNCE/INPUT_DOUBLE_REGS/s_axi_aclk
    SLICE_X46Y83         FDRE                                         r  design_1_i/axi_iic_0/U0/X_IIC/FILTER_I/SCL_DEBOUNCE/INPUT_DOUBLE_REGS/GENERATE_LEVEL_P_S_CDC.SINGLE_BIT.CROSS_PLEVEL_IN2SCNDRY_IN_cdc_to/C





Min Delay Paths
--------------------------------------------------------------------------------------
Slack:                    inf
  Source:                 IIC_0_scl_io
                            (input port)
  Destination:            design_1_i/axi_iic_0/U0/X_IIC/FILTER_I/SCL_DEBOUNCE/INPUT_DOUBLE_REGS/GENERATE_LEVEL_P_S_CDC.SINGLE_BIT.CROSS_PLEVEL_IN2SCNDRY_IN_cdc_to/D
                            (rising edge-triggered cell FDRE clocked by clk_fpga_0  {rise@0.000ns fall@5.000ns period=10.000ns})
  Path Group:             (none)
  Path Type:              Hold (Min at Fast Process Corner)
  Data Path Delay:        1.921ns  (logic 0.292ns (15.201%)  route 1.629ns (84.799%))
  Logic Levels:           1  (IBUF=1)
  Clock Path Skew:        1.183ns (DCD - SCD - CPR)
    Destination Clock Delay (DCD):    1.183ns
    Source Clock Delay      (SCD):    0.000ns
    Clock Pessimism Removal (CPR):    -0.000ns

    Location             Delay type                Incr(ns)  Path(ns)    Netlist Resource(s)
  -------------------------------------------------------------------    -------------------
    Y18                                               0.000     0.000 r  IIC_0_scl_io (INOUT)
                         net (fo=1, unset)            0.000     0.000    IIC_0_scl_iobuf/IO
    Y18                  IBUF (Prop_ibuf_I_O)         0.292     0.292 r  IIC_0_scl_iobuf/IBUF/O
                         net (fo=1, routed)           1.629     1.921    design_1_i/axi_iic_0/U0/X_IIC/FILTER_I/SCL_DEBOUNCE/INPUT_DOUBLE_REGS/scl_i
    SLICE_X46Y83         FDRE                                         r  design_1_i/axi_iic_0/U0/X_IIC/FILTER_I/SCL_DEBOUNCE/INPUT_DOUBLE_REGS/GENERATE_LEVEL_P_S_CDC.SINGLE_BIT.CROSS_PLEVEL_IN2SCNDRY_IN_cdc_to/D
  -------------------------------------------------------------------    -------------------

                         (clock clk_fpga_0 rise edge)
                                                      0.000     0.000 r  
    PS7_X0Y0             PS7                          0.000     0.000 r  design_1_i/processing_system7_0/inst/PS7_i/FCLKCLK[0]
                         net (fo=1, routed)           0.337     0.337    design_1_i/processing_system7_0/inst/FCLK_CLK_unbuffered[0]
    BUFGCTRL_X0Y16       BUFG (Prop_bufg_I_O)         0.029     0.366 r  design_1_i/processing_system7_0/inst/buffer_fclk_clk_0.FCLK_CLK_0_BUFG/O
                         net (fo=896, routed)         0.817     1.183    design_1_i/axi_iic_0/U0/X_IIC/FILTER_I/SCL_DEBOUNCE/INPUT_DOUBLE_REGS/s_axi_aclk
    SLICE_X46Y83         FDRE                                         r  design_1_i/axi_iic_0/U0/X_IIC/FILTER_I/SCL_DEBOUNCE/INPUT_DOUBLE_REGS/GENERATE_LEVEL_P_S_CDC.SINGLE_BIT.CROSS_PLEVEL_IN2SCNDRY_IN_cdc_to/C

Slack:                    inf
  Source:                 IIC_0_sda_io
                            (input port)
  Destination:            design_1_i/axi_iic_0/U0/X_IIC/FILTER_I/SDA_DEBOUNCE/INPUT_DOUBLE_REGS/GENERATE_LEVEL_P_S_CDC.SINGLE_BIT.CROSS_PLEVEL_IN2SCNDRY_IN_cdc_to/D
                            (rising edge-triggered cell FDRE clocked by clk_fpga_0  {rise@0.000ns fall@5.000ns period=10.000ns})
  Path Group:             (none)
  Path Type:              Hold (Min at Fast Process Corner)
  Data Path Delay:        1.983ns  (logic 0.286ns (14.419%)  route 1.697ns (85.581%))
  Logic Levels:           1  (IBUF=1)
  Clock Path Skew:        1.183ns (DCD - SCD - CPR)
    Destination Clock Delay (DCD):    1.183ns
    Source Clock Delay      (SCD):    0.000ns
    Clock Pessimism Removal (CPR):    -0.000ns

    Location             Delay type                Incr(ns)  Path(ns)    Netlist Resource(s)
  -------------------------------------------------------------------    -------------------
    Y19                                               0.000     0.000 r  IIC_0_sda_io (INOUT)
                         net (fo=1, unset)            0.000     0.000    IIC_0_sda_iobuf/IO
    Y19                  IBUF (Prop_ibuf_I_O)         0.286     0.286 r  IIC_0_sda_iobuf/IBUF/O
                         net (fo=1, routed)           1.697     1.983    design_1_i/axi_iic_0/U0/X_IIC/FILTER_I/SDA_DEBOUNCE/INPUT_DOUBLE_REGS/sda_i
    SLICE_X45Y83         FDRE                                         r  design_1_i/axi_iic_0/U0/X_IIC/FILTER_I/SDA_DEBOUNCE/INPUT_DOUBLE_REGS/GENERATE_LEVEL_P_S_CDC.SINGLE_BIT.CROSS_PLEVEL_IN2SCNDRY_IN_cdc_to/D
  -------------------------------------------------------------------    -------------------

                         (clock clk_fpga_0 rise edge)
                                                      0.000     0.000 r  
    PS7_X0Y0             PS7                          0.000     0.000 r  design_1_i/processing_system7_0/inst/PS7_i/FCLKCLK[0]
                         net (fo=1, routed)           0.337     0.337    design_1_i/processing_system7_0/inst/FCLK_CLK_unbuffered[0]
    BUFGCTRL_X0Y16       BUFG (Prop_bufg_I_O)         0.029     0.366 r  design_1_i/processing_system7_0/inst/buffer_fclk_clk_0.FCLK_CLK_0_BUFG/O
                         net (fo=896, routed)         0.817     1.183    design_1_i/axi_iic_0/U0/X_IIC/FILTER_I/SDA_DEBOUNCE/INPUT_DOUBLE_REGS/s_axi_aclk
    SLICE_X45Y83         FDRE                                         r  design_1_i/axi_iic_0/U0/X_IIC/FILTER_I/SDA_DEBOUNCE/INPUT_DOUBLE_REGS/GENERATE_LEVEL_P_S_CDC.SINGLE_BIT.CROSS_PLEVEL_IN2SCNDRY_IN_cdc_to/C





