Copyright 1986-2022 Xilinx, Inc. All Rights Reserved. Copyright 2022-2024 Advanced Micro Devices, Inc. All Rights Reserved.
---------------------------------------------------------------------------------------------------------------------------------------------------------------------------------------------------------------------------------------------
| Tool Version : Vivado v.2024.1 (win64) Build 5076996 Wed May 22 18:37:14 MDT 2024
| Date         : Sat Mar 29 02:14:14 2025
| Host         : 5CD322B26V running 64-bit major release  (build 9200)
| Command      : report_timing_summary -max_paths 10 -report_unconstrained -file design_1_wrapper_timing_summary_routed.rpt -pb design_1_wrapper_timing_summary_routed.pb -rpx design_1_wrapper_timing_summary_routed.rpx -warn_on_violation
| Design       : design_1_wrapper
| Device       : 7z020-clg400
| Speed File   : -1  PRODUCTION 1.12 2019-11-22
| Design State : Routed
---------------------------------------------------------------------------------------------------------------------------------------------------------------------------------------------------------------------------------------------

Timing Summary Report

------------------------------------------------------------------------------------------------
| Timer Settings
| --------------
------------------------------------------------------------------------------------------------

  Enable Multi Corner Analysis               :  Yes
  Enable Pessimism Removal                   :  Yes
  Pessimism Removal Resolution               :  Nearest Common Node
  Enable Input Delay Default Clock           :  No
  Enable Preset / Clear Arcs                 :  No
  Disable Flight Delays                      :  No
  Ignore I/O Paths                           :  No
  Timing Early Launch at Borrowing Latches   :  No
  Borrow Time for Max Delay Exceptions       :  Yes
  Merge Timing Exceptions                    :  Yes
  Inter-SLR Compensation                     :  Conservative

  Corner  Analyze    Analyze    
  Name    Max Paths  Min Paths  
  ------  ---------  ---------  
  Slow    Yes        Yes        
  Fast    Yes        Yes        


------------------------------------------------------------------------------------------------
| Report Methodology
| ------------------
------------------------------------------------------------------------------------------------

Rule       Severity          Description                                     Violations  
---------  ----------------  ----------------------------------------------  ----------  
TIMING-6   Critical Warning  No common primary clock between related clocks  2           
TIMING-7   Critical Warning  No common node between related clocks           2           
TIMING-18  Warning           Missing input or output delay                   2           

Note: This report is based on the most recent report_methodology run and may not be up-to-date. Run report_methodology on the current design for the latest report.



check_timing report

Table of Contents
-----------------
1. checking no_clock (0)
2. checking constant_clock (0)
3. checking pulse_width_clock (0)
4. checking unconstrained_internal_endpoints (0)
5. checking no_input_delay (2)
6. checking no_output_delay (2)
7. checking multiple_clock (0)
8. checking generated_clocks (0)
9. checking loops (0)
10. checking partial_input_delay (0)
11. checking partial_output_delay (0)
12. checking latch_loops (0)

1. checking no_clock (0)
------------------------
 There are 0 register/latch pins with no clock.


2. checking constant_clock (0)
------------------------------
 There are 0 register/latch pins with constant_clock.


3. checking pulse_width_clock (0)
---------------------------------
 There are 0 register/latch pins which need pulse_width check


4. checking unconstrained_internal_endpoints (0)
------------------------------------------------
 There are 0 pins that are not constrained for maximum delay.

 There are 0 pins that are not constrained for maximum delay due to constant clock.


5. checking no_input_delay (2)
------------------------------
 There are 2 input ports with no input delay specified. (HIGH)

 There are 0 input ports with no input delay but user has a false path constraint.


6. checking no_output_delay (2)
-------------------------------
 There are 2 ports with no output delay specified. (HIGH)

 There are 0 ports with no output delay but user has a false path constraint

 There are 0 ports with no output delay but with a timing clock defined on it or propagating through it


7. checking multiple_clock (0)
------------------------------
 There are 0 register/latch pins with multiple clocks.


8. checking generated_clocks (0)
--------------------------------
 There are 0 generated clocks that are not connected to a clock source.


9. checking loops (0)
---------------------
 There are 0 combinational loops in the design.


10. checking partial_input_delay (0)
------------------------------------
 There are 0 input ports with partial input delay specified.


11. checking partial_output_delay (0)
-------------------------------------
 There are 0 ports with partial output delay specified.


12. checking latch_loops (0)
----------------------------
 There are 0 combinational latch loops in the design through latch input



------------------------------------------------------------------------------------------------
| Design Timing Summary
| ---------------------
------------------------------------------------------------------------------------------------

    WNS(ns)      TNS(ns)  TNS Failing Endpoints  TNS Total Endpoints      WHS(ns)      THS(ns)  THS Failing Endpoints  THS Total Endpoints     WPWS(ns)     TPWS(ns)  TPWS Failing Endpoints  TPWS Total Endpoints  
    -------      -------  ---------------------  -------------------      -------      -------  ---------------------  -------------------     --------     --------  ----------------------  --------------------  
      0.961        0.000                      0                 3507        0.054        0.000                      0                 3507        2.000        0.000                       0                  1491  


All user specified timing constraints are met.


------------------------------------------------------------------------------------------------
| Clock Summary
| -------------
------------------------------------------------------------------------------------------------

Clock                            Waveform(ns)         Period(ns)      Frequency(MHz)
-----                            ------------         ----------      --------------
clk_fpga_0                       {0.000 5.000}        10.000          100.000         
sys_clock                        {0.000 4.000}        8.000           125.000         
  clk_out1_design_1_clk_wiz_0_0  {0.000 5.000}        10.000          100.000         
  clkfbout_design_1_clk_wiz_0_0  {0.000 4.000}        8.000           125.000         


------------------------------------------------------------------------------------------------
| Intra Clock Table
| -----------------
------------------------------------------------------------------------------------------------

Clock                                WNS(ns)      TNS(ns)  TNS Failing Endpoints  TNS Total Endpoints      WHS(ns)      THS(ns)  THS Failing Endpoints  THS Total Endpoints     WPWS(ns)     TPWS(ns)  TPWS Failing Endpoints  TPWS Total Endpoints  
-----                                -------      -------  ---------------------  -------------------      -------      -------  ---------------------  -------------------     --------     --------  ----------------------  --------------------  
clk_fpga_0                             0.961        0.000                      0                 3313        0.054        0.000                      0                 3313        4.020        0.000                       0                  1419  
sys_clock                                                                                                                                                                          2.000        0.000                       0                     1  
  clk_out1_design_1_clk_wiz_0_0        7.029        0.000                      0                  130        0.058        0.000                      0                  130        4.500        0.000                       0                    68  
  clkfbout_design_1_clk_wiz_0_0                                                                                                                                                    5.845        0.000                       0                     3  


------------------------------------------------------------------------------------------------
| Inter Clock Table
| -----------------
------------------------------------------------------------------------------------------------

From Clock                     To Clock                           WNS(ns)      TNS(ns)  TNS Failing Endpoints  TNS Total Endpoints      WHS(ns)      THS(ns)  THS Failing Endpoints  THS Total Endpoints  
----------                     --------                           -------      -------  ---------------------  -------------------      -------      -------  ---------------------  -------------------  
clk_out1_design_1_clk_wiz_0_0  clk_fpga_0                           5.333        0.000                      0                   64        0.060        0.000                      0                   64  
clk_fpga_0                     clk_out1_design_1_clk_wiz_0_0        2.366        0.000                      0                  130        1.795        0.000                      0                  130  


------------------------------------------------------------------------------------------------
| Other Path Groups Table
| -----------------------
------------------------------------------------------------------------------------------------

Path Group    From Clock    To Clock          WNS(ns)      TNS(ns)  TNS Failing Endpoints  TNS Total Endpoints      WHS(ns)      THS(ns)  THS Failing Endpoints  THS Total Endpoints  
----------    ----------    --------          -------      -------  ---------------------  -------------------      -------      -------  ---------------------  -------------------  


------------------------------------------------------------------------------------------------
| User Ignored Path Table
| -----------------------
------------------------------------------------------------------------------------------------

Path Group    From Clock    To Clock    
----------    ----------    --------    
(none)                      clk_fpga_0    


------------------------------------------------------------------------------------------------
| Unconstrained Path Table
| ------------------------
------------------------------------------------------------------------------------------------

Path Group                     From Clock                     To Clock                     
----------                     ----------                     --------                     
(none)                         clk_fpga_0                                                    
(none)                         clkfbout_design_1_clk_wiz_0_0                                 
(none)                                                        clk_out1_design_1_clk_wiz_0_0  


------------------------------------------------------------------------------------------------
| Timing Details
| --------------
------------------------------------------------------------------------------------------------


---------------------------------------------------------------------------------------------------
From Clock:  clk_fpga_0
  To Clock:  clk_fpga_0

Setup :            0  Failing Endpoints,  Worst Slack        0.961ns,  Total Violation        0.000ns
Hold  :            0  Failing Endpoints,  Worst Slack        0.054ns,  Total Violation        0.000ns
PW    :            0  Failing Endpoints,  Worst Slack        4.020ns,  Total Violation        0.000ns
---------------------------------------------------------------------------------------------------


Max Delay Paths
--------------------------------------------------------------------------------------
Slack (MET) :             0.961ns  (required time - arrival time)
  Source:                 design_1_i/SpeedSensor_0/U0/SpeedSensor_slave_lite_v1_0_S00_AXI_inst/axi_araddr_reg[2]/C
                            (rising edge-triggered cell FDRE clocked by clk_fpga_0  {rise@0.000ns fall@5.000ns period=10.000ns})
  Destination:            design_1_i/axi_interconnect_0/xbar/inst/gen_sasd.crossbar_sasd_0/reg_slice_r/m_payload_i_reg[5]/D
                            (rising edge-triggered cell FDRE clocked by clk_fpga_0  {rise@0.000ns fall@5.000ns period=10.000ns})
  Path Group:             clk_fpga_0
  Path Type:              Setup (Max at Slow Process Corner)
  Requirement:            10.000ns  (clk_fpga_0 rise@10.000ns - clk_fpga_0 rise@0.000ns)
  Data Path Delay:        8.434ns  (logic 0.828ns (9.818%)  route 7.606ns (90.182%))
  Logic Levels:           3  (LUT6=3)
  Clock Path Skew:        -0.395ns (DCD - SCD + CPR)
    Destination Clock Delay (DCD):    2.659ns = ( 12.659 - 10.000 ) 
    Source Clock Delay      (SCD):    3.183ns
    Clock Pessimism Removal (CPR):    0.129ns
  Clock Uncertainty:      0.154ns  ((TSJ^2 + TIJ^2)^1/2 + DJ) / 2 + PE
    Total System Jitter     (TSJ):    0.071ns
    Total Input Jitter      (TIJ):    0.300ns
    Discrete Jitter          (DJ):    0.000ns
    Phase Error              (PE):    0.000ns

    Location             Delay type                Incr(ns)  Path(ns)    Netlist Resource(s)
  -------------------------------------------------------------------    -------------------
                         (clock clk_fpga_0 rise edge)
                                                      0.000     0.000 r  
    PS7_X0Y0             PS7                          0.000     0.000 r  design_1_i/processing_system7_0/inst/PS7_i/FCLKCLK[0]
                         net (fo=1, routed)           1.193     1.193    design_1_i/processing_system7_0/inst/FCLK_CLK_unbuffered[0]
    BUFGCTRL_X0Y16       BUFG (Prop_bufg_I_O)         0.101     1.294 r  design_1_i/processing_system7_0/inst/buffer_fclk_clk_0.FCLK_CLK_0_BUFG/O
                         net (fo=1419, routed)        1.889     3.183    design_1_i/SpeedSensor_0/U0/SpeedSensor_slave_lite_v1_0_S00_AXI_inst/s00_axi_aclk
    SLICE_X29Y110        FDRE                                         r  design_1_i/SpeedSensor_0/U0/SpeedSensor_slave_lite_v1_0_S00_AXI_inst/axi_araddr_reg[2]/C
  -------------------------------------------------------------------    -------------------
    SLICE_X29Y110        FDRE (Prop_fdre_C_Q)         0.456     3.639 r  design_1_i/SpeedSensor_0/U0/SpeedSensor_slave_lite_v1_0_S00_AXI_inst/axi_araddr_reg[2]/Q
                         net (fo=33, routed)          2.239     5.878    design_1_i/SpeedSensor_0/U0/SpeedSensor_slave_lite_v1_0_S00_AXI_inst/axi_araddr[2]
    SLICE_X31Y93         LUT6 (Prop_lut6_I3_O)        0.124     6.002 r  design_1_i/SpeedSensor_0/U0/SpeedSensor_slave_lite_v1_0_S00_AXI_inst/s00_axi_rdata[2]_INST_0/O
                         net (fo=1, routed)           1.016     7.018    design_1_i/axi_interconnect_0/xbar/inst/gen_sasd.crossbar_sasd_0/reg_slice_r/m_axi_rdata[66]
    SLICE_X41Y93         LUT6 (Prop_lut6_I2_O)        0.124     7.142 r  design_1_i/axi_interconnect_0/xbar/inst/gen_sasd.crossbar_sasd_0/reg_slice_r/m_payload_i[5]_i_2/O
                         net (fo=1, routed)           0.592     7.734    design_1_i/axi_interconnect_0/xbar/inst/gen_sasd.crossbar_sasd_0/reg_slice_r/m_payload_i[5]_i_2_n_0
    SLICE_X38Y94         LUT6 (Prop_lut6_I5_O)        0.124     7.858 r  design_1_i/axi_interconnect_0/xbar/inst/gen_sasd.crossbar_sasd_0/reg_slice_r/m_payload_i[5]_i_1/O
                         net (fo=2, routed)           3.758    11.617    design_1_i/axi_interconnect_0/xbar/inst/gen_sasd.crossbar_sasd_0/reg_slice_r/skid_buffer[5]
    SLICE_X34Y95         FDRE                                         r  design_1_i/axi_interconnect_0/xbar/inst/gen_sasd.crossbar_sasd_0/reg_slice_r/m_payload_i_reg[5]/D
  -------------------------------------------------------------------    -------------------

                         (clock clk_fpga_0 rise edge)
                                                     10.000    10.000 r  
    PS7_X0Y0             PS7                          0.000    10.000 r  design_1_i/processing_system7_0/inst/PS7_i/FCLKCLK[0]
                         net (fo=1, routed)           1.088    11.088    design_1_i/processing_system7_0/inst/FCLK_CLK_unbuffered[0]
    BUFGCTRL_X0Y16       BUFG (Prop_bufg_I_O)         0.091    11.179 r  design_1_i/processing_system7_0/inst/buffer_fclk_clk_0.FCLK_CLK_0_BUFG/O
                         net (fo=1419, routed)        1.480    12.659    design_1_i/axi_interconnect_0/xbar/inst/gen_sasd.crossbar_sasd_0/reg_slice_r/aclk
    SLICE_X34Y95         FDRE                                         r  design_1_i/axi_interconnect_0/xbar/inst/gen_sasd.crossbar_sasd_0/reg_slice_r/m_payload_i_reg[5]/C
                         clock pessimism              0.129    12.788    
                         clock uncertainty           -0.154    12.634    
    SLICE_X34Y95         FDRE (Setup_fdre_C_D)       -0.056    12.578    design_1_i/axi_interconnect_0/xbar/inst/gen_sasd.crossbar_sasd_0/reg_slice_r/m_payload_i_reg[5]
  -------------------------------------------------------------------
                         required time                         12.578    
                         arrival time                         -11.617    
  -------------------------------------------------------------------
                         slack                                  0.961    

Slack (MET) :             0.966ns  (required time - arrival time)
  Source:                 design_1_i/axi_interconnect_0/xbar/inst/gen_sasd.crossbar_sasd_0/reg_slice_r/s_ready_i_reg/C
                            (rising edge-triggered cell FDRE clocked by clk_fpga_0  {rise@0.000ns fall@5.000ns period=10.000ns})
  Destination:            design_1_i/axi_interconnect_0/xbar/inst/gen_sasd.crossbar_sasd_0/reg_slice_r/skid_buffer_reg[10]/D
                            (rising edge-triggered cell FDRE clocked by clk_fpga_0  {rise@0.000ns fall@5.000ns period=10.000ns})
  Path Group:             clk_fpga_0
  Path Type:              Setup (Max at Slow Process Corner)
  Requirement:            10.000ns  (clk_fpga_0 rise@10.000ns - clk_fpga_0 rise@0.000ns)
  Data Path Delay:        8.414ns  (logic 1.215ns (14.440%)  route 7.199ns (85.560%))
  Logic Levels:           3  (LUT4=1 LUT5=1 LUT6=1)
  Clock Path Skew:        -0.398ns (DCD - SCD + CPR)
    Destination Clock Delay (DCD):    2.657ns = ( 12.657 - 10.000 ) 
    Source Clock Delay      (SCD):    3.184ns
    Clock Pessimism Removal (CPR):    0.129ns
  Clock Uncertainty:      0.154ns  ((TSJ^2 + TIJ^2)^1/2 + DJ) / 2 + PE
    Total System Jitter     (TSJ):    0.071ns
    Total Input Jitter      (TIJ):    0.300ns
    Discrete Jitter          (DJ):    0.000ns
    Phase Error              (PE):    0.000ns

    Location             Delay type                Incr(ns)  Path(ns)    Netlist Resource(s)
  -------------------------------------------------------------------    -------------------
                         (clock clk_fpga_0 rise edge)
                                                      0.000     0.000 r  
    PS7_X0Y0             PS7                          0.000     0.000 r  design_1_i/processing_system7_0/inst/PS7_i/FCLKCLK[0]
                         net (fo=1, routed)           1.193     1.193    design_1_i/processing_system7_0/inst/FCLK_CLK_unbuffered[0]
    BUFGCTRL_X0Y16       BUFG (Prop_bufg_I_O)         0.101     1.294 r  design_1_i/processing_system7_0/inst/buffer_fclk_clk_0.FCLK_CLK_0_BUFG/O
                         net (fo=1419, routed)        1.890     3.184    design_1_i/axi_interconnect_0/xbar/inst/gen_sasd.crossbar_sasd_0/reg_slice_r/aclk
    SLICE_X29Y107        FDRE                                         r  design_1_i/axi_interconnect_0/xbar/inst/gen_sasd.crossbar_sasd_0/reg_slice_r/s_ready_i_reg/C
  -------------------------------------------------------------------    -------------------
    SLICE_X29Y107        FDRE (Prop_fdre_C_Q)         0.419     3.603 r  design_1_i/axi_interconnect_0/xbar/inst/gen_sasd.crossbar_sasd_0/reg_slice_r/s_ready_i_reg/Q
                         net (fo=45, routed)          1.236     4.839    design_1_i/axi_interconnect_0/xbar/inst/gen_sasd.crossbar_sasd_0/reg_slice_r/aa_rready
    SLICE_X32Y102        LUT4 (Prop_lut4_I3_O)        0.324     5.163 f  design_1_i/axi_interconnect_0/xbar/inst/gen_sasd.crossbar_sasd_0/reg_slice_r/m_payload_i[33]_i_2/O
                         net (fo=32, routed)          1.437     6.600    design_1_i/axi_interconnect_0/xbar/inst/gen_sasd.crossbar_sasd_0/reg_slice_r/m_payload_i[33]_i_2_n_0
    SLICE_X41Y93         LUT6 (Prop_lut6_I0_O)        0.348     6.948 r  design_1_i/axi_interconnect_0/xbar/inst/gen_sasd.crossbar_sasd_0/reg_slice_r/m_payload_i[10]_i_2/O
                         net (fo=1, routed)           0.877     7.825    design_1_i/axi_interconnect_0/xbar/inst/gen_sasd.crossbar_sasd_0/reg_slice_r/m_payload_i[10]_i_2_n_0
    SLICE_X34Y91         LUT5 (Prop_lut5_I4_O)        0.124     7.949 r  design_1_i/axi_interconnect_0/xbar/inst/gen_sasd.crossbar_sasd_0/reg_slice_r/m_payload_i[10]_i_1/O
                         net (fo=2, routed)           3.649    11.598    design_1_i/axi_interconnect_0/xbar/inst/gen_sasd.crossbar_sasd_0/reg_slice_r/skid_buffer[10]
    SLICE_X35Y90         FDRE                                         r  design_1_i/axi_interconnect_0/xbar/inst/gen_sasd.crossbar_sasd_0/reg_slice_r/skid_buffer_reg[10]/D
  -------------------------------------------------------------------    -------------------

                         (clock clk_fpga_0 rise edge)
                                                     10.000    10.000 r  
    PS7_X0Y0             PS7                          0.000    10.000 r  design_1_i/processing_system7_0/inst/PS7_i/FCLKCLK[0]
                         net (fo=1, routed)           1.088    11.088    design_1_i/processing_system7_0/inst/FCLK_CLK_unbuffered[0]
    BUFGCTRL_X0Y16       BUFG (Prop_bufg_I_O)         0.091    11.179 r  design_1_i/processing_system7_0/inst/buffer_fclk_clk_0.FCLK_CLK_0_BUFG/O
                         net (fo=1419, routed)        1.478    12.657    design_1_i/axi_interconnect_0/xbar/inst/gen_sasd.crossbar_sasd_0/reg_slice_r/aclk
    SLICE_X35Y90         FDRE                                         r  design_1_i/axi_interconnect_0/xbar/inst/gen_sasd.crossbar_sasd_0/reg_slice_r/skid_buffer_reg[10]/C
                         clock pessimism              0.129    12.786    
                         clock uncertainty           -0.154    12.632    
    SLICE_X35Y90         FDRE (Setup_fdre_C_D)       -0.067    12.565    design_1_i/axi_interconnect_0/xbar/inst/gen_sasd.crossbar_sasd_0/reg_slice_r/skid_buffer_reg[10]
  -------------------------------------------------------------------
                         required time                         12.565    
                         arrival time                         -11.598    
  -------------------------------------------------------------------
                         slack                                  0.966    

Slack (MET) :             1.039ns  (required time - arrival time)
  Source:                 design_1_i/axi_interconnect_0/xbar/inst/gen_sasd.crossbar_sasd_0/reg_slice_r/s_ready_i_reg/C
                            (rising edge-triggered cell FDRE clocked by clk_fpga_0  {rise@0.000ns fall@5.000ns period=10.000ns})
  Destination:            design_1_i/axi_interconnect_0/xbar/inst/gen_sasd.crossbar_sasd_0/reg_slice_r/m_payload_i_reg[13]/D
                            (rising edge-triggered cell FDRE clocked by clk_fpga_0  {rise@0.000ns fall@5.000ns period=10.000ns})
  Path Group:             clk_fpga_0
  Path Type:              Setup (Max at Slow Process Corner)
  Requirement:            10.000ns  (clk_fpga_0 rise@10.000ns - clk_fpga_0 rise@0.000ns)
  Data Path Delay:        8.316ns  (logic 0.963ns (11.580%)  route 7.353ns (88.420%))
  Logic Levels:           3  (LUT4=1 LUT6=2)
  Clock Path Skew:        -0.398ns (DCD - SCD + CPR)
    Destination Clock Delay (DCD):    2.657ns = ( 12.657 - 10.000 ) 
    Source Clock Delay      (SCD):    3.184ns
    Clock Pessimism Removal (CPR):    0.129ns
  Clock Uncertainty:      0.154ns  ((TSJ^2 + TIJ^2)^1/2 + DJ) / 2 + PE
    Total System Jitter     (TSJ):    0.071ns
    Total Input Jitter      (TIJ):    0.300ns
    Discrete Jitter          (DJ):    0.000ns
    Phase Error              (PE):    0.000ns

    Location             Delay type                Incr(ns)  Path(ns)    Netlist Resource(s)
  -------------------------------------------------------------------    -------------------
                         (clock clk_fpga_0 rise edge)
                                                      0.000     0.000 r  
    PS7_X0Y0             PS7                          0.000     0.000 r  design_1_i/processing_system7_0/inst/PS7_i/FCLKCLK[0]
                         net (fo=1, routed)           1.193     1.193    design_1_i/processing_system7_0/inst/FCLK_CLK_unbuffered[0]
    BUFGCTRL_X0Y16       BUFG (Prop_bufg_I_O)         0.101     1.294 r  design_1_i/processing_system7_0/inst/buffer_fclk_clk_0.FCLK_CLK_0_BUFG/O
                         net (fo=1419, routed)        1.890     3.184    design_1_i/axi_interconnect_0/xbar/inst/gen_sasd.crossbar_sasd_0/reg_slice_r/aclk
    SLICE_X29Y107        FDRE                                         r  design_1_i/axi_interconnect_0/xbar/inst/gen_sasd.crossbar_sasd_0/reg_slice_r/s_ready_i_reg/C
  -------------------------------------------------------------------    -------------------
    SLICE_X29Y107        FDRE (Prop_fdre_C_Q)         0.419     3.603 r  design_1_i/axi_interconnect_0/xbar/inst/gen_sasd.crossbar_sasd_0/reg_slice_r/s_ready_i_reg/Q
                         net (fo=45, routed)          1.246     4.849    design_1_i/axi_interconnect_0/xbar/inst/gen_sasd.crossbar_sasd_0/reg_slice_r/aa_rready
    SLICE_X32Y102        LUT4 (Prop_lut4_I3_O)        0.296     5.145 f  design_1_i/axi_interconnect_0/xbar/inst/gen_sasd.crossbar_sasd_0/reg_slice_r/m_payload_i[28]_i_2/O
                         net (fo=32, routed)          1.431     6.576    design_1_i/axi_interconnect_0/xbar/inst/gen_sasd.crossbar_sasd_0/reg_slice_r/m_payload_i[28]_i_2_n_0
    SLICE_X40Y99         LUT6 (Prop_lut6_I0_O)        0.124     6.700 r  design_1_i/axi_interconnect_0/xbar/inst/gen_sasd.crossbar_sasd_0/reg_slice_r/m_payload_i[13]_i_2/O
                         net (fo=1, routed)           0.928     7.627    design_1_i/axi_interconnect_0/xbar/inst/gen_sasd.crossbar_sasd_0/reg_slice_r/m_payload_i[13]_i_2_n_0
    SLICE_X33Y93         LUT6 (Prop_lut6_I5_O)        0.124     7.751 r  design_1_i/axi_interconnect_0/xbar/inst/gen_sasd.crossbar_sasd_0/reg_slice_r/m_payload_i[13]_i_1/O
                         net (fo=2, routed)           3.748    11.500    design_1_i/axi_interconnect_0/xbar/inst/gen_sasd.crossbar_sasd_0/reg_slice_r/skid_buffer[13]
    SLICE_X33Y91         FDRE                                         r  design_1_i/axi_interconnect_0/xbar/inst/gen_sasd.crossbar_sasd_0/reg_slice_r/m_payload_i_reg[13]/D
  -------------------------------------------------------------------    -------------------

                         (clock clk_fpga_0 rise edge)
                                                     10.000    10.000 r  
    PS7_X0Y0             PS7                          0.000    10.000 r  design_1_i/processing_system7_0/inst/PS7_i/FCLKCLK[0]
                         net (fo=1, routed)           1.088    11.088    design_1_i/processing_system7_0/inst/FCLK_CLK_unbuffered[0]
    BUFGCTRL_X0Y16       BUFG (Prop_bufg_I_O)         0.091    11.179 r  design_1_i/processing_system7_0/inst/buffer_fclk_clk_0.FCLK_CLK_0_BUFG/O
                         net (fo=1419, routed)        1.478    12.657    design_1_i/axi_interconnect_0/xbar/inst/gen_sasd.crossbar_sasd_0/reg_slice_r/aclk
    SLICE_X33Y91         FDRE                                         r  design_1_i/axi_interconnect_0/xbar/inst/gen_sasd.crossbar_sasd_0/reg_slice_r/m_payload_i_reg[13]/C
                         clock pessimism              0.129    12.786    
                         clock uncertainty           -0.154    12.632    
    SLICE_X33Y91         FDRE (Setup_fdre_C_D)       -0.093    12.539    design_1_i/axi_interconnect_0/xbar/inst/gen_sasd.crossbar_sasd_0/reg_slice_r/m_payload_i_reg[13]
  -------------------------------------------------------------------
                         required time                         12.539    
                         arrival time                         -11.500    
  -------------------------------------------------------------------
                         slack                                  1.039    

Slack (MET) :             1.053ns  (required time - arrival time)
  Source:                 design_1_i/SpeedSensor_1/U0/SpeedSensor_slave_lite_v1_0_S00_AXI_inst/axi_araddr_reg[2]/C
                            (rising edge-triggered cell FDRE clocked by clk_fpga_0  {rise@0.000ns fall@5.000ns period=10.000ns})
  Destination:            design_1_i/axi_interconnect_0/xbar/inst/gen_sasd.crossbar_sasd_0/reg_slice_r/skid_buffer_reg[14]/D
                            (rising edge-triggered cell FDRE clocked by clk_fpga_0  {rise@0.000ns fall@5.000ns period=10.000ns})
  Path Group:             clk_fpga_0
  Path Type:              Setup (Max at Slow Process Corner)
  Requirement:            10.000ns  (clk_fpga_0 rise@10.000ns - clk_fpga_0 rise@0.000ns)
  Data Path Delay:        8.387ns  (logic 0.828ns (9.872%)  route 7.559ns (90.128%))
  Logic Levels:           3  (LUT6=3)
  Clock Path Skew:        -0.348ns (DCD - SCD + CPR)
    Destination Clock Delay (DCD):    2.659ns = ( 12.659 - 10.000 ) 
    Source Clock Delay      (SCD):    3.136ns
    Clock Pessimism Removal (CPR):    0.129ns
  Clock Uncertainty:      0.154ns  ((TSJ^2 + TIJ^2)^1/2 + DJ) / 2 + PE
    Total System Jitter     (TSJ):    0.071ns
    Total Input Jitter      (TIJ):    0.300ns
    Discrete Jitter          (DJ):    0.000ns
    Phase Error              (PE):    0.000ns

    Location             Delay type                Incr(ns)  Path(ns)    Netlist Resource(s)
  -------------------------------------------------------------------    -------------------
                         (clock clk_fpga_0 rise edge)
                                                      0.000     0.000 r  
    PS7_X0Y0             PS7                          0.000     0.000 r  design_1_i/processing_system7_0/inst/PS7_i/FCLKCLK[0]
                         net (fo=1, routed)           1.193     1.193    design_1_i/processing_system7_0/inst/FCLK_CLK_unbuffered[0]
    BUFGCTRL_X0Y16       BUFG (Prop_bufg_I_O)         0.101     1.294 r  design_1_i/processing_system7_0/inst/buffer_fclk_clk_0.FCLK_CLK_0_BUFG/O
                         net (fo=1419, routed)        1.842     3.136    design_1_i/SpeedSensor_1/U0/SpeedSensor_slave_lite_v1_0_S00_AXI_inst/s00_axi_aclk
    SLICE_X33Y109        FDRE                                         r  design_1_i/SpeedSensor_1/U0/SpeedSensor_slave_lite_v1_0_S00_AXI_inst/axi_araddr_reg[2]/C
  -------------------------------------------------------------------    -------------------
    SLICE_X33Y109        FDRE (Prop_fdre_C_Q)         0.456     3.592 r  design_1_i/SpeedSensor_1/U0/SpeedSensor_slave_lite_v1_0_S00_AXI_inst/axi_araddr_reg[2]/Q
                         net (fo=33, routed)          1.743     5.335    design_1_i/SpeedSensor_1/U0/SpeedSensor_slave_lite_v1_0_S00_AXI_inst/axi_araddr[2]
    SLICE_X39Y98         LUT6 (Prop_lut6_I3_O)        0.124     5.459 r  design_1_i/SpeedSensor_1/U0/SpeedSensor_slave_lite_v1_0_S00_AXI_inst/s00_axi_rdata[11]_INST_0/O
                         net (fo=1, routed)           0.844     6.303    design_1_i/axi_interconnect_0/xbar/inst/gen_sasd.crossbar_sasd_0/reg_slice_r/m_axi_rdata[107]
    SLICE_X38Y97         LUT6 (Prop_lut6_I2_O)        0.124     6.427 r  design_1_i/axi_interconnect_0/xbar/inst/gen_sasd.crossbar_sasd_0/reg_slice_r/m_payload_i[14]_i_2/O
                         net (fo=1, routed)           0.873     7.300    design_1_i/axi_interconnect_0/xbar/inst/gen_sasd.crossbar_sasd_0/reg_slice_r/m_payload_i[14]_i_2_n_0
    SLICE_X33Y97         LUT6 (Prop_lut6_I5_O)        0.124     7.424 r  design_1_i/axi_interconnect_0/xbar/inst/gen_sasd.crossbar_sasd_0/reg_slice_r/m_payload_i[14]_i_1/O
                         net (fo=2, routed)           4.099    11.523    design_1_i/axi_interconnect_0/xbar/inst/gen_sasd.crossbar_sasd_0/reg_slice_r/skid_buffer[14]
    SLICE_X34Y96         FDRE                                         r  design_1_i/axi_interconnect_0/xbar/inst/gen_sasd.crossbar_sasd_0/reg_slice_r/skid_buffer_reg[14]/D
  -------------------------------------------------------------------    -------------------

                         (clock clk_fpga_0 rise edge)
                                                     10.000    10.000 r  
    PS7_X0Y0             PS7                          0.000    10.000 r  design_1_i/processing_system7_0/inst/PS7_i/FCLKCLK[0]
                         net (fo=1, routed)           1.088    11.088    design_1_i/processing_system7_0/inst/FCLK_CLK_unbuffered[0]
    BUFGCTRL_X0Y16       BUFG (Prop_bufg_I_O)         0.091    11.179 r  design_1_i/processing_system7_0/inst/buffer_fclk_clk_0.FCLK_CLK_0_BUFG/O
                         net (fo=1419, routed)        1.480    12.659    design_1_i/axi_interconnect_0/xbar/inst/gen_sasd.crossbar_sasd_0/reg_slice_r/aclk
    SLICE_X34Y96         FDRE                                         r  design_1_i/axi_interconnect_0/xbar/inst/gen_sasd.crossbar_sasd_0/reg_slice_r/skid_buffer_reg[14]/C
                         clock pessimism              0.129    12.788    
                         clock uncertainty           -0.154    12.634    
    SLICE_X34Y96         FDRE (Setup_fdre_C_D)       -0.058    12.576    design_1_i/axi_interconnect_0/xbar/inst/gen_sasd.crossbar_sasd_0/reg_slice_r/skid_buffer_reg[14]
  -------------------------------------------------------------------
                         required time                         12.576    
                         arrival time                         -11.523    
  -------------------------------------------------------------------
                         slack                                  1.053    

Slack (MET) :             1.060ns  (required time - arrival time)
  Source:                 design_1_i/axi_interconnect_0/xbar/inst/gen_sasd.crossbar_sasd_0/reg_slice_r/s_ready_i_reg/C
                            (rising edge-triggered cell FDRE clocked by clk_fpga_0  {rise@0.000ns fall@5.000ns period=10.000ns})
  Destination:            design_1_i/axi_interconnect_0/xbar/inst/gen_sasd.crossbar_sasd_0/reg_slice_r/m_payload_i_reg[6]/D
                            (rising edge-triggered cell FDRE clocked by clk_fpga_0  {rise@0.000ns fall@5.000ns period=10.000ns})
  Path Group:             clk_fpga_0
  Path Type:              Setup (Max at Slow Process Corner)
  Requirement:            10.000ns  (clk_fpga_0 rise@10.000ns - clk_fpga_0 rise@0.000ns)
  Data Path Delay:        8.331ns  (logic 1.215ns (14.585%)  route 7.116ns (85.415%))
  Logic Levels:           3  (LUT4=1 LUT6=2)
  Clock Path Skew:        -0.396ns (DCD - SCD + CPR)
    Destination Clock Delay (DCD):    2.659ns = ( 12.659 - 10.000 ) 
    Source Clock Delay      (SCD):    3.184ns
    Clock Pessimism Removal (CPR):    0.129ns
  Clock Uncertainty:      0.154ns  ((TSJ^2 + TIJ^2)^1/2 + DJ) / 2 + PE
    Total System Jitter     (TSJ):    0.071ns
    Total Input Jitter      (TIJ):    0.300ns
    Discrete Jitter          (DJ):    0.000ns
    Phase Error              (PE):    0.000ns

    Location             Delay type                Incr(ns)  Path(ns)    Netlist Resource(s)
  -------------------------------------------------------------------    -------------------
                         (clock clk_fpga_0 rise edge)
                                                      0.000     0.000 r  
    PS7_X0Y0             PS7                          0.000     0.000 r  design_1_i/processing_system7_0/inst/PS7_i/FCLKCLK[0]
                         net (fo=1, routed)           1.193     1.193    design_1_i/processing_system7_0/inst/FCLK_CLK_unbuffered[0]
    BUFGCTRL_X0Y16       BUFG (Prop_bufg_I_O)         0.101     1.294 r  design_1_i/processing_system7_0/inst/buffer_fclk_clk_0.FCLK_CLK_0_BUFG/O
                         net (fo=1419, routed)        1.890     3.184    design_1_i/axi_interconnect_0/xbar/inst/gen_sasd.crossbar_sasd_0/reg_slice_r/aclk
    SLICE_X29Y107        FDRE                                         r  design_1_i/axi_interconnect_0/xbar/inst/gen_sasd.crossbar_sasd_0/reg_slice_r/s_ready_i_reg/C
  -------------------------------------------------------------------    -------------------
    SLICE_X29Y107        FDRE (Prop_fdre_C_Q)         0.419     3.603 r  design_1_i/axi_interconnect_0/xbar/inst/gen_sasd.crossbar_sasd_0/reg_slice_r/s_ready_i_reg/Q
                         net (fo=45, routed)          1.236     4.839    design_1_i/axi_interconnect_0/xbar/inst/gen_sasd.crossbar_sasd_0/reg_slice_r/aa_rready
    SLICE_X32Y102        LUT4 (Prop_lut4_I3_O)        0.324     5.163 f  design_1_i/axi_interconnect_0/xbar/inst/gen_sasd.crossbar_sasd_0/reg_slice_r/m_payload_i[33]_i_2/O
                         net (fo=32, routed)          1.422     6.585    design_1_i/axi_interconnect_0/xbar/inst/gen_sasd.crossbar_sasd_0/reg_slice_r/m_payload_i[33]_i_2_n_0
    SLICE_X41Y94         LUT6 (Prop_lut6_I3_O)        0.348     6.933 r  design_1_i/axi_interconnect_0/xbar/inst/gen_sasd.crossbar_sasd_0/reg_slice_r/m_payload_i[6]_i_2/O
                         net (fo=1, routed)           0.789     7.722    design_1_i/axi_interconnect_0/xbar/inst/gen_sasd.crossbar_sasd_0/reg_slice_r/m_payload_i[6]_i_2_n_0
    SLICE_X38Y94         LUT6 (Prop_lut6_I5_O)        0.124     7.846 r  design_1_i/axi_interconnect_0/xbar/inst/gen_sasd.crossbar_sasd_0/reg_slice_r/m_payload_i[6]_i_1/O
                         net (fo=2, routed)           3.669    11.515    design_1_i/axi_interconnect_0/xbar/inst/gen_sasd.crossbar_sasd_0/reg_slice_r/skid_buffer[6]
    SLICE_X34Y95         FDRE                                         r  design_1_i/axi_interconnect_0/xbar/inst/gen_sasd.crossbar_sasd_0/reg_slice_r/m_payload_i_reg[6]/D
  -------------------------------------------------------------------    -------------------

                         (clock clk_fpga_0 rise edge)
                                                     10.000    10.000 r  
    PS7_X0Y0             PS7                          0.000    10.000 r  design_1_i/processing_system7_0/inst/PS7_i/FCLKCLK[0]
                         net (fo=1, routed)           1.088    11.088    design_1_i/processing_system7_0/inst/FCLK_CLK_unbuffered[0]
    BUFGCTRL_X0Y16       BUFG (Prop_bufg_I_O)         0.091    11.179 r  design_1_i/processing_system7_0/inst/buffer_fclk_clk_0.FCLK_CLK_0_BUFG/O
                         net (fo=1419, routed)        1.480    12.659    design_1_i/axi_interconnect_0/xbar/inst/gen_sasd.crossbar_sasd_0/reg_slice_r/aclk
    SLICE_X34Y95         FDRE                                         r  design_1_i/axi_interconnect_0/xbar/inst/gen_sasd.crossbar_sasd_0/reg_slice_r/m_payload_i_reg[6]/C
                         clock pessimism              0.129    12.788    
                         clock uncertainty           -0.154    12.634    
    SLICE_X34Y95         FDRE (Setup_fdre_C_D)       -0.059    12.575    design_1_i/axi_interconnect_0/xbar/inst/gen_sasd.crossbar_sasd_0/reg_slice_r/m_payload_i_reg[6]
  -------------------------------------------------------------------
                         required time                         12.575    
                         arrival time                         -11.515    
  -------------------------------------------------------------------
                         slack                                  1.060    

Slack (MET) :             1.077ns  (required time - arrival time)
  Source:                 design_1_i/axi_interconnect_0/xbar/inst/gen_sasd.crossbar_sasd_0/reg_slice_r/s_ready_i_reg/C
                            (rising edge-triggered cell FDRE clocked by clk_fpga_0  {rise@0.000ns fall@5.000ns period=10.000ns})
  Destination:            design_1_i/axi_interconnect_0/xbar/inst/gen_sasd.crossbar_sasd_0/reg_slice_r/m_payload_i_reg[4]/D
                            (rising edge-triggered cell FDRE clocked by clk_fpga_0  {rise@0.000ns fall@5.000ns period=10.000ns})
  Path Group:             clk_fpga_0
  Path Type:              Setup (Max at Slow Process Corner)
  Requirement:            10.000ns  (clk_fpga_0 rise@10.000ns - clk_fpga_0 rise@0.000ns)
  Data Path Delay:        8.343ns  (logic 0.963ns (11.542%)  route 7.380ns (88.458%))
  Logic Levels:           3  (LUT4=1 LUT5=1 LUT6=1)
  Clock Path Skew:        -0.397ns (DCD - SCD + CPR)
    Destination Clock Delay (DCD):    2.658ns = ( 12.658 - 10.000 ) 
    Source Clock Delay      (SCD):    3.184ns
    Clock Pessimism Removal (CPR):    0.129ns
  Clock Uncertainty:      0.154ns  ((TSJ^2 + TIJ^2)^1/2 + DJ) / 2 + PE
    Total System Jitter     (TSJ):    0.071ns
    Total Input Jitter      (TIJ):    0.300ns
    Discrete Jitter          (DJ):    0.000ns
    Phase Error              (PE):    0.000ns

    Location             Delay type                Incr(ns)  Path(ns)    Netlist Resource(s)
  -------------------------------------------------------------------    -------------------
                         (clock clk_fpga_0 rise edge)
                                                      0.000     0.000 r  
    PS7_X0Y0             PS7                          0.000     0.000 r  design_1_i/processing_system7_0/inst/PS7_i/FCLKCLK[0]
                         net (fo=1, routed)           1.193     1.193    design_1_i/processing_system7_0/inst/FCLK_CLK_unbuffered[0]
    BUFGCTRL_X0Y16       BUFG (Prop_bufg_I_O)         0.101     1.294 r  design_1_i/processing_system7_0/inst/buffer_fclk_clk_0.FCLK_CLK_0_BUFG/O
                         net (fo=1419, routed)        1.890     3.184    design_1_i/axi_interconnect_0/xbar/inst/gen_sasd.crossbar_sasd_0/reg_slice_r/aclk
    SLICE_X29Y107        FDRE                                         r  design_1_i/axi_interconnect_0/xbar/inst/gen_sasd.crossbar_sasd_0/reg_slice_r/s_ready_i_reg/C
  -------------------------------------------------------------------    -------------------
    SLICE_X29Y107        FDRE (Prop_fdre_C_Q)         0.419     3.603 r  design_1_i/axi_interconnect_0/xbar/inst/gen_sasd.crossbar_sasd_0/reg_slice_r/s_ready_i_reg/Q
                         net (fo=45, routed)          1.236     4.839    design_1_i/axi_interconnect_0/xbar/inst/gen_sasd.crossbar_sasd_0/reg_slice_r/aa_rready
    SLICE_X32Y102        LUT4 (Prop_lut4_I3_O)        0.296     5.135 f  design_1_i/axi_interconnect_0/xbar/inst/gen_sasd.crossbar_sasd_0/reg_slice_r/m_payload_i[32]_i_2/O
                         net (fo=32, routed)          1.816     6.951    design_1_i/axi_interconnect_0/xbar/inst/gen_sasd.crossbar_sasd_0/reg_slice_r/m_payload_i[32]_i_2_n_0
    SLICE_X41Y94         LUT6 (Prop_lut6_I0_O)        0.124     7.075 r  design_1_i/axi_interconnect_0/xbar/inst/gen_sasd.crossbar_sasd_0/reg_slice_r/m_payload_i[4]_i_2/O
                         net (fo=1, routed)           0.765     7.840    design_1_i/axi_interconnect_0/xbar/inst/gen_sasd.crossbar_sasd_0/reg_slice_r/m_payload_i[4]_i_2_n_0
    SLICE_X33Y93         LUT5 (Prop_lut5_I4_O)        0.124     7.964 r  design_1_i/axi_interconnect_0/xbar/inst/gen_sasd.crossbar_sasd_0/reg_slice_r/m_payload_i[4]_i_1/O
                         net (fo=2, routed)           3.564    11.527    design_1_i/axi_interconnect_0/xbar/inst/gen_sasd.crossbar_sasd_0/reg_slice_r/skid_buffer[4]
    SLICE_X32Y95         FDRE                                         r  design_1_i/axi_interconnect_0/xbar/inst/gen_sasd.crossbar_sasd_0/reg_slice_r/m_payload_i_reg[4]/D
  -------------------------------------------------------------------    -------------------

                         (clock clk_fpga_0 rise edge)
                                                     10.000    10.000 r  
    PS7_X0Y0             PS7                          0.000    10.000 r  design_1_i/processing_system7_0/inst/PS7_i/FCLKCLK[0]
                         net (fo=1, routed)           1.088    11.088    design_1_i/processing_system7_0/inst/FCLK_CLK_unbuffered[0]
    BUFGCTRL_X0Y16       BUFG (Prop_bufg_I_O)         0.091    11.179 r  design_1_i/processing_system7_0/inst/buffer_fclk_clk_0.FCLK_CLK_0_BUFG/O
                         net (fo=1419, routed)        1.479    12.658    design_1_i/axi_interconnect_0/xbar/inst/gen_sasd.crossbar_sasd_0/reg_slice_r/aclk
    SLICE_X32Y95         FDRE                                         r  design_1_i/axi_interconnect_0/xbar/inst/gen_sasd.crossbar_sasd_0/reg_slice_r/m_payload_i_reg[4]/C
                         clock pessimism              0.129    12.787    
                         clock uncertainty           -0.154    12.633    
    SLICE_X32Y95         FDRE (Setup_fdre_C_D)       -0.028    12.605    design_1_i/axi_interconnect_0/xbar/inst/gen_sasd.crossbar_sasd_0/reg_slice_r/m_payload_i_reg[4]
  -------------------------------------------------------------------
                         required time                         12.605    
                         arrival time                         -11.527    
  -------------------------------------------------------------------
                         slack                                  1.077    

Slack (MET) :             1.095ns  (required time - arrival time)
  Source:                 design_1_i/SpeedSensor_0/U0/SpeedSensor_slave_lite_v1_0_S00_AXI_inst/axi_araddr_reg[2]/C
                            (rising edge-triggered cell FDRE clocked by clk_fpga_0  {rise@0.000ns fall@5.000ns period=10.000ns})
  Destination:            design_1_i/axi_interconnect_0/xbar/inst/gen_sasd.crossbar_sasd_0/reg_slice_r/skid_buffer_reg[3]/D
                            (rising edge-triggered cell FDRE clocked by clk_fpga_0  {rise@0.000ns fall@5.000ns period=10.000ns})
  Path Group:             clk_fpga_0
  Path Type:              Setup (Max at Slow Process Corner)
  Requirement:            10.000ns  (clk_fpga_0 rise@10.000ns - clk_fpga_0 rise@0.000ns)
  Data Path Delay:        8.322ns  (logic 0.828ns (9.950%)  route 7.494ns (90.050%))
  Logic Levels:           3  (LUT5=1 LUT6=2)
  Clock Path Skew:        -0.398ns (DCD - SCD + CPR)
    Destination Clock Delay (DCD):    2.656ns = ( 12.656 - 10.000 ) 
    Source Clock Delay      (SCD):    3.183ns
    Clock Pessimism Removal (CPR):    0.129ns
  Clock Uncertainty:      0.154ns  ((TSJ^2 + TIJ^2)^1/2 + DJ) / 2 + PE
    Total System Jitter     (TSJ):    0.071ns
    Total Input Jitter      (TIJ):    0.300ns
    Discrete Jitter          (DJ):    0.000ns
    Phase Error              (PE):    0.000ns

    Location             Delay type                Incr(ns)  Path(ns)    Netlist Resource(s)
  -------------------------------------------------------------------    -------------------
                         (clock clk_fpga_0 rise edge)
                                                      0.000     0.000 r  
    PS7_X0Y0             PS7                          0.000     0.000 r  design_1_i/processing_system7_0/inst/PS7_i/FCLKCLK[0]
                         net (fo=1, routed)           1.193     1.193    design_1_i/processing_system7_0/inst/FCLK_CLK_unbuffered[0]
    BUFGCTRL_X0Y16       BUFG (Prop_bufg_I_O)         0.101     1.294 r  design_1_i/processing_system7_0/inst/buffer_fclk_clk_0.FCLK_CLK_0_BUFG/O
                         net (fo=1419, routed)        1.889     3.183    design_1_i/SpeedSensor_0/U0/SpeedSensor_slave_lite_v1_0_S00_AXI_inst/s00_axi_aclk
    SLICE_X29Y110        FDRE                                         r  design_1_i/SpeedSensor_0/U0/SpeedSensor_slave_lite_v1_0_S00_AXI_inst/axi_araddr_reg[2]/C
  -------------------------------------------------------------------    -------------------
    SLICE_X29Y110        FDRE (Prop_fdre_C_Q)         0.456     3.639 r  design_1_i/SpeedSensor_0/U0/SpeedSensor_slave_lite_v1_0_S00_AXI_inst/axi_araddr_reg[2]/Q
                         net (fo=33, routed)          2.187     5.826    design_1_i/SpeedSensor_0/U0/SpeedSensor_slave_lite_v1_0_S00_AXI_inst/axi_araddr[2]
    SLICE_X31Y93         LUT6 (Prop_lut6_I3_O)        0.124     5.950 r  design_1_i/SpeedSensor_0/U0/SpeedSensor_slave_lite_v1_0_S00_AXI_inst/s00_axi_rdata[0]_INST_0/O
                         net (fo=1, routed)           1.086     7.037    design_1_i/axi_interconnect_0/xbar/inst/gen_sasd.crossbar_sasd_0/reg_slice_r/m_axi_rdata[64]
    SLICE_X41Y93         LUT6 (Prop_lut6_I5_O)        0.124     7.161 r  design_1_i/axi_interconnect_0/xbar/inst/gen_sasd.crossbar_sasd_0/reg_slice_r/m_payload_i[3]_i_2/O
                         net (fo=1, routed)           0.652     7.812    design_1_i/axi_interconnect_0/xbar/inst/gen_sasd.crossbar_sasd_0/reg_slice_r/m_payload_i[3]_i_2_n_0
    SLICE_X36Y91         LUT5 (Prop_lut5_I4_O)        0.124     7.936 r  design_1_i/axi_interconnect_0/xbar/inst/gen_sasd.crossbar_sasd_0/reg_slice_r/m_payload_i[3]_i_1/O
                         net (fo=2, routed)           3.569    11.505    design_1_i/axi_interconnect_0/xbar/inst/gen_sasd.crossbar_sasd_0/reg_slice_r/skid_buffer[3]
    SLICE_X36Y90         FDRE                                         r  design_1_i/axi_interconnect_0/xbar/inst/gen_sasd.crossbar_sasd_0/reg_slice_r/skid_buffer_reg[3]/D
  -------------------------------------------------------------------    -------------------

                         (clock clk_fpga_0 rise edge)
                                                     10.000    10.000 r  
    PS7_X0Y0             PS7                          0.000    10.000 r  design_1_i/processing_system7_0/inst/PS7_i/FCLKCLK[0]
                         net (fo=1, routed)           1.088    11.088    design_1_i/processing_system7_0/inst/FCLK_CLK_unbuffered[0]
    BUFGCTRL_X0Y16       BUFG (Prop_bufg_I_O)         0.091    11.179 r  design_1_i/processing_system7_0/inst/buffer_fclk_clk_0.FCLK_CLK_0_BUFG/O
                         net (fo=1419, routed)        1.477    12.656    design_1_i/axi_interconnect_0/xbar/inst/gen_sasd.crossbar_sasd_0/reg_slice_r/aclk
    SLICE_X36Y90         FDRE                                         r  design_1_i/axi_interconnect_0/xbar/inst/gen_sasd.crossbar_sasd_0/reg_slice_r/skid_buffer_reg[3]/C
                         clock pessimism              0.129    12.785    
                         clock uncertainty           -0.154    12.631    
    SLICE_X36Y90         FDRE (Setup_fdre_C_D)       -0.031    12.600    design_1_i/axi_interconnect_0/xbar/inst/gen_sasd.crossbar_sasd_0/reg_slice_r/skid_buffer_reg[3]
  -------------------------------------------------------------------
                         required time                         12.600    
                         arrival time                         -11.505    
  -------------------------------------------------------------------
                         slack                                  1.095    

Slack (MET) :             1.105ns  (required time - arrival time)
  Source:                 design_1_i/axi_interconnect_0/xbar/inst/gen_sasd.crossbar_sasd_0/reg_slice_r/s_ready_i_reg/C
                            (rising edge-triggered cell FDRE clocked by clk_fpga_0  {rise@0.000ns fall@5.000ns period=10.000ns})
  Destination:            design_1_i/axi_interconnect_0/xbar/inst/gen_sasd.crossbar_sasd_0/reg_slice_r/m_payload_i_reg[10]/D
                            (rising edge-triggered cell FDRE clocked by clk_fpga_0  {rise@0.000ns fall@5.000ns period=10.000ns})
  Path Group:             clk_fpga_0
  Path Type:              Setup (Max at Slow Process Corner)
  Requirement:            10.000ns  (clk_fpga_0 rise@10.000ns - clk_fpga_0 rise@0.000ns)
  Data Path Delay:        8.247ns  (logic 1.215ns (14.732%)  route 7.032ns (85.268%))
  Logic Levels:           3  (LUT4=1 LUT5=1 LUT6=1)
  Clock Path Skew:        -0.398ns (DCD - SCD + CPR)
    Destination Clock Delay (DCD):    2.657ns = ( 12.657 - 10.000 ) 
    Source Clock Delay      (SCD):    3.184ns
    Clock Pessimism Removal (CPR):    0.129ns
  Clock Uncertainty:      0.154ns  ((TSJ^2 + TIJ^2)^1/2 + DJ) / 2 + PE
    Total System Jitter     (TSJ):    0.071ns
    Total Input Jitter      (TIJ):    0.300ns
    Discrete Jitter          (DJ):    0.000ns
    Phase Error              (PE):    0.000ns

    Location             Delay type                Incr(ns)  Path(ns)    Netlist Resource(s)
  -------------------------------------------------------------------    -------------------
                         (clock clk_fpga_0 rise edge)
                                                      0.000     0.000 r  
    PS7_X0Y0             PS7                          0.000     0.000 r  design_1_i/processing_system7_0/inst/PS7_i/FCLKCLK[0]
                         net (fo=1, routed)           1.193     1.193    design_1_i/processing_system7_0/inst/FCLK_CLK_unbuffered[0]
    BUFGCTRL_X0Y16       BUFG (Prop_bufg_I_O)         0.101     1.294 r  design_1_i/processing_system7_0/inst/buffer_fclk_clk_0.FCLK_CLK_0_BUFG/O
                         net (fo=1419, routed)        1.890     3.184    design_1_i/axi_interconnect_0/xbar/inst/gen_sasd.crossbar_sasd_0/reg_slice_r/aclk
    SLICE_X29Y107        FDRE                                         r  design_1_i/axi_interconnect_0/xbar/inst/gen_sasd.crossbar_sasd_0/reg_slice_r/s_ready_i_reg/C
  -------------------------------------------------------------------    -------------------
    SLICE_X29Y107        FDRE (Prop_fdre_C_Q)         0.419     3.603 r  design_1_i/axi_interconnect_0/xbar/inst/gen_sasd.crossbar_sasd_0/reg_slice_r/s_ready_i_reg/Q
                         net (fo=45, routed)          1.236     4.839    design_1_i/axi_interconnect_0/xbar/inst/gen_sasd.crossbar_sasd_0/reg_slice_r/aa_rready
    SLICE_X32Y102        LUT4 (Prop_lut4_I3_O)        0.324     5.163 f  design_1_i/axi_interconnect_0/xbar/inst/gen_sasd.crossbar_sasd_0/reg_slice_r/m_payload_i[33]_i_2/O
                         net (fo=32, routed)          1.437     6.600    design_1_i/axi_interconnect_0/xbar/inst/gen_sasd.crossbar_sasd_0/reg_slice_r/m_payload_i[33]_i_2_n_0
    SLICE_X41Y93         LUT6 (Prop_lut6_I0_O)        0.348     6.948 r  design_1_i/axi_interconnect_0/xbar/inst/gen_sasd.crossbar_sasd_0/reg_slice_r/m_payload_i[10]_i_2/O
                         net (fo=1, routed)           0.877     7.825    design_1_i/axi_interconnect_0/xbar/inst/gen_sasd.crossbar_sasd_0/reg_slice_r/m_payload_i[10]_i_2_n_0
    SLICE_X34Y91         LUT5 (Prop_lut5_I4_O)        0.124     7.949 r  design_1_i/axi_interconnect_0/xbar/inst/gen_sasd.crossbar_sasd_0/reg_slice_r/m_payload_i[10]_i_1/O
                         net (fo=2, routed)           3.482    11.431    design_1_i/axi_interconnect_0/xbar/inst/gen_sasd.crossbar_sasd_0/reg_slice_r/skid_buffer[10]
    SLICE_X33Y91         FDRE                                         r  design_1_i/axi_interconnect_0/xbar/inst/gen_sasd.crossbar_sasd_0/reg_slice_r/m_payload_i_reg[10]/D
  -------------------------------------------------------------------    -------------------

                         (clock clk_fpga_0 rise edge)
                                                     10.000    10.000 r  
    PS7_X0Y0             PS7                          0.000    10.000 r  design_1_i/processing_system7_0/inst/PS7_i/FCLKCLK[0]
                         net (fo=1, routed)           1.088    11.088    design_1_i/processing_system7_0/inst/FCLK_CLK_unbuffered[0]
    BUFGCTRL_X0Y16       BUFG (Prop_bufg_I_O)         0.091    11.179 r  design_1_i/processing_system7_0/inst/buffer_fclk_clk_0.FCLK_CLK_0_BUFG/O
                         net (fo=1419, routed)        1.478    12.657    design_1_i/axi_interconnect_0/xbar/inst/gen_sasd.crossbar_sasd_0/reg_slice_r/aclk
    SLICE_X33Y91         FDRE                                         r  design_1_i/axi_interconnect_0/xbar/inst/gen_sasd.crossbar_sasd_0/reg_slice_r/m_payload_i_reg[10]/C
                         clock pessimism              0.129    12.786    
                         clock uncertainty           -0.154    12.632    
    SLICE_X33Y91         FDRE (Setup_fdre_C_D)       -0.095    12.537    design_1_i/axi_interconnect_0/xbar/inst/gen_sasd.crossbar_sasd_0/reg_slice_r/m_payload_i_reg[10]
  -------------------------------------------------------------------
                         required time                         12.537    
                         arrival time                         -11.431    
  -------------------------------------------------------------------
                         slack                                  1.105    

Slack (MET) :             1.130ns  (required time - arrival time)
  Source:                 design_1_i/axi_interconnect_0/xbar/inst/gen_sasd.crossbar_sasd_0/reg_slice_r/s_ready_i_reg/C
                            (rising edge-triggered cell FDRE clocked by clk_fpga_0  {rise@0.000ns fall@5.000ns period=10.000ns})
  Destination:            design_1_i/axi_interconnect_0/xbar/inst/gen_sasd.crossbar_sasd_0/reg_slice_r/m_payload_i_reg[16]/D
                            (rising edge-triggered cell FDRE clocked by clk_fpga_0  {rise@0.000ns fall@5.000ns period=10.000ns})
  Path Group:             clk_fpga_0
  Path Type:              Setup (Max at Slow Process Corner)
  Requirement:            10.000ns  (clk_fpga_0 rise@10.000ns - clk_fpga_0 rise@0.000ns)
  Data Path Delay:        8.517ns  (logic 0.963ns (11.306%)  route 7.554ns (88.694%))
  Logic Levels:           3  (LUT4=1 LUT5=1 LUT6=1)
  Clock Path Skew:        -0.104ns (DCD - SCD + CPR)
    Destination Clock Delay (DCD):    2.833ns = ( 12.833 - 10.000 ) 
    Source Clock Delay      (SCD):    3.184ns
    Clock Pessimism Removal (CPR):    0.247ns
  Clock Uncertainty:      0.154ns  ((TSJ^2 + TIJ^2)^1/2 + DJ) / 2 + PE
    Total System Jitter     (TSJ):    0.071ns
    Total Input Jitter      (TIJ):    0.300ns
    Discrete Jitter          (DJ):    0.000ns
    Phase Error              (PE):    0.000ns

    Location             Delay type                Incr(ns)  Path(ns)    Netlist Resource(s)
  -------------------------------------------------------------------    -------------------
                         (clock clk_fpga_0 rise edge)
                                                      0.000     0.000 r  
    PS7_X0Y0             PS7                          0.000     0.000 r  design_1_i/processing_system7_0/inst/PS7_i/FCLKCLK[0]
                         net (fo=1, routed)           1.193     1.193    design_1_i/processing_system7_0/inst/FCLK_CLK_unbuffered[0]
    BUFGCTRL_X0Y16       BUFG (Prop_bufg_I_O)         0.101     1.294 r  design_1_i/processing_system7_0/inst/buffer_fclk_clk_0.FCLK_CLK_0_BUFG/O
                         net (fo=1419, routed)        1.890     3.184    design_1_i/axi_interconnect_0/xbar/inst/gen_sasd.crossbar_sasd_0/reg_slice_r/aclk
    SLICE_X29Y107        FDRE                                         r  design_1_i/axi_interconnect_0/xbar/inst/gen_sasd.crossbar_sasd_0/reg_slice_r/s_ready_i_reg/C
  -------------------------------------------------------------------    -------------------
    SLICE_X29Y107        FDRE (Prop_fdre_C_Q)         0.419     3.603 r  design_1_i/axi_interconnect_0/xbar/inst/gen_sasd.crossbar_sasd_0/reg_slice_r/s_ready_i_reg/Q
                         net (fo=45, routed)          1.236     4.839    design_1_i/axi_interconnect_0/xbar/inst/gen_sasd.crossbar_sasd_0/reg_slice_r/aa_rready
    SLICE_X32Y102        LUT4 (Prop_lut4_I3_O)        0.296     5.135 f  design_1_i/axi_interconnect_0/xbar/inst/gen_sasd.crossbar_sasd_0/reg_slice_r/m_payload_i[32]_i_2/O
                         net (fo=32, routed)          1.349     6.484    design_1_i/axi_interconnect_0/xbar/inst/gen_sasd.crossbar_sasd_0/reg_slice_r/m_payload_i[32]_i_2_n_0
    SLICE_X38Y99         LUT6 (Prop_lut6_I0_O)        0.124     6.608 r  design_1_i/axi_interconnect_0/xbar/inst/gen_sasd.crossbar_sasd_0/reg_slice_r/m_payload_i[16]_i_2/O
                         net (fo=1, routed)           0.808     7.416    design_1_i/axi_interconnect_0/xbar/inst/gen_sasd.crossbar_sasd_0/reg_slice_r/m_payload_i[16]_i_2_n_0
    SLICE_X32Y102        LUT5 (Prop_lut5_I4_O)        0.124     7.540 r  design_1_i/axi_interconnect_0/xbar/inst/gen_sasd.crossbar_sasd_0/reg_slice_r/m_payload_i[16]_i_1/O
                         net (fo=2, routed)           4.161    11.701    design_1_i/axi_interconnect_0/xbar/inst/gen_sasd.crossbar_sasd_0/reg_slice_r/skid_buffer[16]
    SLICE_X33Y102        FDRE                                         r  design_1_i/axi_interconnect_0/xbar/inst/gen_sasd.crossbar_sasd_0/reg_slice_r/m_payload_i_reg[16]/D
  -------------------------------------------------------------------    -------------------

                         (clock clk_fpga_0 rise edge)
                                                     10.000    10.000 r  
    PS7_X0Y0             PS7                          0.000    10.000 r  design_1_i/processing_system7_0/inst/PS7_i/FCLKCLK[0]
                         net (fo=1, routed)           1.088    11.088    design_1_i/processing_system7_0/inst/FCLK_CLK_unbuffered[0]
    BUFGCTRL_X0Y16       BUFG (Prop_bufg_I_O)         0.091    11.179 r  design_1_i/processing_system7_0/inst/buffer_fclk_clk_0.FCLK_CLK_0_BUFG/O
                         net (fo=1419, routed)        1.654    12.833    design_1_i/axi_interconnect_0/xbar/inst/gen_sasd.crossbar_sasd_0/reg_slice_r/aclk
    SLICE_X33Y102        FDRE                                         r  design_1_i/axi_interconnect_0/xbar/inst/gen_sasd.crossbar_sasd_0/reg_slice_r/m_payload_i_reg[16]/C
                         clock pessimism              0.247    13.080    
                         clock uncertainty           -0.154    12.926    
    SLICE_X33Y102        FDRE (Setup_fdre_C_D)       -0.095    12.831    design_1_i/axi_interconnect_0/xbar/inst/gen_sasd.crossbar_sasd_0/reg_slice_r/m_payload_i_reg[16]
  -------------------------------------------------------------------
                         required time                         12.831    
                         arrival time                         -11.701    
  -------------------------------------------------------------------
                         slack                                  1.130    

Slack (MET) :             1.149ns  (required time - arrival time)
  Source:                 design_1_i/SpeedSensor_0/U0/SpeedSensor_slave_lite_v1_0_S00_AXI_inst/axi_araddr_reg[2]/C
                            (rising edge-triggered cell FDRE clocked by clk_fpga_0  {rise@0.000ns fall@5.000ns period=10.000ns})
  Destination:            design_1_i/axi_interconnect_0/xbar/inst/gen_sasd.crossbar_sasd_0/reg_slice_r/skid_buffer_reg[5]/D
                            (rising edge-triggered cell FDRE clocked by clk_fpga_0  {rise@0.000ns fall@5.000ns period=10.000ns})
  Path Group:             clk_fpga_0
  Path Type:              Setup (Max at Slow Process Corner)
  Requirement:            10.000ns  (clk_fpga_0 rise@10.000ns - clk_fpga_0 rise@0.000ns)
  Data Path Delay:        8.284ns  (logic 0.828ns (9.995%)  route 7.456ns (90.005%))
  Logic Levels:           3  (LUT6=3)
  Clock Path Skew:        -0.396ns (DCD - SCD + CPR)
    Destination Clock Delay (DCD):    2.658ns = ( 12.658 - 10.000 ) 
    Source Clock Delay      (SCD):    3.183ns
    Clock Pessimism Removal (CPR):    0.129ns
  Clock Uncertainty:      0.154ns  ((TSJ^2 + TIJ^2)^1/2 + DJ) / 2 + PE
    Total System Jitter     (TSJ):    0.071ns
    Total Input Jitter      (TIJ):    0.300ns
    Discrete Jitter          (DJ):    0.000ns
    Phase Error              (PE):    0.000ns

    Location             Delay type                Incr(ns)  Path(ns)    Netlist Resource(s)
  -------------------------------------------------------------------    -------------------
                         (clock clk_fpga_0 rise edge)
                                                      0.000     0.000 r  
    PS7_X0Y0             PS7                          0.000     0.000 r  design_1_i/processing_system7_0/inst/PS7_i/FCLKCLK[0]
                         net (fo=1, routed)           1.193     1.193    design_1_i/processing_system7_0/inst/FCLK_CLK_unbuffered[0]
    BUFGCTRL_X0Y16       BUFG (Prop_bufg_I_O)         0.101     1.294 r  design_1_i/processing_system7_0/inst/buffer_fclk_clk_0.FCLK_CLK_0_BUFG/O
                         net (fo=1419, routed)        1.889     3.183    design_1_i/SpeedSensor_0/U0/SpeedSensor_slave_lite_v1_0_S00_AXI_inst/s00_axi_aclk
    SLICE_X29Y110        FDRE                                         r  design_1_i/SpeedSensor_0/U0/SpeedSensor_slave_lite_v1_0_S00_AXI_inst/axi_araddr_reg[2]/C
  -------------------------------------------------------------------    -------------------
    SLICE_X29Y110        FDRE (Prop_fdre_C_Q)         0.456     3.639 r  design_1_i/SpeedSensor_0/U0/SpeedSensor_slave_lite_v1_0_S00_AXI_inst/axi_araddr_reg[2]/Q
                         net (fo=33, routed)          2.239     5.878    design_1_i/SpeedSensor_0/U0/SpeedSensor_slave_lite_v1_0_S00_AXI_inst/axi_araddr[2]
    SLICE_X31Y93         LUT6 (Prop_lut6_I3_O)        0.124     6.002 r  design_1_i/SpeedSensor_0/U0/SpeedSensor_slave_lite_v1_0_S00_AXI_inst/s00_axi_rdata[2]_INST_0/O
                         net (fo=1, routed)           1.016     7.018    design_1_i/axi_interconnect_0/xbar/inst/gen_sasd.crossbar_sasd_0/reg_slice_r/m_axi_rdata[66]
    SLICE_X41Y93         LUT6 (Prop_lut6_I2_O)        0.124     7.142 r  design_1_i/axi_interconnect_0/xbar/inst/gen_sasd.crossbar_sasd_0/reg_slice_r/m_payload_i[5]_i_2/O
                         net (fo=1, routed)           0.592     7.734    design_1_i/axi_interconnect_0/xbar/inst/gen_sasd.crossbar_sasd_0/reg_slice_r/m_payload_i[5]_i_2_n_0
    SLICE_X38Y94         LUT6 (Prop_lut6_I5_O)        0.124     7.858 r  design_1_i/axi_interconnect_0/xbar/inst/gen_sasd.crossbar_sasd_0/reg_slice_r/m_payload_i[5]_i_1/O
                         net (fo=2, routed)           3.609    11.467    design_1_i/axi_interconnect_0/xbar/inst/gen_sasd.crossbar_sasd_0/reg_slice_r/skid_buffer[5]
    SLICE_X38Y95         FDRE                                         r  design_1_i/axi_interconnect_0/xbar/inst/gen_sasd.crossbar_sasd_0/reg_slice_r/skid_buffer_reg[5]/D
  -------------------------------------------------------------------    -------------------

                         (clock clk_fpga_0 rise edge)
                                                     10.000    10.000 r  
    PS7_X0Y0             PS7                          0.000    10.000 r  design_1_i/processing_system7_0/inst/PS7_i/FCLKCLK[0]
                         net (fo=1, routed)           1.088    11.088    design_1_i/processing_system7_0/inst/FCLK_CLK_unbuffered[0]
    BUFGCTRL_X0Y16       BUFG (Prop_bufg_I_O)         0.091    11.179 r  design_1_i/processing_system7_0/inst/buffer_fclk_clk_0.FCLK_CLK_0_BUFG/O
                         net (fo=1419, routed)        1.479    12.658    design_1_i/axi_interconnect_0/xbar/inst/gen_sasd.crossbar_sasd_0/reg_slice_r/aclk
    SLICE_X38Y95         FDRE                                         r  design_1_i/axi_interconnect_0/xbar/inst/gen_sasd.crossbar_sasd_0/reg_slice_r/skid_buffer_reg[5]/C
                         clock pessimism              0.129    12.787    
                         clock uncertainty           -0.154    12.633    
    SLICE_X38Y95         FDRE (Setup_fdre_C_D)       -0.016    12.617    design_1_i/axi_interconnect_0/xbar/inst/gen_sasd.crossbar_sasd_0/reg_slice_r/skid_buffer_reg[5]
  -------------------------------------------------------------------
                         required time                         12.617    
                         arrival time                         -11.467    
  -------------------------------------------------------------------
                         slack                                  1.149    





Min Delay Paths
--------------------------------------------------------------------------------------
Slack (MET) :             0.054ns  (arrival time - required time)
  Source:                 design_1_i/axi_interconnect_0/s00_couplers/auto_pc/inst/gen_axilite.gen_b2s_conv.axilite_b2s/RD.r_channel_0/r_arid_r_reg[7]/C
                            (rising edge-triggered cell FDRE clocked by clk_fpga_0  {rise@0.000ns fall@5.000ns period=10.000ns})
  Destination:            design_1_i/axi_interconnect_0/s00_couplers/auto_pc/inst/gen_axilite.gen_b2s_conv.axilite_b2s/RD.r_channel_0/transaction_fifo_0/memory_reg[31][8]_srl32/D
                            (rising edge-triggered cell SRLC32E clocked by clk_fpga_0  {rise@0.000ns fall@5.000ns period=10.000ns})
  Path Group:             clk_fpga_0
  Path Type:              Hold (Min at Fast Process Corner)
  Requirement:            0.000ns  (clk_fpga_0 rise@0.000ns - clk_fpga_0 rise@0.000ns)
  Data Path Delay:        0.253ns  (logic 0.141ns (55.730%)  route 0.112ns (44.270%))
  Logic Levels:           0  
  Clock Path Skew:        0.016ns (DCD - SCD - CPR)
    Destination Clock Delay (DCD):    1.208ns
    Source Clock Delay      (SCD):    0.908ns
    Clock Pessimism Removal (CPR):    0.284ns

    Location             Delay type                Incr(ns)  Path(ns)    Netlist Resource(s)
  -------------------------------------------------------------------    -------------------
                         (clock clk_fpga_0 rise edge)
                                                      0.000     0.000 r  
    PS7_X0Y0             PS7                          0.000     0.000 r  design_1_i/processing_system7_0/inst/PS7_i/FCLKCLK[0]
                         net (fo=1, routed)           0.310     0.310    design_1_i/processing_system7_0/inst/FCLK_CLK_unbuffered[0]
    BUFGCTRL_X0Y16       BUFG (Prop_bufg_I_O)         0.026     0.336 r  design_1_i/processing_system7_0/inst/buffer_fclk_clk_0.FCLK_CLK_0_BUFG/O
                         net (fo=1419, routed)        0.572     0.908    design_1_i/axi_interconnect_0/s00_couplers/auto_pc/inst/gen_axilite.gen_b2s_conv.axilite_b2s/RD.r_channel_0/aclk
    SLICE_X27Y90         FDRE                                         r  design_1_i/axi_interconnect_0/s00_couplers/auto_pc/inst/gen_axilite.gen_b2s_conv.axilite_b2s/RD.r_channel_0/r_arid_r_reg[7]/C
  -------------------------------------------------------------------    -------------------
    SLICE_X27Y90         FDRE (Prop_fdre_C_Q)         0.141     1.049 r  design_1_i/axi_interconnect_0/s00_couplers/auto_pc/inst/gen_axilite.gen_b2s_conv.axilite_b2s/RD.r_channel_0/r_arid_r_reg[7]/Q
                         net (fo=1, routed)           0.112     1.161    design_1_i/axi_interconnect_0/s00_couplers/auto_pc/inst/gen_axilite.gen_b2s_conv.axilite_b2s/RD.r_channel_0/transaction_fifo_0/in[8]
    SLICE_X26Y91         SRLC32E                                      r  design_1_i/axi_interconnect_0/s00_couplers/auto_pc/inst/gen_axilite.gen_b2s_conv.axilite_b2s/RD.r_channel_0/transaction_fifo_0/memory_reg[31][8]_srl32/D
  -------------------------------------------------------------------    -------------------

                         (clock clk_fpga_0 rise edge)
                                                      0.000     0.000 r  
    PS7_X0Y0             PS7                          0.000     0.000 r  design_1_i/processing_system7_0/inst/PS7_i/FCLKCLK[0]
                         net (fo=1, routed)           0.337     0.337    design_1_i/processing_system7_0/inst/FCLK_CLK_unbuffered[0]
    BUFGCTRL_X0Y16       BUFG (Prop_bufg_I_O)         0.029     0.366 r  design_1_i/processing_system7_0/inst/buffer_fclk_clk_0.FCLK_CLK_0_BUFG/O
                         net (fo=1419, routed)        0.842     1.208    design_1_i/axi_interconnect_0/s00_couplers/auto_pc/inst/gen_axilite.gen_b2s_conv.axilite_b2s/RD.r_channel_0/transaction_fifo_0/aclk
    SLICE_X26Y91         SRLC32E                                      r  design_1_i/axi_interconnect_0/s00_couplers/auto_pc/inst/gen_axilite.gen_b2s_conv.axilite_b2s/RD.r_channel_0/transaction_fifo_0/memory_reg[31][8]_srl32/CLK
                         clock pessimism             -0.284     0.924    
    SLICE_X26Y91         SRLC32E (Hold_srlc32e_CLK_D)
                                                      0.183     1.107    design_1_i/axi_interconnect_0/s00_couplers/auto_pc/inst/gen_axilite.gen_b2s_conv.axilite_b2s/RD.r_channel_0/transaction_fifo_0/memory_reg[31][8]_srl32
  -------------------------------------------------------------------
                         required time                         -1.107    
                         arrival time                           1.161    
  -------------------------------------------------------------------
                         slack                                  0.054    

Slack (MET) :             0.090ns  (arrival time - required time)
  Source:                 design_1_i/axi_timer_1/U0/TC_CORE_I/COUNTER_0_I/COUNTER_I/INFERRED_GEN.icount_out_reg[18]/C
                            (rising edge-triggered cell FDRE clocked by clk_fpga_0  {rise@0.000ns fall@5.000ns period=10.000ns})
  Destination:            design_1_i/axi_timer_1/U0/AXI4_LITE_I/I_SLAVE_ATTACHMENT/s_axi_rdata_i_reg[18]/D
                            (rising edge-triggered cell FDRE clocked by clk_fpga_0  {rise@0.000ns fall@5.000ns period=10.000ns})
  Path Group:             clk_fpga_0
  Path Type:              Hold (Min at Fast Process Corner)
  Requirement:            0.000ns  (clk_fpga_0 rise@0.000ns - clk_fpga_0 rise@0.000ns)
  Data Path Delay:        0.539ns  (logic 0.344ns (63.765%)  route 0.195ns (36.235%))
  Logic Levels:           2  (CARRY4=1 LUT6=1)
  Clock Path Skew:        0.349ns (DCD - SCD - CPR)
    Destination Clock Delay (DCD):    1.277ns
    Source Clock Delay      (SCD):    0.893ns
    Clock Pessimism Removal (CPR):    0.035ns

    Location             Delay type                Incr(ns)  Path(ns)    Netlist Resource(s)
  -------------------------------------------------------------------    -------------------
                         (clock clk_fpga_0 rise edge)
                                                      0.000     0.000 r  
    PS7_X0Y0             PS7                          0.000     0.000 r  design_1_i/processing_system7_0/inst/PS7_i/FCLKCLK[0]
                         net (fo=1, routed)           0.310     0.310    design_1_i/processing_system7_0/inst/FCLK_CLK_unbuffered[0]
    BUFGCTRL_X0Y16       BUFG (Prop_bufg_I_O)         0.026     0.336 r  design_1_i/processing_system7_0/inst/buffer_fclk_clk_0.FCLK_CLK_0_BUFG/O
                         net (fo=1419, routed)        0.557     0.893    design_1_i/axi_timer_1/U0/TC_CORE_I/COUNTER_0_I/COUNTER_I/s_axi_aclk
    SLICE_X46Y99         FDRE                                         r  design_1_i/axi_timer_1/U0/TC_CORE_I/COUNTER_0_I/COUNTER_I/INFERRED_GEN.icount_out_reg[18]/C
  -------------------------------------------------------------------    -------------------
    SLICE_X46Y99         FDRE (Prop_fdre_C_Q)         0.164     1.057 f  design_1_i/axi_timer_1/U0/TC_CORE_I/COUNTER_0_I/COUNTER_I/INFERRED_GEN.icount_out_reg[18]/Q
                         net (fo=5, routed)           0.195     1.252    design_1_i/axi_timer_1/U0/TC_CORE_I/GEN_SECOND_TIMER.COUNTER_1_I/COUNTER_I/counterReg_DBus_32[18]
    SLICE_X43Y100        LUT6 (Prop_lut6_I0_O)        0.045     1.297 r  design_1_i/axi_timer_1/U0/TC_CORE_I/GEN_SECOND_TIMER.COUNTER_1_I/COUNTER_I/GEN.DATA_WIDTH_GEN[13].NUM_BUSES_GEN[1].MUXCY_GEN.MUXCY_I_i_1/O
                         net (fo=1, routed)           0.000     1.297    design_1_i/axi_timer_1/U0/TC_CORE_I/READ_MUX_I/GEN.DATA_WIDTH_GEN[13].NUM_BUSES_GEN[1].MUXCY_GEN.MUXCY_I_0
    SLICE_X43Y100        CARRY4 (Prop_carry4_S[1]_CO[1])
                                                      0.135     1.432 r  design_1_i/axi_timer_1/U0/TC_CORE_I/READ_MUX_I/GEN.DATA_WIDTH_GEN[13].NUM_BUSES_GEN[0].MUXCY_GEN.MUXCY_I_CARRY4/CO[1]
                         net (fo=1, routed)           0.000     1.432    design_1_i/axi_timer_1/U0/AXI4_LITE_I/I_SLAVE_ATTACHMENT/D[18]
    SLICE_X43Y100        FDRE                                         r  design_1_i/axi_timer_1/U0/AXI4_LITE_I/I_SLAVE_ATTACHMENT/s_axi_rdata_i_reg[18]/D
  -------------------------------------------------------------------    -------------------

                         (clock clk_fpga_0 rise edge)
                                                      0.000     0.000 r  
    PS7_X0Y0             PS7                          0.000     0.000 r  design_1_i/processing_system7_0/inst/PS7_i/FCLKCLK[0]
                         net (fo=1, routed)           0.337     0.337    design_1_i/processing_system7_0/inst/FCLK_CLK_unbuffered[0]
    BUFGCTRL_X0Y16       BUFG (Prop_bufg_I_O)         0.029     0.366 r  design_1_i/processing_system7_0/inst/buffer_fclk_clk_0.FCLK_CLK_0_BUFG/O
                         net (fo=1419, routed)        0.911     1.277    design_1_i/axi_timer_1/U0/AXI4_LITE_I/I_SLAVE_ATTACHMENT/s_axi_aclk
    SLICE_X43Y100        FDRE                                         r  design_1_i/axi_timer_1/U0/AXI4_LITE_I/I_SLAVE_ATTACHMENT/s_axi_rdata_i_reg[18]/C
                         clock pessimism             -0.035     1.242    
    SLICE_X43Y100        FDRE (Hold_fdre_C_D)         0.100     1.342    design_1_i/axi_timer_1/U0/AXI4_LITE_I/I_SLAVE_ATTACHMENT/s_axi_rdata_i_reg[18]
  -------------------------------------------------------------------
                         required time                         -1.342    
                         arrival time                           1.432    
  -------------------------------------------------------------------
                         slack                                  0.090    

Slack (MET) :             0.103ns  (arrival time - required time)
  Source:                 design_1_i/axi_interconnect_0/xbar/inst/gen_sasd.crossbar_sasd_0/reg_slice_r/m_payload_i_reg[26]/C
                            (rising edge-triggered cell FDRE clocked by clk_fpga_0  {rise@0.000ns fall@5.000ns period=10.000ns})
  Destination:            design_1_i/axi_interconnect_0/s00_couplers/auto_pc/inst/gen_axilite.gen_b2s_conv.axilite_b2s/RD.r_channel_0/rd_data_fifo_0/memory_reg[31][23]_srl32/D
                            (rising edge-triggered cell SRLC32E clocked by clk_fpga_0  {rise@0.000ns fall@5.000ns period=10.000ns})
  Path Group:             clk_fpga_0
  Path Type:              Hold (Min at Fast Process Corner)
  Requirement:            0.000ns  (clk_fpga_0 rise@0.000ns - clk_fpga_0 rise@0.000ns)
  Data Path Delay:        0.432ns  (logic 0.128ns (29.661%)  route 0.304ns (70.339%))
  Logic Levels:           0  
  Clock Path Skew:        0.199ns (DCD - SCD - CPR)
    Destination Clock Delay (DCD):    1.211ns
    Source Clock Delay      (SCD):    0.977ns
    Clock Pessimism Removal (CPR):    0.035ns

    Location             Delay type                Incr(ns)  Path(ns)    Netlist Resource(s)
  -------------------------------------------------------------------    -------------------
                         (clock clk_fpga_0 rise edge)
                                                      0.000     0.000 r  
    PS7_X0Y0             PS7                          0.000     0.000 r  design_1_i/processing_system7_0/inst/PS7_i/FCLKCLK[0]
                         net (fo=1, routed)           0.310     0.310    design_1_i/processing_system7_0/inst/FCLK_CLK_unbuffered[0]
    BUFGCTRL_X0Y16       BUFG (Prop_bufg_I_O)         0.026     0.336 r  design_1_i/processing_system7_0/inst/buffer_fclk_clk_0.FCLK_CLK_0_BUFG/O
                         net (fo=1419, routed)        0.641     0.977    design_1_i/axi_interconnect_0/xbar/inst/gen_sasd.crossbar_sasd_0/reg_slice_r/aclk
    SLICE_X33Y102        FDRE                                         r  design_1_i/axi_interconnect_0/xbar/inst/gen_sasd.crossbar_sasd_0/reg_slice_r/m_payload_i_reg[26]/C
  -------------------------------------------------------------------    -------------------
    SLICE_X33Y102        FDRE (Prop_fdre_C_Q)         0.128     1.105 r  design_1_i/axi_interconnect_0/xbar/inst/gen_sasd.crossbar_sasd_0/reg_slice_r/m_payload_i_reg[26]/Q
                         net (fo=1, routed)           0.304     1.409    design_1_i/axi_interconnect_0/s00_couplers/auto_pc/inst/gen_axilite.gen_b2s_conv.axilite_b2s/RD.r_channel_0/rd_data_fifo_0/in[23]
    SLICE_X30Y98         SRLC32E                                      r  design_1_i/axi_interconnect_0/s00_couplers/auto_pc/inst/gen_axilite.gen_b2s_conv.axilite_b2s/RD.r_channel_0/rd_data_fifo_0/memory_reg[31][23]_srl32/D
  -------------------------------------------------------------------    -------------------

                         (clock clk_fpga_0 rise edge)
                                                      0.000     0.000 r  
    PS7_X0Y0             PS7                          0.000     0.000 r  design_1_i/processing_system7_0/inst/PS7_i/FCLKCLK[0]
                         net (fo=1, routed)           0.337     0.337    design_1_i/processing_system7_0/inst/FCLK_CLK_unbuffered[0]
    BUFGCTRL_X0Y16       BUFG (Prop_bufg_I_O)         0.029     0.366 r  design_1_i/processing_system7_0/inst/buffer_fclk_clk_0.FCLK_CLK_0_BUFG/O
                         net (fo=1419, routed)        0.845     1.211    design_1_i/axi_interconnect_0/s00_couplers/auto_pc/inst/gen_axilite.gen_b2s_conv.axilite_b2s/RD.r_channel_0/rd_data_fifo_0/aclk
    SLICE_X30Y98         SRLC32E                                      r  design_1_i/axi_interconnect_0/s00_couplers/auto_pc/inst/gen_axilite.gen_b2s_conv.axilite_b2s/RD.r_channel_0/rd_data_fifo_0/memory_reg[31][23]_srl32/CLK
                         clock pessimism             -0.035     1.176    
    SLICE_X30Y98         SRLC32E (Hold_srlc32e_CLK_D)
                                                      0.130     1.306    design_1_i/axi_interconnect_0/s00_couplers/auto_pc/inst/gen_axilite.gen_b2s_conv.axilite_b2s/RD.r_channel_0/rd_data_fifo_0/memory_reg[31][23]_srl32
  -------------------------------------------------------------------
                         required time                         -1.306    
                         arrival time                           1.409    
  -------------------------------------------------------------------
                         slack                                  0.103    

Slack (MET) :             0.112ns  (arrival time - required time)
  Source:                 design_1_i/axi_interconnect_0/s00_couplers/auto_pc/inst/gen_axilite.gen_b2s_conv.axilite_b2s/SI_REG/aw.aw_pipe/s_ready_i_reg/C
                            (rising edge-triggered cell FDRE clocked by clk_fpga_0  {rise@0.000ns fall@5.000ns period=10.000ns})
  Destination:            design_1_i/axi_interconnect_0/s00_couplers/auto_pc/inst/gen_axilite.gen_b2s_conv.axilite_b2s/SI_REG/aw.aw_pipe/m_payload_i_reg[51]/D
                            (rising edge-triggered cell FDRE clocked by clk_fpga_0  {rise@0.000ns fall@5.000ns period=10.000ns})
  Path Group:             clk_fpga_0
  Path Type:              Hold (Min at Fast Process Corner)
  Requirement:            0.000ns  (clk_fpga_0 rise@0.000ns - clk_fpga_0 rise@0.000ns)
  Data Path Delay:        0.595ns  (logic 0.211ns (35.466%)  route 0.384ns (64.534%))
  Logic Levels:           1  (LUT3=1)
  Clock Path Skew:        0.352ns (DCD - SCD - CPR)
    Destination Clock Delay (DCD):    1.296ns
    Source Clock Delay      (SCD):    0.909ns
    Clock Pessimism Removal (CPR):    0.035ns

    Location             Delay type                Incr(ns)  Path(ns)    Netlist Resource(s)
  -------------------------------------------------------------------    -------------------
                         (clock clk_fpga_0 rise edge)
                                                      0.000     0.000 r  
    PS7_X0Y0             PS7                          0.000     0.000 r  design_1_i/processing_system7_0/inst/PS7_i/FCLKCLK[0]
                         net (fo=1, routed)           0.310     0.310    design_1_i/processing_system7_0/inst/FCLK_CLK_unbuffered[0]
    BUFGCTRL_X0Y16       BUFG (Prop_bufg_I_O)         0.026     0.336 r  design_1_i/processing_system7_0/inst/buffer_fclk_clk_0.FCLK_CLK_0_BUFG/O
                         net (fo=1419, routed)        0.573     0.909    design_1_i/axi_interconnect_0/s00_couplers/auto_pc/inst/gen_axilite.gen_b2s_conv.axilite_b2s/SI_REG/aw.aw_pipe/aclk
    SLICE_X26Y96         FDRE                                         r  design_1_i/axi_interconnect_0/s00_couplers/auto_pc/inst/gen_axilite.gen_b2s_conv.axilite_b2s/SI_REG/aw.aw_pipe/s_ready_i_reg/C
  -------------------------------------------------------------------    -------------------
    SLICE_X26Y96         FDRE (Prop_fdre_C_Q)         0.164     1.073 r  design_1_i/axi_interconnect_0/s00_couplers/auto_pc/inst/gen_axilite.gen_b2s_conv.axilite_b2s/SI_REG/aw.aw_pipe/s_ready_i_reg/Q
                         net (fo=91, routed)          0.384     1.457    design_1_i/axi_interconnect_0/s00_couplers/auto_pc/inst/gen_axilite.gen_b2s_conv.axilite_b2s/SI_REG/aw.aw_pipe/s_ready_i_reg_0
    SLICE_X26Y100        LUT3 (Prop_lut3_I1_O)        0.047     1.504 r  design_1_i/axi_interconnect_0/s00_couplers/auto_pc/inst/gen_axilite.gen_b2s_conv.axilite_b2s/SI_REG/aw.aw_pipe/m_payload_i[51]_i_1/O
                         net (fo=1, routed)           0.000     1.504    design_1_i/axi_interconnect_0/s00_couplers/auto_pc/inst/gen_axilite.gen_b2s_conv.axilite_b2s/SI_REG/aw.aw_pipe/skid_buffer[51]
    SLICE_X26Y100        FDRE                                         r  design_1_i/axi_interconnect_0/s00_couplers/auto_pc/inst/gen_axilite.gen_b2s_conv.axilite_b2s/SI_REG/aw.aw_pipe/m_payload_i_reg[51]/D
  -------------------------------------------------------------------    -------------------

                         (clock clk_fpga_0 rise edge)
                                                      0.000     0.000 r  
    PS7_X0Y0             PS7                          0.000     0.000 r  design_1_i/processing_system7_0/inst/PS7_i/FCLKCLK[0]
                         net (fo=1, routed)           0.337     0.337    design_1_i/processing_system7_0/inst/FCLK_CLK_unbuffered[0]
    BUFGCTRL_X0Y16       BUFG (Prop_bufg_I_O)         0.029     0.366 r  design_1_i/processing_system7_0/inst/buffer_fclk_clk_0.FCLK_CLK_0_BUFG/O
                         net (fo=1419, routed)        0.930     1.296    design_1_i/axi_interconnect_0/s00_couplers/auto_pc/inst/gen_axilite.gen_b2s_conv.axilite_b2s/SI_REG/aw.aw_pipe/aclk
    SLICE_X26Y100        FDRE                                         r  design_1_i/axi_interconnect_0/s00_couplers/auto_pc/inst/gen_axilite.gen_b2s_conv.axilite_b2s/SI_REG/aw.aw_pipe/m_payload_i_reg[51]/C
                         clock pessimism             -0.035     1.261    
    SLICE_X26Y100        FDRE (Hold_fdre_C_D)         0.131     1.392    design_1_i/axi_interconnect_0/s00_couplers/auto_pc/inst/gen_axilite.gen_b2s_conv.axilite_b2s/SI_REG/aw.aw_pipe/m_payload_i_reg[51]
  -------------------------------------------------------------------
                         required time                         -1.392    
                         arrival time                           1.504    
  -------------------------------------------------------------------
                         slack                                  0.112    

Slack (MET) :             0.120ns  (arrival time - required time)
  Source:                 design_1_i/axi_interconnect_0/s00_couplers/auto_pc/inst/gen_axilite.gen_b2s_conv.axilite_b2s/SI_REG/aw.aw_pipe/s_ready_i_reg/C
                            (rising edge-triggered cell FDRE clocked by clk_fpga_0  {rise@0.000ns fall@5.000ns period=10.000ns})
  Destination:            design_1_i/axi_interconnect_0/s00_couplers/auto_pc/inst/gen_axilite.gen_b2s_conv.axilite_b2s/SI_REG/aw.aw_pipe/m_payload_i_reg[50]/D
                            (rising edge-triggered cell FDRE clocked by clk_fpga_0  {rise@0.000ns fall@5.000ns period=10.000ns})
  Path Group:             clk_fpga_0
  Path Type:              Hold (Min at Fast Process Corner)
  Requirement:            0.000ns  (clk_fpga_0 rise@0.000ns - clk_fpga_0 rise@0.000ns)
  Data Path Delay:        0.593ns  (logic 0.209ns (35.249%)  route 0.384ns (64.751%))
  Logic Levels:           1  (LUT3=1)
  Clock Path Skew:        0.352ns (DCD - SCD - CPR)
    Destination Clock Delay (DCD):    1.296ns
    Source Clock Delay      (SCD):    0.909ns
    Clock Pessimism Removal (CPR):    0.035ns

    Location             Delay type                Incr(ns)  Path(ns)    Netlist Resource(s)
  -------------------------------------------------------------------    -------------------
                         (clock clk_fpga_0 rise edge)
                                                      0.000     0.000 r  
    PS7_X0Y0             PS7                          0.000     0.000 r  design_1_i/processing_system7_0/inst/PS7_i/FCLKCLK[0]
                         net (fo=1, routed)           0.310     0.310    design_1_i/processing_system7_0/inst/FCLK_CLK_unbuffered[0]
    BUFGCTRL_X0Y16       BUFG (Prop_bufg_I_O)         0.026     0.336 r  design_1_i/processing_system7_0/inst/buffer_fclk_clk_0.FCLK_CLK_0_BUFG/O
                         net (fo=1419, routed)        0.573     0.909    design_1_i/axi_interconnect_0/s00_couplers/auto_pc/inst/gen_axilite.gen_b2s_conv.axilite_b2s/SI_REG/aw.aw_pipe/aclk
    SLICE_X26Y96         FDRE                                         r  design_1_i/axi_interconnect_0/s00_couplers/auto_pc/inst/gen_axilite.gen_b2s_conv.axilite_b2s/SI_REG/aw.aw_pipe/s_ready_i_reg/C
  -------------------------------------------------------------------    -------------------
    SLICE_X26Y96         FDRE (Prop_fdre_C_Q)         0.164     1.073 r  design_1_i/axi_interconnect_0/s00_couplers/auto_pc/inst/gen_axilite.gen_b2s_conv.axilite_b2s/SI_REG/aw.aw_pipe/s_ready_i_reg/Q
                         net (fo=91, routed)          0.384     1.457    design_1_i/axi_interconnect_0/s00_couplers/auto_pc/inst/gen_axilite.gen_b2s_conv.axilite_b2s/SI_REG/aw.aw_pipe/s_ready_i_reg_0
    SLICE_X26Y100        LUT3 (Prop_lut3_I1_O)        0.045     1.502 r  design_1_i/axi_interconnect_0/s00_couplers/auto_pc/inst/gen_axilite.gen_b2s_conv.axilite_b2s/SI_REG/aw.aw_pipe/m_payload_i[50]_i_1/O
                         net (fo=1, routed)           0.000     1.502    design_1_i/axi_interconnect_0/s00_couplers/auto_pc/inst/gen_axilite.gen_b2s_conv.axilite_b2s/SI_REG/aw.aw_pipe/skid_buffer[50]
    SLICE_X26Y100        FDRE                                         r  design_1_i/axi_interconnect_0/s00_couplers/auto_pc/inst/gen_axilite.gen_b2s_conv.axilite_b2s/SI_REG/aw.aw_pipe/m_payload_i_reg[50]/D
  -------------------------------------------------------------------    -------------------

                         (clock clk_fpga_0 rise edge)
                                                      0.000     0.000 r  
    PS7_X0Y0             PS7                          0.000     0.000 r  design_1_i/processing_system7_0/inst/PS7_i/FCLKCLK[0]
                         net (fo=1, routed)           0.337     0.337    design_1_i/processing_system7_0/inst/FCLK_CLK_unbuffered[0]
    BUFGCTRL_X0Y16       BUFG (Prop_bufg_I_O)         0.029     0.366 r  design_1_i/processing_system7_0/inst/buffer_fclk_clk_0.FCLK_CLK_0_BUFG/O
                         net (fo=1419, routed)        0.930     1.296    design_1_i/axi_interconnect_0/s00_couplers/auto_pc/inst/gen_axilite.gen_b2s_conv.axilite_b2s/SI_REG/aw.aw_pipe/aclk
    SLICE_X26Y100        FDRE                                         r  design_1_i/axi_interconnect_0/s00_couplers/auto_pc/inst/gen_axilite.gen_b2s_conv.axilite_b2s/SI_REG/aw.aw_pipe/m_payload_i_reg[50]/C
                         clock pessimism             -0.035     1.261    
    SLICE_X26Y100        FDRE (Hold_fdre_C_D)         0.121     1.382    design_1_i/axi_interconnect_0/s00_couplers/auto_pc/inst/gen_axilite.gen_b2s_conv.axilite_b2s/SI_REG/aw.aw_pipe/m_payload_i_reg[50]
  -------------------------------------------------------------------
                         required time                         -1.382    
                         arrival time                           1.502    
  -------------------------------------------------------------------
                         slack                                  0.120    

Slack (MET) :             0.120ns  (arrival time - required time)
  Source:                 design_1_i/axi_interconnect_0/s00_couplers/auto_pc/inst/gen_axilite.gen_b2s_conv.axilite_b2s/RD.r_channel_0/r_arid_r_reg[10]/C
                            (rising edge-triggered cell FDRE clocked by clk_fpga_0  {rise@0.000ns fall@5.000ns period=10.000ns})
  Destination:            design_1_i/axi_interconnect_0/s00_couplers/auto_pc/inst/gen_axilite.gen_b2s_conv.axilite_b2s/RD.r_channel_0/transaction_fifo_0/memory_reg[31][11]_srl32/D
                            (rising edge-triggered cell SRLC32E clocked by clk_fpga_0  {rise@0.000ns fall@5.000ns period=10.000ns})
  Path Group:             clk_fpga_0
  Path Type:              Hold (Min at Fast Process Corner)
  Requirement:            0.000ns  (clk_fpga_0 rise@0.000ns - clk_fpga_0 rise@0.000ns)
  Data Path Delay:        0.251ns  (logic 0.141ns (56.174%)  route 0.110ns (43.826%))
  Logic Levels:           0  
  Clock Path Skew:        0.016ns (DCD - SCD - CPR)
    Destination Clock Delay (DCD):    1.208ns
    Source Clock Delay      (SCD):    0.908ns
    Clock Pessimism Removal (CPR):    0.284ns

    Location             Delay type                Incr(ns)  Path(ns)    Netlist Resource(s)
  -------------------------------------------------------------------    -------------------
                         (clock clk_fpga_0 rise edge)
                                                      0.000     0.000 r  
    PS7_X0Y0             PS7                          0.000     0.000 r  design_1_i/processing_system7_0/inst/PS7_i/FCLKCLK[0]
                         net (fo=1, routed)           0.310     0.310    design_1_i/processing_system7_0/inst/FCLK_CLK_unbuffered[0]
    BUFGCTRL_X0Y16       BUFG (Prop_bufg_I_O)         0.026     0.336 r  design_1_i/processing_system7_0/inst/buffer_fclk_clk_0.FCLK_CLK_0_BUFG/O
                         net (fo=1419, routed)        0.572     0.908    design_1_i/axi_interconnect_0/s00_couplers/auto_pc/inst/gen_axilite.gen_b2s_conv.axilite_b2s/RD.r_channel_0/aclk
    SLICE_X27Y90         FDRE                                         r  design_1_i/axi_interconnect_0/s00_couplers/auto_pc/inst/gen_axilite.gen_b2s_conv.axilite_b2s/RD.r_channel_0/r_arid_r_reg[10]/C
  -------------------------------------------------------------------    -------------------
    SLICE_X27Y90         FDRE (Prop_fdre_C_Q)         0.141     1.049 r  design_1_i/axi_interconnect_0/s00_couplers/auto_pc/inst/gen_axilite.gen_b2s_conv.axilite_b2s/RD.r_channel_0/r_arid_r_reg[10]/Q
                         net (fo=1, routed)           0.110     1.159    design_1_i/axi_interconnect_0/s00_couplers/auto_pc/inst/gen_axilite.gen_b2s_conv.axilite_b2s/RD.r_channel_0/transaction_fifo_0/in[11]
    SLICE_X26Y91         SRLC32E                                      r  design_1_i/axi_interconnect_0/s00_couplers/auto_pc/inst/gen_axilite.gen_b2s_conv.axilite_b2s/RD.r_channel_0/transaction_fifo_0/memory_reg[31][11]_srl32/D
  -------------------------------------------------------------------    -------------------

                         (clock clk_fpga_0 rise edge)
                                                      0.000     0.000 r  
    PS7_X0Y0             PS7                          0.000     0.000 r  design_1_i/processing_system7_0/inst/PS7_i/FCLKCLK[0]
                         net (fo=1, routed)           0.337     0.337    design_1_i/processing_system7_0/inst/FCLK_CLK_unbuffered[0]
    BUFGCTRL_X0Y16       BUFG (Prop_bufg_I_O)         0.029     0.366 r  design_1_i/processing_system7_0/inst/buffer_fclk_clk_0.FCLK_CLK_0_BUFG/O
                         net (fo=1419, routed)        0.842     1.208    design_1_i/axi_interconnect_0/s00_couplers/auto_pc/inst/gen_axilite.gen_b2s_conv.axilite_b2s/RD.r_channel_0/transaction_fifo_0/aclk
    SLICE_X26Y91         SRLC32E                                      r  design_1_i/axi_interconnect_0/s00_couplers/auto_pc/inst/gen_axilite.gen_b2s_conv.axilite_b2s/RD.r_channel_0/transaction_fifo_0/memory_reg[31][11]_srl32/CLK
                         clock pessimism             -0.284     0.924    
    SLICE_X26Y91         SRLC32E (Hold_srlc32e_CLK_D)
                                                      0.115     1.039    design_1_i/axi_interconnect_0/s00_couplers/auto_pc/inst/gen_axilite.gen_b2s_conv.axilite_b2s/RD.r_channel_0/transaction_fifo_0/memory_reg[31][11]_srl32
  -------------------------------------------------------------------
                         required time                         -1.039    
                         arrival time                           1.159    
  -------------------------------------------------------------------
                         slack                                  0.120    

Slack (MET) :             0.122ns  (arrival time - required time)
  Source:                 design_1_i/axi_timer_1/U0/TC_CORE_I/TIMER_CONTROL_I/INPUT_DOUBLE_REGS3/GENERATE_LEVEL_P_S_CDC.SINGLE_BIT.CROSS_PLEVEL_IN2SCNDRY_IN_cdc_to/C
                            (rising edge-triggered cell FDRE clocked by clk_fpga_0  {rise@0.000ns fall@5.000ns period=10.000ns})
  Destination:            design_1_i/axi_timer_1/U0/TC_CORE_I/TIMER_CONTROL_I/INPUT_DOUBLE_REGS3/GENERATE_LEVEL_P_S_CDC.SINGLE_BIT.CROSS_PLEVEL_IN2SCNDRY_s_level_out_d2/D
                            (rising edge-triggered cell FDRE clocked by clk_fpga_0  {rise@0.000ns fall@5.000ns period=10.000ns})
  Path Group:             clk_fpga_0
  Path Type:              Hold (Min at Fast Process Corner)
  Requirement:            0.000ns  (clk_fpga_0 rise@0.000ns - clk_fpga_0 rise@0.000ns)
  Data Path Delay:        0.197ns  (logic 0.141ns (71.611%)  route 0.056ns (28.389%))
  Logic Levels:           0  
  Clock Path Skew:        0.000ns (DCD - SCD - CPR)
    Destination Clock Delay (DCD):    1.190ns
    Source Clock Delay      (SCD):    0.891ns
    Clock Pessimism Removal (CPR):    0.299ns

    Location             Delay type                Incr(ns)  Path(ns)    Netlist Resource(s)
  -------------------------------------------------------------------    -------------------
                         (clock clk_fpga_0 rise edge)
                                                      0.000     0.000 r  
    PS7_X0Y0             PS7                          0.000     0.000 r  design_1_i/processing_system7_0/inst/PS7_i/FCLKCLK[0]
                         net (fo=1, routed)           0.310     0.310    design_1_i/processing_system7_0/inst/FCLK_CLK_unbuffered[0]
    BUFGCTRL_X0Y16       BUFG (Prop_bufg_I_O)         0.026     0.336 r  design_1_i/processing_system7_0/inst/buffer_fclk_clk_0.FCLK_CLK_0_BUFG/O
                         net (fo=1419, routed)        0.555     0.891    design_1_i/axi_timer_1/U0/TC_CORE_I/TIMER_CONTROL_I/INPUT_DOUBLE_REGS3/scndry_aclk
    SLICE_X49Y95         FDRE                                         r  design_1_i/axi_timer_1/U0/TC_CORE_I/TIMER_CONTROL_I/INPUT_DOUBLE_REGS3/GENERATE_LEVEL_P_S_CDC.SINGLE_BIT.CROSS_PLEVEL_IN2SCNDRY_IN_cdc_to/C
  -------------------------------------------------------------------    -------------------
    SLICE_X49Y95         FDRE (Prop_fdre_C_Q)         0.141     1.032 r  design_1_i/axi_timer_1/U0/TC_CORE_I/TIMER_CONTROL_I/INPUT_DOUBLE_REGS3/GENERATE_LEVEL_P_S_CDC.SINGLE_BIT.CROSS_PLEVEL_IN2SCNDRY_IN_cdc_to/Q
                         net (fo=1, routed)           0.056     1.087    design_1_i/axi_timer_1/U0/TC_CORE_I/TIMER_CONTROL_I/INPUT_DOUBLE_REGS3/Q
    SLICE_X49Y95         FDRE                                         r  design_1_i/axi_timer_1/U0/TC_CORE_I/TIMER_CONTROL_I/INPUT_DOUBLE_REGS3/GENERATE_LEVEL_P_S_CDC.SINGLE_BIT.CROSS_PLEVEL_IN2SCNDRY_s_level_out_d2/D
  -------------------------------------------------------------------    -------------------

                         (clock clk_fpga_0 rise edge)
                                                      0.000     0.000 r  
    PS7_X0Y0             PS7                          0.000     0.000 r  design_1_i/processing_system7_0/inst/PS7_i/FCLKCLK[0]
                         net (fo=1, routed)           0.337     0.337    design_1_i/processing_system7_0/inst/FCLK_CLK_unbuffered[0]
    BUFGCTRL_X0Y16       BUFG (Prop_bufg_I_O)         0.029     0.366 r  design_1_i/processing_system7_0/inst/buffer_fclk_clk_0.FCLK_CLK_0_BUFG/O
                         net (fo=1419, routed)        0.824     1.190    design_1_i/axi_timer_1/U0/TC_CORE_I/TIMER_CONTROL_I/INPUT_DOUBLE_REGS3/scndry_aclk
    SLICE_X49Y95         FDRE                                         r  design_1_i/axi_timer_1/U0/TC_CORE_I/TIMER_CONTROL_I/INPUT_DOUBLE_REGS3/GENERATE_LEVEL_P_S_CDC.SINGLE_BIT.CROSS_PLEVEL_IN2SCNDRY_s_level_out_d2/C
                         clock pessimism             -0.299     0.891    
    SLICE_X49Y95         FDRE (Hold_fdre_C_D)         0.075     0.966    design_1_i/axi_timer_1/U0/TC_CORE_I/TIMER_CONTROL_I/INPUT_DOUBLE_REGS3/GENERATE_LEVEL_P_S_CDC.SINGLE_BIT.CROSS_PLEVEL_IN2SCNDRY_s_level_out_d2
  -------------------------------------------------------------------
                         required time                         -0.966    
                         arrival time                           1.087    
  -------------------------------------------------------------------
                         slack                                  0.122    

Slack (MET) :             0.122ns  (arrival time - required time)
  Source:                 design_1_i/axi_timer_0/U0/TC_CORE_I/TIMER_CONTROL_I/INPUT_DOUBLE_REGS/GENERATE_LEVEL_P_S_CDC.SINGLE_BIT.CROSS_PLEVEL_IN2SCNDRY_IN_cdc_to/C
                            (rising edge-triggered cell FDRE clocked by clk_fpga_0  {rise@0.000ns fall@5.000ns period=10.000ns})
  Destination:            design_1_i/axi_timer_0/U0/TC_CORE_I/TIMER_CONTROL_I/INPUT_DOUBLE_REGS/GENERATE_LEVEL_P_S_CDC.SINGLE_BIT.CROSS_PLEVEL_IN2SCNDRY_s_level_out_d2/D
                            (rising edge-triggered cell FDRE clocked by clk_fpga_0  {rise@0.000ns fall@5.000ns period=10.000ns})
  Path Group:             clk_fpga_0
  Path Type:              Hold (Min at Fast Process Corner)
  Requirement:            0.000ns  (clk_fpga_0 rise@0.000ns - clk_fpga_0 rise@0.000ns)
  Data Path Delay:        0.197ns  (logic 0.141ns (71.611%)  route 0.056ns (28.389%))
  Logic Levels:           0  
  Clock Path Skew:        0.000ns (DCD - SCD - CPR)
    Destination Clock Delay (DCD):    1.189ns
    Source Clock Delay      (SCD):    0.891ns
    Clock Pessimism Removal (CPR):    0.298ns

    Location             Delay type                Incr(ns)  Path(ns)    Netlist Resource(s)
  -------------------------------------------------------------------    -------------------
                         (clock clk_fpga_0 rise edge)
                                                      0.000     0.000 r  
    PS7_X0Y0             PS7                          0.000     0.000 r  design_1_i/processing_system7_0/inst/PS7_i/FCLKCLK[0]
                         net (fo=1, routed)           0.310     0.310    design_1_i/processing_system7_0/inst/FCLK_CLK_unbuffered[0]
    BUFGCTRL_X0Y16       BUFG (Prop_bufg_I_O)         0.026     0.336 r  design_1_i/processing_system7_0/inst/buffer_fclk_clk_0.FCLK_CLK_0_BUFG/O
                         net (fo=1419, routed)        0.555     0.891    design_1_i/axi_timer_0/U0/TC_CORE_I/TIMER_CONTROL_I/INPUT_DOUBLE_REGS/scndry_aclk
    SLICE_X41Y91         FDRE                                         r  design_1_i/axi_timer_0/U0/TC_CORE_I/TIMER_CONTROL_I/INPUT_DOUBLE_REGS/GENERATE_LEVEL_P_S_CDC.SINGLE_BIT.CROSS_PLEVEL_IN2SCNDRY_IN_cdc_to/C
  -------------------------------------------------------------------    -------------------
    SLICE_X41Y91         FDRE (Prop_fdre_C_Q)         0.141     1.032 r  design_1_i/axi_timer_0/U0/TC_CORE_I/TIMER_CONTROL_I/INPUT_DOUBLE_REGS/GENERATE_LEVEL_P_S_CDC.SINGLE_BIT.CROSS_PLEVEL_IN2SCNDRY_IN_cdc_to/Q
                         net (fo=1, routed)           0.056     1.087    design_1_i/axi_timer_0/U0/TC_CORE_I/TIMER_CONTROL_I/INPUT_DOUBLE_REGS/Q
    SLICE_X41Y91         FDRE                                         r  design_1_i/axi_timer_0/U0/TC_CORE_I/TIMER_CONTROL_I/INPUT_DOUBLE_REGS/GENERATE_LEVEL_P_S_CDC.SINGLE_BIT.CROSS_PLEVEL_IN2SCNDRY_s_level_out_d2/D
  -------------------------------------------------------------------    -------------------

                         (clock clk_fpga_0 rise edge)
                                                      0.000     0.000 r  
    PS7_X0Y0             PS7                          0.000     0.000 r  design_1_i/processing_system7_0/inst/PS7_i/FCLKCLK[0]
                         net (fo=1, routed)           0.337     0.337    design_1_i/processing_system7_0/inst/FCLK_CLK_unbuffered[0]
    BUFGCTRL_X0Y16       BUFG (Prop_bufg_I_O)         0.029     0.366 r  design_1_i/processing_system7_0/inst/buffer_fclk_clk_0.FCLK_CLK_0_BUFG/O
                         net (fo=1419, routed)        0.823     1.189    design_1_i/axi_timer_0/U0/TC_CORE_I/TIMER_CONTROL_I/INPUT_DOUBLE_REGS/scndry_aclk
    SLICE_X41Y91         FDRE                                         r  design_1_i/axi_timer_0/U0/TC_CORE_I/TIMER_CONTROL_I/INPUT_DOUBLE_REGS/GENERATE_LEVEL_P_S_CDC.SINGLE_BIT.CROSS_PLEVEL_IN2SCNDRY_s_level_out_d2/C
                         clock pessimism             -0.298     0.891    
    SLICE_X41Y91         FDRE (Hold_fdre_C_D)         0.075     0.966    design_1_i/axi_timer_0/U0/TC_CORE_I/TIMER_CONTROL_I/INPUT_DOUBLE_REGS/GENERATE_LEVEL_P_S_CDC.SINGLE_BIT.CROSS_PLEVEL_IN2SCNDRY_s_level_out_d2
  -------------------------------------------------------------------
                         required time                         -0.966    
                         arrival time                           1.087    
  -------------------------------------------------------------------
                         slack                                  0.122    

Slack (MET) :             0.122ns  (arrival time - required time)
  Source:                 design_1_i/axi_timer_0/U0/TC_CORE_I/TIMER_CONTROL_I/INPUT_DOUBLE_REGS2/GENERATE_LEVEL_P_S_CDC.SINGLE_BIT.CROSS_PLEVEL_IN2SCNDRY_IN_cdc_to/C
                            (rising edge-triggered cell FDRE clocked by clk_fpga_0  {rise@0.000ns fall@5.000ns period=10.000ns})
  Destination:            design_1_i/axi_timer_0/U0/TC_CORE_I/TIMER_CONTROL_I/INPUT_DOUBLE_REGS2/GENERATE_LEVEL_P_S_CDC.SINGLE_BIT.CROSS_PLEVEL_IN2SCNDRY_s_level_out_d2/D
                            (rising edge-triggered cell FDRE clocked by clk_fpga_0  {rise@0.000ns fall@5.000ns period=10.000ns})
  Path Group:             clk_fpga_0
  Path Type:              Hold (Min at Fast Process Corner)
  Requirement:            0.000ns  (clk_fpga_0 rise@0.000ns - clk_fpga_0 rise@0.000ns)
  Data Path Delay:        0.197ns  (logic 0.141ns (71.611%)  route 0.056ns (28.389%))
  Logic Levels:           0  
  Clock Path Skew:        0.000ns (DCD - SCD - CPR)
    Destination Clock Delay (DCD):    1.189ns
    Source Clock Delay      (SCD):    0.891ns
    Clock Pessimism Removal (CPR):    0.298ns

    Location             Delay type                Incr(ns)  Path(ns)    Netlist Resource(s)
  -------------------------------------------------------------------    -------------------
                         (clock clk_fpga_0 rise edge)
                                                      0.000     0.000 r  
    PS7_X0Y0             PS7                          0.000     0.000 r  design_1_i/processing_system7_0/inst/PS7_i/FCLKCLK[0]
                         net (fo=1, routed)           0.310     0.310    design_1_i/processing_system7_0/inst/FCLK_CLK_unbuffered[0]
    BUFGCTRL_X0Y16       BUFG (Prop_bufg_I_O)         0.026     0.336 r  design_1_i/processing_system7_0/inst/buffer_fclk_clk_0.FCLK_CLK_0_BUFG/O
                         net (fo=1419, routed)        0.555     0.891    design_1_i/axi_timer_0/U0/TC_CORE_I/TIMER_CONTROL_I/INPUT_DOUBLE_REGS2/scndry_aclk
    SLICE_X41Y90         FDRE                                         r  design_1_i/axi_timer_0/U0/TC_CORE_I/TIMER_CONTROL_I/INPUT_DOUBLE_REGS2/GENERATE_LEVEL_P_S_CDC.SINGLE_BIT.CROSS_PLEVEL_IN2SCNDRY_IN_cdc_to/C
  -------------------------------------------------------------------    -------------------
    SLICE_X41Y90         FDRE (Prop_fdre_C_Q)         0.141     1.032 r  design_1_i/axi_timer_0/U0/TC_CORE_I/TIMER_CONTROL_I/INPUT_DOUBLE_REGS2/GENERATE_LEVEL_P_S_CDC.SINGLE_BIT.CROSS_PLEVEL_IN2SCNDRY_IN_cdc_to/Q
                         net (fo=1, routed)           0.056     1.087    design_1_i/axi_timer_0/U0/TC_CORE_I/TIMER_CONTROL_I/INPUT_DOUBLE_REGS2/Q
    SLICE_X41Y90         FDRE                                         r  design_1_i/axi_timer_0/U0/TC_CORE_I/TIMER_CONTROL_I/INPUT_DOUBLE_REGS2/GENERATE_LEVEL_P_S_CDC.SINGLE_BIT.CROSS_PLEVEL_IN2SCNDRY_s_level_out_d2/D
  -------------------------------------------------------------------    -------------------

                         (clock clk_fpga_0 rise edge)
                                                      0.000     0.000 r  
    PS7_X0Y0             PS7                          0.000     0.000 r  design_1_i/processing_system7_0/inst/PS7_i/FCLKCLK[0]
                         net (fo=1, routed)           0.337     0.337    design_1_i/processing_system7_0/inst/FCLK_CLK_unbuffered[0]
    BUFGCTRL_X0Y16       BUFG (Prop_bufg_I_O)         0.029     0.366 r  design_1_i/processing_system7_0/inst/buffer_fclk_clk_0.FCLK_CLK_0_BUFG/O
                         net (fo=1419, routed)        0.823     1.189    design_1_i/axi_timer_0/U0/TC_CORE_I/TIMER_CONTROL_I/INPUT_DOUBLE_REGS2/scndry_aclk
    SLICE_X41Y90         FDRE                                         r  design_1_i/axi_timer_0/U0/TC_CORE_I/TIMER_CONTROL_I/INPUT_DOUBLE_REGS2/GENERATE_LEVEL_P_S_CDC.SINGLE_BIT.CROSS_PLEVEL_IN2SCNDRY_s_level_out_d2/C
                         clock pessimism             -0.298     0.891    
    SLICE_X41Y90         FDRE (Hold_fdre_C_D)         0.075     0.966    design_1_i/axi_timer_0/U0/TC_CORE_I/TIMER_CONTROL_I/INPUT_DOUBLE_REGS2/GENERATE_LEVEL_P_S_CDC.SINGLE_BIT.CROSS_PLEVEL_IN2SCNDRY_s_level_out_d2
  -------------------------------------------------------------------
                         required time                         -0.966    
                         arrival time                           1.087    
  -------------------------------------------------------------------
                         slack                                  0.122    

Slack (MET) :             0.122ns  (arrival time - required time)
  Source:                 design_1_i/proc_sys_reset_0/U0/EXT_LPF/ACTIVE_LOW_AUX.ACT_LO_AUX/GENERATE_LEVEL_P_S_CDC.SINGLE_BIT.CROSS_PLEVEL_IN2SCNDRY_IN_cdc_to/C
                            (rising edge-triggered cell FDRE clocked by clk_fpga_0  {rise@0.000ns fall@5.000ns period=10.000ns})
  Destination:            design_1_i/proc_sys_reset_0/U0/EXT_LPF/ACTIVE_LOW_AUX.ACT_LO_AUX/GENERATE_LEVEL_P_S_CDC.SINGLE_BIT.CROSS_PLEVEL_IN2SCNDRY_s_level_out_d2/D
                            (rising edge-triggered cell FDRE clocked by clk_fpga_0  {rise@0.000ns fall@5.000ns period=10.000ns})
  Path Group:             clk_fpga_0
  Path Type:              Hold (Min at Fast Process Corner)
  Requirement:            0.000ns  (clk_fpga_0 rise@0.000ns - clk_fpga_0 rise@0.000ns)
  Data Path Delay:        0.197ns  (logic 0.141ns (71.611%)  route 0.056ns (28.389%))
  Logic Levels:           0  
  Clock Path Skew:        0.000ns (DCD - SCD - CPR)
    Destination Clock Delay (DCD):    1.183ns
    Source Clock Delay      (SCD):    0.888ns
    Clock Pessimism Removal (CPR):    0.295ns

    Location             Delay type                Incr(ns)  Path(ns)    Netlist Resource(s)
  -------------------------------------------------------------------    -------------------
                         (clock clk_fpga_0 rise edge)
                                                      0.000     0.000 r  
    PS7_X0Y0             PS7                          0.000     0.000 r  design_1_i/processing_system7_0/inst/PS7_i/FCLKCLK[0]
                         net (fo=1, routed)           0.310     0.310    design_1_i/processing_system7_0/inst/FCLK_CLK_unbuffered[0]
    BUFGCTRL_X0Y16       BUFG (Prop_bufg_I_O)         0.026     0.336 r  design_1_i/processing_system7_0/inst/buffer_fclk_clk_0.FCLK_CLK_0_BUFG/O
                         net (fo=1419, routed)        0.552     0.888    design_1_i/proc_sys_reset_0/U0/EXT_LPF/ACTIVE_LOW_AUX.ACT_LO_AUX/slowest_sync_clk
    SLICE_X33Y82         FDRE                                         r  design_1_i/proc_sys_reset_0/U0/EXT_LPF/ACTIVE_LOW_AUX.ACT_LO_AUX/GENERATE_LEVEL_P_S_CDC.SINGLE_BIT.CROSS_PLEVEL_IN2SCNDRY_IN_cdc_to/C
  -------------------------------------------------------------------    -------------------
    SLICE_X33Y82         FDRE (Prop_fdre_C_Q)         0.141     1.029 r  design_1_i/proc_sys_reset_0/U0/EXT_LPF/ACTIVE_LOW_AUX.ACT_LO_AUX/GENERATE_LEVEL_P_S_CDC.SINGLE_BIT.CROSS_PLEVEL_IN2SCNDRY_IN_cdc_to/Q
                         net (fo=1, routed)           0.056     1.084    design_1_i/proc_sys_reset_0/U0/EXT_LPF/ACTIVE_LOW_AUX.ACT_LO_AUX/Q
    SLICE_X33Y82         FDRE                                         r  design_1_i/proc_sys_reset_0/U0/EXT_LPF/ACTIVE_LOW_AUX.ACT_LO_AUX/GENERATE_LEVEL_P_S_CDC.SINGLE_BIT.CROSS_PLEVEL_IN2SCNDRY_s_level_out_d2/D
  -------------------------------------------------------------------    -------------------

                         (clock clk_fpga_0 rise edge)
                                                      0.000     0.000 r  
    PS7_X0Y0             PS7                          0.000     0.000 r  design_1_i/processing_system7_0/inst/PS7_i/FCLKCLK[0]
                         net (fo=1, routed)           0.337     0.337    design_1_i/processing_system7_0/inst/FCLK_CLK_unbuffered[0]
    BUFGCTRL_X0Y16       BUFG (Prop_bufg_I_O)         0.029     0.366 r  design_1_i/processing_system7_0/inst/buffer_fclk_clk_0.FCLK_CLK_0_BUFG/O
                         net (fo=1419, routed)        0.817     1.183    design_1_i/proc_sys_reset_0/U0/EXT_LPF/ACTIVE_LOW_AUX.ACT_LO_AUX/slowest_sync_clk
    SLICE_X33Y82         FDRE                                         r  design_1_i/proc_sys_reset_0/U0/EXT_LPF/ACTIVE_LOW_AUX.ACT_LO_AUX/GENERATE_LEVEL_P_S_CDC.SINGLE_BIT.CROSS_PLEVEL_IN2SCNDRY_s_level_out_d2/C
                         clock pessimism             -0.295     0.888    
    SLICE_X33Y82         FDRE (Hold_fdre_C_D)         0.075     0.963    design_1_i/proc_sys_reset_0/U0/EXT_LPF/ACTIVE_LOW_AUX.ACT_LO_AUX/GENERATE_LEVEL_P_S_CDC.SINGLE_BIT.CROSS_PLEVEL_IN2SCNDRY_s_level_out_d2
  -------------------------------------------------------------------
                         required time                         -0.963    
                         arrival time                           1.084    
  -------------------------------------------------------------------
                         slack                                  0.122    





Pulse Width Checks
--------------------------------------------------------------------------------------
Clock Name:         clk_fpga_0
Waveform(ns):       { 0.000 5.000 }
Period(ns):         10.000
Sources:            { design_1_i/processing_system7_0/inst/PS7_i/FCLKCLK[0] }

Check Type        Corner  Lib Pin      Reference Pin  Required(ns)  Actual(ns)  Slack(ns)  Location        Pin
Min Period        n/a     BUFG/I       n/a            2.155         10.000      7.845      BUFGCTRL_X0Y16  design_1_i/processing_system7_0/inst/buffer_fclk_clk_0.FCLK_CLK_0_BUFG/I
Min Period        n/a     FDSE/C       n/a            1.000         10.000      9.000      SLICE_X29Y109   design_1_i/SpeedSensor_0/U0/SpeedSensor_slave_lite_v1_0_S00_AXI_inst/FSM_onehot_state_write_reg[0]/C
Min Period        n/a     FDRE/C       n/a            1.000         10.000      9.000      SLICE_X28Y109   design_1_i/SpeedSensor_0/U0/SpeedSensor_slave_lite_v1_0_S00_AXI_inst/FSM_onehot_state_write_reg[1]/C
Min Period        n/a     FDRE/C       n/a            1.000         10.000      9.000      SLICE_X28Y109   design_1_i/SpeedSensor_0/U0/SpeedSensor_slave_lite_v1_0_S00_AXI_inst/FSM_onehot_state_write_reg[2]/C
Min Period        n/a     FDRE/C       n/a            1.000         10.000      9.000      SLICE_X28Y110   design_1_i/SpeedSensor_0/U0/SpeedSensor_slave_lite_v1_0_S00_AXI_inst/FSM_sequential_state_read_reg[0]/C
Min Period        n/a     FDRE/C       n/a            1.000         10.000      9.000      SLICE_X28Y110   design_1_i/SpeedSensor_0/U0/SpeedSensor_slave_lite_v1_0_S00_AXI_inst/FSM_sequential_state_read_reg[1]/C
Min Period        n/a     FDRE/C       n/a            1.000         10.000      9.000      SLICE_X29Y110   design_1_i/SpeedSensor_0/U0/SpeedSensor_slave_lite_v1_0_S00_AXI_inst/axi_araddr_reg[2]/C
Min Period        n/a     FDRE/C       n/a            1.000         10.000      9.000      SLICE_X29Y110   design_1_i/SpeedSensor_0/U0/SpeedSensor_slave_lite_v1_0_S00_AXI_inst/axi_araddr_reg[3]/C
Min Period        n/a     FDRE/C       n/a            1.000         10.000      9.000      SLICE_X28Y110   design_1_i/SpeedSensor_0/U0/SpeedSensor_slave_lite_v1_0_S00_AXI_inst/axi_arready_reg/C
Min Period        n/a     FDRE/C       n/a            1.000         10.000      9.000      SLICE_X30Y108   design_1_i/SpeedSensor_0/U0/SpeedSensor_slave_lite_v1_0_S00_AXI_inst/axi_awaddr_reg[2]/C
Low Pulse Width   Slow    SRLC32E/CLK  n/a            0.980         5.000       4.020      SLICE_X30Y91    design_1_i/axi_interconnect_0/s00_couplers/auto_pc/inst/gen_axilite.gen_b2s_conv.axilite_b2s/RD.r_channel_0/rd_data_fifo_0/memory_reg[31][0]_srl32/CLK
Low Pulse Width   Fast    SRLC32E/CLK  n/a            0.980         5.000       4.020      SLICE_X30Y91    design_1_i/axi_interconnect_0/s00_couplers/auto_pc/inst/gen_axilite.gen_b2s_conv.axilite_b2s/RD.r_channel_0/rd_data_fifo_0/memory_reg[31][0]_srl32/CLK
Low Pulse Width   Slow    SRLC32E/CLK  n/a            0.980         5.000       4.020      SLICE_X30Y91    design_1_i/axi_interconnect_0/s00_couplers/auto_pc/inst/gen_axilite.gen_b2s_conv.axilite_b2s/RD.r_channel_0/rd_data_fifo_0/memory_reg[31][10]_srl32/CLK
Low Pulse Width   Fast    SRLC32E/CLK  n/a            0.980         5.000       4.020      SLICE_X30Y91    design_1_i/axi_interconnect_0/s00_couplers/auto_pc/inst/gen_axilite.gen_b2s_conv.axilite_b2s/RD.r_channel_0/rd_data_fifo_0/memory_reg[31][10]_srl32/CLK
Low Pulse Width   Slow    SRLC32E/CLK  n/a            0.980         5.000       4.020      SLICE_X30Y95    design_1_i/axi_interconnect_0/s00_couplers/auto_pc/inst/gen_axilite.gen_b2s_conv.axilite_b2s/RD.r_channel_0/rd_data_fifo_0/memory_reg[31][11]_srl32/CLK
Low Pulse Width   Fast    SRLC32E/CLK  n/a            0.980         5.000       4.020      SLICE_X30Y95    design_1_i/axi_interconnect_0/s00_couplers/auto_pc/inst/gen_axilite.gen_b2s_conv.axilite_b2s/RD.r_channel_0/rd_data_fifo_0/memory_reg[31][11]_srl32/CLK
Low Pulse Width   Slow    SRLC32E/CLK  n/a            0.980         5.000       4.020      SLICE_X30Y93    design_1_i/axi_interconnect_0/s00_couplers/auto_pc/inst/gen_axilite.gen_b2s_conv.axilite_b2s/RD.r_channel_0/rd_data_fifo_0/memory_reg[31][12]_srl32/CLK
Low Pulse Width   Fast    SRLC32E/CLK  n/a            0.980         5.000       4.020      SLICE_X30Y93    design_1_i/axi_interconnect_0/s00_couplers/auto_pc/inst/gen_axilite.gen_b2s_conv.axilite_b2s/RD.r_channel_0/rd_data_fifo_0/memory_reg[31][12]_srl32/CLK
Low Pulse Width   Slow    SRLC32E/CLK  n/a            0.980         5.000       4.020      SLICE_X30Y95    design_1_i/axi_interconnect_0/s00_couplers/auto_pc/inst/gen_axilite.gen_b2s_conv.axilite_b2s/RD.r_channel_0/rd_data_fifo_0/memory_reg[31][13]_srl32/CLK
Low Pulse Width   Fast    SRLC32E/CLK  n/a            0.980         5.000       4.020      SLICE_X30Y95    design_1_i/axi_interconnect_0/s00_couplers/auto_pc/inst/gen_axilite.gen_b2s_conv.axilite_b2s/RD.r_channel_0/rd_data_fifo_0/memory_reg[31][13]_srl32/CLK
High Pulse Width  Slow    SRLC32E/CLK  n/a            0.980         5.000       4.020      SLICE_X30Y91    design_1_i/axi_interconnect_0/s00_couplers/auto_pc/inst/gen_axilite.gen_b2s_conv.axilite_b2s/RD.r_channel_0/rd_data_fifo_0/memory_reg[31][0]_srl32/CLK
High Pulse Width  Fast    SRLC32E/CLK  n/a            0.980         5.000       4.020      SLICE_X30Y91    design_1_i/axi_interconnect_0/s00_couplers/auto_pc/inst/gen_axilite.gen_b2s_conv.axilite_b2s/RD.r_channel_0/rd_data_fifo_0/memory_reg[31][0]_srl32/CLK
High Pulse Width  Slow    SRLC32E/CLK  n/a            0.980         5.000       4.020      SLICE_X30Y91    design_1_i/axi_interconnect_0/s00_couplers/auto_pc/inst/gen_axilite.gen_b2s_conv.axilite_b2s/RD.r_channel_0/rd_data_fifo_0/memory_reg[31][10]_srl32/CLK
High Pulse Width  Fast    SRLC32E/CLK  n/a            0.980         5.000       4.020      SLICE_X30Y91    design_1_i/axi_interconnect_0/s00_couplers/auto_pc/inst/gen_axilite.gen_b2s_conv.axilite_b2s/RD.r_channel_0/rd_data_fifo_0/memory_reg[31][10]_srl32/CLK
High Pulse Width  Slow    SRLC32E/CLK  n/a            0.980         5.000       4.020      SLICE_X30Y95    design_1_i/axi_interconnect_0/s00_couplers/auto_pc/inst/gen_axilite.gen_b2s_conv.axilite_b2s/RD.r_channel_0/rd_data_fifo_0/memory_reg[31][11]_srl32/CLK
High Pulse Width  Fast    SRLC32E/CLK  n/a            0.980         5.000       4.020      SLICE_X30Y95    design_1_i/axi_interconnect_0/s00_couplers/auto_pc/inst/gen_axilite.gen_b2s_conv.axilite_b2s/RD.r_channel_0/rd_data_fifo_0/memory_reg[31][11]_srl32/CLK
High Pulse Width  Slow    SRLC32E/CLK  n/a            0.980         5.000       4.020      SLICE_X30Y93    design_1_i/axi_interconnect_0/s00_couplers/auto_pc/inst/gen_axilite.gen_b2s_conv.axilite_b2s/RD.r_channel_0/rd_data_fifo_0/memory_reg[31][12]_srl32/CLK
High Pulse Width  Fast    SRLC32E/CLK  n/a            0.980         5.000       4.020      SLICE_X30Y93    design_1_i/axi_interconnect_0/s00_couplers/auto_pc/inst/gen_axilite.gen_b2s_conv.axilite_b2s/RD.r_channel_0/rd_data_fifo_0/memory_reg[31][12]_srl32/CLK
High Pulse Width  Slow    SRLC32E/CLK  n/a            0.980         5.000       4.020      SLICE_X30Y95    design_1_i/axi_interconnect_0/s00_couplers/auto_pc/inst/gen_axilite.gen_b2s_conv.axilite_b2s/RD.r_channel_0/rd_data_fifo_0/memory_reg[31][13]_srl32/CLK
High Pulse Width  Fast    SRLC32E/CLK  n/a            0.980         5.000       4.020      SLICE_X30Y95    design_1_i/axi_interconnect_0/s00_couplers/auto_pc/inst/gen_axilite.gen_b2s_conv.axilite_b2s/RD.r_channel_0/rd_data_fifo_0/memory_reg[31][13]_srl32/CLK



---------------------------------------------------------------------------------------------------
From Clock:  sys_clock
  To Clock:  sys_clock

Setup :           NA  Failing Endpoints,  Worst Slack           NA  ,  Total Violation           NA
Hold  :           NA  Failing Endpoints,  Worst Slack           NA  ,  Total Violation           NA
PW    :            0  Failing Endpoints,  Worst Slack        2.000ns,  Total Violation        0.000ns
---------------------------------------------------------------------------------------------------


Pulse Width Checks
--------------------------------------------------------------------------------------
Clock Name:         sys_clock
Waveform(ns):       { 0.000 4.000 }
Period(ns):         8.000
Sources:            { sys_clock }

Check Type        Corner  Lib Pin            Reference Pin  Required(ns)  Actual(ns)  Slack(ns)  Location         Pin
Min Period        n/a     MMCME2_ADV/CLKIN1  n/a            1.249         8.000       6.751      MMCME2_ADV_X1Y2  design_1_i/clk_wiz_0/inst/mmcm_adv_inst/CLKIN1
Max Period        n/a     MMCME2_ADV/CLKIN1  n/a            100.000       8.000       92.000     MMCME2_ADV_X1Y2  design_1_i/clk_wiz_0/inst/mmcm_adv_inst/CLKIN1
Low Pulse Width   Slow    MMCME2_ADV/CLKIN1  n/a            2.000         4.000       2.000      MMCME2_ADV_X1Y2  design_1_i/clk_wiz_0/inst/mmcm_adv_inst/CLKIN1
Low Pulse Width   Fast    MMCME2_ADV/CLKIN1  n/a            2.000         4.000       2.000      MMCME2_ADV_X1Y2  design_1_i/clk_wiz_0/inst/mmcm_adv_inst/CLKIN1
High Pulse Width  Slow    MMCME2_ADV/CLKIN1  n/a            2.000         4.000       2.000      MMCME2_ADV_X1Y2  design_1_i/clk_wiz_0/inst/mmcm_adv_inst/CLKIN1
High Pulse Width  Fast    MMCME2_ADV/CLKIN1  n/a            2.000         4.000       2.000      MMCME2_ADV_X1Y2  design_1_i/clk_wiz_0/inst/mmcm_adv_inst/CLKIN1



---------------------------------------------------------------------------------------------------
From Clock:  clk_out1_design_1_clk_wiz_0_0
  To Clock:  clk_out1_design_1_clk_wiz_0_0

Setup :            0  Failing Endpoints,  Worst Slack        7.029ns,  Total Violation        0.000ns
Hold  :            0  Failing Endpoints,  Worst Slack        0.058ns,  Total Violation        0.000ns
PW    :            0  Failing Endpoints,  Worst Slack        4.500ns,  Total Violation        0.000ns
---------------------------------------------------------------------------------------------------


Max Delay Paths
--------------------------------------------------------------------------------------
Slack (MET) :             7.029ns  (required time - arrival time)
  Source:                 design_1_i/SpeedSensor_0/U0/SpeedSensor_slave_lite_v1_0_S00_AXI_inst/Core1/pulse_count_reg[5]/C
                            (rising edge-triggered cell FDRE clocked by clk_out1_design_1_clk_wiz_0_0  {rise@0.000ns fall@5.000ns period=10.000ns})
  Destination:            design_1_i/SpeedSensor_0/U0/SpeedSensor_slave_lite_v1_0_S00_AXI_inst/Core1/pulse_count_reg[29]/D
                            (rising edge-triggered cell FDRE clocked by clk_out1_design_1_clk_wiz_0_0  {rise@0.000ns fall@5.000ns period=10.000ns})
  Path Group:             clk_out1_design_1_clk_wiz_0_0
  Path Type:              Setup (Max at Slow Process Corner)
  Requirement:            10.000ns  (clk_out1_design_1_clk_wiz_0_0 rise@10.000ns - clk_out1_design_1_clk_wiz_0_0 rise@0.000ns)
  Data Path Delay:        2.974ns  (logic 2.034ns (68.383%)  route 0.940ns (31.617%))
  Logic Levels:           7  (CARRY4=7)
  Clock Path Skew:        0.013ns (DCD - SCD + CPR)
    Destination Clock Delay (DCD):    -1.470ns = ( 8.530 - 10.000 ) 
    Source Clock Delay      (SCD):    -1.016ns
    Clock Pessimism Removal (CPR):    0.466ns
  Clock Uncertainty:      0.072ns  ((TSJ^2 + DJ^2)^1/2) / 2 + PE
    Total System Jitter     (TSJ):    0.071ns
    Discrete Jitter          (DJ):    0.125ns
    Phase Error              (PE):    0.000ns

    Location             Delay type                Incr(ns)  Path(ns)    Netlist Resource(s)
  -------------------------------------------------------------------    -------------------
                         (clock clk_out1_design_1_clk_wiz_0_0 rise edge)
                                                      0.000     0.000 r  
    H16                                               0.000     0.000 r  sys_clock (IN)
                         net (fo=0)                   0.000     0.000    design_1_i/clk_wiz_0/inst/clk_in1
    H16                  IBUF (Prop_ibuf_I_O)         1.451     1.451 r  design_1_i/clk_wiz_0/inst/clkin1_ibufg/O
                         net (fo=1, routed)           1.285     2.736    design_1_i/clk_wiz_0/inst/clk_in1_design_1_clk_wiz_0_0
    MMCME2_ADV_X1Y2      MMCME2_ADV (Prop_mmcme2_adv_CLKIN1_CLKOUT0)
                                                     -7.759    -5.023 r  design_1_i/clk_wiz_0/inst/mmcm_adv_inst/CLKOUT0
                         net (fo=1, routed)           2.206    -2.817    design_1_i/clk_wiz_0/inst/clk_out1_design_1_clk_wiz_0_0
    BUFGCTRL_X0Y17       BUFG (Prop_bufg_I_O)         0.101    -2.716 r  design_1_i/clk_wiz_0/inst/clkout1_buf/O
                         net (fo=66, routed)          1.700    -1.016    design_1_i/SpeedSensor_0/U0/SpeedSensor_slave_lite_v1_0_S00_AXI_inst/Core1/Clk
    SLICE_X31Y99         FDRE                                         r  design_1_i/SpeedSensor_0/U0/SpeedSensor_slave_lite_v1_0_S00_AXI_inst/Core1/pulse_count_reg[5]/C
  -------------------------------------------------------------------    -------------------
    SLICE_X31Y99         FDRE (Prop_fdre_C_Q)         0.456    -0.560 r  design_1_i/SpeedSensor_0/U0/SpeedSensor_slave_lite_v1_0_S00_AXI_inst/Core1/pulse_count_reg[5]/Q
                         net (fo=2, routed)           0.940     0.379    design_1_i/SpeedSensor_0/U0/SpeedSensor_slave_lite_v1_0_S00_AXI_inst/Core1/pulse_count_reg[5]
    SLICE_X31Y99         CARRY4 (Prop_carry4_S[1]_CO[3])
                                                      0.674     1.053 r  design_1_i/SpeedSensor_0/U0/SpeedSensor_slave_lite_v1_0_S00_AXI_inst/Core1/pulse_count_reg[4]_i_1/CO[3]
                         net (fo=1, routed)           0.001     1.054    design_1_i/SpeedSensor_0/U0/SpeedSensor_slave_lite_v1_0_S00_AXI_inst/Core1/pulse_count_reg[4]_i_1_n_0
    SLICE_X31Y100        CARRY4 (Prop_carry4_CI_CO[3])
                                                      0.114     1.168 r  design_1_i/SpeedSensor_0/U0/SpeedSensor_slave_lite_v1_0_S00_AXI_inst/Core1/pulse_count_reg[8]_i_1/CO[3]
                         net (fo=1, routed)           0.000     1.168    design_1_i/SpeedSensor_0/U0/SpeedSensor_slave_lite_v1_0_S00_AXI_inst/Core1/pulse_count_reg[8]_i_1_n_0
    SLICE_X31Y101        CARRY4 (Prop_carry4_CI_CO[3])
                                                      0.114     1.282 r  design_1_i/SpeedSensor_0/U0/SpeedSensor_slave_lite_v1_0_S00_AXI_inst/Core1/pulse_count_reg[12]_i_1/CO[3]
                         net (fo=1, routed)           0.000     1.282    design_1_i/SpeedSensor_0/U0/SpeedSensor_slave_lite_v1_0_S00_AXI_inst/Core1/pulse_count_reg[12]_i_1_n_0
    SLICE_X31Y102        CARRY4 (Prop_carry4_CI_CO[3])
                                                      0.114     1.396 r  design_1_i/SpeedSensor_0/U0/SpeedSensor_slave_lite_v1_0_S00_AXI_inst/Core1/pulse_count_reg[16]_i_1/CO[3]
                         net (fo=1, routed)           0.000     1.396    design_1_i/SpeedSensor_0/U0/SpeedSensor_slave_lite_v1_0_S00_AXI_inst/Core1/pulse_count_reg[16]_i_1_n_0
    SLICE_X31Y103        CARRY4 (Prop_carry4_CI_CO[3])
                                                      0.114     1.510 r  design_1_i/SpeedSensor_0/U0/SpeedSensor_slave_lite_v1_0_S00_AXI_inst/Core1/pulse_count_reg[20]_i_1/CO[3]
                         net (fo=1, routed)           0.000     1.510    design_1_i/SpeedSensor_0/U0/SpeedSensor_slave_lite_v1_0_S00_AXI_inst/Core1/pulse_count_reg[20]_i_1_n_0
    SLICE_X31Y104        CARRY4 (Prop_carry4_CI_CO[3])
                                                      0.114     1.624 r  design_1_i/SpeedSensor_0/U0/SpeedSensor_slave_lite_v1_0_S00_AXI_inst/Core1/pulse_count_reg[24]_i_1/CO[3]
                         net (fo=1, routed)           0.000     1.624    design_1_i/SpeedSensor_0/U0/SpeedSensor_slave_lite_v1_0_S00_AXI_inst/Core1/pulse_count_reg[24]_i_1_n_0
    SLICE_X31Y105        CARRY4 (Prop_carry4_CI_O[1])
                                                      0.334     1.958 r  design_1_i/SpeedSensor_0/U0/SpeedSensor_slave_lite_v1_0_S00_AXI_inst/Core1/pulse_count_reg[28]_i_1/O[1]
                         net (fo=1, routed)           0.000     1.958    design_1_i/SpeedSensor_0/U0/SpeedSensor_slave_lite_v1_0_S00_AXI_inst/Core1/pulse_count_reg[28]_i_1_n_6
    SLICE_X31Y105        FDRE                                         r  design_1_i/SpeedSensor_0/U0/SpeedSensor_slave_lite_v1_0_S00_AXI_inst/Core1/pulse_count_reg[29]/D
  -------------------------------------------------------------------    -------------------

                         (clock clk_out1_design_1_clk_wiz_0_0 rise edge)
                                                     10.000    10.000 r  
    H16                                               0.000    10.000 r  sys_clock (IN)
                         net (fo=0)                   0.000    10.000    design_1_i/clk_wiz_0/inst/clk_in1
    H16                  IBUF (Prop_ibuf_I_O)         1.380    11.380 r  design_1_i/clk_wiz_0/inst/clkin1_ibufg/O
                         net (fo=1, routed)           1.162    12.542    design_1_i/clk_wiz_0/inst/clk_in1_design_1_clk_wiz_0_0
    MMCME2_ADV_X1Y2      MMCME2_ADV (Prop_mmcme2_adv_CLKIN1_CLKOUT0)
                                                     -7.814     4.728 r  design_1_i/clk_wiz_0/inst/mmcm_adv_inst/CLKOUT0
                         net (fo=1, routed)           2.012     6.740    design_1_i/clk_wiz_0/inst/clk_out1_design_1_clk_wiz_0_0
    BUFGCTRL_X0Y17       BUFG (Prop_bufg_I_O)         0.091     6.831 r  design_1_i/clk_wiz_0/inst/clkout1_buf/O
                         net (fo=66, routed)          1.699     8.530    design_1_i/SpeedSensor_0/U0/SpeedSensor_slave_lite_v1_0_S00_AXI_inst/Core1/Clk
    SLICE_X31Y105        FDRE                                         r  design_1_i/SpeedSensor_0/U0/SpeedSensor_slave_lite_v1_0_S00_AXI_inst/Core1/pulse_count_reg[29]/C
                         clock pessimism              0.466     8.997    
                         clock uncertainty           -0.072     8.925    
    SLICE_X31Y105        FDRE (Setup_fdre_C_D)        0.062     8.987    design_1_i/SpeedSensor_0/U0/SpeedSensor_slave_lite_v1_0_S00_AXI_inst/Core1/pulse_count_reg[29]
  -------------------------------------------------------------------
                         required time                          8.987    
                         arrival time                          -1.958    
  -------------------------------------------------------------------
                         slack                                  7.029    

Slack (MET) :             7.050ns  (required time - arrival time)
  Source:                 design_1_i/SpeedSensor_0/U0/SpeedSensor_slave_lite_v1_0_S00_AXI_inst/Core1/pulse_count_reg[5]/C
                            (rising edge-triggered cell FDRE clocked by clk_out1_design_1_clk_wiz_0_0  {rise@0.000ns fall@5.000ns period=10.000ns})
  Destination:            design_1_i/SpeedSensor_0/U0/SpeedSensor_slave_lite_v1_0_S00_AXI_inst/Core1/pulse_count_reg[31]/D
                            (rising edge-triggered cell FDRE clocked by clk_out1_design_1_clk_wiz_0_0  {rise@0.000ns fall@5.000ns period=10.000ns})
  Path Group:             clk_out1_design_1_clk_wiz_0_0
  Path Type:              Setup (Max at Slow Process Corner)
  Requirement:            10.000ns  (clk_out1_design_1_clk_wiz_0_0 rise@10.000ns - clk_out1_design_1_clk_wiz_0_0 rise@0.000ns)
  Data Path Delay:        2.953ns  (logic 2.013ns (68.158%)  route 0.940ns (31.842%))
  Logic Levels:           7  (CARRY4=7)
  Clock Path Skew:        0.013ns (DCD - SCD + CPR)
    Destination Clock Delay (DCD):    -1.470ns = ( 8.530 - 10.000 ) 
    Source Clock Delay      (SCD):    -1.016ns
    Clock Pessimism Removal (CPR):    0.466ns
  Clock Uncertainty:      0.072ns  ((TSJ^2 + DJ^2)^1/2) / 2 + PE
    Total System Jitter     (TSJ):    0.071ns
    Discrete Jitter          (DJ):    0.125ns
    Phase Error              (PE):    0.000ns

    Location             Delay type                Incr(ns)  Path(ns)    Netlist Resource(s)
  -------------------------------------------------------------------    -------------------
                         (clock clk_out1_design_1_clk_wiz_0_0 rise edge)
                                                      0.000     0.000 r  
    H16                                               0.000     0.000 r  sys_clock (IN)
                         net (fo=0)                   0.000     0.000    design_1_i/clk_wiz_0/inst/clk_in1
    H16                  IBUF (Prop_ibuf_I_O)         1.451     1.451 r  design_1_i/clk_wiz_0/inst/clkin1_ibufg/O
                         net (fo=1, routed)           1.285     2.736    design_1_i/clk_wiz_0/inst/clk_in1_design_1_clk_wiz_0_0
    MMCME2_ADV_X1Y2      MMCME2_ADV (Prop_mmcme2_adv_CLKIN1_CLKOUT0)
                                                     -7.759    -5.023 r  design_1_i/clk_wiz_0/inst/mmcm_adv_inst/CLKOUT0
                         net (fo=1, routed)           2.206    -2.817    design_1_i/clk_wiz_0/inst/clk_out1_design_1_clk_wiz_0_0
    BUFGCTRL_X0Y17       BUFG (Prop_bufg_I_O)         0.101    -2.716 r  design_1_i/clk_wiz_0/inst/clkout1_buf/O
                         net (fo=66, routed)          1.700    -1.016    design_1_i/SpeedSensor_0/U0/SpeedSensor_slave_lite_v1_0_S00_AXI_inst/Core1/Clk
    SLICE_X31Y99         FDRE                                         r  design_1_i/SpeedSensor_0/U0/SpeedSensor_slave_lite_v1_0_S00_AXI_inst/Core1/pulse_count_reg[5]/C
  -------------------------------------------------------------------    -------------------
    SLICE_X31Y99         FDRE (Prop_fdre_C_Q)         0.456    -0.560 r  design_1_i/SpeedSensor_0/U0/SpeedSensor_slave_lite_v1_0_S00_AXI_inst/Core1/pulse_count_reg[5]/Q
                         net (fo=2, routed)           0.940     0.379    design_1_i/SpeedSensor_0/U0/SpeedSensor_slave_lite_v1_0_S00_AXI_inst/Core1/pulse_count_reg[5]
    SLICE_X31Y99         CARRY4 (Prop_carry4_S[1]_CO[3])
                                                      0.674     1.053 r  design_1_i/SpeedSensor_0/U0/SpeedSensor_slave_lite_v1_0_S00_AXI_inst/Core1/pulse_count_reg[4]_i_1/CO[3]
                         net (fo=1, routed)           0.001     1.054    design_1_i/SpeedSensor_0/U0/SpeedSensor_slave_lite_v1_0_S00_AXI_inst/Core1/pulse_count_reg[4]_i_1_n_0
    SLICE_X31Y100        CARRY4 (Prop_carry4_CI_CO[3])
                                                      0.114     1.168 r  design_1_i/SpeedSensor_0/U0/SpeedSensor_slave_lite_v1_0_S00_AXI_inst/Core1/pulse_count_reg[8]_i_1/CO[3]
                         net (fo=1, routed)           0.000     1.168    design_1_i/SpeedSensor_0/U0/SpeedSensor_slave_lite_v1_0_S00_AXI_inst/Core1/pulse_count_reg[8]_i_1_n_0
    SLICE_X31Y101        CARRY4 (Prop_carry4_CI_CO[3])
                                                      0.114     1.282 r  design_1_i/SpeedSensor_0/U0/SpeedSensor_slave_lite_v1_0_S00_AXI_inst/Core1/pulse_count_reg[12]_i_1/CO[3]
                         net (fo=1, routed)           0.000     1.282    design_1_i/SpeedSensor_0/U0/SpeedSensor_slave_lite_v1_0_S00_AXI_inst/Core1/pulse_count_reg[12]_i_1_n_0
    SLICE_X31Y102        CARRY4 (Prop_carry4_CI_CO[3])
                                                      0.114     1.396 r  design_1_i/SpeedSensor_0/U0/SpeedSensor_slave_lite_v1_0_S00_AXI_inst/Core1/pulse_count_reg[16]_i_1/CO[3]
                         net (fo=1, routed)           0.000     1.396    design_1_i/SpeedSensor_0/U0/SpeedSensor_slave_lite_v1_0_S00_AXI_inst/Core1/pulse_count_reg[16]_i_1_n_0
    SLICE_X31Y103        CARRY4 (Prop_carry4_CI_CO[3])
                                                      0.114     1.510 r  design_1_i/SpeedSensor_0/U0/SpeedSensor_slave_lite_v1_0_S00_AXI_inst/Core1/pulse_count_reg[20]_i_1/CO[3]
                         net (fo=1, routed)           0.000     1.510    design_1_i/SpeedSensor_0/U0/SpeedSensor_slave_lite_v1_0_S00_AXI_inst/Core1/pulse_count_reg[20]_i_1_n_0
    SLICE_X31Y104        CARRY4 (Prop_carry4_CI_CO[3])
                                                      0.114     1.624 r  design_1_i/SpeedSensor_0/U0/SpeedSensor_slave_lite_v1_0_S00_AXI_inst/Core1/pulse_count_reg[24]_i_1/CO[3]
                         net (fo=1, routed)           0.000     1.624    design_1_i/SpeedSensor_0/U0/SpeedSensor_slave_lite_v1_0_S00_AXI_inst/Core1/pulse_count_reg[24]_i_1_n_0
    SLICE_X31Y105        CARRY4 (Prop_carry4_CI_O[3])
                                                      0.313     1.937 r  design_1_i/SpeedSensor_0/U0/SpeedSensor_slave_lite_v1_0_S00_AXI_inst/Core1/pulse_count_reg[28]_i_1/O[3]
                         net (fo=1, routed)           0.000     1.937    design_1_i/SpeedSensor_0/U0/SpeedSensor_slave_lite_v1_0_S00_AXI_inst/Core1/pulse_count_reg[28]_i_1_n_4
    SLICE_X31Y105        FDRE                                         r  design_1_i/SpeedSensor_0/U0/SpeedSensor_slave_lite_v1_0_S00_AXI_inst/Core1/pulse_count_reg[31]/D
  -------------------------------------------------------------------    -------------------

                         (clock clk_out1_design_1_clk_wiz_0_0 rise edge)
                                                     10.000    10.000 r  
    H16                                               0.000    10.000 r  sys_clock (IN)
                         net (fo=0)                   0.000    10.000    design_1_i/clk_wiz_0/inst/clk_in1
    H16                  IBUF (Prop_ibuf_I_O)         1.380    11.380 r  design_1_i/clk_wiz_0/inst/clkin1_ibufg/O
                         net (fo=1, routed)           1.162    12.542    design_1_i/clk_wiz_0/inst/clk_in1_design_1_clk_wiz_0_0
    MMCME2_ADV_X1Y2      MMCME2_ADV (Prop_mmcme2_adv_CLKIN1_CLKOUT0)
                                                     -7.814     4.728 r  design_1_i/clk_wiz_0/inst/mmcm_adv_inst/CLKOUT0
                         net (fo=1, routed)           2.012     6.740    design_1_i/clk_wiz_0/inst/clk_out1_design_1_clk_wiz_0_0
    BUFGCTRL_X0Y17       BUFG (Prop_bufg_I_O)         0.091     6.831 r  design_1_i/clk_wiz_0/inst/clkout1_buf/O
                         net (fo=66, routed)          1.699     8.530    design_1_i/SpeedSensor_0/U0/SpeedSensor_slave_lite_v1_0_S00_AXI_inst/Core1/Clk
    SLICE_X31Y105        FDRE                                         r  design_1_i/SpeedSensor_0/U0/SpeedSensor_slave_lite_v1_0_S00_AXI_inst/Core1/pulse_count_reg[31]/C
                         clock pessimism              0.466     8.997    
                         clock uncertainty           -0.072     8.925    
    SLICE_X31Y105        FDRE (Setup_fdre_C_D)        0.062     8.987    design_1_i/SpeedSensor_0/U0/SpeedSensor_slave_lite_v1_0_S00_AXI_inst/Core1/pulse_count_reg[31]
  -------------------------------------------------------------------
                         required time                          8.987    
                         arrival time                          -1.937    
  -------------------------------------------------------------------
                         slack                                  7.050    

Slack (MET) :             7.124ns  (required time - arrival time)
  Source:                 design_1_i/SpeedSensor_0/U0/SpeedSensor_slave_lite_v1_0_S00_AXI_inst/Core1/pulse_count_reg[5]/C
                            (rising edge-triggered cell FDRE clocked by clk_out1_design_1_clk_wiz_0_0  {rise@0.000ns fall@5.000ns period=10.000ns})
  Destination:            design_1_i/SpeedSensor_0/U0/SpeedSensor_slave_lite_v1_0_S00_AXI_inst/Core1/pulse_count_reg[30]/D
                            (rising edge-triggered cell FDRE clocked by clk_out1_design_1_clk_wiz_0_0  {rise@0.000ns fall@5.000ns period=10.000ns})
  Path Group:             clk_out1_design_1_clk_wiz_0_0
  Path Type:              Setup (Max at Slow Process Corner)
  Requirement:            10.000ns  (clk_out1_design_1_clk_wiz_0_0 rise@10.000ns - clk_out1_design_1_clk_wiz_0_0 rise@0.000ns)
  Data Path Delay:        2.879ns  (logic 1.939ns (67.340%)  route 0.940ns (32.660%))
  Logic Levels:           7  (CARRY4=7)
  Clock Path Skew:        0.013ns (DCD - SCD + CPR)
    Destination Clock Delay (DCD):    -1.470ns = ( 8.530 - 10.000 ) 
    Source Clock Delay      (SCD):    -1.016ns
    Clock Pessimism Removal (CPR):    0.466ns
  Clock Uncertainty:      0.072ns  ((TSJ^2 + DJ^2)^1/2) / 2 + PE
    Total System Jitter     (TSJ):    0.071ns
    Discrete Jitter          (DJ):    0.125ns
    Phase Error              (PE):    0.000ns

    Location             Delay type                Incr(ns)  Path(ns)    Netlist Resource(s)
  -------------------------------------------------------------------    -------------------
                         (clock clk_out1_design_1_clk_wiz_0_0 rise edge)
                                                      0.000     0.000 r  
    H16                                               0.000     0.000 r  sys_clock (IN)
                         net (fo=0)                   0.000     0.000    design_1_i/clk_wiz_0/inst/clk_in1
    H16                  IBUF (Prop_ibuf_I_O)         1.451     1.451 r  design_1_i/clk_wiz_0/inst/clkin1_ibufg/O
                         net (fo=1, routed)           1.285     2.736    design_1_i/clk_wiz_0/inst/clk_in1_design_1_clk_wiz_0_0
    MMCME2_ADV_X1Y2      MMCME2_ADV (Prop_mmcme2_adv_CLKIN1_CLKOUT0)
                                                     -7.759    -5.023 r  design_1_i/clk_wiz_0/inst/mmcm_adv_inst/CLKOUT0
                         net (fo=1, routed)           2.206    -2.817    design_1_i/clk_wiz_0/inst/clk_out1_design_1_clk_wiz_0_0
    BUFGCTRL_X0Y17       BUFG (Prop_bufg_I_O)         0.101    -2.716 r  design_1_i/clk_wiz_0/inst/clkout1_buf/O
                         net (fo=66, routed)          1.700    -1.016    design_1_i/SpeedSensor_0/U0/SpeedSensor_slave_lite_v1_0_S00_AXI_inst/Core1/Clk
    SLICE_X31Y99         FDRE                                         r  design_1_i/SpeedSensor_0/U0/SpeedSensor_slave_lite_v1_0_S00_AXI_inst/Core1/pulse_count_reg[5]/C
  -------------------------------------------------------------------    -------------------
    SLICE_X31Y99         FDRE (Prop_fdre_C_Q)         0.456    -0.560 r  design_1_i/SpeedSensor_0/U0/SpeedSensor_slave_lite_v1_0_S00_AXI_inst/Core1/pulse_count_reg[5]/Q
                         net (fo=2, routed)           0.940     0.379    design_1_i/SpeedSensor_0/U0/SpeedSensor_slave_lite_v1_0_S00_AXI_inst/Core1/pulse_count_reg[5]
    SLICE_X31Y99         CARRY4 (Prop_carry4_S[1]_CO[3])
                                                      0.674     1.053 r  design_1_i/SpeedSensor_0/U0/SpeedSensor_slave_lite_v1_0_S00_AXI_inst/Core1/pulse_count_reg[4]_i_1/CO[3]
                         net (fo=1, routed)           0.001     1.054    design_1_i/SpeedSensor_0/U0/SpeedSensor_slave_lite_v1_0_S00_AXI_inst/Core1/pulse_count_reg[4]_i_1_n_0
    SLICE_X31Y100        CARRY4 (Prop_carry4_CI_CO[3])
                                                      0.114     1.168 r  design_1_i/SpeedSensor_0/U0/SpeedSensor_slave_lite_v1_0_S00_AXI_inst/Core1/pulse_count_reg[8]_i_1/CO[3]
                         net (fo=1, routed)           0.000     1.168    design_1_i/SpeedSensor_0/U0/SpeedSensor_slave_lite_v1_0_S00_AXI_inst/Core1/pulse_count_reg[8]_i_1_n_0
    SLICE_X31Y101        CARRY4 (Prop_carry4_CI_CO[3])
                                                      0.114     1.282 r  design_1_i/SpeedSensor_0/U0/SpeedSensor_slave_lite_v1_0_S00_AXI_inst/Core1/pulse_count_reg[12]_i_1/CO[3]
                         net (fo=1, routed)           0.000     1.282    design_1_i/SpeedSensor_0/U0/SpeedSensor_slave_lite_v1_0_S00_AXI_inst/Core1/pulse_count_reg[12]_i_1_n_0
    SLICE_X31Y102        CARRY4 (Prop_carry4_CI_CO[3])
                                                      0.114     1.396 r  design_1_i/SpeedSensor_0/U0/SpeedSensor_slave_lite_v1_0_S00_AXI_inst/Core1/pulse_count_reg[16]_i_1/CO[3]
                         net (fo=1, routed)           0.000     1.396    design_1_i/SpeedSensor_0/U0/SpeedSensor_slave_lite_v1_0_S00_AXI_inst/Core1/pulse_count_reg[16]_i_1_n_0
    SLICE_X31Y103        CARRY4 (Prop_carry4_CI_CO[3])
                                                      0.114     1.510 r  design_1_i/SpeedSensor_0/U0/SpeedSensor_slave_lite_v1_0_S00_AXI_inst/Core1/pulse_count_reg[20]_i_1/CO[3]
                         net (fo=1, routed)           0.000     1.510    design_1_i/SpeedSensor_0/U0/SpeedSensor_slave_lite_v1_0_S00_AXI_inst/Core1/pulse_count_reg[20]_i_1_n_0
    SLICE_X31Y104        CARRY4 (Prop_carry4_CI_CO[3])
                                                      0.114     1.624 r  design_1_i/SpeedSensor_0/U0/SpeedSensor_slave_lite_v1_0_S00_AXI_inst/Core1/pulse_count_reg[24]_i_1/CO[3]
                         net (fo=1, routed)           0.000     1.624    design_1_i/SpeedSensor_0/U0/SpeedSensor_slave_lite_v1_0_S00_AXI_inst/Core1/pulse_count_reg[24]_i_1_n_0
    SLICE_X31Y105        CARRY4 (Prop_carry4_CI_O[2])
                                                      0.239     1.863 r  design_1_i/SpeedSensor_0/U0/SpeedSensor_slave_lite_v1_0_S00_AXI_inst/Core1/pulse_count_reg[28]_i_1/O[2]
                         net (fo=1, routed)           0.000     1.863    design_1_i/SpeedSensor_0/U0/SpeedSensor_slave_lite_v1_0_S00_AXI_inst/Core1/pulse_count_reg[28]_i_1_n_5
    SLICE_X31Y105        FDRE                                         r  design_1_i/SpeedSensor_0/U0/SpeedSensor_slave_lite_v1_0_S00_AXI_inst/Core1/pulse_count_reg[30]/D
  -------------------------------------------------------------------    -------------------

                         (clock clk_out1_design_1_clk_wiz_0_0 rise edge)
                                                     10.000    10.000 r  
    H16                                               0.000    10.000 r  sys_clock (IN)
                         net (fo=0)                   0.000    10.000    design_1_i/clk_wiz_0/inst/clk_in1
    H16                  IBUF (Prop_ibuf_I_O)         1.380    11.380 r  design_1_i/clk_wiz_0/inst/clkin1_ibufg/O
                         net (fo=1, routed)           1.162    12.542    design_1_i/clk_wiz_0/inst/clk_in1_design_1_clk_wiz_0_0
    MMCME2_ADV_X1Y2      MMCME2_ADV (Prop_mmcme2_adv_CLKIN1_CLKOUT0)
                                                     -7.814     4.728 r  design_1_i/clk_wiz_0/inst/mmcm_adv_inst/CLKOUT0
                         net (fo=1, routed)           2.012     6.740    design_1_i/clk_wiz_0/inst/clk_out1_design_1_clk_wiz_0_0
    BUFGCTRL_X0Y17       BUFG (Prop_bufg_I_O)         0.091     6.831 r  design_1_i/clk_wiz_0/inst/clkout1_buf/O
                         net (fo=66, routed)          1.699     8.530    design_1_i/SpeedSensor_0/U0/SpeedSensor_slave_lite_v1_0_S00_AXI_inst/Core1/Clk
    SLICE_X31Y105        FDRE                                         r  design_1_i/SpeedSensor_0/U0/SpeedSensor_slave_lite_v1_0_S00_AXI_inst/Core1/pulse_count_reg[30]/C
                         clock pessimism              0.466     8.997    
                         clock uncertainty           -0.072     8.925    
    SLICE_X31Y105        FDRE (Setup_fdre_C_D)        0.062     8.987    design_1_i/SpeedSensor_0/U0/SpeedSensor_slave_lite_v1_0_S00_AXI_inst/Core1/pulse_count_reg[30]
  -------------------------------------------------------------------
                         required time                          8.987    
                         arrival time                          -1.863    
  -------------------------------------------------------------------
                         slack                                  7.124    

Slack (MET) :             7.140ns  (required time - arrival time)
  Source:                 design_1_i/SpeedSensor_0/U0/SpeedSensor_slave_lite_v1_0_S00_AXI_inst/Core1/pulse_count_reg[5]/C
                            (rising edge-triggered cell FDRE clocked by clk_out1_design_1_clk_wiz_0_0  {rise@0.000ns fall@5.000ns period=10.000ns})
  Destination:            design_1_i/SpeedSensor_0/U0/SpeedSensor_slave_lite_v1_0_S00_AXI_inst/Core1/pulse_count_reg[28]/D
                            (rising edge-triggered cell FDRE clocked by clk_out1_design_1_clk_wiz_0_0  {rise@0.000ns fall@5.000ns period=10.000ns})
  Path Group:             clk_out1_design_1_clk_wiz_0_0
  Path Type:              Setup (Max at Slow Process Corner)
  Requirement:            10.000ns  (clk_out1_design_1_clk_wiz_0_0 rise@10.000ns - clk_out1_design_1_clk_wiz_0_0 rise@0.000ns)
  Data Path Delay:        2.863ns  (logic 1.923ns (67.157%)  route 0.940ns (32.843%))
  Logic Levels:           7  (CARRY4=7)
  Clock Path Skew:        0.013ns (DCD - SCD + CPR)
    Destination Clock Delay (DCD):    -1.470ns = ( 8.530 - 10.000 ) 
    Source Clock Delay      (SCD):    -1.016ns
    Clock Pessimism Removal (CPR):    0.466ns
  Clock Uncertainty:      0.072ns  ((TSJ^2 + DJ^2)^1/2) / 2 + PE
    Total System Jitter     (TSJ):    0.071ns
    Discrete Jitter          (DJ):    0.125ns
    Phase Error              (PE):    0.000ns

    Location             Delay type                Incr(ns)  Path(ns)    Netlist Resource(s)
  -------------------------------------------------------------------    -------------------
                         (clock clk_out1_design_1_clk_wiz_0_0 rise edge)
                                                      0.000     0.000 r  
    H16                                               0.000     0.000 r  sys_clock (IN)
                         net (fo=0)                   0.000     0.000    design_1_i/clk_wiz_0/inst/clk_in1
    H16                  IBUF (Prop_ibuf_I_O)         1.451     1.451 r  design_1_i/clk_wiz_0/inst/clkin1_ibufg/O
                         net (fo=1, routed)           1.285     2.736    design_1_i/clk_wiz_0/inst/clk_in1_design_1_clk_wiz_0_0
    MMCME2_ADV_X1Y2      MMCME2_ADV (Prop_mmcme2_adv_CLKIN1_CLKOUT0)
                                                     -7.759    -5.023 r  design_1_i/clk_wiz_0/inst/mmcm_adv_inst/CLKOUT0
                         net (fo=1, routed)           2.206    -2.817    design_1_i/clk_wiz_0/inst/clk_out1_design_1_clk_wiz_0_0
    BUFGCTRL_X0Y17       BUFG (Prop_bufg_I_O)         0.101    -2.716 r  design_1_i/clk_wiz_0/inst/clkout1_buf/O
                         net (fo=66, routed)          1.700    -1.016    design_1_i/SpeedSensor_0/U0/SpeedSensor_slave_lite_v1_0_S00_AXI_inst/Core1/Clk
    SLICE_X31Y99         FDRE                                         r  design_1_i/SpeedSensor_0/U0/SpeedSensor_slave_lite_v1_0_S00_AXI_inst/Core1/pulse_count_reg[5]/C
  -------------------------------------------------------------------    -------------------
    SLICE_X31Y99         FDRE (Prop_fdre_C_Q)         0.456    -0.560 r  design_1_i/SpeedSensor_0/U0/SpeedSensor_slave_lite_v1_0_S00_AXI_inst/Core1/pulse_count_reg[5]/Q
                         net (fo=2, routed)           0.940     0.379    design_1_i/SpeedSensor_0/U0/SpeedSensor_slave_lite_v1_0_S00_AXI_inst/Core1/pulse_count_reg[5]
    SLICE_X31Y99         CARRY4 (Prop_carry4_S[1]_CO[3])
                                                      0.674     1.053 r  design_1_i/SpeedSensor_0/U0/SpeedSensor_slave_lite_v1_0_S00_AXI_inst/Core1/pulse_count_reg[4]_i_1/CO[3]
                         net (fo=1, routed)           0.001     1.054    design_1_i/SpeedSensor_0/U0/SpeedSensor_slave_lite_v1_0_S00_AXI_inst/Core1/pulse_count_reg[4]_i_1_n_0
    SLICE_X31Y100        CARRY4 (Prop_carry4_CI_CO[3])
                                                      0.114     1.168 r  design_1_i/SpeedSensor_0/U0/SpeedSensor_slave_lite_v1_0_S00_AXI_inst/Core1/pulse_count_reg[8]_i_1/CO[3]
                         net (fo=1, routed)           0.000     1.168    design_1_i/SpeedSensor_0/U0/SpeedSensor_slave_lite_v1_0_S00_AXI_inst/Core1/pulse_count_reg[8]_i_1_n_0
    SLICE_X31Y101        CARRY4 (Prop_carry4_CI_CO[3])
                                                      0.114     1.282 r  design_1_i/SpeedSensor_0/U0/SpeedSensor_slave_lite_v1_0_S00_AXI_inst/Core1/pulse_count_reg[12]_i_1/CO[3]
                         net (fo=1, routed)           0.000     1.282    design_1_i/SpeedSensor_0/U0/SpeedSensor_slave_lite_v1_0_S00_AXI_inst/Core1/pulse_count_reg[12]_i_1_n_0
    SLICE_X31Y102        CARRY4 (Prop_carry4_CI_CO[3])
                                                      0.114     1.396 r  design_1_i/SpeedSensor_0/U0/SpeedSensor_slave_lite_v1_0_S00_AXI_inst/Core1/pulse_count_reg[16]_i_1/CO[3]
                         net (fo=1, routed)           0.000     1.396    design_1_i/SpeedSensor_0/U0/SpeedSensor_slave_lite_v1_0_S00_AXI_inst/Core1/pulse_count_reg[16]_i_1_n_0
    SLICE_X31Y103        CARRY4 (Prop_carry4_CI_CO[3])
                                                      0.114     1.510 r  design_1_i/SpeedSensor_0/U0/SpeedSensor_slave_lite_v1_0_S00_AXI_inst/Core1/pulse_count_reg[20]_i_1/CO[3]
                         net (fo=1, routed)           0.000     1.510    design_1_i/SpeedSensor_0/U0/SpeedSensor_slave_lite_v1_0_S00_AXI_inst/Core1/pulse_count_reg[20]_i_1_n_0
    SLICE_X31Y104        CARRY4 (Prop_carry4_CI_CO[3])
                                                      0.114     1.624 r  design_1_i/SpeedSensor_0/U0/SpeedSensor_slave_lite_v1_0_S00_AXI_inst/Core1/pulse_count_reg[24]_i_1/CO[3]
                         net (fo=1, routed)           0.000     1.624    design_1_i/SpeedSensor_0/U0/SpeedSensor_slave_lite_v1_0_S00_AXI_inst/Core1/pulse_count_reg[24]_i_1_n_0
    SLICE_X31Y105        CARRY4 (Prop_carry4_CI_O[0])
                                                      0.223     1.847 r  design_1_i/SpeedSensor_0/U0/SpeedSensor_slave_lite_v1_0_S00_AXI_inst/Core1/pulse_count_reg[28]_i_1/O[0]
                         net (fo=1, routed)           0.000     1.847    design_1_i/SpeedSensor_0/U0/SpeedSensor_slave_lite_v1_0_S00_AXI_inst/Core1/pulse_count_reg[28]_i_1_n_7
    SLICE_X31Y105        FDRE                                         r  design_1_i/SpeedSensor_0/U0/SpeedSensor_slave_lite_v1_0_S00_AXI_inst/Core1/pulse_count_reg[28]/D
  -------------------------------------------------------------------    -------------------

                         (clock clk_out1_design_1_clk_wiz_0_0 rise edge)
                                                     10.000    10.000 r  
    H16                                               0.000    10.000 r  sys_clock (IN)
                         net (fo=0)                   0.000    10.000    design_1_i/clk_wiz_0/inst/clk_in1
    H16                  IBUF (Prop_ibuf_I_O)         1.380    11.380 r  design_1_i/clk_wiz_0/inst/clkin1_ibufg/O
                         net (fo=1, routed)           1.162    12.542    design_1_i/clk_wiz_0/inst/clk_in1_design_1_clk_wiz_0_0
    MMCME2_ADV_X1Y2      MMCME2_ADV (Prop_mmcme2_adv_CLKIN1_CLKOUT0)
                                                     -7.814     4.728 r  design_1_i/clk_wiz_0/inst/mmcm_adv_inst/CLKOUT0
                         net (fo=1, routed)           2.012     6.740    design_1_i/clk_wiz_0/inst/clk_out1_design_1_clk_wiz_0_0
    BUFGCTRL_X0Y17       BUFG (Prop_bufg_I_O)         0.091     6.831 r  design_1_i/clk_wiz_0/inst/clkout1_buf/O
                         net (fo=66, routed)          1.699     8.530    design_1_i/SpeedSensor_0/U0/SpeedSensor_slave_lite_v1_0_S00_AXI_inst/Core1/Clk
    SLICE_X31Y105        FDRE                                         r  design_1_i/SpeedSensor_0/U0/SpeedSensor_slave_lite_v1_0_S00_AXI_inst/Core1/pulse_count_reg[28]/C
                         clock pessimism              0.466     8.997    
                         clock uncertainty           -0.072     8.925    
    SLICE_X31Y105        FDRE (Setup_fdre_C_D)        0.062     8.987    design_1_i/SpeedSensor_0/U0/SpeedSensor_slave_lite_v1_0_S00_AXI_inst/Core1/pulse_count_reg[28]
  -------------------------------------------------------------------
                         required time                          8.987    
                         arrival time                          -1.847    
  -------------------------------------------------------------------
                         slack                                  7.140    

Slack (MET) :             7.143ns  (required time - arrival time)
  Source:                 design_1_i/SpeedSensor_0/U0/SpeedSensor_slave_lite_v1_0_S00_AXI_inst/Core1/pulse_count_reg[5]/C
                            (rising edge-triggered cell FDRE clocked by clk_out1_design_1_clk_wiz_0_0  {rise@0.000ns fall@5.000ns period=10.000ns})
  Destination:            design_1_i/SpeedSensor_0/U0/SpeedSensor_slave_lite_v1_0_S00_AXI_inst/Core1/pulse_count_reg[25]/D
                            (rising edge-triggered cell FDRE clocked by clk_out1_design_1_clk_wiz_0_0  {rise@0.000ns fall@5.000ns period=10.000ns})
  Path Group:             clk_out1_design_1_clk_wiz_0_0
  Path Type:              Setup (Max at Slow Process Corner)
  Requirement:            10.000ns  (clk_out1_design_1_clk_wiz_0_0 rise@10.000ns - clk_out1_design_1_clk_wiz_0_0 rise@0.000ns)
  Data Path Delay:        2.860ns  (logic 1.920ns (67.123%)  route 0.940ns (32.877%))
  Logic Levels:           6  (CARRY4=6)
  Clock Path Skew:        0.013ns (DCD - SCD + CPR)
    Destination Clock Delay (DCD):    -1.470ns = ( 8.530 - 10.000 ) 
    Source Clock Delay      (SCD):    -1.016ns
    Clock Pessimism Removal (CPR):    0.466ns
  Clock Uncertainty:      0.072ns  ((TSJ^2 + DJ^2)^1/2) / 2 + PE
    Total System Jitter     (TSJ):    0.071ns
    Discrete Jitter          (DJ):    0.125ns
    Phase Error              (PE):    0.000ns

    Location             Delay type                Incr(ns)  Path(ns)    Netlist Resource(s)
  -------------------------------------------------------------------    -------------------
                         (clock clk_out1_design_1_clk_wiz_0_0 rise edge)
                                                      0.000     0.000 r  
    H16                                               0.000     0.000 r  sys_clock (IN)
                         net (fo=0)                   0.000     0.000    design_1_i/clk_wiz_0/inst/clk_in1
    H16                  IBUF (Prop_ibuf_I_O)         1.451     1.451 r  design_1_i/clk_wiz_0/inst/clkin1_ibufg/O
                         net (fo=1, routed)           1.285     2.736    design_1_i/clk_wiz_0/inst/clk_in1_design_1_clk_wiz_0_0
    MMCME2_ADV_X1Y2      MMCME2_ADV (Prop_mmcme2_adv_CLKIN1_CLKOUT0)
                                                     -7.759    -5.023 r  design_1_i/clk_wiz_0/inst/mmcm_adv_inst/CLKOUT0
                         net (fo=1, routed)           2.206    -2.817    design_1_i/clk_wiz_0/inst/clk_out1_design_1_clk_wiz_0_0
    BUFGCTRL_X0Y17       BUFG (Prop_bufg_I_O)         0.101    -2.716 r  design_1_i/clk_wiz_0/inst/clkout1_buf/O
                         net (fo=66, routed)          1.700    -1.016    design_1_i/SpeedSensor_0/U0/SpeedSensor_slave_lite_v1_0_S00_AXI_inst/Core1/Clk
    SLICE_X31Y99         FDRE                                         r  design_1_i/SpeedSensor_0/U0/SpeedSensor_slave_lite_v1_0_S00_AXI_inst/Core1/pulse_count_reg[5]/C
  -------------------------------------------------------------------    -------------------
    SLICE_X31Y99         FDRE (Prop_fdre_C_Q)         0.456    -0.560 r  design_1_i/SpeedSensor_0/U0/SpeedSensor_slave_lite_v1_0_S00_AXI_inst/Core1/pulse_count_reg[5]/Q
                         net (fo=2, routed)           0.940     0.379    design_1_i/SpeedSensor_0/U0/SpeedSensor_slave_lite_v1_0_S00_AXI_inst/Core1/pulse_count_reg[5]
    SLICE_X31Y99         CARRY4 (Prop_carry4_S[1]_CO[3])
                                                      0.674     1.053 r  design_1_i/SpeedSensor_0/U0/SpeedSensor_slave_lite_v1_0_S00_AXI_inst/Core1/pulse_count_reg[4]_i_1/CO[3]
                         net (fo=1, routed)           0.001     1.054    design_1_i/SpeedSensor_0/U0/SpeedSensor_slave_lite_v1_0_S00_AXI_inst/Core1/pulse_count_reg[4]_i_1_n_0
    SLICE_X31Y100        CARRY4 (Prop_carry4_CI_CO[3])
                                                      0.114     1.168 r  design_1_i/SpeedSensor_0/U0/SpeedSensor_slave_lite_v1_0_S00_AXI_inst/Core1/pulse_count_reg[8]_i_1/CO[3]
                         net (fo=1, routed)           0.000     1.168    design_1_i/SpeedSensor_0/U0/SpeedSensor_slave_lite_v1_0_S00_AXI_inst/Core1/pulse_count_reg[8]_i_1_n_0
    SLICE_X31Y101        CARRY4 (Prop_carry4_CI_CO[3])
                                                      0.114     1.282 r  design_1_i/SpeedSensor_0/U0/SpeedSensor_slave_lite_v1_0_S00_AXI_inst/Core1/pulse_count_reg[12]_i_1/CO[3]
                         net (fo=1, routed)           0.000     1.282    design_1_i/SpeedSensor_0/U0/SpeedSensor_slave_lite_v1_0_S00_AXI_inst/Core1/pulse_count_reg[12]_i_1_n_0
    SLICE_X31Y102        CARRY4 (Prop_carry4_CI_CO[3])
                                                      0.114     1.396 r  design_1_i/SpeedSensor_0/U0/SpeedSensor_slave_lite_v1_0_S00_AXI_inst/Core1/pulse_count_reg[16]_i_1/CO[3]
                         net (fo=1, routed)           0.000     1.396    design_1_i/SpeedSensor_0/U0/SpeedSensor_slave_lite_v1_0_S00_AXI_inst/Core1/pulse_count_reg[16]_i_1_n_0
    SLICE_X31Y103        CARRY4 (Prop_carry4_CI_CO[3])
                                                      0.114     1.510 r  design_1_i/SpeedSensor_0/U0/SpeedSensor_slave_lite_v1_0_S00_AXI_inst/Core1/pulse_count_reg[20]_i_1/CO[3]
                         net (fo=1, routed)           0.000     1.510    design_1_i/SpeedSensor_0/U0/SpeedSensor_slave_lite_v1_0_S00_AXI_inst/Core1/pulse_count_reg[20]_i_1_n_0
    SLICE_X31Y104        CARRY4 (Prop_carry4_CI_O[1])
                                                      0.334     1.844 r  design_1_i/SpeedSensor_0/U0/SpeedSensor_slave_lite_v1_0_S00_AXI_inst/Core1/pulse_count_reg[24]_i_1/O[1]
                         net (fo=1, routed)           0.000     1.844    design_1_i/SpeedSensor_0/U0/SpeedSensor_slave_lite_v1_0_S00_AXI_inst/Core1/pulse_count_reg[24]_i_1_n_6
    SLICE_X31Y104        FDRE                                         r  design_1_i/SpeedSensor_0/U0/SpeedSensor_slave_lite_v1_0_S00_AXI_inst/Core1/pulse_count_reg[25]/D
  -------------------------------------------------------------------    -------------------

                         (clock clk_out1_design_1_clk_wiz_0_0 rise edge)
                                                     10.000    10.000 r  
    H16                                               0.000    10.000 r  sys_clock (IN)
                         net (fo=0)                   0.000    10.000    design_1_i/clk_wiz_0/inst/clk_in1
    H16                  IBUF (Prop_ibuf_I_O)         1.380    11.380 r  design_1_i/clk_wiz_0/inst/clkin1_ibufg/O
                         net (fo=1, routed)           1.162    12.542    design_1_i/clk_wiz_0/inst/clk_in1_design_1_clk_wiz_0_0
    MMCME2_ADV_X1Y2      MMCME2_ADV (Prop_mmcme2_adv_CLKIN1_CLKOUT0)
                                                     -7.814     4.728 r  design_1_i/clk_wiz_0/inst/mmcm_adv_inst/CLKOUT0
                         net (fo=1, routed)           2.012     6.740    design_1_i/clk_wiz_0/inst/clk_out1_design_1_clk_wiz_0_0
    BUFGCTRL_X0Y17       BUFG (Prop_bufg_I_O)         0.091     6.831 r  design_1_i/clk_wiz_0/inst/clkout1_buf/O
                         net (fo=66, routed)          1.699     8.530    design_1_i/SpeedSensor_0/U0/SpeedSensor_slave_lite_v1_0_S00_AXI_inst/Core1/Clk
    SLICE_X31Y104        FDRE                                         r  design_1_i/SpeedSensor_0/U0/SpeedSensor_slave_lite_v1_0_S00_AXI_inst/Core1/pulse_count_reg[25]/C
                         clock pessimism              0.466     8.997    
                         clock uncertainty           -0.072     8.925    
    SLICE_X31Y104        FDRE (Setup_fdre_C_D)        0.062     8.987    design_1_i/SpeedSensor_0/U0/SpeedSensor_slave_lite_v1_0_S00_AXI_inst/Core1/pulse_count_reg[25]
  -------------------------------------------------------------------
                         required time                          8.987    
                         arrival time                          -1.844    
  -------------------------------------------------------------------
                         slack                                  7.143    

Slack (MET) :             7.164ns  (required time - arrival time)
  Source:                 design_1_i/SpeedSensor_0/U0/SpeedSensor_slave_lite_v1_0_S00_AXI_inst/Core1/pulse_count_reg[5]/C
                            (rising edge-triggered cell FDRE clocked by clk_out1_design_1_clk_wiz_0_0  {rise@0.000ns fall@5.000ns period=10.000ns})
  Destination:            design_1_i/SpeedSensor_0/U0/SpeedSensor_slave_lite_v1_0_S00_AXI_inst/Core1/pulse_count_reg[27]/D
                            (rising edge-triggered cell FDRE clocked by clk_out1_design_1_clk_wiz_0_0  {rise@0.000ns fall@5.000ns period=10.000ns})
  Path Group:             clk_out1_design_1_clk_wiz_0_0
  Path Type:              Setup (Max at Slow Process Corner)
  Requirement:            10.000ns  (clk_out1_design_1_clk_wiz_0_0 rise@10.000ns - clk_out1_design_1_clk_wiz_0_0 rise@0.000ns)
  Data Path Delay:        2.839ns  (logic 1.899ns (66.880%)  route 0.940ns (33.120%))
  Logic Levels:           6  (CARRY4=6)
  Clock Path Skew:        0.013ns (DCD - SCD + CPR)
    Destination Clock Delay (DCD):    -1.470ns = ( 8.530 - 10.000 ) 
    Source Clock Delay      (SCD):    -1.016ns
    Clock Pessimism Removal (CPR):    0.466ns
  Clock Uncertainty:      0.072ns  ((TSJ^2 + DJ^2)^1/2) / 2 + PE
    Total System Jitter     (TSJ):    0.071ns
    Discrete Jitter          (DJ):    0.125ns
    Phase Error              (PE):    0.000ns

    Location             Delay type                Incr(ns)  Path(ns)    Netlist Resource(s)
  -------------------------------------------------------------------    -------------------
                         (clock clk_out1_design_1_clk_wiz_0_0 rise edge)
                                                      0.000     0.000 r  
    H16                                               0.000     0.000 r  sys_clock (IN)
                         net (fo=0)                   0.000     0.000    design_1_i/clk_wiz_0/inst/clk_in1
    H16                  IBUF (Prop_ibuf_I_O)         1.451     1.451 r  design_1_i/clk_wiz_0/inst/clkin1_ibufg/O
                         net (fo=1, routed)           1.285     2.736    design_1_i/clk_wiz_0/inst/clk_in1_design_1_clk_wiz_0_0
    MMCME2_ADV_X1Y2      MMCME2_ADV (Prop_mmcme2_adv_CLKIN1_CLKOUT0)
                                                     -7.759    -5.023 r  design_1_i/clk_wiz_0/inst/mmcm_adv_inst/CLKOUT0
                         net (fo=1, routed)           2.206    -2.817    design_1_i/clk_wiz_0/inst/clk_out1_design_1_clk_wiz_0_0
    BUFGCTRL_X0Y17       BUFG (Prop_bufg_I_O)         0.101    -2.716 r  design_1_i/clk_wiz_0/inst/clkout1_buf/O
                         net (fo=66, routed)          1.700    -1.016    design_1_i/SpeedSensor_0/U0/SpeedSensor_slave_lite_v1_0_S00_AXI_inst/Core1/Clk
    SLICE_X31Y99         FDRE                                         r  design_1_i/SpeedSensor_0/U0/SpeedSensor_slave_lite_v1_0_S00_AXI_inst/Core1/pulse_count_reg[5]/C
  -------------------------------------------------------------------    -------------------
    SLICE_X31Y99         FDRE (Prop_fdre_C_Q)         0.456    -0.560 r  design_1_i/SpeedSensor_0/U0/SpeedSensor_slave_lite_v1_0_S00_AXI_inst/Core1/pulse_count_reg[5]/Q
                         net (fo=2, routed)           0.940     0.379    design_1_i/SpeedSensor_0/U0/SpeedSensor_slave_lite_v1_0_S00_AXI_inst/Core1/pulse_count_reg[5]
    SLICE_X31Y99         CARRY4 (Prop_carry4_S[1]_CO[3])
                                                      0.674     1.053 r  design_1_i/SpeedSensor_0/U0/SpeedSensor_slave_lite_v1_0_S00_AXI_inst/Core1/pulse_count_reg[4]_i_1/CO[3]
                         net (fo=1, routed)           0.001     1.054    design_1_i/SpeedSensor_0/U0/SpeedSensor_slave_lite_v1_0_S00_AXI_inst/Core1/pulse_count_reg[4]_i_1_n_0
    SLICE_X31Y100        CARRY4 (Prop_carry4_CI_CO[3])
                                                      0.114     1.168 r  design_1_i/SpeedSensor_0/U0/SpeedSensor_slave_lite_v1_0_S00_AXI_inst/Core1/pulse_count_reg[8]_i_1/CO[3]
                         net (fo=1, routed)           0.000     1.168    design_1_i/SpeedSensor_0/U0/SpeedSensor_slave_lite_v1_0_S00_AXI_inst/Core1/pulse_count_reg[8]_i_1_n_0
    SLICE_X31Y101        CARRY4 (Prop_carry4_CI_CO[3])
                                                      0.114     1.282 r  design_1_i/SpeedSensor_0/U0/SpeedSensor_slave_lite_v1_0_S00_AXI_inst/Core1/pulse_count_reg[12]_i_1/CO[3]
                         net (fo=1, routed)           0.000     1.282    design_1_i/SpeedSensor_0/U0/SpeedSensor_slave_lite_v1_0_S00_AXI_inst/Core1/pulse_count_reg[12]_i_1_n_0
    SLICE_X31Y102        CARRY4 (Prop_carry4_CI_CO[3])
                                                      0.114     1.396 r  design_1_i/SpeedSensor_0/U0/SpeedSensor_slave_lite_v1_0_S00_AXI_inst/Core1/pulse_count_reg[16]_i_1/CO[3]
                         net (fo=1, routed)           0.000     1.396    design_1_i/SpeedSensor_0/U0/SpeedSensor_slave_lite_v1_0_S00_AXI_inst/Core1/pulse_count_reg[16]_i_1_n_0
    SLICE_X31Y103        CARRY4 (Prop_carry4_CI_CO[3])
                                                      0.114     1.510 r  design_1_i/SpeedSensor_0/U0/SpeedSensor_slave_lite_v1_0_S00_AXI_inst/Core1/pulse_count_reg[20]_i_1/CO[3]
                         net (fo=1, routed)           0.000     1.510    design_1_i/SpeedSensor_0/U0/SpeedSensor_slave_lite_v1_0_S00_AXI_inst/Core1/pulse_count_reg[20]_i_1_n_0
    SLICE_X31Y104        CARRY4 (Prop_carry4_CI_O[3])
                                                      0.313     1.823 r  design_1_i/SpeedSensor_0/U0/SpeedSensor_slave_lite_v1_0_S00_AXI_inst/Core1/pulse_count_reg[24]_i_1/O[3]
                         net (fo=1, routed)           0.000     1.823    design_1_i/SpeedSensor_0/U0/SpeedSensor_slave_lite_v1_0_S00_AXI_inst/Core1/pulse_count_reg[24]_i_1_n_4
    SLICE_X31Y104        FDRE                                         r  design_1_i/SpeedSensor_0/U0/SpeedSensor_slave_lite_v1_0_S00_AXI_inst/Core1/pulse_count_reg[27]/D
  -------------------------------------------------------------------    -------------------

                         (clock clk_out1_design_1_clk_wiz_0_0 rise edge)
                                                     10.000    10.000 r  
    H16                                               0.000    10.000 r  sys_clock (IN)
                         net (fo=0)                   0.000    10.000    design_1_i/clk_wiz_0/inst/clk_in1
    H16                  IBUF (Prop_ibuf_I_O)         1.380    11.380 r  design_1_i/clk_wiz_0/inst/clkin1_ibufg/O
                         net (fo=1, routed)           1.162    12.542    design_1_i/clk_wiz_0/inst/clk_in1_design_1_clk_wiz_0_0
    MMCME2_ADV_X1Y2      MMCME2_ADV (Prop_mmcme2_adv_CLKIN1_CLKOUT0)
                                                     -7.814     4.728 r  design_1_i/clk_wiz_0/inst/mmcm_adv_inst/CLKOUT0
                         net (fo=1, routed)           2.012     6.740    design_1_i/clk_wiz_0/inst/clk_out1_design_1_clk_wiz_0_0
    BUFGCTRL_X0Y17       BUFG (Prop_bufg_I_O)         0.091     6.831 r  design_1_i/clk_wiz_0/inst/clkout1_buf/O
                         net (fo=66, routed)          1.699     8.530    design_1_i/SpeedSensor_0/U0/SpeedSensor_slave_lite_v1_0_S00_AXI_inst/Core1/Clk
    SLICE_X31Y104        FDRE                                         r  design_1_i/SpeedSensor_0/U0/SpeedSensor_slave_lite_v1_0_S00_AXI_inst/Core1/pulse_count_reg[27]/C
                         clock pessimism              0.466     8.997    
                         clock uncertainty           -0.072     8.925    
    SLICE_X31Y104        FDRE (Setup_fdre_C_D)        0.062     8.987    design_1_i/SpeedSensor_0/U0/SpeedSensor_slave_lite_v1_0_S00_AXI_inst/Core1/pulse_count_reg[27]
  -------------------------------------------------------------------
                         required time                          8.987    
                         arrival time                          -1.823    
  -------------------------------------------------------------------
                         slack                                  7.164    

Slack (MET) :             7.238ns  (required time - arrival time)
  Source:                 design_1_i/SpeedSensor_0/U0/SpeedSensor_slave_lite_v1_0_S00_AXI_inst/Core1/pulse_count_reg[5]/C
                            (rising edge-triggered cell FDRE clocked by clk_out1_design_1_clk_wiz_0_0  {rise@0.000ns fall@5.000ns period=10.000ns})
  Destination:            design_1_i/SpeedSensor_0/U0/SpeedSensor_slave_lite_v1_0_S00_AXI_inst/Core1/pulse_count_reg[26]/D
                            (rising edge-triggered cell FDRE clocked by clk_out1_design_1_clk_wiz_0_0  {rise@0.000ns fall@5.000ns period=10.000ns})
  Path Group:             clk_out1_design_1_clk_wiz_0_0
  Path Type:              Setup (Max at Slow Process Corner)
  Requirement:            10.000ns  (clk_out1_design_1_clk_wiz_0_0 rise@10.000ns - clk_out1_design_1_clk_wiz_0_0 rise@0.000ns)
  Data Path Delay:        2.765ns  (logic 1.825ns (65.993%)  route 0.940ns (34.007%))
  Logic Levels:           6  (CARRY4=6)
  Clock Path Skew:        0.013ns (DCD - SCD + CPR)
    Destination Clock Delay (DCD):    -1.470ns = ( 8.530 - 10.000 ) 
    Source Clock Delay      (SCD):    -1.016ns
    Clock Pessimism Removal (CPR):    0.466ns
  Clock Uncertainty:      0.072ns  ((TSJ^2 + DJ^2)^1/2) / 2 + PE
    Total System Jitter     (TSJ):    0.071ns
    Discrete Jitter          (DJ):    0.125ns
    Phase Error              (PE):    0.000ns

    Location             Delay type                Incr(ns)  Path(ns)    Netlist Resource(s)
  -------------------------------------------------------------------    -------------------
                         (clock clk_out1_design_1_clk_wiz_0_0 rise edge)
                                                      0.000     0.000 r  
    H16                                               0.000     0.000 r  sys_clock (IN)
                         net (fo=0)                   0.000     0.000    design_1_i/clk_wiz_0/inst/clk_in1
    H16                  IBUF (Prop_ibuf_I_O)         1.451     1.451 r  design_1_i/clk_wiz_0/inst/clkin1_ibufg/O
                         net (fo=1, routed)           1.285     2.736    design_1_i/clk_wiz_0/inst/clk_in1_design_1_clk_wiz_0_0
    MMCME2_ADV_X1Y2      MMCME2_ADV (Prop_mmcme2_adv_CLKIN1_CLKOUT0)
                                                     -7.759    -5.023 r  design_1_i/clk_wiz_0/inst/mmcm_adv_inst/CLKOUT0
                         net (fo=1, routed)           2.206    -2.817    design_1_i/clk_wiz_0/inst/clk_out1_design_1_clk_wiz_0_0
    BUFGCTRL_X0Y17       BUFG (Prop_bufg_I_O)         0.101    -2.716 r  design_1_i/clk_wiz_0/inst/clkout1_buf/O
                         net (fo=66, routed)          1.700    -1.016    design_1_i/SpeedSensor_0/U0/SpeedSensor_slave_lite_v1_0_S00_AXI_inst/Core1/Clk
    SLICE_X31Y99         FDRE                                         r  design_1_i/SpeedSensor_0/U0/SpeedSensor_slave_lite_v1_0_S00_AXI_inst/Core1/pulse_count_reg[5]/C
  -------------------------------------------------------------------    -------------------
    SLICE_X31Y99         FDRE (Prop_fdre_C_Q)         0.456    -0.560 r  design_1_i/SpeedSensor_0/U0/SpeedSensor_slave_lite_v1_0_S00_AXI_inst/Core1/pulse_count_reg[5]/Q
                         net (fo=2, routed)           0.940     0.379    design_1_i/SpeedSensor_0/U0/SpeedSensor_slave_lite_v1_0_S00_AXI_inst/Core1/pulse_count_reg[5]
    SLICE_X31Y99         CARRY4 (Prop_carry4_S[1]_CO[3])
                                                      0.674     1.053 r  design_1_i/SpeedSensor_0/U0/SpeedSensor_slave_lite_v1_0_S00_AXI_inst/Core1/pulse_count_reg[4]_i_1/CO[3]
                         net (fo=1, routed)           0.001     1.054    design_1_i/SpeedSensor_0/U0/SpeedSensor_slave_lite_v1_0_S00_AXI_inst/Core1/pulse_count_reg[4]_i_1_n_0
    SLICE_X31Y100        CARRY4 (Prop_carry4_CI_CO[3])
                                                      0.114     1.168 r  design_1_i/SpeedSensor_0/U0/SpeedSensor_slave_lite_v1_0_S00_AXI_inst/Core1/pulse_count_reg[8]_i_1/CO[3]
                         net (fo=1, routed)           0.000     1.168    design_1_i/SpeedSensor_0/U0/SpeedSensor_slave_lite_v1_0_S00_AXI_inst/Core1/pulse_count_reg[8]_i_1_n_0
    SLICE_X31Y101        CARRY4 (Prop_carry4_CI_CO[3])
                                                      0.114     1.282 r  design_1_i/SpeedSensor_0/U0/SpeedSensor_slave_lite_v1_0_S00_AXI_inst/Core1/pulse_count_reg[12]_i_1/CO[3]
                         net (fo=1, routed)           0.000     1.282    design_1_i/SpeedSensor_0/U0/SpeedSensor_slave_lite_v1_0_S00_AXI_inst/Core1/pulse_count_reg[12]_i_1_n_0
    SLICE_X31Y102        CARRY4 (Prop_carry4_CI_CO[3])
                                                      0.114     1.396 r  design_1_i/SpeedSensor_0/U0/SpeedSensor_slave_lite_v1_0_S00_AXI_inst/Core1/pulse_count_reg[16]_i_1/CO[3]
                         net (fo=1, routed)           0.000     1.396    design_1_i/SpeedSensor_0/U0/SpeedSensor_slave_lite_v1_0_S00_AXI_inst/Core1/pulse_count_reg[16]_i_1_n_0
    SLICE_X31Y103        CARRY4 (Prop_carry4_CI_CO[3])
                                                      0.114     1.510 r  design_1_i/SpeedSensor_0/U0/SpeedSensor_slave_lite_v1_0_S00_AXI_inst/Core1/pulse_count_reg[20]_i_1/CO[3]
                         net (fo=1, routed)           0.000     1.510    design_1_i/SpeedSensor_0/U0/SpeedSensor_slave_lite_v1_0_S00_AXI_inst/Core1/pulse_count_reg[20]_i_1_n_0
    SLICE_X31Y104        CARRY4 (Prop_carry4_CI_O[2])
                                                      0.239     1.749 r  design_1_i/SpeedSensor_0/U0/SpeedSensor_slave_lite_v1_0_S00_AXI_inst/Core1/pulse_count_reg[24]_i_1/O[2]
                         net (fo=1, routed)           0.000     1.749    design_1_i/SpeedSensor_0/U0/SpeedSensor_slave_lite_v1_0_S00_AXI_inst/Core1/pulse_count_reg[24]_i_1_n_5
    SLICE_X31Y104        FDRE                                         r  design_1_i/SpeedSensor_0/U0/SpeedSensor_slave_lite_v1_0_S00_AXI_inst/Core1/pulse_count_reg[26]/D
  -------------------------------------------------------------------    -------------------

                         (clock clk_out1_design_1_clk_wiz_0_0 rise edge)
                                                     10.000    10.000 r  
    H16                                               0.000    10.000 r  sys_clock (IN)
                         net (fo=0)                   0.000    10.000    design_1_i/clk_wiz_0/inst/clk_in1
    H16                  IBUF (Prop_ibuf_I_O)         1.380    11.380 r  design_1_i/clk_wiz_0/inst/clkin1_ibufg/O
                         net (fo=1, routed)           1.162    12.542    design_1_i/clk_wiz_0/inst/clk_in1_design_1_clk_wiz_0_0
    MMCME2_ADV_X1Y2      MMCME2_ADV (Prop_mmcme2_adv_CLKIN1_CLKOUT0)
                                                     -7.814     4.728 r  design_1_i/clk_wiz_0/inst/mmcm_adv_inst/CLKOUT0
                         net (fo=1, routed)           2.012     6.740    design_1_i/clk_wiz_0/inst/clk_out1_design_1_clk_wiz_0_0
    BUFGCTRL_X0Y17       BUFG (Prop_bufg_I_O)         0.091     6.831 r  design_1_i/clk_wiz_0/inst/clkout1_buf/O
                         net (fo=66, routed)          1.699     8.530    design_1_i/SpeedSensor_0/U0/SpeedSensor_slave_lite_v1_0_S00_AXI_inst/Core1/Clk
    SLICE_X31Y104        FDRE                                         r  design_1_i/SpeedSensor_0/U0/SpeedSensor_slave_lite_v1_0_S00_AXI_inst/Core1/pulse_count_reg[26]/C
                         clock pessimism              0.466     8.997    
                         clock uncertainty           -0.072     8.925    
    SLICE_X31Y104        FDRE (Setup_fdre_C_D)        0.062     8.987    design_1_i/SpeedSensor_0/U0/SpeedSensor_slave_lite_v1_0_S00_AXI_inst/Core1/pulse_count_reg[26]
  -------------------------------------------------------------------
                         required time                          8.987    
                         arrival time                          -1.749    
  -------------------------------------------------------------------
                         slack                                  7.238    

Slack (MET) :             7.254ns  (required time - arrival time)
  Source:                 design_1_i/SpeedSensor_0/U0/SpeedSensor_slave_lite_v1_0_S00_AXI_inst/Core1/pulse_count_reg[5]/C
                            (rising edge-triggered cell FDRE clocked by clk_out1_design_1_clk_wiz_0_0  {rise@0.000ns fall@5.000ns period=10.000ns})
  Destination:            design_1_i/SpeedSensor_0/U0/SpeedSensor_slave_lite_v1_0_S00_AXI_inst/Core1/pulse_count_reg[24]/D
                            (rising edge-triggered cell FDRE clocked by clk_out1_design_1_clk_wiz_0_0  {rise@0.000ns fall@5.000ns period=10.000ns})
  Path Group:             clk_out1_design_1_clk_wiz_0_0
  Path Type:              Setup (Max at Slow Process Corner)
  Requirement:            10.000ns  (clk_out1_design_1_clk_wiz_0_0 rise@10.000ns - clk_out1_design_1_clk_wiz_0_0 rise@0.000ns)
  Data Path Delay:        2.749ns  (logic 1.809ns (65.795%)  route 0.940ns (34.205%))
  Logic Levels:           6  (CARRY4=6)
  Clock Path Skew:        0.013ns (DCD - SCD + CPR)
    Destination Clock Delay (DCD):    -1.470ns = ( 8.530 - 10.000 ) 
    Source Clock Delay      (SCD):    -1.016ns
    Clock Pessimism Removal (CPR):    0.466ns
  Clock Uncertainty:      0.072ns  ((TSJ^2 + DJ^2)^1/2) / 2 + PE
    Total System Jitter     (TSJ):    0.071ns
    Discrete Jitter          (DJ):    0.125ns
    Phase Error              (PE):    0.000ns

    Location             Delay type                Incr(ns)  Path(ns)    Netlist Resource(s)
  -------------------------------------------------------------------    -------------------
                         (clock clk_out1_design_1_clk_wiz_0_0 rise edge)
                                                      0.000     0.000 r  
    H16                                               0.000     0.000 r  sys_clock (IN)
                         net (fo=0)                   0.000     0.000    design_1_i/clk_wiz_0/inst/clk_in1
    H16                  IBUF (Prop_ibuf_I_O)         1.451     1.451 r  design_1_i/clk_wiz_0/inst/clkin1_ibufg/O
                         net (fo=1, routed)           1.285     2.736    design_1_i/clk_wiz_0/inst/clk_in1_design_1_clk_wiz_0_0
    MMCME2_ADV_X1Y2      MMCME2_ADV (Prop_mmcme2_adv_CLKIN1_CLKOUT0)
                                                     -7.759    -5.023 r  design_1_i/clk_wiz_0/inst/mmcm_adv_inst/CLKOUT0
                         net (fo=1, routed)           2.206    -2.817    design_1_i/clk_wiz_0/inst/clk_out1_design_1_clk_wiz_0_0
    BUFGCTRL_X0Y17       BUFG (Prop_bufg_I_O)         0.101    -2.716 r  design_1_i/clk_wiz_0/inst/clkout1_buf/O
                         net (fo=66, routed)          1.700    -1.016    design_1_i/SpeedSensor_0/U0/SpeedSensor_slave_lite_v1_0_S00_AXI_inst/Core1/Clk
    SLICE_X31Y99         FDRE                                         r  design_1_i/SpeedSensor_0/U0/SpeedSensor_slave_lite_v1_0_S00_AXI_inst/Core1/pulse_count_reg[5]/C
  -------------------------------------------------------------------    -------------------
    SLICE_X31Y99         FDRE (Prop_fdre_C_Q)         0.456    -0.560 r  design_1_i/SpeedSensor_0/U0/SpeedSensor_slave_lite_v1_0_S00_AXI_inst/Core1/pulse_count_reg[5]/Q
                         net (fo=2, routed)           0.940     0.379    design_1_i/SpeedSensor_0/U0/SpeedSensor_slave_lite_v1_0_S00_AXI_inst/Core1/pulse_count_reg[5]
    SLICE_X31Y99         CARRY4 (Prop_carry4_S[1]_CO[3])
                                                      0.674     1.053 r  design_1_i/SpeedSensor_0/U0/SpeedSensor_slave_lite_v1_0_S00_AXI_inst/Core1/pulse_count_reg[4]_i_1/CO[3]
                         net (fo=1, routed)           0.001     1.054    design_1_i/SpeedSensor_0/U0/SpeedSensor_slave_lite_v1_0_S00_AXI_inst/Core1/pulse_count_reg[4]_i_1_n_0
    SLICE_X31Y100        CARRY4 (Prop_carry4_CI_CO[3])
                                                      0.114     1.168 r  design_1_i/SpeedSensor_0/U0/SpeedSensor_slave_lite_v1_0_S00_AXI_inst/Core1/pulse_count_reg[8]_i_1/CO[3]
                         net (fo=1, routed)           0.000     1.168    design_1_i/SpeedSensor_0/U0/SpeedSensor_slave_lite_v1_0_S00_AXI_inst/Core1/pulse_count_reg[8]_i_1_n_0
    SLICE_X31Y101        CARRY4 (Prop_carry4_CI_CO[3])
                                                      0.114     1.282 r  design_1_i/SpeedSensor_0/U0/SpeedSensor_slave_lite_v1_0_S00_AXI_inst/Core1/pulse_count_reg[12]_i_1/CO[3]
                         net (fo=1, routed)           0.000     1.282    design_1_i/SpeedSensor_0/U0/SpeedSensor_slave_lite_v1_0_S00_AXI_inst/Core1/pulse_count_reg[12]_i_1_n_0
    SLICE_X31Y102        CARRY4 (Prop_carry4_CI_CO[3])
                                                      0.114     1.396 r  design_1_i/SpeedSensor_0/U0/SpeedSensor_slave_lite_v1_0_S00_AXI_inst/Core1/pulse_count_reg[16]_i_1/CO[3]
                         net (fo=1, routed)           0.000     1.396    design_1_i/SpeedSensor_0/U0/SpeedSensor_slave_lite_v1_0_S00_AXI_inst/Core1/pulse_count_reg[16]_i_1_n_0
    SLICE_X31Y103        CARRY4 (Prop_carry4_CI_CO[3])
                                                      0.114     1.510 r  design_1_i/SpeedSensor_0/U0/SpeedSensor_slave_lite_v1_0_S00_AXI_inst/Core1/pulse_count_reg[20]_i_1/CO[3]
                         net (fo=1, routed)           0.000     1.510    design_1_i/SpeedSensor_0/U0/SpeedSensor_slave_lite_v1_0_S00_AXI_inst/Core1/pulse_count_reg[20]_i_1_n_0
    SLICE_X31Y104        CARRY4 (Prop_carry4_CI_O[0])
                                                      0.223     1.733 r  design_1_i/SpeedSensor_0/U0/SpeedSensor_slave_lite_v1_0_S00_AXI_inst/Core1/pulse_count_reg[24]_i_1/O[0]
                         net (fo=1, routed)           0.000     1.733    design_1_i/SpeedSensor_0/U0/SpeedSensor_slave_lite_v1_0_S00_AXI_inst/Core1/pulse_count_reg[24]_i_1_n_7
    SLICE_X31Y104        FDRE                                         r  design_1_i/SpeedSensor_0/U0/SpeedSensor_slave_lite_v1_0_S00_AXI_inst/Core1/pulse_count_reg[24]/D
  -------------------------------------------------------------------    -------------------

                         (clock clk_out1_design_1_clk_wiz_0_0 rise edge)
                                                     10.000    10.000 r  
    H16                                               0.000    10.000 r  sys_clock (IN)
                         net (fo=0)                   0.000    10.000    design_1_i/clk_wiz_0/inst/clk_in1
    H16                  IBUF (Prop_ibuf_I_O)         1.380    11.380 r  design_1_i/clk_wiz_0/inst/clkin1_ibufg/O
                         net (fo=1, routed)           1.162    12.542    design_1_i/clk_wiz_0/inst/clk_in1_design_1_clk_wiz_0_0
    MMCME2_ADV_X1Y2      MMCME2_ADV (Prop_mmcme2_adv_CLKIN1_CLKOUT0)
                                                     -7.814     4.728 r  design_1_i/clk_wiz_0/inst/mmcm_adv_inst/CLKOUT0
                         net (fo=1, routed)           2.012     6.740    design_1_i/clk_wiz_0/inst/clk_out1_design_1_clk_wiz_0_0
    BUFGCTRL_X0Y17       BUFG (Prop_bufg_I_O)         0.091     6.831 r  design_1_i/clk_wiz_0/inst/clkout1_buf/O
                         net (fo=66, routed)          1.699     8.530    design_1_i/SpeedSensor_0/U0/SpeedSensor_slave_lite_v1_0_S00_AXI_inst/Core1/Clk
    SLICE_X31Y104        FDRE                                         r  design_1_i/SpeedSensor_0/U0/SpeedSensor_slave_lite_v1_0_S00_AXI_inst/Core1/pulse_count_reg[24]/C
                         clock pessimism              0.466     8.997    
                         clock uncertainty           -0.072     8.925    
    SLICE_X31Y104        FDRE (Setup_fdre_C_D)        0.062     8.987    design_1_i/SpeedSensor_0/U0/SpeedSensor_slave_lite_v1_0_S00_AXI_inst/Core1/pulse_count_reg[24]
  -------------------------------------------------------------------
                         required time                          8.987    
                         arrival time                          -1.733    
  -------------------------------------------------------------------
                         slack                                  7.254    

Slack (MET) :             7.257ns  (required time - arrival time)
  Source:                 design_1_i/SpeedSensor_0/U0/SpeedSensor_slave_lite_v1_0_S00_AXI_inst/Core1/pulse_count_reg[5]/C
                            (rising edge-triggered cell FDRE clocked by clk_out1_design_1_clk_wiz_0_0  {rise@0.000ns fall@5.000ns period=10.000ns})
  Destination:            design_1_i/SpeedSensor_0/U0/SpeedSensor_slave_lite_v1_0_S00_AXI_inst/Core1/pulse_count_reg[21]/D
                            (rising edge-triggered cell FDRE clocked by clk_out1_design_1_clk_wiz_0_0  {rise@0.000ns fall@5.000ns period=10.000ns})
  Path Group:             clk_out1_design_1_clk_wiz_0_0
  Path Type:              Setup (Max at Slow Process Corner)
  Requirement:            10.000ns  (clk_out1_design_1_clk_wiz_0_0 rise@10.000ns - clk_out1_design_1_clk_wiz_0_0 rise@0.000ns)
  Data Path Delay:        2.746ns  (logic 1.806ns (65.758%)  route 0.940ns (34.242%))
  Logic Levels:           5  (CARRY4=5)
  Clock Path Skew:        0.013ns (DCD - SCD + CPR)
    Destination Clock Delay (DCD):    -1.470ns = ( 8.530 - 10.000 ) 
    Source Clock Delay      (SCD):    -1.016ns
    Clock Pessimism Removal (CPR):    0.466ns
  Clock Uncertainty:      0.072ns  ((TSJ^2 + DJ^2)^1/2) / 2 + PE
    Total System Jitter     (TSJ):    0.071ns
    Discrete Jitter          (DJ):    0.125ns
    Phase Error              (PE):    0.000ns

    Location             Delay type                Incr(ns)  Path(ns)    Netlist Resource(s)
  -------------------------------------------------------------------    -------------------
                         (clock clk_out1_design_1_clk_wiz_0_0 rise edge)
                                                      0.000     0.000 r  
    H16                                               0.000     0.000 r  sys_clock (IN)
                         net (fo=0)                   0.000     0.000    design_1_i/clk_wiz_0/inst/clk_in1
    H16                  IBUF (Prop_ibuf_I_O)         1.451     1.451 r  design_1_i/clk_wiz_0/inst/clkin1_ibufg/O
                         net (fo=1, routed)           1.285     2.736    design_1_i/clk_wiz_0/inst/clk_in1_design_1_clk_wiz_0_0
    MMCME2_ADV_X1Y2      MMCME2_ADV (Prop_mmcme2_adv_CLKIN1_CLKOUT0)
                                                     -7.759    -5.023 r  design_1_i/clk_wiz_0/inst/mmcm_adv_inst/CLKOUT0
                         net (fo=1, routed)           2.206    -2.817    design_1_i/clk_wiz_0/inst/clk_out1_design_1_clk_wiz_0_0
    BUFGCTRL_X0Y17       BUFG (Prop_bufg_I_O)         0.101    -2.716 r  design_1_i/clk_wiz_0/inst/clkout1_buf/O
                         net (fo=66, routed)          1.700    -1.016    design_1_i/SpeedSensor_0/U0/SpeedSensor_slave_lite_v1_0_S00_AXI_inst/Core1/Clk
    SLICE_X31Y99         FDRE                                         r  design_1_i/SpeedSensor_0/U0/SpeedSensor_slave_lite_v1_0_S00_AXI_inst/Core1/pulse_count_reg[5]/C
  -------------------------------------------------------------------    -------------------
    SLICE_X31Y99         FDRE (Prop_fdre_C_Q)         0.456    -0.560 r  design_1_i/SpeedSensor_0/U0/SpeedSensor_slave_lite_v1_0_S00_AXI_inst/Core1/pulse_count_reg[5]/Q
                         net (fo=2, routed)           0.940     0.379    design_1_i/SpeedSensor_0/U0/SpeedSensor_slave_lite_v1_0_S00_AXI_inst/Core1/pulse_count_reg[5]
    SLICE_X31Y99         CARRY4 (Prop_carry4_S[1]_CO[3])
                                                      0.674     1.053 r  design_1_i/SpeedSensor_0/U0/SpeedSensor_slave_lite_v1_0_S00_AXI_inst/Core1/pulse_count_reg[4]_i_1/CO[3]
                         net (fo=1, routed)           0.001     1.054    design_1_i/SpeedSensor_0/U0/SpeedSensor_slave_lite_v1_0_S00_AXI_inst/Core1/pulse_count_reg[4]_i_1_n_0
    SLICE_X31Y100        CARRY4 (Prop_carry4_CI_CO[3])
                                                      0.114     1.168 r  design_1_i/SpeedSensor_0/U0/SpeedSensor_slave_lite_v1_0_S00_AXI_inst/Core1/pulse_count_reg[8]_i_1/CO[3]
                         net (fo=1, routed)           0.000     1.168    design_1_i/SpeedSensor_0/U0/SpeedSensor_slave_lite_v1_0_S00_AXI_inst/Core1/pulse_count_reg[8]_i_1_n_0
    SLICE_X31Y101        CARRY4 (Prop_carry4_CI_CO[3])
                                                      0.114     1.282 r  design_1_i/SpeedSensor_0/U0/SpeedSensor_slave_lite_v1_0_S00_AXI_inst/Core1/pulse_count_reg[12]_i_1/CO[3]
                         net (fo=1, routed)           0.000     1.282    design_1_i/SpeedSensor_0/U0/SpeedSensor_slave_lite_v1_0_S00_AXI_inst/Core1/pulse_count_reg[12]_i_1_n_0
    SLICE_X31Y102        CARRY4 (Prop_carry4_CI_CO[3])
                                                      0.114     1.396 r  design_1_i/SpeedSensor_0/U0/SpeedSensor_slave_lite_v1_0_S00_AXI_inst/Core1/pulse_count_reg[16]_i_1/CO[3]
                         net (fo=1, routed)           0.000     1.396    design_1_i/SpeedSensor_0/U0/SpeedSensor_slave_lite_v1_0_S00_AXI_inst/Core1/pulse_count_reg[16]_i_1_n_0
    SLICE_X31Y103        CARRY4 (Prop_carry4_CI_O[1])
                                                      0.334     1.730 r  design_1_i/SpeedSensor_0/U0/SpeedSensor_slave_lite_v1_0_S00_AXI_inst/Core1/pulse_count_reg[20]_i_1/O[1]
                         net (fo=1, routed)           0.000     1.730    design_1_i/SpeedSensor_0/U0/SpeedSensor_slave_lite_v1_0_S00_AXI_inst/Core1/pulse_count_reg[20]_i_1_n_6
    SLICE_X31Y103        FDRE                                         r  design_1_i/SpeedSensor_0/U0/SpeedSensor_slave_lite_v1_0_S00_AXI_inst/Core1/pulse_count_reg[21]/D
  -------------------------------------------------------------------    -------------------

                         (clock clk_out1_design_1_clk_wiz_0_0 rise edge)
                                                     10.000    10.000 r  
    H16                                               0.000    10.000 r  sys_clock (IN)
                         net (fo=0)                   0.000    10.000    design_1_i/clk_wiz_0/inst/clk_in1
    H16                  IBUF (Prop_ibuf_I_O)         1.380    11.380 r  design_1_i/clk_wiz_0/inst/clkin1_ibufg/O
                         net (fo=1, routed)           1.162    12.542    design_1_i/clk_wiz_0/inst/clk_in1_design_1_clk_wiz_0_0
    MMCME2_ADV_X1Y2      MMCME2_ADV (Prop_mmcme2_adv_CLKIN1_CLKOUT0)
                                                     -7.814     4.728 r  design_1_i/clk_wiz_0/inst/mmcm_adv_inst/CLKOUT0
                         net (fo=1, routed)           2.012     6.740    design_1_i/clk_wiz_0/inst/clk_out1_design_1_clk_wiz_0_0
    BUFGCTRL_X0Y17       BUFG (Prop_bufg_I_O)         0.091     6.831 r  design_1_i/clk_wiz_0/inst/clkout1_buf/O
                         net (fo=66, routed)          1.699     8.530    design_1_i/SpeedSensor_0/U0/SpeedSensor_slave_lite_v1_0_S00_AXI_inst/Core1/Clk
    SLICE_X31Y103        FDRE                                         r  design_1_i/SpeedSensor_0/U0/SpeedSensor_slave_lite_v1_0_S00_AXI_inst/Core1/pulse_count_reg[21]/C
                         clock pessimism              0.466     8.997    
                         clock uncertainty           -0.072     8.925    
    SLICE_X31Y103        FDRE (Setup_fdre_C_D)        0.062     8.987    design_1_i/SpeedSensor_0/U0/SpeedSensor_slave_lite_v1_0_S00_AXI_inst/Core1/pulse_count_reg[21]
  -------------------------------------------------------------------
                         required time                          8.987    
                         arrival time                          -1.730    
  -------------------------------------------------------------------
                         slack                                  7.257    

Slack (MET) :             7.278ns  (required time - arrival time)
  Source:                 design_1_i/SpeedSensor_0/U0/SpeedSensor_slave_lite_v1_0_S00_AXI_inst/Core1/pulse_count_reg[5]/C
                            (rising edge-triggered cell FDRE clocked by clk_out1_design_1_clk_wiz_0_0  {rise@0.000ns fall@5.000ns period=10.000ns})
  Destination:            design_1_i/SpeedSensor_0/U0/SpeedSensor_slave_lite_v1_0_S00_AXI_inst/Core1/pulse_count_reg[23]/D
                            (rising edge-triggered cell FDRE clocked by clk_out1_design_1_clk_wiz_0_0  {rise@0.000ns fall@5.000ns period=10.000ns})
  Path Group:             clk_out1_design_1_clk_wiz_0_0
  Path Type:              Setup (Max at Slow Process Corner)
  Requirement:            10.000ns  (clk_out1_design_1_clk_wiz_0_0 rise@10.000ns - clk_out1_design_1_clk_wiz_0_0 rise@0.000ns)
  Data Path Delay:        2.725ns  (logic 1.785ns (65.494%)  route 0.940ns (34.506%))
  Logic Levels:           5  (CARRY4=5)
  Clock Path Skew:        0.013ns (DCD - SCD + CPR)
    Destination Clock Delay (DCD):    -1.470ns = ( 8.530 - 10.000 ) 
    Source Clock Delay      (SCD):    -1.016ns
    Clock Pessimism Removal (CPR):    0.466ns
  Clock Uncertainty:      0.072ns  ((TSJ^2 + DJ^2)^1/2) / 2 + PE
    Total System Jitter     (TSJ):    0.071ns
    Discrete Jitter          (DJ):    0.125ns
    Phase Error              (PE):    0.000ns

    Location             Delay type                Incr(ns)  Path(ns)    Netlist Resource(s)
  -------------------------------------------------------------------    -------------------
                         (clock clk_out1_design_1_clk_wiz_0_0 rise edge)
                                                      0.000     0.000 r  
    H16                                               0.000     0.000 r  sys_clock (IN)
                         net (fo=0)                   0.000     0.000    design_1_i/clk_wiz_0/inst/clk_in1
    H16                  IBUF (Prop_ibuf_I_O)         1.451     1.451 r  design_1_i/clk_wiz_0/inst/clkin1_ibufg/O
                         net (fo=1, routed)           1.285     2.736    design_1_i/clk_wiz_0/inst/clk_in1_design_1_clk_wiz_0_0
    MMCME2_ADV_X1Y2      MMCME2_ADV (Prop_mmcme2_adv_CLKIN1_CLKOUT0)
                                                     -7.759    -5.023 r  design_1_i/clk_wiz_0/inst/mmcm_adv_inst/CLKOUT0
                         net (fo=1, routed)           2.206    -2.817    design_1_i/clk_wiz_0/inst/clk_out1_design_1_clk_wiz_0_0
    BUFGCTRL_X0Y17       BUFG (Prop_bufg_I_O)         0.101    -2.716 r  design_1_i/clk_wiz_0/inst/clkout1_buf/O
                         net (fo=66, routed)          1.700    -1.016    design_1_i/SpeedSensor_0/U0/SpeedSensor_slave_lite_v1_0_S00_AXI_inst/Core1/Clk
    SLICE_X31Y99         FDRE                                         r  design_1_i/SpeedSensor_0/U0/SpeedSensor_slave_lite_v1_0_S00_AXI_inst/Core1/pulse_count_reg[5]/C
  -------------------------------------------------------------------    -------------------
    SLICE_X31Y99         FDRE (Prop_fdre_C_Q)         0.456    -0.560 r  design_1_i/SpeedSensor_0/U0/SpeedSensor_slave_lite_v1_0_S00_AXI_inst/Core1/pulse_count_reg[5]/Q
                         net (fo=2, routed)           0.940     0.379    design_1_i/SpeedSensor_0/U0/SpeedSensor_slave_lite_v1_0_S00_AXI_inst/Core1/pulse_count_reg[5]
    SLICE_X31Y99         CARRY4 (Prop_carry4_S[1]_CO[3])
                                                      0.674     1.053 r  design_1_i/SpeedSensor_0/U0/SpeedSensor_slave_lite_v1_0_S00_AXI_inst/Core1/pulse_count_reg[4]_i_1/CO[3]
                         net (fo=1, routed)           0.001     1.054    design_1_i/SpeedSensor_0/U0/SpeedSensor_slave_lite_v1_0_S00_AXI_inst/Core1/pulse_count_reg[4]_i_1_n_0
    SLICE_X31Y100        CARRY4 (Prop_carry4_CI_CO[3])
                                                      0.114     1.168 r  design_1_i/SpeedSensor_0/U0/SpeedSensor_slave_lite_v1_0_S00_AXI_inst/Core1/pulse_count_reg[8]_i_1/CO[3]
                         net (fo=1, routed)           0.000     1.168    design_1_i/SpeedSensor_0/U0/SpeedSensor_slave_lite_v1_0_S00_AXI_inst/Core1/pulse_count_reg[8]_i_1_n_0
    SLICE_X31Y101        CARRY4 (Prop_carry4_CI_CO[3])
                                                      0.114     1.282 r  design_1_i/SpeedSensor_0/U0/SpeedSensor_slave_lite_v1_0_S00_AXI_inst/Core1/pulse_count_reg[12]_i_1/CO[3]
                         net (fo=1, routed)           0.000     1.282    design_1_i/SpeedSensor_0/U0/SpeedSensor_slave_lite_v1_0_S00_AXI_inst/Core1/pulse_count_reg[12]_i_1_n_0
    SLICE_X31Y102        CARRY4 (Prop_carry4_CI_CO[3])
                                                      0.114     1.396 r  design_1_i/SpeedSensor_0/U0/SpeedSensor_slave_lite_v1_0_S00_AXI_inst/Core1/pulse_count_reg[16]_i_1/CO[3]
                         net (fo=1, routed)           0.000     1.396    design_1_i/SpeedSensor_0/U0/SpeedSensor_slave_lite_v1_0_S00_AXI_inst/Core1/pulse_count_reg[16]_i_1_n_0
    SLICE_X31Y103        CARRY4 (Prop_carry4_CI_O[3])
                                                      0.313     1.709 r  design_1_i/SpeedSensor_0/U0/SpeedSensor_slave_lite_v1_0_S00_AXI_inst/Core1/pulse_count_reg[20]_i_1/O[3]
                         net (fo=1, routed)           0.000     1.709    design_1_i/SpeedSensor_0/U0/SpeedSensor_slave_lite_v1_0_S00_AXI_inst/Core1/pulse_count_reg[20]_i_1_n_4
    SLICE_X31Y103        FDRE                                         r  design_1_i/SpeedSensor_0/U0/SpeedSensor_slave_lite_v1_0_S00_AXI_inst/Core1/pulse_count_reg[23]/D
  -------------------------------------------------------------------    -------------------

                         (clock clk_out1_design_1_clk_wiz_0_0 rise edge)
                                                     10.000    10.000 r  
    H16                                               0.000    10.000 r  sys_clock (IN)
                         net (fo=0)                   0.000    10.000    design_1_i/clk_wiz_0/inst/clk_in1
    H16                  IBUF (Prop_ibuf_I_O)         1.380    11.380 r  design_1_i/clk_wiz_0/inst/clkin1_ibufg/O
                         net (fo=1, routed)           1.162    12.542    design_1_i/clk_wiz_0/inst/clk_in1_design_1_clk_wiz_0_0
    MMCME2_ADV_X1Y2      MMCME2_ADV (Prop_mmcme2_adv_CLKIN1_CLKOUT0)
                                                     -7.814     4.728 r  design_1_i/clk_wiz_0/inst/mmcm_adv_inst/CLKOUT0
                         net (fo=1, routed)           2.012     6.740    design_1_i/clk_wiz_0/inst/clk_out1_design_1_clk_wiz_0_0
    BUFGCTRL_X0Y17       BUFG (Prop_bufg_I_O)         0.091     6.831 r  design_1_i/clk_wiz_0/inst/clkout1_buf/O
                         net (fo=66, routed)          1.699     8.530    design_1_i/SpeedSensor_0/U0/SpeedSensor_slave_lite_v1_0_S00_AXI_inst/Core1/Clk
    SLICE_X31Y103        FDRE                                         r  design_1_i/SpeedSensor_0/U0/SpeedSensor_slave_lite_v1_0_S00_AXI_inst/Core1/pulse_count_reg[23]/C
                         clock pessimism              0.466     8.997    
                         clock uncertainty           -0.072     8.925    
    SLICE_X31Y103        FDRE (Setup_fdre_C_D)        0.062     8.987    design_1_i/SpeedSensor_0/U0/SpeedSensor_slave_lite_v1_0_S00_AXI_inst/Core1/pulse_count_reg[23]
  -------------------------------------------------------------------
                         required time                          8.987    
                         arrival time                          -1.709    
  -------------------------------------------------------------------
                         slack                                  7.278    





Min Delay Paths
--------------------------------------------------------------------------------------
Slack (MET) :             0.058ns  (arrival time - required time)
  Source:                 design_1_i/SpeedSensor_1/U0/SpeedSensor_slave_lite_v1_0_S00_AXI_inst/Core1/pulse_count_reg[8]/C
                            (rising edge-triggered cell FDRE clocked by clk_out1_design_1_clk_wiz_0_0  {rise@0.000ns fall@5.000ns period=10.000ns})
  Destination:            design_1_i/SpeedSensor_1/U0/SpeedSensor_slave_lite_v1_0_S00_AXI_inst/Core1/pulse_count_reg[12]/D
                            (rising edge-triggered cell FDRE clocked by clk_out1_design_1_clk_wiz_0_0  {rise@0.000ns fall@5.000ns period=10.000ns})
  Path Group:             clk_out1_design_1_clk_wiz_0_0
  Path Type:              Hold (Min at Fast Process Corner)
  Requirement:            0.000ns  (clk_out1_design_1_clk_wiz_0_0 rise@0.000ns - clk_out1_design_1_clk_wiz_0_0 rise@0.000ns)
  Data Path Delay:        0.512ns  (logic 0.392ns (76.528%)  route 0.120ns (23.472%))
  Logic Levels:           2  (CARRY4=2)
  Clock Path Skew:        0.349ns (DCD - SCD - CPR)
    Destination Clock Delay (DCD):    -0.829ns
    Source Clock Delay      (SCD):    -0.674ns
    Clock Pessimism Removal (CPR):    -0.504ns

    Location             Delay type                Incr(ns)  Path(ns)    Netlist Resource(s)
  -------------------------------------------------------------------    -------------------
                         (clock clk_out1_design_1_clk_wiz_0_0 rise edge)
                                                      0.000     0.000 r  
    H16                                               0.000     0.000 r  sys_clock (IN)
                         net (fo=0)                   0.000     0.000    design_1_i/clk_wiz_0/inst/clk_in1
    H16                  IBUF (Prop_ibuf_I_O)         0.219     0.219 r  design_1_i/clk_wiz_0/inst/clkin1_ibufg/O
                         net (fo=1, routed)           0.440     0.659    design_1_i/clk_wiz_0/inst/clk_in1_design_1_clk_wiz_0_0
    MMCME2_ADV_X1Y2      MMCME2_ADV (Prop_mmcme2_adv_CLKIN1_CLKOUT0)
                                                     -2.613    -1.954 r  design_1_i/clk_wiz_0/inst/mmcm_adv_inst/CLKOUT0
                         net (fo=1, routed)           0.696    -1.257    design_1_i/clk_wiz_0/inst/clk_out1_design_1_clk_wiz_0_0
    BUFGCTRL_X0Y17       BUFG (Prop_bufg_I_O)         0.026    -1.231 r  design_1_i/clk_wiz_0/inst/clkout1_buf/O
                         net (fo=66, routed)          0.557    -0.674    design_1_i/SpeedSensor_1/U0/SpeedSensor_slave_lite_v1_0_S00_AXI_inst/Core1/Clk
    SLICE_X41Y99         FDRE                                         r  design_1_i/SpeedSensor_1/U0/SpeedSensor_slave_lite_v1_0_S00_AXI_inst/Core1/pulse_count_reg[8]/C
  -------------------------------------------------------------------    -------------------
    SLICE_X41Y99         FDRE (Prop_fdre_C_Q)         0.141    -0.533 r  design_1_i/SpeedSensor_1/U0/SpeedSensor_slave_lite_v1_0_S00_AXI_inst/Core1/pulse_count_reg[8]/Q
                         net (fo=2, routed)           0.120    -0.414    design_1_i/SpeedSensor_1/U0/SpeedSensor_slave_lite_v1_0_S00_AXI_inst/Core1/pulse_count_reg[8]
    SLICE_X41Y99         CARRY4 (Prop_carry4_S[0]_CO[3])
                                                      0.197    -0.217 r  design_1_i/SpeedSensor_1/U0/SpeedSensor_slave_lite_v1_0_S00_AXI_inst/Core1/pulse_count_reg[8]_i_1/CO[3]
                         net (fo=1, routed)           0.001    -0.216    design_1_i/SpeedSensor_1/U0/SpeedSensor_slave_lite_v1_0_S00_AXI_inst/Core1/pulse_count_reg[8]_i_1_n_0
    SLICE_X41Y100        CARRY4 (Prop_carry4_CI_O[0])
                                                      0.054    -0.162 r  design_1_i/SpeedSensor_1/U0/SpeedSensor_slave_lite_v1_0_S00_AXI_inst/Core1/pulse_count_reg[12]_i_1/O[0]
                         net (fo=1, routed)           0.000    -0.162    design_1_i/SpeedSensor_1/U0/SpeedSensor_slave_lite_v1_0_S00_AXI_inst/Core1/pulse_count_reg[12]_i_1_n_7
    SLICE_X41Y100        FDRE                                         r  design_1_i/SpeedSensor_1/U0/SpeedSensor_slave_lite_v1_0_S00_AXI_inst/Core1/pulse_count_reg[12]/D
  -------------------------------------------------------------------    -------------------

                         (clock clk_out1_design_1_clk_wiz_0_0 rise edge)
                                                      0.000     0.000 r  
    H16                                               0.000     0.000 r  sys_clock (IN)
                         net (fo=0)                   0.000     0.000    design_1_i/clk_wiz_0/inst/clk_in1
    H16                  IBUF (Prop_ibuf_I_O)         0.406     0.406 r  design_1_i/clk_wiz_0/inst/clkin1_ibufg/O
                         net (fo=1, routed)           0.480     0.886    design_1_i/clk_wiz_0/inst/clk_in1_design_1_clk_wiz_0_0
    MMCME2_ADV_X1Y2      MMCME2_ADV (Prop_mmcme2_adv_CLKIN1_CLKOUT0)
                                                     -3.407    -2.521 r  design_1_i/clk_wiz_0/inst/mmcm_adv_inst/CLKOUT0
                         net (fo=1, routed)           0.752    -1.769    design_1_i/clk_wiz_0/inst/clk_out1_design_1_clk_wiz_0_0
    BUFGCTRL_X0Y17       BUFG (Prop_bufg_I_O)         0.029    -1.740 r  design_1_i/clk_wiz_0/inst/clkout1_buf/O
                         net (fo=66, routed)          0.911    -0.829    design_1_i/SpeedSensor_1/U0/SpeedSensor_slave_lite_v1_0_S00_AXI_inst/Core1/Clk
    SLICE_X41Y100        FDRE                                         r  design_1_i/SpeedSensor_1/U0/SpeedSensor_slave_lite_v1_0_S00_AXI_inst/Core1/pulse_count_reg[12]/C
                         clock pessimism              0.504    -0.325    
    SLICE_X41Y100        FDRE (Hold_fdre_C_D)         0.105    -0.220    design_1_i/SpeedSensor_1/U0/SpeedSensor_slave_lite_v1_0_S00_AXI_inst/Core1/pulse_count_reg[12]
  -------------------------------------------------------------------
                         required time                          0.220    
                         arrival time                          -0.162    
  -------------------------------------------------------------------
                         slack                                  0.058    

Slack (MET) :             0.069ns  (arrival time - required time)
  Source:                 design_1_i/SpeedSensor_1/U0/SpeedSensor_slave_lite_v1_0_S00_AXI_inst/Core1/pulse_count_reg[8]/C
                            (rising edge-triggered cell FDRE clocked by clk_out1_design_1_clk_wiz_0_0  {rise@0.000ns fall@5.000ns period=10.000ns})
  Destination:            design_1_i/SpeedSensor_1/U0/SpeedSensor_slave_lite_v1_0_S00_AXI_inst/Core1/pulse_count_reg[14]/D
                            (rising edge-triggered cell FDRE clocked by clk_out1_design_1_clk_wiz_0_0  {rise@0.000ns fall@5.000ns period=10.000ns})
  Path Group:             clk_out1_design_1_clk_wiz_0_0
  Path Type:              Hold (Min at Fast Process Corner)
  Requirement:            0.000ns  (clk_out1_design_1_clk_wiz_0_0 rise@0.000ns - clk_out1_design_1_clk_wiz_0_0 rise@0.000ns)
  Data Path Delay:        0.523ns  (logic 0.403ns (77.021%)  route 0.120ns (22.979%))
  Logic Levels:           2  (CARRY4=2)
  Clock Path Skew:        0.349ns (DCD - SCD - CPR)
    Destination Clock Delay (DCD):    -0.829ns
    Source Clock Delay      (SCD):    -0.674ns
    Clock Pessimism Removal (CPR):    -0.504ns

    Location             Delay type                Incr(ns)  Path(ns)    Netlist Resource(s)
  -------------------------------------------------------------------    -------------------
                         (clock clk_out1_design_1_clk_wiz_0_0 rise edge)
                                                      0.000     0.000 r  
    H16                                               0.000     0.000 r  sys_clock (IN)
                         net (fo=0)                   0.000     0.000    design_1_i/clk_wiz_0/inst/clk_in1
    H16                  IBUF (Prop_ibuf_I_O)         0.219     0.219 r  design_1_i/clk_wiz_0/inst/clkin1_ibufg/O
                         net (fo=1, routed)           0.440     0.659    design_1_i/clk_wiz_0/inst/clk_in1_design_1_clk_wiz_0_0
    MMCME2_ADV_X1Y2      MMCME2_ADV (Prop_mmcme2_adv_CLKIN1_CLKOUT0)
                                                     -2.613    -1.954 r  design_1_i/clk_wiz_0/inst/mmcm_adv_inst/CLKOUT0
                         net (fo=1, routed)           0.696    -1.257    design_1_i/clk_wiz_0/inst/clk_out1_design_1_clk_wiz_0_0
    BUFGCTRL_X0Y17       BUFG (Prop_bufg_I_O)         0.026    -1.231 r  design_1_i/clk_wiz_0/inst/clkout1_buf/O
                         net (fo=66, routed)          0.557    -0.674    design_1_i/SpeedSensor_1/U0/SpeedSensor_slave_lite_v1_0_S00_AXI_inst/Core1/Clk
    SLICE_X41Y99         FDRE                                         r  design_1_i/SpeedSensor_1/U0/SpeedSensor_slave_lite_v1_0_S00_AXI_inst/Core1/pulse_count_reg[8]/C
  -------------------------------------------------------------------    -------------------
    SLICE_X41Y99         FDRE (Prop_fdre_C_Q)         0.141    -0.533 r  design_1_i/SpeedSensor_1/U0/SpeedSensor_slave_lite_v1_0_S00_AXI_inst/Core1/pulse_count_reg[8]/Q
                         net (fo=2, routed)           0.120    -0.414    design_1_i/SpeedSensor_1/U0/SpeedSensor_slave_lite_v1_0_S00_AXI_inst/Core1/pulse_count_reg[8]
    SLICE_X41Y99         CARRY4 (Prop_carry4_S[0]_CO[3])
                                                      0.197    -0.217 r  design_1_i/SpeedSensor_1/U0/SpeedSensor_slave_lite_v1_0_S00_AXI_inst/Core1/pulse_count_reg[8]_i_1/CO[3]
                         net (fo=1, routed)           0.001    -0.216    design_1_i/SpeedSensor_1/U0/SpeedSensor_slave_lite_v1_0_S00_AXI_inst/Core1/pulse_count_reg[8]_i_1_n_0
    SLICE_X41Y100        CARRY4 (Prop_carry4_CI_O[2])
                                                      0.065    -0.151 r  design_1_i/SpeedSensor_1/U0/SpeedSensor_slave_lite_v1_0_S00_AXI_inst/Core1/pulse_count_reg[12]_i_1/O[2]
                         net (fo=1, routed)           0.000    -0.151    design_1_i/SpeedSensor_1/U0/SpeedSensor_slave_lite_v1_0_S00_AXI_inst/Core1/pulse_count_reg[12]_i_1_n_5
    SLICE_X41Y100        FDRE                                         r  design_1_i/SpeedSensor_1/U0/SpeedSensor_slave_lite_v1_0_S00_AXI_inst/Core1/pulse_count_reg[14]/D
  -------------------------------------------------------------------    -------------------

                         (clock clk_out1_design_1_clk_wiz_0_0 rise edge)
                                                      0.000     0.000 r  
    H16                                               0.000     0.000 r  sys_clock (IN)
                         net (fo=0)                   0.000     0.000    design_1_i/clk_wiz_0/inst/clk_in1
    H16                  IBUF (Prop_ibuf_I_O)         0.406     0.406 r  design_1_i/clk_wiz_0/inst/clkin1_ibufg/O
                         net (fo=1, routed)           0.480     0.886    design_1_i/clk_wiz_0/inst/clk_in1_design_1_clk_wiz_0_0
    MMCME2_ADV_X1Y2      MMCME2_ADV (Prop_mmcme2_adv_CLKIN1_CLKOUT0)
                                                     -3.407    -2.521 r  design_1_i/clk_wiz_0/inst/mmcm_adv_inst/CLKOUT0
                         net (fo=1, routed)           0.752    -1.769    design_1_i/clk_wiz_0/inst/clk_out1_design_1_clk_wiz_0_0
    BUFGCTRL_X0Y17       BUFG (Prop_bufg_I_O)         0.029    -1.740 r  design_1_i/clk_wiz_0/inst/clkout1_buf/O
                         net (fo=66, routed)          0.911    -0.829    design_1_i/SpeedSensor_1/U0/SpeedSensor_slave_lite_v1_0_S00_AXI_inst/Core1/Clk
    SLICE_X41Y100        FDRE                                         r  design_1_i/SpeedSensor_1/U0/SpeedSensor_slave_lite_v1_0_S00_AXI_inst/Core1/pulse_count_reg[14]/C
                         clock pessimism              0.504    -0.325    
    SLICE_X41Y100        FDRE (Hold_fdre_C_D)         0.105    -0.220    design_1_i/SpeedSensor_1/U0/SpeedSensor_slave_lite_v1_0_S00_AXI_inst/Core1/pulse_count_reg[14]
  -------------------------------------------------------------------
                         required time                          0.220    
                         arrival time                          -0.151    
  -------------------------------------------------------------------
                         slack                                  0.069    

Slack (MET) :             0.094ns  (arrival time - required time)
  Source:                 design_1_i/SpeedSensor_1/U0/SpeedSensor_slave_lite_v1_0_S00_AXI_inst/Core1/pulse_count_reg[8]/C
                            (rising edge-triggered cell FDRE clocked by clk_out1_design_1_clk_wiz_0_0  {rise@0.000ns fall@5.000ns period=10.000ns})
  Destination:            design_1_i/SpeedSensor_1/U0/SpeedSensor_slave_lite_v1_0_S00_AXI_inst/Core1/pulse_count_reg[13]/D
                            (rising edge-triggered cell FDRE clocked by clk_out1_design_1_clk_wiz_0_0  {rise@0.000ns fall@5.000ns period=10.000ns})
  Path Group:             clk_out1_design_1_clk_wiz_0_0
  Path Type:              Hold (Min at Fast Process Corner)
  Requirement:            0.000ns  (clk_out1_design_1_clk_wiz_0_0 rise@0.000ns - clk_out1_design_1_clk_wiz_0_0 rise@0.000ns)
  Data Path Delay:        0.548ns  (logic 0.428ns (78.069%)  route 0.120ns (21.931%))
  Logic Levels:           2  (CARRY4=2)
  Clock Path Skew:        0.349ns (DCD - SCD - CPR)
    Destination Clock Delay (DCD):    -0.829ns
    Source Clock Delay      (SCD):    -0.674ns
    Clock Pessimism Removal (CPR):    -0.504ns

    Location             Delay type                Incr(ns)  Path(ns)    Netlist Resource(s)
  -------------------------------------------------------------------    -------------------
                         (clock clk_out1_design_1_clk_wiz_0_0 rise edge)
                                                      0.000     0.000 r  
    H16                                               0.000     0.000 r  sys_clock (IN)
                         net (fo=0)                   0.000     0.000    design_1_i/clk_wiz_0/inst/clk_in1
    H16                  IBUF (Prop_ibuf_I_O)         0.219     0.219 r  design_1_i/clk_wiz_0/inst/clkin1_ibufg/O
                         net (fo=1, routed)           0.440     0.659    design_1_i/clk_wiz_0/inst/clk_in1_design_1_clk_wiz_0_0
    MMCME2_ADV_X1Y2      MMCME2_ADV (Prop_mmcme2_adv_CLKIN1_CLKOUT0)
                                                     -2.613    -1.954 r  design_1_i/clk_wiz_0/inst/mmcm_adv_inst/CLKOUT0
                         net (fo=1, routed)           0.696    -1.257    design_1_i/clk_wiz_0/inst/clk_out1_design_1_clk_wiz_0_0
    BUFGCTRL_X0Y17       BUFG (Prop_bufg_I_O)         0.026    -1.231 r  design_1_i/clk_wiz_0/inst/clkout1_buf/O
                         net (fo=66, routed)          0.557    -0.674    design_1_i/SpeedSensor_1/U0/SpeedSensor_slave_lite_v1_0_S00_AXI_inst/Core1/Clk
    SLICE_X41Y99         FDRE                                         r  design_1_i/SpeedSensor_1/U0/SpeedSensor_slave_lite_v1_0_S00_AXI_inst/Core1/pulse_count_reg[8]/C
  -------------------------------------------------------------------    -------------------
    SLICE_X41Y99         FDRE (Prop_fdre_C_Q)         0.141    -0.533 r  design_1_i/SpeedSensor_1/U0/SpeedSensor_slave_lite_v1_0_S00_AXI_inst/Core1/pulse_count_reg[8]/Q
                         net (fo=2, routed)           0.120    -0.414    design_1_i/SpeedSensor_1/U0/SpeedSensor_slave_lite_v1_0_S00_AXI_inst/Core1/pulse_count_reg[8]
    SLICE_X41Y99         CARRY4 (Prop_carry4_S[0]_CO[3])
                                                      0.197    -0.217 r  design_1_i/SpeedSensor_1/U0/SpeedSensor_slave_lite_v1_0_S00_AXI_inst/Core1/pulse_count_reg[8]_i_1/CO[3]
                         net (fo=1, routed)           0.001    -0.216    design_1_i/SpeedSensor_1/U0/SpeedSensor_slave_lite_v1_0_S00_AXI_inst/Core1/pulse_count_reg[8]_i_1_n_0
    SLICE_X41Y100        CARRY4 (Prop_carry4_CI_O[1])
                                                      0.090    -0.126 r  design_1_i/SpeedSensor_1/U0/SpeedSensor_slave_lite_v1_0_S00_AXI_inst/Core1/pulse_count_reg[12]_i_1/O[1]
                         net (fo=1, routed)           0.000    -0.126    design_1_i/SpeedSensor_1/U0/SpeedSensor_slave_lite_v1_0_S00_AXI_inst/Core1/pulse_count_reg[12]_i_1_n_6
    SLICE_X41Y100        FDRE                                         r  design_1_i/SpeedSensor_1/U0/SpeedSensor_slave_lite_v1_0_S00_AXI_inst/Core1/pulse_count_reg[13]/D
  -------------------------------------------------------------------    -------------------

                         (clock clk_out1_design_1_clk_wiz_0_0 rise edge)
                                                      0.000     0.000 r  
    H16                                               0.000     0.000 r  sys_clock (IN)
                         net (fo=0)                   0.000     0.000    design_1_i/clk_wiz_0/inst/clk_in1
    H16                  IBUF (Prop_ibuf_I_O)         0.406     0.406 r  design_1_i/clk_wiz_0/inst/clkin1_ibufg/O
                         net (fo=1, routed)           0.480     0.886    design_1_i/clk_wiz_0/inst/clk_in1_design_1_clk_wiz_0_0
    MMCME2_ADV_X1Y2      MMCME2_ADV (Prop_mmcme2_adv_CLKIN1_CLKOUT0)
                                                     -3.407    -2.521 r  design_1_i/clk_wiz_0/inst/mmcm_adv_inst/CLKOUT0
                         net (fo=1, routed)           0.752    -1.769    design_1_i/clk_wiz_0/inst/clk_out1_design_1_clk_wiz_0_0
    BUFGCTRL_X0Y17       BUFG (Prop_bufg_I_O)         0.029    -1.740 r  design_1_i/clk_wiz_0/inst/clkout1_buf/O
                         net (fo=66, routed)          0.911    -0.829    design_1_i/SpeedSensor_1/U0/SpeedSensor_slave_lite_v1_0_S00_AXI_inst/Core1/Clk
    SLICE_X41Y100        FDRE                                         r  design_1_i/SpeedSensor_1/U0/SpeedSensor_slave_lite_v1_0_S00_AXI_inst/Core1/pulse_count_reg[13]/C
                         clock pessimism              0.504    -0.325    
    SLICE_X41Y100        FDRE (Hold_fdre_C_D)         0.105    -0.220    design_1_i/SpeedSensor_1/U0/SpeedSensor_slave_lite_v1_0_S00_AXI_inst/Core1/pulse_count_reg[13]
  -------------------------------------------------------------------
                         required time                          0.220    
                         arrival time                          -0.126    
  -------------------------------------------------------------------
                         slack                                  0.094    

Slack (MET) :             0.094ns  (arrival time - required time)
  Source:                 design_1_i/SpeedSensor_1/U0/SpeedSensor_slave_lite_v1_0_S00_AXI_inst/Core1/pulse_count_reg[8]/C
                            (rising edge-triggered cell FDRE clocked by clk_out1_design_1_clk_wiz_0_0  {rise@0.000ns fall@5.000ns period=10.000ns})
  Destination:            design_1_i/SpeedSensor_1/U0/SpeedSensor_slave_lite_v1_0_S00_AXI_inst/Core1/pulse_count_reg[15]/D
                            (rising edge-triggered cell FDRE clocked by clk_out1_design_1_clk_wiz_0_0  {rise@0.000ns fall@5.000ns period=10.000ns})
  Path Group:             clk_out1_design_1_clk_wiz_0_0
  Path Type:              Hold (Min at Fast Process Corner)
  Requirement:            0.000ns  (clk_out1_design_1_clk_wiz_0_0 rise@0.000ns - clk_out1_design_1_clk_wiz_0_0 rise@0.000ns)
  Data Path Delay:        0.548ns  (logic 0.428ns (78.069%)  route 0.120ns (21.931%))
  Logic Levels:           2  (CARRY4=2)
  Clock Path Skew:        0.349ns (DCD - SCD - CPR)
    Destination Clock Delay (DCD):    -0.829ns
    Source Clock Delay      (SCD):    -0.674ns
    Clock Pessimism Removal (CPR):    -0.504ns

    Location             Delay type                Incr(ns)  Path(ns)    Netlist Resource(s)
  -------------------------------------------------------------------    -------------------
                         (clock clk_out1_design_1_clk_wiz_0_0 rise edge)
                                                      0.000     0.000 r  
    H16                                               0.000     0.000 r  sys_clock (IN)
                         net (fo=0)                   0.000     0.000    design_1_i/clk_wiz_0/inst/clk_in1
    H16                  IBUF (Prop_ibuf_I_O)         0.219     0.219 r  design_1_i/clk_wiz_0/inst/clkin1_ibufg/O
                         net (fo=1, routed)           0.440     0.659    design_1_i/clk_wiz_0/inst/clk_in1_design_1_clk_wiz_0_0
    MMCME2_ADV_X1Y2      MMCME2_ADV (Prop_mmcme2_adv_CLKIN1_CLKOUT0)
                                                     -2.613    -1.954 r  design_1_i/clk_wiz_0/inst/mmcm_adv_inst/CLKOUT0
                         net (fo=1, routed)           0.696    -1.257    design_1_i/clk_wiz_0/inst/clk_out1_design_1_clk_wiz_0_0
    BUFGCTRL_X0Y17       BUFG (Prop_bufg_I_O)         0.026    -1.231 r  design_1_i/clk_wiz_0/inst/clkout1_buf/O
                         net (fo=66, routed)          0.557    -0.674    design_1_i/SpeedSensor_1/U0/SpeedSensor_slave_lite_v1_0_S00_AXI_inst/Core1/Clk
    SLICE_X41Y99         FDRE                                         r  design_1_i/SpeedSensor_1/U0/SpeedSensor_slave_lite_v1_0_S00_AXI_inst/Core1/pulse_count_reg[8]/C
  -------------------------------------------------------------------    -------------------
    SLICE_X41Y99         FDRE (Prop_fdre_C_Q)         0.141    -0.533 r  design_1_i/SpeedSensor_1/U0/SpeedSensor_slave_lite_v1_0_S00_AXI_inst/Core1/pulse_count_reg[8]/Q
                         net (fo=2, routed)           0.120    -0.414    design_1_i/SpeedSensor_1/U0/SpeedSensor_slave_lite_v1_0_S00_AXI_inst/Core1/pulse_count_reg[8]
    SLICE_X41Y99         CARRY4 (Prop_carry4_S[0]_CO[3])
                                                      0.197    -0.217 r  design_1_i/SpeedSensor_1/U0/SpeedSensor_slave_lite_v1_0_S00_AXI_inst/Core1/pulse_count_reg[8]_i_1/CO[3]
                         net (fo=1, routed)           0.001    -0.216    design_1_i/SpeedSensor_1/U0/SpeedSensor_slave_lite_v1_0_S00_AXI_inst/Core1/pulse_count_reg[8]_i_1_n_0
    SLICE_X41Y100        CARRY4 (Prop_carry4_CI_O[3])
                                                      0.090    -0.126 r  design_1_i/SpeedSensor_1/U0/SpeedSensor_slave_lite_v1_0_S00_AXI_inst/Core1/pulse_count_reg[12]_i_1/O[3]
                         net (fo=1, routed)           0.000    -0.126    design_1_i/SpeedSensor_1/U0/SpeedSensor_slave_lite_v1_0_S00_AXI_inst/Core1/pulse_count_reg[12]_i_1_n_4
    SLICE_X41Y100        FDRE                                         r  design_1_i/SpeedSensor_1/U0/SpeedSensor_slave_lite_v1_0_S00_AXI_inst/Core1/pulse_count_reg[15]/D
  -------------------------------------------------------------------    -------------------

                         (clock clk_out1_design_1_clk_wiz_0_0 rise edge)
                                                      0.000     0.000 r  
    H16                                               0.000     0.000 r  sys_clock (IN)
                         net (fo=0)                   0.000     0.000    design_1_i/clk_wiz_0/inst/clk_in1
    H16                  IBUF (Prop_ibuf_I_O)         0.406     0.406 r  design_1_i/clk_wiz_0/inst/clkin1_ibufg/O
                         net (fo=1, routed)           0.480     0.886    design_1_i/clk_wiz_0/inst/clk_in1_design_1_clk_wiz_0_0
    MMCME2_ADV_X1Y2      MMCME2_ADV (Prop_mmcme2_adv_CLKIN1_CLKOUT0)
                                                     -3.407    -2.521 r  design_1_i/clk_wiz_0/inst/mmcm_adv_inst/CLKOUT0
                         net (fo=1, routed)           0.752    -1.769    design_1_i/clk_wiz_0/inst/clk_out1_design_1_clk_wiz_0_0
    BUFGCTRL_X0Y17       BUFG (Prop_bufg_I_O)         0.029    -1.740 r  design_1_i/clk_wiz_0/inst/clkout1_buf/O
                         net (fo=66, routed)          0.911    -0.829    design_1_i/SpeedSensor_1/U0/SpeedSensor_slave_lite_v1_0_S00_AXI_inst/Core1/Clk
    SLICE_X41Y100        FDRE                                         r  design_1_i/SpeedSensor_1/U0/SpeedSensor_slave_lite_v1_0_S00_AXI_inst/Core1/pulse_count_reg[15]/C
                         clock pessimism              0.504    -0.325    
    SLICE_X41Y100        FDRE (Hold_fdre_C_D)         0.105    -0.220    design_1_i/SpeedSensor_1/U0/SpeedSensor_slave_lite_v1_0_S00_AXI_inst/Core1/pulse_count_reg[15]
  -------------------------------------------------------------------
                         required time                          0.220    
                         arrival time                          -0.126    
  -------------------------------------------------------------------
                         slack                                  0.094    

Slack (MET) :             0.097ns  (arrival time - required time)
  Source:                 design_1_i/SpeedSensor_1/U0/SpeedSensor_slave_lite_v1_0_S00_AXI_inst/Core1/pulse_count_reg[8]/C
                            (rising edge-triggered cell FDRE clocked by clk_out1_design_1_clk_wiz_0_0  {rise@0.000ns fall@5.000ns period=10.000ns})
  Destination:            design_1_i/SpeedSensor_1/U0/SpeedSensor_slave_lite_v1_0_S00_AXI_inst/Core1/pulse_count_reg[16]/D
                            (rising edge-triggered cell FDRE clocked by clk_out1_design_1_clk_wiz_0_0  {rise@0.000ns fall@5.000ns period=10.000ns})
  Path Group:             clk_out1_design_1_clk_wiz_0_0
  Path Type:              Hold (Min at Fast Process Corner)
  Requirement:            0.000ns  (clk_out1_design_1_clk_wiz_0_0 rise@0.000ns - clk_out1_design_1_clk_wiz_0_0 rise@0.000ns)
  Data Path Delay:        0.551ns  (logic 0.431ns (78.189%)  route 0.120ns (21.811%))
  Logic Levels:           3  (CARRY4=3)
  Clock Path Skew:        0.349ns (DCD - SCD - CPR)
    Destination Clock Delay (DCD):    -0.829ns
    Source Clock Delay      (SCD):    -0.674ns
    Clock Pessimism Removal (CPR):    -0.504ns

    Location             Delay type                Incr(ns)  Path(ns)    Netlist Resource(s)
  -------------------------------------------------------------------    -------------------
                         (clock clk_out1_design_1_clk_wiz_0_0 rise edge)
                                                      0.000     0.000 r  
    H16                                               0.000     0.000 r  sys_clock (IN)
                         net (fo=0)                   0.000     0.000    design_1_i/clk_wiz_0/inst/clk_in1
    H16                  IBUF (Prop_ibuf_I_O)         0.219     0.219 r  design_1_i/clk_wiz_0/inst/clkin1_ibufg/O
                         net (fo=1, routed)           0.440     0.659    design_1_i/clk_wiz_0/inst/clk_in1_design_1_clk_wiz_0_0
    MMCME2_ADV_X1Y2      MMCME2_ADV (Prop_mmcme2_adv_CLKIN1_CLKOUT0)
                                                     -2.613    -1.954 r  design_1_i/clk_wiz_0/inst/mmcm_adv_inst/CLKOUT0
                         net (fo=1, routed)           0.696    -1.257    design_1_i/clk_wiz_0/inst/clk_out1_design_1_clk_wiz_0_0
    BUFGCTRL_X0Y17       BUFG (Prop_bufg_I_O)         0.026    -1.231 r  design_1_i/clk_wiz_0/inst/clkout1_buf/O
                         net (fo=66, routed)          0.557    -0.674    design_1_i/SpeedSensor_1/U0/SpeedSensor_slave_lite_v1_0_S00_AXI_inst/Core1/Clk
    SLICE_X41Y99         FDRE                                         r  design_1_i/SpeedSensor_1/U0/SpeedSensor_slave_lite_v1_0_S00_AXI_inst/Core1/pulse_count_reg[8]/C
  -------------------------------------------------------------------    -------------------
    SLICE_X41Y99         FDRE (Prop_fdre_C_Q)         0.141    -0.533 r  design_1_i/SpeedSensor_1/U0/SpeedSensor_slave_lite_v1_0_S00_AXI_inst/Core1/pulse_count_reg[8]/Q
                         net (fo=2, routed)           0.120    -0.414    design_1_i/SpeedSensor_1/U0/SpeedSensor_slave_lite_v1_0_S00_AXI_inst/Core1/pulse_count_reg[8]
    SLICE_X41Y99         CARRY4 (Prop_carry4_S[0]_CO[3])
                                                      0.197    -0.217 r  design_1_i/SpeedSensor_1/U0/SpeedSensor_slave_lite_v1_0_S00_AXI_inst/Core1/pulse_count_reg[8]_i_1/CO[3]
                         net (fo=1, routed)           0.001    -0.216    design_1_i/SpeedSensor_1/U0/SpeedSensor_slave_lite_v1_0_S00_AXI_inst/Core1/pulse_count_reg[8]_i_1_n_0
    SLICE_X41Y100        CARRY4 (Prop_carry4_CI_CO[3])
                                                      0.039    -0.177 r  design_1_i/SpeedSensor_1/U0/SpeedSensor_slave_lite_v1_0_S00_AXI_inst/Core1/pulse_count_reg[12]_i_1/CO[3]
                         net (fo=1, routed)           0.000    -0.177    design_1_i/SpeedSensor_1/U0/SpeedSensor_slave_lite_v1_0_S00_AXI_inst/Core1/pulse_count_reg[12]_i_1_n_0
    SLICE_X41Y101        CARRY4 (Prop_carry4_CI_O[0])
                                                      0.054    -0.123 r  design_1_i/SpeedSensor_1/U0/SpeedSensor_slave_lite_v1_0_S00_AXI_inst/Core1/pulse_count_reg[16]_i_1/O[0]
                         net (fo=1, routed)           0.000    -0.123    design_1_i/SpeedSensor_1/U0/SpeedSensor_slave_lite_v1_0_S00_AXI_inst/Core1/pulse_count_reg[16]_i_1_n_7
    SLICE_X41Y101        FDRE                                         r  design_1_i/SpeedSensor_1/U0/SpeedSensor_slave_lite_v1_0_S00_AXI_inst/Core1/pulse_count_reg[16]/D
  -------------------------------------------------------------------    -------------------

                         (clock clk_out1_design_1_clk_wiz_0_0 rise edge)
                                                      0.000     0.000 r  
    H16                                               0.000     0.000 r  sys_clock (IN)
                         net (fo=0)                   0.000     0.000    design_1_i/clk_wiz_0/inst/clk_in1
    H16                  IBUF (Prop_ibuf_I_O)         0.406     0.406 r  design_1_i/clk_wiz_0/inst/clkin1_ibufg/O
                         net (fo=1, routed)           0.480     0.886    design_1_i/clk_wiz_0/inst/clk_in1_design_1_clk_wiz_0_0
    MMCME2_ADV_X1Y2      MMCME2_ADV (Prop_mmcme2_adv_CLKIN1_CLKOUT0)
                                                     -3.407    -2.521 r  design_1_i/clk_wiz_0/inst/mmcm_adv_inst/CLKOUT0
                         net (fo=1, routed)           0.752    -1.769    design_1_i/clk_wiz_0/inst/clk_out1_design_1_clk_wiz_0_0
    BUFGCTRL_X0Y17       BUFG (Prop_bufg_I_O)         0.029    -1.740 r  design_1_i/clk_wiz_0/inst/clkout1_buf/O
                         net (fo=66, routed)          0.911    -0.829    design_1_i/SpeedSensor_1/U0/SpeedSensor_slave_lite_v1_0_S00_AXI_inst/Core1/Clk
    SLICE_X41Y101        FDRE                                         r  design_1_i/SpeedSensor_1/U0/SpeedSensor_slave_lite_v1_0_S00_AXI_inst/Core1/pulse_count_reg[16]/C
                         clock pessimism              0.504    -0.325    
    SLICE_X41Y101        FDRE (Hold_fdre_C_D)         0.105    -0.220    design_1_i/SpeedSensor_1/U0/SpeedSensor_slave_lite_v1_0_S00_AXI_inst/Core1/pulse_count_reg[16]
  -------------------------------------------------------------------
                         required time                          0.220    
                         arrival time                          -0.123    
  -------------------------------------------------------------------
                         slack                                  0.097    

Slack (MET) :             0.108ns  (arrival time - required time)
  Source:                 design_1_i/SpeedSensor_1/U0/SpeedSensor_slave_lite_v1_0_S00_AXI_inst/Core1/pulse_count_reg[8]/C
                            (rising edge-triggered cell FDRE clocked by clk_out1_design_1_clk_wiz_0_0  {rise@0.000ns fall@5.000ns period=10.000ns})
  Destination:            design_1_i/SpeedSensor_1/U0/SpeedSensor_slave_lite_v1_0_S00_AXI_inst/Core1/pulse_count_reg[18]/D
                            (rising edge-triggered cell FDRE clocked by clk_out1_design_1_clk_wiz_0_0  {rise@0.000ns fall@5.000ns period=10.000ns})
  Path Group:             clk_out1_design_1_clk_wiz_0_0
  Path Type:              Hold (Min at Fast Process Corner)
  Requirement:            0.000ns  (clk_out1_design_1_clk_wiz_0_0 rise@0.000ns - clk_out1_design_1_clk_wiz_0_0 rise@0.000ns)
  Data Path Delay:        0.562ns  (logic 0.442ns (78.615%)  route 0.120ns (21.385%))
  Logic Levels:           3  (CARRY4=3)
  Clock Path Skew:        0.349ns (DCD - SCD - CPR)
    Destination Clock Delay (DCD):    -0.829ns
    Source Clock Delay      (SCD):    -0.674ns
    Clock Pessimism Removal (CPR):    -0.504ns

    Location             Delay type                Incr(ns)  Path(ns)    Netlist Resource(s)
  -------------------------------------------------------------------    -------------------
                         (clock clk_out1_design_1_clk_wiz_0_0 rise edge)
                                                      0.000     0.000 r  
    H16                                               0.000     0.000 r  sys_clock (IN)
                         net (fo=0)                   0.000     0.000    design_1_i/clk_wiz_0/inst/clk_in1
    H16                  IBUF (Prop_ibuf_I_O)         0.219     0.219 r  design_1_i/clk_wiz_0/inst/clkin1_ibufg/O
                         net (fo=1, routed)           0.440     0.659    design_1_i/clk_wiz_0/inst/clk_in1_design_1_clk_wiz_0_0
    MMCME2_ADV_X1Y2      MMCME2_ADV (Prop_mmcme2_adv_CLKIN1_CLKOUT0)
                                                     -2.613    -1.954 r  design_1_i/clk_wiz_0/inst/mmcm_adv_inst/CLKOUT0
                         net (fo=1, routed)           0.696    -1.257    design_1_i/clk_wiz_0/inst/clk_out1_design_1_clk_wiz_0_0
    BUFGCTRL_X0Y17       BUFG (Prop_bufg_I_O)         0.026    -1.231 r  design_1_i/clk_wiz_0/inst/clkout1_buf/O
                         net (fo=66, routed)          0.557    -0.674    design_1_i/SpeedSensor_1/U0/SpeedSensor_slave_lite_v1_0_S00_AXI_inst/Core1/Clk
    SLICE_X41Y99         FDRE                                         r  design_1_i/SpeedSensor_1/U0/SpeedSensor_slave_lite_v1_0_S00_AXI_inst/Core1/pulse_count_reg[8]/C
  -------------------------------------------------------------------    -------------------
    SLICE_X41Y99         FDRE (Prop_fdre_C_Q)         0.141    -0.533 r  design_1_i/SpeedSensor_1/U0/SpeedSensor_slave_lite_v1_0_S00_AXI_inst/Core1/pulse_count_reg[8]/Q
                         net (fo=2, routed)           0.120    -0.414    design_1_i/SpeedSensor_1/U0/SpeedSensor_slave_lite_v1_0_S00_AXI_inst/Core1/pulse_count_reg[8]
    SLICE_X41Y99         CARRY4 (Prop_carry4_S[0]_CO[3])
                                                      0.197    -0.217 r  design_1_i/SpeedSensor_1/U0/SpeedSensor_slave_lite_v1_0_S00_AXI_inst/Core1/pulse_count_reg[8]_i_1/CO[3]
                         net (fo=1, routed)           0.001    -0.216    design_1_i/SpeedSensor_1/U0/SpeedSensor_slave_lite_v1_0_S00_AXI_inst/Core1/pulse_count_reg[8]_i_1_n_0
    SLICE_X41Y100        CARRY4 (Prop_carry4_CI_CO[3])
                                                      0.039    -0.177 r  design_1_i/SpeedSensor_1/U0/SpeedSensor_slave_lite_v1_0_S00_AXI_inst/Core1/pulse_count_reg[12]_i_1/CO[3]
                         net (fo=1, routed)           0.000    -0.177    design_1_i/SpeedSensor_1/U0/SpeedSensor_slave_lite_v1_0_S00_AXI_inst/Core1/pulse_count_reg[12]_i_1_n_0
    SLICE_X41Y101        CARRY4 (Prop_carry4_CI_O[2])
                                                      0.065    -0.112 r  design_1_i/SpeedSensor_1/U0/SpeedSensor_slave_lite_v1_0_S00_AXI_inst/Core1/pulse_count_reg[16]_i_1/O[2]
                         net (fo=1, routed)           0.000    -0.112    design_1_i/SpeedSensor_1/U0/SpeedSensor_slave_lite_v1_0_S00_AXI_inst/Core1/pulse_count_reg[16]_i_1_n_5
    SLICE_X41Y101        FDRE                                         r  design_1_i/SpeedSensor_1/U0/SpeedSensor_slave_lite_v1_0_S00_AXI_inst/Core1/pulse_count_reg[18]/D
  -------------------------------------------------------------------    -------------------

                         (clock clk_out1_design_1_clk_wiz_0_0 rise edge)
                                                      0.000     0.000 r  
    H16                                               0.000     0.000 r  sys_clock (IN)
                         net (fo=0)                   0.000     0.000    design_1_i/clk_wiz_0/inst/clk_in1
    H16                  IBUF (Prop_ibuf_I_O)         0.406     0.406 r  design_1_i/clk_wiz_0/inst/clkin1_ibufg/O
                         net (fo=1, routed)           0.480     0.886    design_1_i/clk_wiz_0/inst/clk_in1_design_1_clk_wiz_0_0
    MMCME2_ADV_X1Y2      MMCME2_ADV (Prop_mmcme2_adv_CLKIN1_CLKOUT0)
                                                     -3.407    -2.521 r  design_1_i/clk_wiz_0/inst/mmcm_adv_inst/CLKOUT0
                         net (fo=1, routed)           0.752    -1.769    design_1_i/clk_wiz_0/inst/clk_out1_design_1_clk_wiz_0_0
    BUFGCTRL_X0Y17       BUFG (Prop_bufg_I_O)         0.029    -1.740 r  design_1_i/clk_wiz_0/inst/clkout1_buf/O
                         net (fo=66, routed)          0.911    -0.829    design_1_i/SpeedSensor_1/U0/SpeedSensor_slave_lite_v1_0_S00_AXI_inst/Core1/Clk
    SLICE_X41Y101        FDRE                                         r  design_1_i/SpeedSensor_1/U0/SpeedSensor_slave_lite_v1_0_S00_AXI_inst/Core1/pulse_count_reg[18]/C
                         clock pessimism              0.504    -0.325    
    SLICE_X41Y101        FDRE (Hold_fdre_C_D)         0.105    -0.220    design_1_i/SpeedSensor_1/U0/SpeedSensor_slave_lite_v1_0_S00_AXI_inst/Core1/pulse_count_reg[18]
  -------------------------------------------------------------------
                         required time                          0.220    
                         arrival time                          -0.112    
  -------------------------------------------------------------------
                         slack                                  0.108    

Slack (MET) :             0.121ns  (arrival time - required time)
  Source:                 design_1_i/SpeedSensor_0/U0/SpeedSensor_slave_lite_v1_0_S00_AXI_inst/Core1/pulse_count_reg[3]/C
                            (rising edge-triggered cell FDRE clocked by clk_out1_design_1_clk_wiz_0_0  {rise@0.000ns fall@5.000ns period=10.000ns})
  Destination:            design_1_i/SpeedSensor_0/U0/SpeedSensor_slave_lite_v1_0_S00_AXI_inst/Core1/pulse_count_reg[8]/D
                            (rising edge-triggered cell FDRE clocked by clk_out1_design_1_clk_wiz_0_0  {rise@0.000ns fall@5.000ns period=10.000ns})
  Path Group:             clk_out1_design_1_clk_wiz_0_0
  Path Type:              Hold (Min at Fast Process Corner)
  Requirement:            0.000ns  (clk_out1_design_1_clk_wiz_0_0 rise@0.000ns - clk_out1_design_1_clk_wiz_0_0 rise@0.000ns)
  Data Path Delay:        0.576ns  (logic 0.394ns (68.457%)  route 0.182ns (31.543%))
  Logic Levels:           3  (CARRY4=3)
  Clock Path Skew:        0.349ns (DCD - SCD - CPR)
    Destination Clock Delay (DCD):    -0.809ns
    Source Clock Delay      (SCD):    -0.654ns
    Clock Pessimism Removal (CPR):    -0.504ns

    Location             Delay type                Incr(ns)  Path(ns)    Netlist Resource(s)
  -------------------------------------------------------------------    -------------------
                         (clock clk_out1_design_1_clk_wiz_0_0 rise edge)
                                                      0.000     0.000 r  
    H16                                               0.000     0.000 r  sys_clock (IN)
                         net (fo=0)                   0.000     0.000    design_1_i/clk_wiz_0/inst/clk_in1
    H16                  IBUF (Prop_ibuf_I_O)         0.219     0.219 r  design_1_i/clk_wiz_0/inst/clkin1_ibufg/O
                         net (fo=1, routed)           0.440     0.659    design_1_i/clk_wiz_0/inst/clk_in1_design_1_clk_wiz_0_0
    MMCME2_ADV_X1Y2      MMCME2_ADV (Prop_mmcme2_adv_CLKIN1_CLKOUT0)
                                                     -2.613    -1.954 r  design_1_i/clk_wiz_0/inst/mmcm_adv_inst/CLKOUT0
                         net (fo=1, routed)           0.696    -1.257    design_1_i/clk_wiz_0/inst/clk_out1_design_1_clk_wiz_0_0
    BUFGCTRL_X0Y17       BUFG (Prop_bufg_I_O)         0.026    -1.231 r  design_1_i/clk_wiz_0/inst/clkout1_buf/O
                         net (fo=66, routed)          0.577    -0.654    design_1_i/SpeedSensor_0/U0/SpeedSensor_slave_lite_v1_0_S00_AXI_inst/Core1/Clk
    SLICE_X31Y98         FDRE                                         r  design_1_i/SpeedSensor_0/U0/SpeedSensor_slave_lite_v1_0_S00_AXI_inst/Core1/pulse_count_reg[3]/C
  -------------------------------------------------------------------    -------------------
    SLICE_X31Y98         FDRE (Prop_fdre_C_Q)         0.141    -0.513 r  design_1_i/SpeedSensor_0/U0/SpeedSensor_slave_lite_v1_0_S00_AXI_inst/Core1/pulse_count_reg[3]/Q
                         net (fo=2, routed)           0.181    -0.333    design_1_i/SpeedSensor_0/U0/SpeedSensor_slave_lite_v1_0_S00_AXI_inst/Core1/pulse_count_reg[3]
    SLICE_X31Y98         CARRY4 (Prop_carry4_S[3]_CO[3])
                                                      0.160    -0.173 r  design_1_i/SpeedSensor_0/U0/SpeedSensor_slave_lite_v1_0_S00_AXI_inst/Core1/pulse_count_reg[0]_i_1/CO[3]
                         net (fo=1, routed)           0.000    -0.173    design_1_i/SpeedSensor_0/U0/SpeedSensor_slave_lite_v1_0_S00_AXI_inst/Core1/pulse_count_reg[0]_i_1_n_0
    SLICE_X31Y99         CARRY4 (Prop_carry4_CI_CO[3])
                                                      0.039    -0.134 r  design_1_i/SpeedSensor_0/U0/SpeedSensor_slave_lite_v1_0_S00_AXI_inst/Core1/pulse_count_reg[4]_i_1/CO[3]
                         net (fo=1, routed)           0.001    -0.133    design_1_i/SpeedSensor_0/U0/SpeedSensor_slave_lite_v1_0_S00_AXI_inst/Core1/pulse_count_reg[4]_i_1_n_0
    SLICE_X31Y100        CARRY4 (Prop_carry4_CI_O[0])
                                                      0.054    -0.079 r  design_1_i/SpeedSensor_0/U0/SpeedSensor_slave_lite_v1_0_S00_AXI_inst/Core1/pulse_count_reg[8]_i_1/O[0]
                         net (fo=1, routed)           0.000    -0.079    design_1_i/SpeedSensor_0/U0/SpeedSensor_slave_lite_v1_0_S00_AXI_inst/Core1/pulse_count_reg[8]_i_1_n_7
    SLICE_X31Y100        FDRE                                         r  design_1_i/SpeedSensor_0/U0/SpeedSensor_slave_lite_v1_0_S00_AXI_inst/Core1/pulse_count_reg[8]/D
  -------------------------------------------------------------------    -------------------

                         (clock clk_out1_design_1_clk_wiz_0_0 rise edge)
                                                      0.000     0.000 r  
    H16                                               0.000     0.000 r  sys_clock (IN)
                         net (fo=0)                   0.000     0.000    design_1_i/clk_wiz_0/inst/clk_in1
    H16                  IBUF (Prop_ibuf_I_O)         0.406     0.406 r  design_1_i/clk_wiz_0/inst/clkin1_ibufg/O
                         net (fo=1, routed)           0.480     0.886    design_1_i/clk_wiz_0/inst/clk_in1_design_1_clk_wiz_0_0
    MMCME2_ADV_X1Y2      MMCME2_ADV (Prop_mmcme2_adv_CLKIN1_CLKOUT0)
                                                     -3.407    -2.521 r  design_1_i/clk_wiz_0/inst/mmcm_adv_inst/CLKOUT0
                         net (fo=1, routed)           0.752    -1.769    design_1_i/clk_wiz_0/inst/clk_out1_design_1_clk_wiz_0_0
    BUFGCTRL_X0Y17       BUFG (Prop_bufg_I_O)         0.029    -1.740 r  design_1_i/clk_wiz_0/inst/clkout1_buf/O
                         net (fo=66, routed)          0.931    -0.809    design_1_i/SpeedSensor_0/U0/SpeedSensor_slave_lite_v1_0_S00_AXI_inst/Core1/Clk
    SLICE_X31Y100        FDRE                                         r  design_1_i/SpeedSensor_0/U0/SpeedSensor_slave_lite_v1_0_S00_AXI_inst/Core1/pulse_count_reg[8]/C
                         clock pessimism              0.504    -0.305    
    SLICE_X31Y100        FDRE (Hold_fdre_C_D)         0.105    -0.200    design_1_i/SpeedSensor_0/U0/SpeedSensor_slave_lite_v1_0_S00_AXI_inst/Core1/pulse_count_reg[8]
  -------------------------------------------------------------------
                         required time                          0.200    
                         arrival time                          -0.079    
  -------------------------------------------------------------------
                         slack                                  0.121    

Slack (MET) :             0.132ns  (arrival time - required time)
  Source:                 design_1_i/SpeedSensor_0/U0/SpeedSensor_slave_lite_v1_0_S00_AXI_inst/Core1/pulse_count_reg[3]/C
                            (rising edge-triggered cell FDRE clocked by clk_out1_design_1_clk_wiz_0_0  {rise@0.000ns fall@5.000ns period=10.000ns})
  Destination:            design_1_i/SpeedSensor_0/U0/SpeedSensor_slave_lite_v1_0_S00_AXI_inst/Core1/pulse_count_reg[10]/D
                            (rising edge-triggered cell FDRE clocked by clk_out1_design_1_clk_wiz_0_0  {rise@0.000ns fall@5.000ns period=10.000ns})
  Path Group:             clk_out1_design_1_clk_wiz_0_0
  Path Type:              Hold (Min at Fast Process Corner)
  Requirement:            0.000ns  (clk_out1_design_1_clk_wiz_0_0 rise@0.000ns - clk_out1_design_1_clk_wiz_0_0 rise@0.000ns)
  Data Path Delay:        0.587ns  (logic 0.405ns (69.048%)  route 0.182ns (30.952%))
  Logic Levels:           3  (CARRY4=3)
  Clock Path Skew:        0.349ns (DCD - SCD - CPR)
    Destination Clock Delay (DCD):    -0.809ns
    Source Clock Delay      (SCD):    -0.654ns
    Clock Pessimism Removal (CPR):    -0.504ns

    Location             Delay type                Incr(ns)  Path(ns)    Netlist Resource(s)
  -------------------------------------------------------------------    -------------------
                         (clock clk_out1_design_1_clk_wiz_0_0 rise edge)
                                                      0.000     0.000 r  
    H16                                               0.000     0.000 r  sys_clock (IN)
                         net (fo=0)                   0.000     0.000    design_1_i/clk_wiz_0/inst/clk_in1
    H16                  IBUF (Prop_ibuf_I_O)         0.219     0.219 r  design_1_i/clk_wiz_0/inst/clkin1_ibufg/O
                         net (fo=1, routed)           0.440     0.659    design_1_i/clk_wiz_0/inst/clk_in1_design_1_clk_wiz_0_0
    MMCME2_ADV_X1Y2      MMCME2_ADV (Prop_mmcme2_adv_CLKIN1_CLKOUT0)
                                                     -2.613    -1.954 r  design_1_i/clk_wiz_0/inst/mmcm_adv_inst/CLKOUT0
                         net (fo=1, routed)           0.696    -1.257    design_1_i/clk_wiz_0/inst/clk_out1_design_1_clk_wiz_0_0
    BUFGCTRL_X0Y17       BUFG (Prop_bufg_I_O)         0.026    -1.231 r  design_1_i/clk_wiz_0/inst/clkout1_buf/O
                         net (fo=66, routed)          0.577    -0.654    design_1_i/SpeedSensor_0/U0/SpeedSensor_slave_lite_v1_0_S00_AXI_inst/Core1/Clk
    SLICE_X31Y98         FDRE                                         r  design_1_i/SpeedSensor_0/U0/SpeedSensor_slave_lite_v1_0_S00_AXI_inst/Core1/pulse_count_reg[3]/C
  -------------------------------------------------------------------    -------------------
    SLICE_X31Y98         FDRE (Prop_fdre_C_Q)         0.141    -0.513 r  design_1_i/SpeedSensor_0/U0/SpeedSensor_slave_lite_v1_0_S00_AXI_inst/Core1/pulse_count_reg[3]/Q
                         net (fo=2, routed)           0.181    -0.333    design_1_i/SpeedSensor_0/U0/SpeedSensor_slave_lite_v1_0_S00_AXI_inst/Core1/pulse_count_reg[3]
    SLICE_X31Y98         CARRY4 (Prop_carry4_S[3]_CO[3])
                                                      0.160    -0.173 r  design_1_i/SpeedSensor_0/U0/SpeedSensor_slave_lite_v1_0_S00_AXI_inst/Core1/pulse_count_reg[0]_i_1/CO[3]
                         net (fo=1, routed)           0.000    -0.173    design_1_i/SpeedSensor_0/U0/SpeedSensor_slave_lite_v1_0_S00_AXI_inst/Core1/pulse_count_reg[0]_i_1_n_0
    SLICE_X31Y99         CARRY4 (Prop_carry4_CI_CO[3])
                                                      0.039    -0.134 r  design_1_i/SpeedSensor_0/U0/SpeedSensor_slave_lite_v1_0_S00_AXI_inst/Core1/pulse_count_reg[4]_i_1/CO[3]
                         net (fo=1, routed)           0.001    -0.133    design_1_i/SpeedSensor_0/U0/SpeedSensor_slave_lite_v1_0_S00_AXI_inst/Core1/pulse_count_reg[4]_i_1_n_0
    SLICE_X31Y100        CARRY4 (Prop_carry4_CI_O[2])
                                                      0.065    -0.068 r  design_1_i/SpeedSensor_0/U0/SpeedSensor_slave_lite_v1_0_S00_AXI_inst/Core1/pulse_count_reg[8]_i_1/O[2]
                         net (fo=1, routed)           0.000    -0.068    design_1_i/SpeedSensor_0/U0/SpeedSensor_slave_lite_v1_0_S00_AXI_inst/Core1/pulse_count_reg[8]_i_1_n_5
    SLICE_X31Y100        FDRE                                         r  design_1_i/SpeedSensor_0/U0/SpeedSensor_slave_lite_v1_0_S00_AXI_inst/Core1/pulse_count_reg[10]/D
  -------------------------------------------------------------------    -------------------

                         (clock clk_out1_design_1_clk_wiz_0_0 rise edge)
                                                      0.000     0.000 r  
    H16                                               0.000     0.000 r  sys_clock (IN)
                         net (fo=0)                   0.000     0.000    design_1_i/clk_wiz_0/inst/clk_in1
    H16                  IBUF (Prop_ibuf_I_O)         0.406     0.406 r  design_1_i/clk_wiz_0/inst/clkin1_ibufg/O
                         net (fo=1, routed)           0.480     0.886    design_1_i/clk_wiz_0/inst/clk_in1_design_1_clk_wiz_0_0
    MMCME2_ADV_X1Y2      MMCME2_ADV (Prop_mmcme2_adv_CLKIN1_CLKOUT0)
                                                     -3.407    -2.521 r  design_1_i/clk_wiz_0/inst/mmcm_adv_inst/CLKOUT0
                         net (fo=1, routed)           0.752    -1.769    design_1_i/clk_wiz_0/inst/clk_out1_design_1_clk_wiz_0_0
    BUFGCTRL_X0Y17       BUFG (Prop_bufg_I_O)         0.029    -1.740 r  design_1_i/clk_wiz_0/inst/clkout1_buf/O
                         net (fo=66, routed)          0.931    -0.809    design_1_i/SpeedSensor_0/U0/SpeedSensor_slave_lite_v1_0_S00_AXI_inst/Core1/Clk
    SLICE_X31Y100        FDRE                                         r  design_1_i/SpeedSensor_0/U0/SpeedSensor_slave_lite_v1_0_S00_AXI_inst/Core1/pulse_count_reg[10]/C
                         clock pessimism              0.504    -0.305    
    SLICE_X31Y100        FDRE (Hold_fdre_C_D)         0.105    -0.200    design_1_i/SpeedSensor_0/U0/SpeedSensor_slave_lite_v1_0_S00_AXI_inst/Core1/pulse_count_reg[10]
  -------------------------------------------------------------------
                         required time                          0.200    
                         arrival time                          -0.068    
  -------------------------------------------------------------------
                         slack                                  0.132    

Slack (MET) :             0.133ns  (arrival time - required time)
  Source:                 design_1_i/SpeedSensor_1/U0/SpeedSensor_slave_lite_v1_0_S00_AXI_inst/Core1/pulse_count_reg[8]/C
                            (rising edge-triggered cell FDRE clocked by clk_out1_design_1_clk_wiz_0_0  {rise@0.000ns fall@5.000ns period=10.000ns})
  Destination:            design_1_i/SpeedSensor_1/U0/SpeedSensor_slave_lite_v1_0_S00_AXI_inst/Core1/pulse_count_reg[17]/D
                            (rising edge-triggered cell FDRE clocked by clk_out1_design_1_clk_wiz_0_0  {rise@0.000ns fall@5.000ns period=10.000ns})
  Path Group:             clk_out1_design_1_clk_wiz_0_0
  Path Type:              Hold (Min at Fast Process Corner)
  Requirement:            0.000ns  (clk_out1_design_1_clk_wiz_0_0 rise@0.000ns - clk_out1_design_1_clk_wiz_0_0 rise@0.000ns)
  Data Path Delay:        0.587ns  (logic 0.467ns (79.526%)  route 0.120ns (20.474%))
  Logic Levels:           3  (CARRY4=3)
  Clock Path Skew:        0.349ns (DCD - SCD - CPR)
    Destination Clock Delay (DCD):    -0.829ns
    Source Clock Delay      (SCD):    -0.674ns
    Clock Pessimism Removal (CPR):    -0.504ns

    Location             Delay type                Incr(ns)  Path(ns)    Netlist Resource(s)
  -------------------------------------------------------------------    -------------------
                         (clock clk_out1_design_1_clk_wiz_0_0 rise edge)
                                                      0.000     0.000 r  
    H16                                               0.000     0.000 r  sys_clock (IN)
                         net (fo=0)                   0.000     0.000    design_1_i/clk_wiz_0/inst/clk_in1
    H16                  IBUF (Prop_ibuf_I_O)         0.219     0.219 r  design_1_i/clk_wiz_0/inst/clkin1_ibufg/O
                         net (fo=1, routed)           0.440     0.659    design_1_i/clk_wiz_0/inst/clk_in1_design_1_clk_wiz_0_0
    MMCME2_ADV_X1Y2      MMCME2_ADV (Prop_mmcme2_adv_CLKIN1_CLKOUT0)
                                                     -2.613    -1.954 r  design_1_i/clk_wiz_0/inst/mmcm_adv_inst/CLKOUT0
                         net (fo=1, routed)           0.696    -1.257    design_1_i/clk_wiz_0/inst/clk_out1_design_1_clk_wiz_0_0
    BUFGCTRL_X0Y17       BUFG (Prop_bufg_I_O)         0.026    -1.231 r  design_1_i/clk_wiz_0/inst/clkout1_buf/O
                         net (fo=66, routed)          0.557    -0.674    design_1_i/SpeedSensor_1/U0/SpeedSensor_slave_lite_v1_0_S00_AXI_inst/Core1/Clk
    SLICE_X41Y99         FDRE                                         r  design_1_i/SpeedSensor_1/U0/SpeedSensor_slave_lite_v1_0_S00_AXI_inst/Core1/pulse_count_reg[8]/C
  -------------------------------------------------------------------    -------------------
    SLICE_X41Y99         FDRE (Prop_fdre_C_Q)         0.141    -0.533 r  design_1_i/SpeedSensor_1/U0/SpeedSensor_slave_lite_v1_0_S00_AXI_inst/Core1/pulse_count_reg[8]/Q
                         net (fo=2, routed)           0.120    -0.414    design_1_i/SpeedSensor_1/U0/SpeedSensor_slave_lite_v1_0_S00_AXI_inst/Core1/pulse_count_reg[8]
    SLICE_X41Y99         CARRY4 (Prop_carry4_S[0]_CO[3])
                                                      0.197    -0.217 r  design_1_i/SpeedSensor_1/U0/SpeedSensor_slave_lite_v1_0_S00_AXI_inst/Core1/pulse_count_reg[8]_i_1/CO[3]
                         net (fo=1, routed)           0.001    -0.216    design_1_i/SpeedSensor_1/U0/SpeedSensor_slave_lite_v1_0_S00_AXI_inst/Core1/pulse_count_reg[8]_i_1_n_0
    SLICE_X41Y100        CARRY4 (Prop_carry4_CI_CO[3])
                                                      0.039    -0.177 r  design_1_i/SpeedSensor_1/U0/SpeedSensor_slave_lite_v1_0_S00_AXI_inst/Core1/pulse_count_reg[12]_i_1/CO[3]
                         net (fo=1, routed)           0.000    -0.177    design_1_i/SpeedSensor_1/U0/SpeedSensor_slave_lite_v1_0_S00_AXI_inst/Core1/pulse_count_reg[12]_i_1_n_0
    SLICE_X41Y101        CARRY4 (Prop_carry4_CI_O[1])
                                                      0.090    -0.087 r  design_1_i/SpeedSensor_1/U0/SpeedSensor_slave_lite_v1_0_S00_AXI_inst/Core1/pulse_count_reg[16]_i_1/O[1]
                         net (fo=1, routed)           0.000    -0.087    design_1_i/SpeedSensor_1/U0/SpeedSensor_slave_lite_v1_0_S00_AXI_inst/Core1/pulse_count_reg[16]_i_1_n_6
    SLICE_X41Y101        FDRE                                         r  design_1_i/SpeedSensor_1/U0/SpeedSensor_slave_lite_v1_0_S00_AXI_inst/Core1/pulse_count_reg[17]/D
  -------------------------------------------------------------------    -------------------

                         (clock clk_out1_design_1_clk_wiz_0_0 rise edge)
                                                      0.000     0.000 r  
    H16                                               0.000     0.000 r  sys_clock (IN)
                         net (fo=0)                   0.000     0.000    design_1_i/clk_wiz_0/inst/clk_in1
    H16                  IBUF (Prop_ibuf_I_O)         0.406     0.406 r  design_1_i/clk_wiz_0/inst/clkin1_ibufg/O
                         net (fo=1, routed)           0.480     0.886    design_1_i/clk_wiz_0/inst/clk_in1_design_1_clk_wiz_0_0
    MMCME2_ADV_X1Y2      MMCME2_ADV (Prop_mmcme2_adv_CLKIN1_CLKOUT0)
                                                     -3.407    -2.521 r  design_1_i/clk_wiz_0/inst/mmcm_adv_inst/CLKOUT0
                         net (fo=1, routed)           0.752    -1.769    design_1_i/clk_wiz_0/inst/clk_out1_design_1_clk_wiz_0_0
    BUFGCTRL_X0Y17       BUFG (Prop_bufg_I_O)         0.029    -1.740 r  design_1_i/clk_wiz_0/inst/clkout1_buf/O
                         net (fo=66, routed)          0.911    -0.829    design_1_i/SpeedSensor_1/U0/SpeedSensor_slave_lite_v1_0_S00_AXI_inst/Core1/Clk
    SLICE_X41Y101        FDRE                                         r  design_1_i/SpeedSensor_1/U0/SpeedSensor_slave_lite_v1_0_S00_AXI_inst/Core1/pulse_count_reg[17]/C
                         clock pessimism              0.504    -0.325    
    SLICE_X41Y101        FDRE (Hold_fdre_C_D)         0.105    -0.220    design_1_i/SpeedSensor_1/U0/SpeedSensor_slave_lite_v1_0_S00_AXI_inst/Core1/pulse_count_reg[17]
  -------------------------------------------------------------------
                         required time                          0.220    
                         arrival time                          -0.087    
  -------------------------------------------------------------------
                         slack                                  0.133    

Slack (MET) :             0.133ns  (arrival time - required time)
  Source:                 design_1_i/SpeedSensor_1/U0/SpeedSensor_slave_lite_v1_0_S00_AXI_inst/Core1/pulse_count_reg[8]/C
                            (rising edge-triggered cell FDRE clocked by clk_out1_design_1_clk_wiz_0_0  {rise@0.000ns fall@5.000ns period=10.000ns})
  Destination:            design_1_i/SpeedSensor_1/U0/SpeedSensor_slave_lite_v1_0_S00_AXI_inst/Core1/pulse_count_reg[19]/D
                            (rising edge-triggered cell FDRE clocked by clk_out1_design_1_clk_wiz_0_0  {rise@0.000ns fall@5.000ns period=10.000ns})
  Path Group:             clk_out1_design_1_clk_wiz_0_0
  Path Type:              Hold (Min at Fast Process Corner)
  Requirement:            0.000ns  (clk_out1_design_1_clk_wiz_0_0 rise@0.000ns - clk_out1_design_1_clk_wiz_0_0 rise@0.000ns)
  Data Path Delay:        0.587ns  (logic 0.467ns (79.526%)  route 0.120ns (20.474%))
  Logic Levels:           3  (CARRY4=3)
  Clock Path Skew:        0.349ns (DCD - SCD - CPR)
    Destination Clock Delay (DCD):    -0.829ns
    Source Clock Delay      (SCD):    -0.674ns
    Clock Pessimism Removal (CPR):    -0.504ns

    Location             Delay type                Incr(ns)  Path(ns)    Netlist Resource(s)
  -------------------------------------------------------------------    -------------------
                         (clock clk_out1_design_1_clk_wiz_0_0 rise edge)
                                                      0.000     0.000 r  
    H16                                               0.000     0.000 r  sys_clock (IN)
                         net (fo=0)                   0.000     0.000    design_1_i/clk_wiz_0/inst/clk_in1
    H16                  IBUF (Prop_ibuf_I_O)         0.219     0.219 r  design_1_i/clk_wiz_0/inst/clkin1_ibufg/O
                         net (fo=1, routed)           0.440     0.659    design_1_i/clk_wiz_0/inst/clk_in1_design_1_clk_wiz_0_0
    MMCME2_ADV_X1Y2      MMCME2_ADV (Prop_mmcme2_adv_CLKIN1_CLKOUT0)
                                                     -2.613    -1.954 r  design_1_i/clk_wiz_0/inst/mmcm_adv_inst/CLKOUT0
                         net (fo=1, routed)           0.696    -1.257    design_1_i/clk_wiz_0/inst/clk_out1_design_1_clk_wiz_0_0
    BUFGCTRL_X0Y17       BUFG (Prop_bufg_I_O)         0.026    -1.231 r  design_1_i/clk_wiz_0/inst/clkout1_buf/O
                         net (fo=66, routed)          0.557    -0.674    design_1_i/SpeedSensor_1/U0/SpeedSensor_slave_lite_v1_0_S00_AXI_inst/Core1/Clk
    SLICE_X41Y99         FDRE                                         r  design_1_i/SpeedSensor_1/U0/SpeedSensor_slave_lite_v1_0_S00_AXI_inst/Core1/pulse_count_reg[8]/C
  -------------------------------------------------------------------    -------------------
    SLICE_X41Y99         FDRE (Prop_fdre_C_Q)         0.141    -0.533 r  design_1_i/SpeedSensor_1/U0/SpeedSensor_slave_lite_v1_0_S00_AXI_inst/Core1/pulse_count_reg[8]/Q
                         net (fo=2, routed)           0.120    -0.414    design_1_i/SpeedSensor_1/U0/SpeedSensor_slave_lite_v1_0_S00_AXI_inst/Core1/pulse_count_reg[8]
    SLICE_X41Y99         CARRY4 (Prop_carry4_S[0]_CO[3])
                                                      0.197    -0.217 r  design_1_i/SpeedSensor_1/U0/SpeedSensor_slave_lite_v1_0_S00_AXI_inst/Core1/pulse_count_reg[8]_i_1/CO[3]
                         net (fo=1, routed)           0.001    -0.216    design_1_i/SpeedSensor_1/U0/SpeedSensor_slave_lite_v1_0_S00_AXI_inst/Core1/pulse_count_reg[8]_i_1_n_0
    SLICE_X41Y100        CARRY4 (Prop_carry4_CI_CO[3])
                                                      0.039    -0.177 r  design_1_i/SpeedSensor_1/U0/SpeedSensor_slave_lite_v1_0_S00_AXI_inst/Core1/pulse_count_reg[12]_i_1/CO[3]
                         net (fo=1, routed)           0.000    -0.177    design_1_i/SpeedSensor_1/U0/SpeedSensor_slave_lite_v1_0_S00_AXI_inst/Core1/pulse_count_reg[12]_i_1_n_0
    SLICE_X41Y101        CARRY4 (Prop_carry4_CI_O[3])
                                                      0.090    -0.087 r  design_1_i/SpeedSensor_1/U0/SpeedSensor_slave_lite_v1_0_S00_AXI_inst/Core1/pulse_count_reg[16]_i_1/O[3]
                         net (fo=1, routed)           0.000    -0.087    design_1_i/SpeedSensor_1/U0/SpeedSensor_slave_lite_v1_0_S00_AXI_inst/Core1/pulse_count_reg[16]_i_1_n_4
    SLICE_X41Y101        FDRE                                         r  design_1_i/SpeedSensor_1/U0/SpeedSensor_slave_lite_v1_0_S00_AXI_inst/Core1/pulse_count_reg[19]/D
  -------------------------------------------------------------------    -------------------

                         (clock clk_out1_design_1_clk_wiz_0_0 rise edge)
                                                      0.000     0.000 r  
    H16                                               0.000     0.000 r  sys_clock (IN)
                         net (fo=0)                   0.000     0.000    design_1_i/clk_wiz_0/inst/clk_in1
    H16                  IBUF (Prop_ibuf_I_O)         0.406     0.406 r  design_1_i/clk_wiz_0/inst/clkin1_ibufg/O
                         net (fo=1, routed)           0.480     0.886    design_1_i/clk_wiz_0/inst/clk_in1_design_1_clk_wiz_0_0
    MMCME2_ADV_X1Y2      MMCME2_ADV (Prop_mmcme2_adv_CLKIN1_CLKOUT0)
                                                     -3.407    -2.521 r  design_1_i/clk_wiz_0/inst/mmcm_adv_inst/CLKOUT0
                         net (fo=1, routed)           0.752    -1.769    design_1_i/clk_wiz_0/inst/clk_out1_design_1_clk_wiz_0_0
    BUFGCTRL_X0Y17       BUFG (Prop_bufg_I_O)         0.029    -1.740 r  design_1_i/clk_wiz_0/inst/clkout1_buf/O
                         net (fo=66, routed)          0.911    -0.829    design_1_i/SpeedSensor_1/U0/SpeedSensor_slave_lite_v1_0_S00_AXI_inst/Core1/Clk
    SLICE_X41Y101        FDRE                                         r  design_1_i/SpeedSensor_1/U0/SpeedSensor_slave_lite_v1_0_S00_AXI_inst/Core1/pulse_count_reg[19]/C
                         clock pessimism              0.504    -0.325    
    SLICE_X41Y101        FDRE (Hold_fdre_C_D)         0.105    -0.220    design_1_i/SpeedSensor_1/U0/SpeedSensor_slave_lite_v1_0_S00_AXI_inst/Core1/pulse_count_reg[19]
  -------------------------------------------------------------------
                         required time                          0.220    
                         arrival time                          -0.087    
  -------------------------------------------------------------------
                         slack                                  0.133    





Pulse Width Checks
--------------------------------------------------------------------------------------
Clock Name:         clk_out1_design_1_clk_wiz_0_0
Waveform(ns):       { 0.000 5.000 }
Period(ns):         10.000
Sources:            { design_1_i/clk_wiz_0/inst/mmcm_adv_inst/CLKOUT0 }

Check Type        Corner  Lib Pin             Reference Pin  Required(ns)  Actual(ns)  Slack(ns)  Location         Pin
Min Period        n/a     BUFG/I              n/a            2.155         10.000      7.845      BUFGCTRL_X0Y17   design_1_i/clk_wiz_0/inst/clkout1_buf/I
Min Period        n/a     MMCME2_ADV/CLKOUT0  n/a            1.249         10.000      8.751      MMCME2_ADV_X1Y2  design_1_i/clk_wiz_0/inst/mmcm_adv_inst/CLKOUT0
Min Period        n/a     FDRE/C              n/a            1.000         10.000      9.000      SLICE_X32Y92     design_1_i/SpeedSensor_0/U0/SpeedSensor_slave_lite_v1_0_S00_AXI_inst/Core1/last_sensor_state_reg/C
Min Period        n/a     FDRE/C              n/a            1.000         10.000      9.000      SLICE_X31Y98     design_1_i/SpeedSensor_0/U0/SpeedSensor_slave_lite_v1_0_S00_AXI_inst/Core1/pulse_count_reg[0]/C
Min Period        n/a     FDRE/C              n/a            1.000         10.000      9.000      SLICE_X31Y100    design_1_i/SpeedSensor_0/U0/SpeedSensor_slave_lite_v1_0_S00_AXI_inst/Core1/pulse_count_reg[10]/C
Min Period        n/a     FDRE/C              n/a            1.000         10.000      9.000      SLICE_X31Y100    design_1_i/SpeedSensor_0/U0/SpeedSensor_slave_lite_v1_0_S00_AXI_inst/Core1/pulse_count_reg[11]/C
Min Period        n/a     FDRE/C              n/a            1.000         10.000      9.000      SLICE_X31Y101    design_1_i/SpeedSensor_0/U0/SpeedSensor_slave_lite_v1_0_S00_AXI_inst/Core1/pulse_count_reg[12]/C
Min Period        n/a     FDRE/C              n/a            1.000         10.000      9.000      SLICE_X31Y101    design_1_i/SpeedSensor_0/U0/SpeedSensor_slave_lite_v1_0_S00_AXI_inst/Core1/pulse_count_reg[13]/C
Min Period        n/a     FDRE/C              n/a            1.000         10.000      9.000      SLICE_X31Y101    design_1_i/SpeedSensor_0/U0/SpeedSensor_slave_lite_v1_0_S00_AXI_inst/Core1/pulse_count_reg[14]/C
Min Period        n/a     FDRE/C              n/a            1.000         10.000      9.000      SLICE_X31Y101    design_1_i/SpeedSensor_0/U0/SpeedSensor_slave_lite_v1_0_S00_AXI_inst/Core1/pulse_count_reg[15]/C
Max Period        n/a     MMCME2_ADV/CLKOUT0  n/a            213.360       10.000      203.360    MMCME2_ADV_X1Y2  design_1_i/clk_wiz_0/inst/mmcm_adv_inst/CLKOUT0
Low Pulse Width   Slow    FDRE/C              n/a            0.500         5.000       4.500      SLICE_X32Y92     design_1_i/SpeedSensor_0/U0/SpeedSensor_slave_lite_v1_0_S00_AXI_inst/Core1/last_sensor_state_reg/C
Low Pulse Width   Fast    FDRE/C              n/a            0.500         5.000       4.500      SLICE_X32Y92     design_1_i/SpeedSensor_0/U0/SpeedSensor_slave_lite_v1_0_S00_AXI_inst/Core1/last_sensor_state_reg/C
Low Pulse Width   Slow    FDRE/C              n/a            0.500         5.000       4.500      SLICE_X31Y98     design_1_i/SpeedSensor_0/U0/SpeedSensor_slave_lite_v1_0_S00_AXI_inst/Core1/pulse_count_reg[0]/C
Low Pulse Width   Fast    FDRE/C              n/a            0.500         5.000       4.500      SLICE_X31Y98     design_1_i/SpeedSensor_0/U0/SpeedSensor_slave_lite_v1_0_S00_AXI_inst/Core1/pulse_count_reg[0]/C
Low Pulse Width   Slow    FDRE/C              n/a            0.500         5.000       4.500      SLICE_X31Y100    design_1_i/SpeedSensor_0/U0/SpeedSensor_slave_lite_v1_0_S00_AXI_inst/Core1/pulse_count_reg[10]/C
Low Pulse Width   Fast    FDRE/C              n/a            0.500         5.000       4.500      SLICE_X31Y100    design_1_i/SpeedSensor_0/U0/SpeedSensor_slave_lite_v1_0_S00_AXI_inst/Core1/pulse_count_reg[10]/C
Low Pulse Width   Slow    FDRE/C              n/a            0.500         5.000       4.500      SLICE_X31Y100    design_1_i/SpeedSensor_0/U0/SpeedSensor_slave_lite_v1_0_S00_AXI_inst/Core1/pulse_count_reg[11]/C
Low Pulse Width   Fast    FDRE/C              n/a            0.500         5.000       4.500      SLICE_X31Y100    design_1_i/SpeedSensor_0/U0/SpeedSensor_slave_lite_v1_0_S00_AXI_inst/Core1/pulse_count_reg[11]/C
Low Pulse Width   Slow    FDRE/C              n/a            0.500         5.000       4.500      SLICE_X31Y101    design_1_i/SpeedSensor_0/U0/SpeedSensor_slave_lite_v1_0_S00_AXI_inst/Core1/pulse_count_reg[12]/C
Low Pulse Width   Fast    FDRE/C              n/a            0.500         5.000       4.500      SLICE_X31Y101    design_1_i/SpeedSensor_0/U0/SpeedSensor_slave_lite_v1_0_S00_AXI_inst/Core1/pulse_count_reg[12]/C
High Pulse Width  Slow    FDRE/C              n/a            0.500         5.000       4.500      SLICE_X32Y92     design_1_i/SpeedSensor_0/U0/SpeedSensor_slave_lite_v1_0_S00_AXI_inst/Core1/last_sensor_state_reg/C
High Pulse Width  Fast    FDRE/C              n/a            0.500         5.000       4.500      SLICE_X32Y92     design_1_i/SpeedSensor_0/U0/SpeedSensor_slave_lite_v1_0_S00_AXI_inst/Core1/last_sensor_state_reg/C
High Pulse Width  Slow    FDRE/C              n/a            0.500         5.000       4.500      SLICE_X31Y98     design_1_i/SpeedSensor_0/U0/SpeedSensor_slave_lite_v1_0_S00_AXI_inst/Core1/pulse_count_reg[0]/C
High Pulse Width  Fast    FDRE/C              n/a            0.500         5.000       4.500      SLICE_X31Y98     design_1_i/SpeedSensor_0/U0/SpeedSensor_slave_lite_v1_0_S00_AXI_inst/Core1/pulse_count_reg[0]/C
High Pulse Width  Slow    FDRE/C              n/a            0.500         5.000       4.500      SLICE_X31Y100    design_1_i/SpeedSensor_0/U0/SpeedSensor_slave_lite_v1_0_S00_AXI_inst/Core1/pulse_count_reg[10]/C
High Pulse Width  Fast    FDRE/C              n/a            0.500         5.000       4.500      SLICE_X31Y100    design_1_i/SpeedSensor_0/U0/SpeedSensor_slave_lite_v1_0_S00_AXI_inst/Core1/pulse_count_reg[10]/C
High Pulse Width  Slow    FDRE/C              n/a            0.500         5.000       4.500      SLICE_X31Y100    design_1_i/SpeedSensor_0/U0/SpeedSensor_slave_lite_v1_0_S00_AXI_inst/Core1/pulse_count_reg[11]/C
High Pulse Width  Fast    FDRE/C              n/a            0.500         5.000       4.500      SLICE_X31Y100    design_1_i/SpeedSensor_0/U0/SpeedSensor_slave_lite_v1_0_S00_AXI_inst/Core1/pulse_count_reg[11]/C
High Pulse Width  Slow    FDRE/C              n/a            0.500         5.000       4.500      SLICE_X31Y101    design_1_i/SpeedSensor_0/U0/SpeedSensor_slave_lite_v1_0_S00_AXI_inst/Core1/pulse_count_reg[12]/C
High Pulse Width  Fast    FDRE/C              n/a            0.500         5.000       4.500      SLICE_X31Y101    design_1_i/SpeedSensor_0/U0/SpeedSensor_slave_lite_v1_0_S00_AXI_inst/Core1/pulse_count_reg[12]/C



---------------------------------------------------------------------------------------------------
From Clock:  clkfbout_design_1_clk_wiz_0_0
  To Clock:  clkfbout_design_1_clk_wiz_0_0

Setup :           NA  Failing Endpoints,  Worst Slack           NA  ,  Total Violation           NA
Hold  :           NA  Failing Endpoints,  Worst Slack           NA  ,  Total Violation           NA
PW    :            0  Failing Endpoints,  Worst Slack        5.845ns,  Total Violation        0.000ns
---------------------------------------------------------------------------------------------------


Pulse Width Checks
--------------------------------------------------------------------------------------
Clock Name:         clkfbout_design_1_clk_wiz_0_0
Waveform(ns):       { 0.000 4.000 }
Period(ns):         8.000
Sources:            { design_1_i/clk_wiz_0/inst/mmcm_adv_inst/CLKFBOUT }

Check Type  Corner  Lib Pin              Reference Pin  Required(ns)  Actual(ns)  Slack(ns)  Location         Pin
Min Period  n/a     BUFG/I               n/a            2.155         8.000       5.845      BUFGCTRL_X0Y18   design_1_i/clk_wiz_0/inst/clkf_buf/I
Min Period  n/a     MMCME2_ADV/CLKFBOUT  n/a            1.249         8.000       6.751      MMCME2_ADV_X1Y2  design_1_i/clk_wiz_0/inst/mmcm_adv_inst/CLKFBOUT
Min Period  n/a     MMCME2_ADV/CLKFBIN   n/a            1.249         8.000       6.751      MMCME2_ADV_X1Y2  design_1_i/clk_wiz_0/inst/mmcm_adv_inst/CLKFBIN
Max Period  n/a     MMCME2_ADV/CLKFBIN   n/a            100.000       8.000       92.000     MMCME2_ADV_X1Y2  design_1_i/clk_wiz_0/inst/mmcm_adv_inst/CLKFBIN
Max Period  n/a     MMCME2_ADV/CLKFBOUT  n/a            213.360       8.000       205.360    MMCME2_ADV_X1Y2  design_1_i/clk_wiz_0/inst/mmcm_adv_inst/CLKFBOUT



---------------------------------------------------------------------------------------------------
From Clock:  clk_out1_design_1_clk_wiz_0_0
  To Clock:  clk_fpga_0

Setup :            0  Failing Endpoints,  Worst Slack        5.333ns,  Total Violation        0.000ns
Hold  :            0  Failing Endpoints,  Worst Slack        0.060ns,  Total Violation        0.000ns
---------------------------------------------------------------------------------------------------


Max Delay Paths
--------------------------------------------------------------------------------------
Slack (MET) :             5.333ns  (required time - arrival time)
  Source:                 design_1_i/SpeedSensor_0/U0/SpeedSensor_slave_lite_v1_0_S00_AXI_inst/Core1/pulse_count_reg[10]/C
                            (rising edge-triggered cell FDRE clocked by clk_out1_design_1_clk_wiz_0_0  {rise@0.000ns fall@5.000ns period=10.000ns})
  Destination:            design_1_i/axi_interconnect_0/xbar/inst/gen_sasd.crossbar_sasd_0/reg_slice_r/m_payload_i_reg[13]/D
                            (rising edge-triggered cell FDRE clocked by clk_fpga_0  {rise@0.000ns fall@5.000ns period=10.000ns})
  Path Group:             clk_fpga_0
  Path Type:              Setup (Max at Slow Process Corner)
  Requirement:            10.000ns  (clk_fpga_0 rise@10.000ns - clk_out1_design_1_clk_wiz_0_0 rise@0.000ns)
  Data Path Delay:        7.792ns  (logic 0.828ns (10.626%)  route 6.964ns (89.374%))
  Logic Levels:           3  (LUT6=3)
  Clock Path Skew:        3.481ns (DCD - SCD + CPR)
    Destination Clock Delay (DCD):    2.657ns = ( 12.657 - 10.000 ) 
    Source Clock Delay      (SCD):    -0.824ns
    Clock Pessimism Removal (CPR):    0.000ns
  Clock Uncertainty:      0.263ns  ((TSJ^2 + TIJ^2 + DJ^2)^1/2) / 2 + PE
    Total System Jitter     (TSJ):    0.071ns
    Total Input Jitter      (TIJ):    0.300ns
    Discrete Jitter          (DJ):    0.125ns
    Phase Error              (PE):    0.097ns
  Clock Domain Crossing:  Inter clock paths are considered valid unless explicitly excluded by timing constraints such as set_clock_groups or set_false_path.

    Location             Delay type                Incr(ns)  Path(ns)    Netlist Resource(s)
  -------------------------------------------------------------------    -------------------
                         (clock clk_out1_design_1_clk_wiz_0_0 rise edge)
                                                      0.000     0.000 r  
    H16                                               0.000     0.000 r  sys_clock (IN)
                         net (fo=0)                   0.000     0.000    design_1_i/clk_wiz_0/inst/clk_in1
    H16                  IBUF (Prop_ibuf_I_O)         1.451     1.451 r  design_1_i/clk_wiz_0/inst/clkin1_ibufg/O
                         net (fo=1, routed)           1.285     2.736    design_1_i/clk_wiz_0/inst/clk_in1_design_1_clk_wiz_0_0
    MMCME2_ADV_X1Y2      MMCME2_ADV (Prop_mmcme2_adv_CLKIN1_CLKOUT0)
                                                     -7.759    -5.023 r  design_1_i/clk_wiz_0/inst/mmcm_adv_inst/CLKOUT0
                         net (fo=1, routed)           2.206    -2.817    design_1_i/clk_wiz_0/inst/clk_out1_design_1_clk_wiz_0_0
    BUFGCTRL_X0Y17       BUFG (Prop_bufg_I_O)         0.101    -2.716 r  design_1_i/clk_wiz_0/inst/clkout1_buf/O
                         net (fo=66, routed)          1.892    -0.824    design_1_i/SpeedSensor_0/U0/SpeedSensor_slave_lite_v1_0_S00_AXI_inst/Core1/Clk
    SLICE_X31Y100        FDRE                                         r  design_1_i/SpeedSensor_0/U0/SpeedSensor_slave_lite_v1_0_S00_AXI_inst/Core1/pulse_count_reg[10]/C
  -------------------------------------------------------------------    -------------------
    SLICE_X31Y100        FDRE (Prop_fdre_C_Q)         0.456    -0.368 r  design_1_i/SpeedSensor_0/U0/SpeedSensor_slave_lite_v1_0_S00_AXI_inst/Core1/pulse_count_reg[10]/Q
                         net (fo=2, routed)           1.511     1.142    design_1_i/SpeedSensor_0/U0/SpeedSensor_slave_lite_v1_0_S00_AXI_inst/pulse_count_reg[10]
    SLICE_X33Y99         LUT6 (Prop_lut6_I5_O)        0.124     1.266 r  design_1_i/SpeedSensor_0/U0/SpeedSensor_slave_lite_v1_0_S00_AXI_inst/s00_axi_rdata[10]_INST_0/O
                         net (fo=1, routed)           0.778     2.044    design_1_i/axi_interconnect_0/xbar/inst/gen_sasd.crossbar_sasd_0/reg_slice_r/m_axi_rdata[74]
    SLICE_X40Y99         LUT6 (Prop_lut6_I4_O)        0.124     2.168 r  design_1_i/axi_interconnect_0/xbar/inst/gen_sasd.crossbar_sasd_0/reg_slice_r/m_payload_i[13]_i_2/O
                         net (fo=1, routed)           0.928     3.096    design_1_i/axi_interconnect_0/xbar/inst/gen_sasd.crossbar_sasd_0/reg_slice_r/m_payload_i[13]_i_2_n_0
    SLICE_X33Y93         LUT6 (Prop_lut6_I5_O)        0.124     3.220 r  design_1_i/axi_interconnect_0/xbar/inst/gen_sasd.crossbar_sasd_0/reg_slice_r/m_payload_i[13]_i_1/O
                         net (fo=2, routed)           3.748     6.968    design_1_i/axi_interconnect_0/xbar/inst/gen_sasd.crossbar_sasd_0/reg_slice_r/skid_buffer[13]
    SLICE_X33Y91         FDRE                                         r  design_1_i/axi_interconnect_0/xbar/inst/gen_sasd.crossbar_sasd_0/reg_slice_r/m_payload_i_reg[13]/D
  -------------------------------------------------------------------    -------------------

                         (clock clk_fpga_0 rise edge)
                                                     10.000    10.000 r  
    PS7_X0Y0             PS7                          0.000    10.000 r  design_1_i/processing_system7_0/inst/PS7_i/FCLKCLK[0]
                         net (fo=1, routed)           1.088    11.088    design_1_i/processing_system7_0/inst/FCLK_CLK_unbuffered[0]
    BUFGCTRL_X0Y16       BUFG (Prop_bufg_I_O)         0.091    11.179 r  design_1_i/processing_system7_0/inst/buffer_fclk_clk_0.FCLK_CLK_0_BUFG/O
                         net (fo=1419, routed)        1.478    12.657    design_1_i/axi_interconnect_0/xbar/inst/gen_sasd.crossbar_sasd_0/reg_slice_r/aclk
    SLICE_X33Y91         FDRE                                         r  design_1_i/axi_interconnect_0/xbar/inst/gen_sasd.crossbar_sasd_0/reg_slice_r/m_payload_i_reg[13]/C
                         clock pessimism              0.000    12.657    
                         clock uncertainty           -0.263    12.394    
    SLICE_X33Y91         FDRE (Setup_fdre_C_D)       -0.093    12.301    design_1_i/axi_interconnect_0/xbar/inst/gen_sasd.crossbar_sasd_0/reg_slice_r/m_payload_i_reg[13]
  -------------------------------------------------------------------
                         required time                         12.301    
                         arrival time                          -6.968    
  -------------------------------------------------------------------
                         slack                                  5.333    

Slack (MET) :             5.385ns  (required time - arrival time)
  Source:                 design_1_i/SpeedSensor_0/U0/SpeedSensor_slave_lite_v1_0_S00_AXI_inst/Core1/pulse_count_reg[3]/C
                            (rising edge-triggered cell FDRE clocked by clk_out1_design_1_clk_wiz_0_0  {rise@0.000ns fall@5.000ns period=10.000ns})
  Destination:            design_1_i/axi_interconnect_0/xbar/inst/gen_sasd.crossbar_sasd_0/reg_slice_r/m_payload_i_reg[6]/D
                            (rising edge-triggered cell FDRE clocked by clk_fpga_0  {rise@0.000ns fall@5.000ns period=10.000ns})
  Path Group:             clk_fpga_0
  Path Type:              Setup (Max at Slow Process Corner)
  Requirement:            10.000ns  (clk_fpga_0 rise@10.000ns - clk_out1_design_1_clk_wiz_0_0 rise@0.000ns)
  Data Path Delay:        7.968ns  (logic 0.828ns (10.392%)  route 7.140ns (89.608%))
  Logic Levels:           3  (LUT6=3)
  Clock Path Skew:        3.675ns (DCD - SCD + CPR)
    Destination Clock Delay (DCD):    2.659ns = ( 12.659 - 10.000 ) 
    Source Clock Delay      (SCD):    -1.016ns
    Clock Pessimism Removal (CPR):    0.000ns
  Clock Uncertainty:      0.263ns  ((TSJ^2 + TIJ^2 + DJ^2)^1/2) / 2 + PE
    Total System Jitter     (TSJ):    0.071ns
    Total Input Jitter      (TIJ):    0.300ns
    Discrete Jitter          (DJ):    0.125ns
    Phase Error              (PE):    0.097ns
  Clock Domain Crossing:  Inter clock paths are considered valid unless explicitly excluded by timing constraints such as set_clock_groups or set_false_path.

    Location             Delay type                Incr(ns)  Path(ns)    Netlist Resource(s)
  -------------------------------------------------------------------    -------------------
                         (clock clk_out1_design_1_clk_wiz_0_0 rise edge)
                                                      0.000     0.000 r  
    H16                                               0.000     0.000 r  sys_clock (IN)
                         net (fo=0)                   0.000     0.000    design_1_i/clk_wiz_0/inst/clk_in1
    H16                  IBUF (Prop_ibuf_I_O)         1.451     1.451 r  design_1_i/clk_wiz_0/inst/clkin1_ibufg/O
                         net (fo=1, routed)           1.285     2.736    design_1_i/clk_wiz_0/inst/clk_in1_design_1_clk_wiz_0_0
    MMCME2_ADV_X1Y2      MMCME2_ADV (Prop_mmcme2_adv_CLKIN1_CLKOUT0)
                                                     -7.759    -5.023 r  design_1_i/clk_wiz_0/inst/mmcm_adv_inst/CLKOUT0
                         net (fo=1, routed)           2.206    -2.817    design_1_i/clk_wiz_0/inst/clk_out1_design_1_clk_wiz_0_0
    BUFGCTRL_X0Y17       BUFG (Prop_bufg_I_O)         0.101    -2.716 r  design_1_i/clk_wiz_0/inst/clkout1_buf/O
                         net (fo=66, routed)          1.700    -1.016    design_1_i/SpeedSensor_0/U0/SpeedSensor_slave_lite_v1_0_S00_AXI_inst/Core1/Clk
    SLICE_X31Y98         FDRE                                         r  design_1_i/SpeedSensor_0/U0/SpeedSensor_slave_lite_v1_0_S00_AXI_inst/Core1/pulse_count_reg[3]/C
  -------------------------------------------------------------------    -------------------
    SLICE_X31Y98         FDRE (Prop_fdre_C_Q)         0.456    -0.560 r  design_1_i/SpeedSensor_0/U0/SpeedSensor_slave_lite_v1_0_S00_AXI_inst/Core1/pulse_count_reg[3]/Q
                         net (fo=2, routed)           1.615     1.055    design_1_i/SpeedSensor_0/U0/SpeedSensor_slave_lite_v1_0_S00_AXI_inst/pulse_count_reg[3]
    SLICE_X31Y95         LUT6 (Prop_lut6_I5_O)        0.124     1.179 r  design_1_i/SpeedSensor_0/U0/SpeedSensor_slave_lite_v1_0_S00_AXI_inst/s00_axi_rdata[3]_INST_0/O
                         net (fo=1, routed)           1.066     2.246    design_1_i/axi_interconnect_0/xbar/inst/gen_sasd.crossbar_sasd_0/reg_slice_r/m_axi_rdata[67]
    SLICE_X41Y94         LUT6 (Prop_lut6_I2_O)        0.124     2.370 r  design_1_i/axi_interconnect_0/xbar/inst/gen_sasd.crossbar_sasd_0/reg_slice_r/m_payload_i[6]_i_2/O
                         net (fo=1, routed)           0.789     3.159    design_1_i/axi_interconnect_0/xbar/inst/gen_sasd.crossbar_sasd_0/reg_slice_r/m_payload_i[6]_i_2_n_0
    SLICE_X38Y94         LUT6 (Prop_lut6_I5_O)        0.124     3.283 r  design_1_i/axi_interconnect_0/xbar/inst/gen_sasd.crossbar_sasd_0/reg_slice_r/m_payload_i[6]_i_1/O
                         net (fo=2, routed)           3.669     6.951    design_1_i/axi_interconnect_0/xbar/inst/gen_sasd.crossbar_sasd_0/reg_slice_r/skid_buffer[6]
    SLICE_X34Y95         FDRE                                         r  design_1_i/axi_interconnect_0/xbar/inst/gen_sasd.crossbar_sasd_0/reg_slice_r/m_payload_i_reg[6]/D
  -------------------------------------------------------------------    -------------------

                         (clock clk_fpga_0 rise edge)
                                                     10.000    10.000 r  
    PS7_X0Y0             PS7                          0.000    10.000 r  design_1_i/processing_system7_0/inst/PS7_i/FCLKCLK[0]
                         net (fo=1, routed)           1.088    11.088    design_1_i/processing_system7_0/inst/FCLK_CLK_unbuffered[0]
    BUFGCTRL_X0Y16       BUFG (Prop_bufg_I_O)         0.091    11.179 r  design_1_i/processing_system7_0/inst/buffer_fclk_clk_0.FCLK_CLK_0_BUFG/O
                         net (fo=1419, routed)        1.480    12.659    design_1_i/axi_interconnect_0/xbar/inst/gen_sasd.crossbar_sasd_0/reg_slice_r/aclk
    SLICE_X34Y95         FDRE                                         r  design_1_i/axi_interconnect_0/xbar/inst/gen_sasd.crossbar_sasd_0/reg_slice_r/m_payload_i_reg[6]/C
                         clock pessimism              0.000    12.659    
                         clock uncertainty           -0.263    12.396    
    SLICE_X34Y95         FDRE (Setup_fdre_C_D)       -0.059    12.337    design_1_i/axi_interconnect_0/xbar/inst/gen_sasd.crossbar_sasd_0/reg_slice_r/m_payload_i_reg[6]
  -------------------------------------------------------------------
                         required time                         12.337    
                         arrival time                          -6.951    
  -------------------------------------------------------------------
                         slack                                  5.385    

Slack (MET) :             5.495ns  (required time - arrival time)
  Source:                 design_1_i/SpeedSensor_0/U0/SpeedSensor_slave_lite_v1_0_S00_AXI_inst/Core1/pulse_count_reg[3]/C
                            (rising edge-triggered cell FDRE clocked by clk_out1_design_1_clk_wiz_0_0  {rise@0.000ns fall@5.000ns period=10.000ns})
  Destination:            design_1_i/axi_interconnect_0/xbar/inst/gen_sasd.crossbar_sasd_0/reg_slice_r/skid_buffer_reg[6]/D
                            (rising edge-triggered cell FDRE clocked by clk_fpga_0  {rise@0.000ns fall@5.000ns period=10.000ns})
  Path Group:             clk_fpga_0
  Path Type:              Setup (Max at Slow Process Corner)
  Requirement:            10.000ns  (clk_fpga_0 rise@10.000ns - clk_out1_design_1_clk_wiz_0_0 rise@0.000ns)
  Data Path Delay:        7.886ns  (logic 0.828ns (10.499%)  route 7.058ns (89.501%))
  Logic Levels:           3  (LUT6=3)
  Clock Path Skew:        3.674ns (DCD - SCD + CPR)
    Destination Clock Delay (DCD):    2.658ns = ( 12.658 - 10.000 ) 
    Source Clock Delay      (SCD):    -1.016ns
    Clock Pessimism Removal (CPR):    0.000ns
  Clock Uncertainty:      0.263ns  ((TSJ^2 + TIJ^2 + DJ^2)^1/2) / 2 + PE
    Total System Jitter     (TSJ):    0.071ns
    Total Input Jitter      (TIJ):    0.300ns
    Discrete Jitter          (DJ):    0.125ns
    Phase Error              (PE):    0.097ns
  Clock Domain Crossing:  Inter clock paths are considered valid unless explicitly excluded by timing constraints such as set_clock_groups or set_false_path.

    Location             Delay type                Incr(ns)  Path(ns)    Netlist Resource(s)
  -------------------------------------------------------------------    -------------------
                         (clock clk_out1_design_1_clk_wiz_0_0 rise edge)
                                                      0.000     0.000 r  
    H16                                               0.000     0.000 r  sys_clock (IN)
                         net (fo=0)                   0.000     0.000    design_1_i/clk_wiz_0/inst/clk_in1
    H16                  IBUF (Prop_ibuf_I_O)         1.451     1.451 r  design_1_i/clk_wiz_0/inst/clkin1_ibufg/O
                         net (fo=1, routed)           1.285     2.736    design_1_i/clk_wiz_0/inst/clk_in1_design_1_clk_wiz_0_0
    MMCME2_ADV_X1Y2      MMCME2_ADV (Prop_mmcme2_adv_CLKIN1_CLKOUT0)
                                                     -7.759    -5.023 r  design_1_i/clk_wiz_0/inst/mmcm_adv_inst/CLKOUT0
                         net (fo=1, routed)           2.206    -2.817    design_1_i/clk_wiz_0/inst/clk_out1_design_1_clk_wiz_0_0
    BUFGCTRL_X0Y17       BUFG (Prop_bufg_I_O)         0.101    -2.716 r  design_1_i/clk_wiz_0/inst/clkout1_buf/O
                         net (fo=66, routed)          1.700    -1.016    design_1_i/SpeedSensor_0/U0/SpeedSensor_slave_lite_v1_0_S00_AXI_inst/Core1/Clk
    SLICE_X31Y98         FDRE                                         r  design_1_i/SpeedSensor_0/U0/SpeedSensor_slave_lite_v1_0_S00_AXI_inst/Core1/pulse_count_reg[3]/C
  -------------------------------------------------------------------    -------------------
    SLICE_X31Y98         FDRE (Prop_fdre_C_Q)         0.456    -0.560 r  design_1_i/SpeedSensor_0/U0/SpeedSensor_slave_lite_v1_0_S00_AXI_inst/Core1/pulse_count_reg[3]/Q
                         net (fo=2, routed)           1.615     1.055    design_1_i/SpeedSensor_0/U0/SpeedSensor_slave_lite_v1_0_S00_AXI_inst/pulse_count_reg[3]
    SLICE_X31Y95         LUT6 (Prop_lut6_I5_O)        0.124     1.179 r  design_1_i/SpeedSensor_0/U0/SpeedSensor_slave_lite_v1_0_S00_AXI_inst/s00_axi_rdata[3]_INST_0/O
                         net (fo=1, routed)           1.066     2.246    design_1_i/axi_interconnect_0/xbar/inst/gen_sasd.crossbar_sasd_0/reg_slice_r/m_axi_rdata[67]
    SLICE_X41Y94         LUT6 (Prop_lut6_I2_O)        0.124     2.370 r  design_1_i/axi_interconnect_0/xbar/inst/gen_sasd.crossbar_sasd_0/reg_slice_r/m_payload_i[6]_i_2/O
                         net (fo=1, routed)           0.789     3.159    design_1_i/axi_interconnect_0/xbar/inst/gen_sasd.crossbar_sasd_0/reg_slice_r/m_payload_i[6]_i_2_n_0
    SLICE_X38Y94         LUT6 (Prop_lut6_I5_O)        0.124     3.283 r  design_1_i/axi_interconnect_0/xbar/inst/gen_sasd.crossbar_sasd_0/reg_slice_r/m_payload_i[6]_i_1/O
                         net (fo=2, routed)           3.587     6.870    design_1_i/axi_interconnect_0/xbar/inst/gen_sasd.crossbar_sasd_0/reg_slice_r/skid_buffer[6]
    SLICE_X38Y95         FDRE                                         r  design_1_i/axi_interconnect_0/xbar/inst/gen_sasd.crossbar_sasd_0/reg_slice_r/skid_buffer_reg[6]/D
  -------------------------------------------------------------------    -------------------

                         (clock clk_fpga_0 rise edge)
                                                     10.000    10.000 r  
    PS7_X0Y0             PS7                          0.000    10.000 r  design_1_i/processing_system7_0/inst/PS7_i/FCLKCLK[0]
                         net (fo=1, routed)           1.088    11.088    design_1_i/processing_system7_0/inst/FCLK_CLK_unbuffered[0]
    BUFGCTRL_X0Y16       BUFG (Prop_bufg_I_O)         0.091    11.179 r  design_1_i/processing_system7_0/inst/buffer_fclk_clk_0.FCLK_CLK_0_BUFG/O
                         net (fo=1419, routed)        1.479    12.658    design_1_i/axi_interconnect_0/xbar/inst/gen_sasd.crossbar_sasd_0/reg_slice_r/aclk
    SLICE_X38Y95         FDRE                                         r  design_1_i/axi_interconnect_0/xbar/inst/gen_sasd.crossbar_sasd_0/reg_slice_r/skid_buffer_reg[6]/C
                         clock pessimism              0.000    12.658    
                         clock uncertainty           -0.263    12.395    
    SLICE_X38Y95         FDRE (Setup_fdre_C_D)       -0.030    12.365    design_1_i/axi_interconnect_0/xbar/inst/gen_sasd.crossbar_sasd_0/reg_slice_r/skid_buffer_reg[6]
  -------------------------------------------------------------------
                         required time                         12.365    
                         arrival time                          -6.870    
  -------------------------------------------------------------------
                         slack                                  5.495    

Slack (MET) :             5.515ns  (required time - arrival time)
  Source:                 design_1_i/SpeedSensor_0/U0/SpeedSensor_slave_lite_v1_0_S00_AXI_inst/Core1/pulse_count_reg[10]/C
                            (rising edge-triggered cell FDRE clocked by clk_out1_design_1_clk_wiz_0_0  {rise@0.000ns fall@5.000ns period=10.000ns})
  Destination:            design_1_i/axi_interconnect_0/xbar/inst/gen_sasd.crossbar_sasd_0/reg_slice_r/skid_buffer_reg[13]/D
                            (rising edge-triggered cell FDRE clocked by clk_fpga_0  {rise@0.000ns fall@5.000ns period=10.000ns})
  Path Group:             clk_fpga_0
  Path Type:              Setup (Max at Slow Process Corner)
  Requirement:            10.000ns  (clk_fpga_0 rise@10.000ns - clk_out1_design_1_clk_wiz_0_0 rise@0.000ns)
  Data Path Delay:        7.676ns  (logic 0.828ns (10.787%)  route 6.848ns (89.213%))
  Logic Levels:           3  (LUT6=3)
  Clock Path Skew:        3.482ns (DCD - SCD + CPR)
    Destination Clock Delay (DCD):    2.658ns = ( 12.658 - 10.000 ) 
    Source Clock Delay      (SCD):    -0.824ns
    Clock Pessimism Removal (CPR):    0.000ns
  Clock Uncertainty:      0.263ns  ((TSJ^2 + TIJ^2 + DJ^2)^1/2) / 2 + PE
    Total System Jitter     (TSJ):    0.071ns
    Total Input Jitter      (TIJ):    0.300ns
    Discrete Jitter          (DJ):    0.125ns
    Phase Error              (PE):    0.097ns
  Clock Domain Crossing:  Inter clock paths are considered valid unless explicitly excluded by timing constraints such as set_clock_groups or set_false_path.

    Location             Delay type                Incr(ns)  Path(ns)    Netlist Resource(s)
  -------------------------------------------------------------------    -------------------
                         (clock clk_out1_design_1_clk_wiz_0_0 rise edge)
                                                      0.000     0.000 r  
    H16                                               0.000     0.000 r  sys_clock (IN)
                         net (fo=0)                   0.000     0.000    design_1_i/clk_wiz_0/inst/clk_in1
    H16                  IBUF (Prop_ibuf_I_O)         1.451     1.451 r  design_1_i/clk_wiz_0/inst/clkin1_ibufg/O
                         net (fo=1, routed)           1.285     2.736    design_1_i/clk_wiz_0/inst/clk_in1_design_1_clk_wiz_0_0
    MMCME2_ADV_X1Y2      MMCME2_ADV (Prop_mmcme2_adv_CLKIN1_CLKOUT0)
                                                     -7.759    -5.023 r  design_1_i/clk_wiz_0/inst/mmcm_adv_inst/CLKOUT0
                         net (fo=1, routed)           2.206    -2.817    design_1_i/clk_wiz_0/inst/clk_out1_design_1_clk_wiz_0_0
    BUFGCTRL_X0Y17       BUFG (Prop_bufg_I_O)         0.101    -2.716 r  design_1_i/clk_wiz_0/inst/clkout1_buf/O
                         net (fo=66, routed)          1.892    -0.824    design_1_i/SpeedSensor_0/U0/SpeedSensor_slave_lite_v1_0_S00_AXI_inst/Core1/Clk
    SLICE_X31Y100        FDRE                                         r  design_1_i/SpeedSensor_0/U0/SpeedSensor_slave_lite_v1_0_S00_AXI_inst/Core1/pulse_count_reg[10]/C
  -------------------------------------------------------------------    -------------------
    SLICE_X31Y100        FDRE (Prop_fdre_C_Q)         0.456    -0.368 r  design_1_i/SpeedSensor_0/U0/SpeedSensor_slave_lite_v1_0_S00_AXI_inst/Core1/pulse_count_reg[10]/Q
                         net (fo=2, routed)           1.511     1.142    design_1_i/SpeedSensor_0/U0/SpeedSensor_slave_lite_v1_0_S00_AXI_inst/pulse_count_reg[10]
    SLICE_X33Y99         LUT6 (Prop_lut6_I5_O)        0.124     1.266 r  design_1_i/SpeedSensor_0/U0/SpeedSensor_slave_lite_v1_0_S00_AXI_inst/s00_axi_rdata[10]_INST_0/O
                         net (fo=1, routed)           0.778     2.044    design_1_i/axi_interconnect_0/xbar/inst/gen_sasd.crossbar_sasd_0/reg_slice_r/m_axi_rdata[74]
    SLICE_X40Y99         LUT6 (Prop_lut6_I4_O)        0.124     2.168 r  design_1_i/axi_interconnect_0/xbar/inst/gen_sasd.crossbar_sasd_0/reg_slice_r/m_payload_i[13]_i_2/O
                         net (fo=1, routed)           0.928     3.096    design_1_i/axi_interconnect_0/xbar/inst/gen_sasd.crossbar_sasd_0/reg_slice_r/m_payload_i[13]_i_2_n_0
    SLICE_X33Y93         LUT6 (Prop_lut6_I5_O)        0.124     3.220 r  design_1_i/axi_interconnect_0/xbar/inst/gen_sasd.crossbar_sasd_0/reg_slice_r/m_payload_i[13]_i_1/O
                         net (fo=2, routed)           3.632     6.852    design_1_i/axi_interconnect_0/xbar/inst/gen_sasd.crossbar_sasd_0/reg_slice_r/skid_buffer[13]
    SLICE_X32Y93         FDRE                                         r  design_1_i/axi_interconnect_0/xbar/inst/gen_sasd.crossbar_sasd_0/reg_slice_r/skid_buffer_reg[13]/D
  -------------------------------------------------------------------    -------------------

                         (clock clk_fpga_0 rise edge)
                                                     10.000    10.000 r  
    PS7_X0Y0             PS7                          0.000    10.000 r  design_1_i/processing_system7_0/inst/PS7_i/FCLKCLK[0]
                         net (fo=1, routed)           1.088    11.088    design_1_i/processing_system7_0/inst/FCLK_CLK_unbuffered[0]
    BUFGCTRL_X0Y16       BUFG (Prop_bufg_I_O)         0.091    11.179 r  design_1_i/processing_system7_0/inst/buffer_fclk_clk_0.FCLK_CLK_0_BUFG/O
                         net (fo=1419, routed)        1.479    12.658    design_1_i/axi_interconnect_0/xbar/inst/gen_sasd.crossbar_sasd_0/reg_slice_r/aclk
    SLICE_X32Y93         FDRE                                         r  design_1_i/axi_interconnect_0/xbar/inst/gen_sasd.crossbar_sasd_0/reg_slice_r/skid_buffer_reg[13]/C
                         clock pessimism              0.000    12.658    
                         clock uncertainty           -0.263    12.395    
    SLICE_X32Y93         FDRE (Setup_fdre_C_D)       -0.028    12.367    design_1_i/axi_interconnect_0/xbar/inst/gen_sasd.crossbar_sasd_0/reg_slice_r/skid_buffer_reg[13]
  -------------------------------------------------------------------
                         required time                         12.367    
                         arrival time                          -6.852    
  -------------------------------------------------------------------
                         slack                                  5.515    

Slack (MET) :             5.533ns  (required time - arrival time)
  Source:                 design_1_i/SpeedSensor_0/U0/SpeedSensor_slave_lite_v1_0_S00_AXI_inst/Core1/pulse_count_reg[7]/C
                            (rising edge-triggered cell FDRE clocked by clk_out1_design_1_clk_wiz_0_0  {rise@0.000ns fall@5.000ns period=10.000ns})
  Destination:            design_1_i/axi_interconnect_0/xbar/inst/gen_sasd.crossbar_sasd_0/reg_slice_r/skid_buffer_reg[10]/D
                            (rising edge-triggered cell FDRE clocked by clk_fpga_0  {rise@0.000ns fall@5.000ns period=10.000ns})
  Path Group:             clk_fpga_0
  Path Type:              Setup (Max at Slow Process Corner)
  Requirement:            10.000ns  (clk_fpga_0 rise@10.000ns - clk_out1_design_1_clk_wiz_0_0 rise@0.000ns)
  Data Path Delay:        7.810ns  (logic 0.828ns (10.601%)  route 6.982ns (89.399%))
  Logic Levels:           3  (LUT5=1 LUT6=2)
  Clock Path Skew:        3.673ns (DCD - SCD + CPR)
    Destination Clock Delay (DCD):    2.657ns = ( 12.657 - 10.000 ) 
    Source Clock Delay      (SCD):    -1.016ns
    Clock Pessimism Removal (CPR):    0.000ns
  Clock Uncertainty:      0.263ns  ((TSJ^2 + TIJ^2 + DJ^2)^1/2) / 2 + PE
    Total System Jitter     (TSJ):    0.071ns
    Total Input Jitter      (TIJ):    0.300ns
    Discrete Jitter          (DJ):    0.125ns
    Phase Error              (PE):    0.097ns
  Clock Domain Crossing:  Inter clock paths are considered valid unless explicitly excluded by timing constraints such as set_clock_groups or set_false_path.

    Location             Delay type                Incr(ns)  Path(ns)    Netlist Resource(s)
  -------------------------------------------------------------------    -------------------
                         (clock clk_out1_design_1_clk_wiz_0_0 rise edge)
                                                      0.000     0.000 r  
    H16                                               0.000     0.000 r  sys_clock (IN)
                         net (fo=0)                   0.000     0.000    design_1_i/clk_wiz_0/inst/clk_in1
    H16                  IBUF (Prop_ibuf_I_O)         1.451     1.451 r  design_1_i/clk_wiz_0/inst/clkin1_ibufg/O
                         net (fo=1, routed)           1.285     2.736    design_1_i/clk_wiz_0/inst/clk_in1_design_1_clk_wiz_0_0
    MMCME2_ADV_X1Y2      MMCME2_ADV (Prop_mmcme2_adv_CLKIN1_CLKOUT0)
                                                     -7.759    -5.023 r  design_1_i/clk_wiz_0/inst/mmcm_adv_inst/CLKOUT0
                         net (fo=1, routed)           2.206    -2.817    design_1_i/clk_wiz_0/inst/clk_out1_design_1_clk_wiz_0_0
    BUFGCTRL_X0Y17       BUFG (Prop_bufg_I_O)         0.101    -2.716 r  design_1_i/clk_wiz_0/inst/clkout1_buf/O
                         net (fo=66, routed)          1.700    -1.016    design_1_i/SpeedSensor_0/U0/SpeedSensor_slave_lite_v1_0_S00_AXI_inst/Core1/Clk
    SLICE_X31Y99         FDRE                                         r  design_1_i/SpeedSensor_0/U0/SpeedSensor_slave_lite_v1_0_S00_AXI_inst/Core1/pulse_count_reg[7]/C
  -------------------------------------------------------------------    -------------------
    SLICE_X31Y99         FDRE (Prop_fdre_C_Q)         0.456    -0.560 r  design_1_i/SpeedSensor_0/U0/SpeedSensor_slave_lite_v1_0_S00_AXI_inst/Core1/pulse_count_reg[7]/Q
                         net (fo=2, routed)           1.611     1.051    design_1_i/SpeedSensor_0/U0/SpeedSensor_slave_lite_v1_0_S00_AXI_inst/pulse_count_reg[7]
    SLICE_X31Y93         LUT6 (Prop_lut6_I5_O)        0.124     1.175 r  design_1_i/SpeedSensor_0/U0/SpeedSensor_slave_lite_v1_0_S00_AXI_inst/s00_axi_rdata[7]_INST_0/O
                         net (fo=1, routed)           0.845     2.020    design_1_i/axi_interconnect_0/xbar/inst/gen_sasd.crossbar_sasd_0/reg_slice_r/m_axi_rdata[71]
    SLICE_X41Y93         LUT6 (Prop_lut6_I1_O)        0.124     2.144 r  design_1_i/axi_interconnect_0/xbar/inst/gen_sasd.crossbar_sasd_0/reg_slice_r/m_payload_i[10]_i_2/O
                         net (fo=1, routed)           0.877     3.021    design_1_i/axi_interconnect_0/xbar/inst/gen_sasd.crossbar_sasd_0/reg_slice_r/m_payload_i[10]_i_2_n_0
    SLICE_X34Y91         LUT5 (Prop_lut5_I4_O)        0.124     3.145 r  design_1_i/axi_interconnect_0/xbar/inst/gen_sasd.crossbar_sasd_0/reg_slice_r/m_payload_i[10]_i_1/O
                         net (fo=2, routed)           3.649     6.794    design_1_i/axi_interconnect_0/xbar/inst/gen_sasd.crossbar_sasd_0/reg_slice_r/skid_buffer[10]
    SLICE_X35Y90         FDRE                                         r  design_1_i/axi_interconnect_0/xbar/inst/gen_sasd.crossbar_sasd_0/reg_slice_r/skid_buffer_reg[10]/D
  -------------------------------------------------------------------    -------------------

                         (clock clk_fpga_0 rise edge)
                                                     10.000    10.000 r  
    PS7_X0Y0             PS7                          0.000    10.000 r  design_1_i/processing_system7_0/inst/PS7_i/FCLKCLK[0]
                         net (fo=1, routed)           1.088    11.088    design_1_i/processing_system7_0/inst/FCLK_CLK_unbuffered[0]
    BUFGCTRL_X0Y16       BUFG (Prop_bufg_I_O)         0.091    11.179 r  design_1_i/processing_system7_0/inst/buffer_fclk_clk_0.FCLK_CLK_0_BUFG/O
                         net (fo=1419, routed)        1.478    12.657    design_1_i/axi_interconnect_0/xbar/inst/gen_sasd.crossbar_sasd_0/reg_slice_r/aclk
    SLICE_X35Y90         FDRE                                         r  design_1_i/axi_interconnect_0/xbar/inst/gen_sasd.crossbar_sasd_0/reg_slice_r/skid_buffer_reg[10]/C
                         clock pessimism              0.000    12.657    
                         clock uncertainty           -0.263    12.394    
    SLICE_X35Y90         FDRE (Setup_fdre_C_D)       -0.067    12.327    design_1_i/axi_interconnect_0/xbar/inst/gen_sasd.crossbar_sasd_0/reg_slice_r/skid_buffer_reg[10]
  -------------------------------------------------------------------
                         required time                         12.327    
                         arrival time                          -6.794    
  -------------------------------------------------------------------
                         slack                                  5.533    

Slack (MET) :             5.671ns  (required time - arrival time)
  Source:                 design_1_i/SpeedSensor_0/U0/SpeedSensor_slave_lite_v1_0_S00_AXI_inst/Core1/pulse_count_reg[7]/C
                            (rising edge-triggered cell FDRE clocked by clk_out1_design_1_clk_wiz_0_0  {rise@0.000ns fall@5.000ns period=10.000ns})
  Destination:            design_1_i/axi_interconnect_0/xbar/inst/gen_sasd.crossbar_sasd_0/reg_slice_r/m_payload_i_reg[10]/D
                            (rising edge-triggered cell FDRE clocked by clk_fpga_0  {rise@0.000ns fall@5.000ns period=10.000ns})
  Path Group:             clk_fpga_0
  Path Type:              Setup (Max at Slow Process Corner)
  Requirement:            10.000ns  (clk_fpga_0 rise@10.000ns - clk_out1_design_1_clk_wiz_0_0 rise@0.000ns)
  Data Path Delay:        7.644ns  (logic 0.828ns (10.833%)  route 6.816ns (89.167%))
  Logic Levels:           3  (LUT5=1 LUT6=2)
  Clock Path Skew:        3.673ns (DCD - SCD + CPR)
    Destination Clock Delay (DCD):    2.657ns = ( 12.657 - 10.000 ) 
    Source Clock Delay      (SCD):    -1.016ns
    Clock Pessimism Removal (CPR):    0.000ns
  Clock Uncertainty:      0.263ns  ((TSJ^2 + TIJ^2 + DJ^2)^1/2) / 2 + PE
    Total System Jitter     (TSJ):    0.071ns
    Total Input Jitter      (TIJ):    0.300ns
    Discrete Jitter          (DJ):    0.125ns
    Phase Error              (PE):    0.097ns
  Clock Domain Crossing:  Inter clock paths are considered valid unless explicitly excluded by timing constraints such as set_clock_groups or set_false_path.

    Location             Delay type                Incr(ns)  Path(ns)    Netlist Resource(s)
  -------------------------------------------------------------------    -------------------
                         (clock clk_out1_design_1_clk_wiz_0_0 rise edge)
                                                      0.000     0.000 r  
    H16                                               0.000     0.000 r  sys_clock (IN)
                         net (fo=0)                   0.000     0.000    design_1_i/clk_wiz_0/inst/clk_in1
    H16                  IBUF (Prop_ibuf_I_O)         1.451     1.451 r  design_1_i/clk_wiz_0/inst/clkin1_ibufg/O
                         net (fo=1, routed)           1.285     2.736    design_1_i/clk_wiz_0/inst/clk_in1_design_1_clk_wiz_0_0
    MMCME2_ADV_X1Y2      MMCME2_ADV (Prop_mmcme2_adv_CLKIN1_CLKOUT0)
                                                     -7.759    -5.023 r  design_1_i/clk_wiz_0/inst/mmcm_adv_inst/CLKOUT0
                         net (fo=1, routed)           2.206    -2.817    design_1_i/clk_wiz_0/inst/clk_out1_design_1_clk_wiz_0_0
    BUFGCTRL_X0Y17       BUFG (Prop_bufg_I_O)         0.101    -2.716 r  design_1_i/clk_wiz_0/inst/clkout1_buf/O
                         net (fo=66, routed)          1.700    -1.016    design_1_i/SpeedSensor_0/U0/SpeedSensor_slave_lite_v1_0_S00_AXI_inst/Core1/Clk
    SLICE_X31Y99         FDRE                                         r  design_1_i/SpeedSensor_0/U0/SpeedSensor_slave_lite_v1_0_S00_AXI_inst/Core1/pulse_count_reg[7]/C
  -------------------------------------------------------------------    -------------------
    SLICE_X31Y99         FDRE (Prop_fdre_C_Q)         0.456    -0.560 r  design_1_i/SpeedSensor_0/U0/SpeedSensor_slave_lite_v1_0_S00_AXI_inst/Core1/pulse_count_reg[7]/Q
                         net (fo=2, routed)           1.611     1.051    design_1_i/SpeedSensor_0/U0/SpeedSensor_slave_lite_v1_0_S00_AXI_inst/pulse_count_reg[7]
    SLICE_X31Y93         LUT6 (Prop_lut6_I5_O)        0.124     1.175 r  design_1_i/SpeedSensor_0/U0/SpeedSensor_slave_lite_v1_0_S00_AXI_inst/s00_axi_rdata[7]_INST_0/O
                         net (fo=1, routed)           0.845     2.020    design_1_i/axi_interconnect_0/xbar/inst/gen_sasd.crossbar_sasd_0/reg_slice_r/m_axi_rdata[71]
    SLICE_X41Y93         LUT6 (Prop_lut6_I1_O)        0.124     2.144 r  design_1_i/axi_interconnect_0/xbar/inst/gen_sasd.crossbar_sasd_0/reg_slice_r/m_payload_i[10]_i_2/O
                         net (fo=1, routed)           0.877     3.021    design_1_i/axi_interconnect_0/xbar/inst/gen_sasd.crossbar_sasd_0/reg_slice_r/m_payload_i[10]_i_2_n_0
    SLICE_X34Y91         LUT5 (Prop_lut5_I4_O)        0.124     3.145 r  design_1_i/axi_interconnect_0/xbar/inst/gen_sasd.crossbar_sasd_0/reg_slice_r/m_payload_i[10]_i_1/O
                         net (fo=2, routed)           3.482     6.627    design_1_i/axi_interconnect_0/xbar/inst/gen_sasd.crossbar_sasd_0/reg_slice_r/skid_buffer[10]
    SLICE_X33Y91         FDRE                                         r  design_1_i/axi_interconnect_0/xbar/inst/gen_sasd.crossbar_sasd_0/reg_slice_r/m_payload_i_reg[10]/D
  -------------------------------------------------------------------    -------------------

                         (clock clk_fpga_0 rise edge)
                                                     10.000    10.000 r  
    PS7_X0Y0             PS7                          0.000    10.000 r  design_1_i/processing_system7_0/inst/PS7_i/FCLKCLK[0]
                         net (fo=1, routed)           1.088    11.088    design_1_i/processing_system7_0/inst/FCLK_CLK_unbuffered[0]
    BUFGCTRL_X0Y16       BUFG (Prop_bufg_I_O)         0.091    11.179 r  design_1_i/processing_system7_0/inst/buffer_fclk_clk_0.FCLK_CLK_0_BUFG/O
                         net (fo=1419, routed)        1.478    12.657    design_1_i/axi_interconnect_0/xbar/inst/gen_sasd.crossbar_sasd_0/reg_slice_r/aclk
    SLICE_X33Y91         FDRE                                         r  design_1_i/axi_interconnect_0/xbar/inst/gen_sasd.crossbar_sasd_0/reg_slice_r/m_payload_i_reg[10]/C
                         clock pessimism              0.000    12.657    
                         clock uncertainty           -0.263    12.394    
    SLICE_X33Y91         FDRE (Setup_fdre_C_D)       -0.095    12.299    design_1_i/axi_interconnect_0/xbar/inst/gen_sasd.crossbar_sasd_0/reg_slice_r/m_payload_i_reg[10]
  -------------------------------------------------------------------
                         required time                         12.299    
                         arrival time                          -6.627    
  -------------------------------------------------------------------
                         slack                                  5.671    

Slack (MET) :             5.708ns  (required time - arrival time)
  Source:                 design_1_i/SpeedSensor_0/U0/SpeedSensor_slave_lite_v1_0_S00_AXI_inst/Core1/pulse_count_reg[2]/C
                            (rising edge-triggered cell FDRE clocked by clk_out1_design_1_clk_wiz_0_0  {rise@0.000ns fall@5.000ns period=10.000ns})
  Destination:            design_1_i/axi_interconnect_0/xbar/inst/gen_sasd.crossbar_sasd_0/reg_slice_r/m_payload_i_reg[5]/D
                            (rising edge-triggered cell FDRE clocked by clk_fpga_0  {rise@0.000ns fall@5.000ns period=10.000ns})
  Path Group:             clk_fpga_0
  Path Type:              Setup (Max at Slow Process Corner)
  Requirement:            10.000ns  (clk_fpga_0 rise@10.000ns - clk_out1_design_1_clk_wiz_0_0 rise@0.000ns)
  Data Path Delay:        7.648ns  (logic 0.828ns (10.827%)  route 6.820ns (89.173%))
  Logic Levels:           3  (LUT6=3)
  Clock Path Skew:        3.675ns (DCD - SCD + CPR)
    Destination Clock Delay (DCD):    2.659ns = ( 12.659 - 10.000 ) 
    Source Clock Delay      (SCD):    -1.016ns
    Clock Pessimism Removal (CPR):    0.000ns
  Clock Uncertainty:      0.263ns  ((TSJ^2 + TIJ^2 + DJ^2)^1/2) / 2 + PE
    Total System Jitter     (TSJ):    0.071ns
    Total Input Jitter      (TIJ):    0.300ns
    Discrete Jitter          (DJ):    0.125ns
    Phase Error              (PE):    0.097ns
  Clock Domain Crossing:  Inter clock paths are considered valid unless explicitly excluded by timing constraints such as set_clock_groups or set_false_path.

    Location             Delay type                Incr(ns)  Path(ns)    Netlist Resource(s)
  -------------------------------------------------------------------    -------------------
                         (clock clk_out1_design_1_clk_wiz_0_0 rise edge)
                                                      0.000     0.000 r  
    H16                                               0.000     0.000 r  sys_clock (IN)
                         net (fo=0)                   0.000     0.000    design_1_i/clk_wiz_0/inst/clk_in1
    H16                  IBUF (Prop_ibuf_I_O)         1.451     1.451 r  design_1_i/clk_wiz_0/inst/clkin1_ibufg/O
                         net (fo=1, routed)           1.285     2.736    design_1_i/clk_wiz_0/inst/clk_in1_design_1_clk_wiz_0_0
    MMCME2_ADV_X1Y2      MMCME2_ADV (Prop_mmcme2_adv_CLKIN1_CLKOUT0)
                                                     -7.759    -5.023 r  design_1_i/clk_wiz_0/inst/mmcm_adv_inst/CLKOUT0
                         net (fo=1, routed)           2.206    -2.817    design_1_i/clk_wiz_0/inst/clk_out1_design_1_clk_wiz_0_0
    BUFGCTRL_X0Y17       BUFG (Prop_bufg_I_O)         0.101    -2.716 r  design_1_i/clk_wiz_0/inst/clkout1_buf/O
                         net (fo=66, routed)          1.700    -1.016    design_1_i/SpeedSensor_0/U0/SpeedSensor_slave_lite_v1_0_S00_AXI_inst/Core1/Clk
    SLICE_X31Y98         FDRE                                         r  design_1_i/SpeedSensor_0/U0/SpeedSensor_slave_lite_v1_0_S00_AXI_inst/Core1/pulse_count_reg[2]/C
  -------------------------------------------------------------------    -------------------
    SLICE_X31Y98         FDRE (Prop_fdre_C_Q)         0.456    -0.560 r  design_1_i/SpeedSensor_0/U0/SpeedSensor_slave_lite_v1_0_S00_AXI_inst/Core1/pulse_count_reg[2]/Q
                         net (fo=2, routed)           1.453     0.893    design_1_i/SpeedSensor_0/U0/SpeedSensor_slave_lite_v1_0_S00_AXI_inst/pulse_count_reg[2]
    SLICE_X31Y93         LUT6 (Prop_lut6_I5_O)        0.124     1.017 r  design_1_i/SpeedSensor_0/U0/SpeedSensor_slave_lite_v1_0_S00_AXI_inst/s00_axi_rdata[2]_INST_0/O
                         net (fo=1, routed)           1.016     2.033    design_1_i/axi_interconnect_0/xbar/inst/gen_sasd.crossbar_sasd_0/reg_slice_r/m_axi_rdata[66]
    SLICE_X41Y93         LUT6 (Prop_lut6_I2_O)        0.124     2.157 r  design_1_i/axi_interconnect_0/xbar/inst/gen_sasd.crossbar_sasd_0/reg_slice_r/m_payload_i[5]_i_2/O
                         net (fo=1, routed)           0.592     2.749    design_1_i/axi_interconnect_0/xbar/inst/gen_sasd.crossbar_sasd_0/reg_slice_r/m_payload_i[5]_i_2_n_0
    SLICE_X38Y94         LUT6 (Prop_lut6_I5_O)        0.124     2.873 r  design_1_i/axi_interconnect_0/xbar/inst/gen_sasd.crossbar_sasd_0/reg_slice_r/m_payload_i[5]_i_1/O
                         net (fo=2, routed)           3.758     6.631    design_1_i/axi_interconnect_0/xbar/inst/gen_sasd.crossbar_sasd_0/reg_slice_r/skid_buffer[5]
    SLICE_X34Y95         FDRE                                         r  design_1_i/axi_interconnect_0/xbar/inst/gen_sasd.crossbar_sasd_0/reg_slice_r/m_payload_i_reg[5]/D
  -------------------------------------------------------------------    -------------------

                         (clock clk_fpga_0 rise edge)
                                                     10.000    10.000 r  
    PS7_X0Y0             PS7                          0.000    10.000 r  design_1_i/processing_system7_0/inst/PS7_i/FCLKCLK[0]
                         net (fo=1, routed)           1.088    11.088    design_1_i/processing_system7_0/inst/FCLK_CLK_unbuffered[0]
    BUFGCTRL_X0Y16       BUFG (Prop_bufg_I_O)         0.091    11.179 r  design_1_i/processing_system7_0/inst/buffer_fclk_clk_0.FCLK_CLK_0_BUFG/O
                         net (fo=1419, routed)        1.480    12.659    design_1_i/axi_interconnect_0/xbar/inst/gen_sasd.crossbar_sasd_0/reg_slice_r/aclk
    SLICE_X34Y95         FDRE                                         r  design_1_i/axi_interconnect_0/xbar/inst/gen_sasd.crossbar_sasd_0/reg_slice_r/m_payload_i_reg[5]/C
                         clock pessimism              0.000    12.659    
                         clock uncertainty           -0.263    12.396    
    SLICE_X34Y95         FDRE (Setup_fdre_C_D)       -0.056    12.340    design_1_i/axi_interconnect_0/xbar/inst/gen_sasd.crossbar_sasd_0/reg_slice_r/m_payload_i_reg[5]
  -------------------------------------------------------------------
                         required time                         12.340    
                         arrival time                          -6.631    
  -------------------------------------------------------------------
                         slack                                  5.708    

Slack (MET) :             5.709ns  (required time - arrival time)
  Source:                 design_1_i/SpeedSensor_0/U0/SpeedSensor_slave_lite_v1_0_S00_AXI_inst/Core1/pulse_count_reg[25]/C
                            (rising edge-triggered cell FDRE clocked by clk_out1_design_1_clk_wiz_0_0  {rise@0.000ns fall@5.000ns period=10.000ns})
  Destination:            design_1_i/axi_interconnect_0/xbar/inst/gen_sasd.crossbar_sasd_0/reg_slice_r/m_payload_i_reg[28]/D
                            (rising edge-triggered cell FDRE clocked by clk_fpga_0  {rise@0.000ns fall@5.000ns period=10.000ns})
  Path Group:             clk_fpga_0
  Path Type:              Setup (Max at Slow Process Corner)
  Requirement:            10.000ns  (clk_fpga_0 rise@10.000ns - clk_out1_design_1_clk_wiz_0_0 rise@0.000ns)
  Data Path Delay:        7.640ns  (logic 0.828ns (10.838%)  route 6.812ns (89.162%))
  Logic Levels:           3  (LUT6=3)
  Clock Path Skew:        3.658ns (DCD - SCD + CPR)
    Destination Clock Delay (DCD):    2.832ns = ( 12.832 - 10.000 ) 
    Source Clock Delay      (SCD):    -0.825ns
    Clock Pessimism Removal (CPR):    0.000ns
  Clock Uncertainty:      0.263ns  ((TSJ^2 + TIJ^2 + DJ^2)^1/2) / 2 + PE
    Total System Jitter     (TSJ):    0.071ns
    Total Input Jitter      (TIJ):    0.300ns
    Discrete Jitter          (DJ):    0.125ns
    Phase Error              (PE):    0.097ns
  Clock Domain Crossing:  Inter clock paths are considered valid unless explicitly excluded by timing constraints such as set_clock_groups or set_false_path.

    Location             Delay type                Incr(ns)  Path(ns)    Netlist Resource(s)
  -------------------------------------------------------------------    -------------------
                         (clock clk_out1_design_1_clk_wiz_0_0 rise edge)
                                                      0.000     0.000 r  
    H16                                               0.000     0.000 r  sys_clock (IN)
                         net (fo=0)                   0.000     0.000    design_1_i/clk_wiz_0/inst/clk_in1
    H16                  IBUF (Prop_ibuf_I_O)         1.451     1.451 r  design_1_i/clk_wiz_0/inst/clkin1_ibufg/O
                         net (fo=1, routed)           1.285     2.736    design_1_i/clk_wiz_0/inst/clk_in1_design_1_clk_wiz_0_0
    MMCME2_ADV_X1Y2      MMCME2_ADV (Prop_mmcme2_adv_CLKIN1_CLKOUT0)
                                                     -7.759    -5.023 r  design_1_i/clk_wiz_0/inst/mmcm_adv_inst/CLKOUT0
                         net (fo=1, routed)           2.206    -2.817    design_1_i/clk_wiz_0/inst/clk_out1_design_1_clk_wiz_0_0
    BUFGCTRL_X0Y17       BUFG (Prop_bufg_I_O)         0.101    -2.716 r  design_1_i/clk_wiz_0/inst/clkout1_buf/O
                         net (fo=66, routed)          1.891    -0.825    design_1_i/SpeedSensor_0/U0/SpeedSensor_slave_lite_v1_0_S00_AXI_inst/Core1/Clk
    SLICE_X31Y104        FDRE                                         r  design_1_i/SpeedSensor_0/U0/SpeedSensor_slave_lite_v1_0_S00_AXI_inst/Core1/pulse_count_reg[25]/C
  -------------------------------------------------------------------    -------------------
    SLICE_X31Y104        FDRE (Prop_fdre_C_Q)         0.456    -0.369 r  design_1_i/SpeedSensor_0/U0/SpeedSensor_slave_lite_v1_0_S00_AXI_inst/Core1/pulse_count_reg[25]/Q
                         net (fo=2, routed)           2.294     1.924    design_1_i/SpeedSensor_0/U0/SpeedSensor_slave_lite_v1_0_S00_AXI_inst/pulse_count_reg[25]
    SLICE_X35Y105        LUT6 (Prop_lut6_I5_O)        0.124     2.048 r  design_1_i/SpeedSensor_0/U0/SpeedSensor_slave_lite_v1_0_S00_AXI_inst/s00_axi_rdata[25]_INST_0/O
                         net (fo=1, routed)           1.731     3.779    design_1_i/axi_interconnect_0/xbar/inst/gen_sasd.crossbar_sasd_0/reg_slice_r/m_axi_rdata[89]
    SLICE_X37Y105        LUT6 (Prop_lut6_I4_O)        0.124     3.903 r  design_1_i/axi_interconnect_0/xbar/inst/gen_sasd.crossbar_sasd_0/reg_slice_r/m_payload_i[28]_i_3/O
                         net (fo=1, routed)           1.711     5.615    design_1_i/axi_interconnect_0/xbar/inst/gen_sasd.crossbar_sasd_0/reg_slice_r/m_payload_i[28]_i_3_n_0
    SLICE_X37Y105        LUT6 (Prop_lut6_I5_O)        0.124     5.739 r  design_1_i/axi_interconnect_0/xbar/inst/gen_sasd.crossbar_sasd_0/reg_slice_r/m_payload_i[28]_i_1/O
                         net (fo=2, routed)           1.076     6.815    design_1_i/axi_interconnect_0/xbar/inst/gen_sasd.crossbar_sasd_0/reg_slice_r/skid_buffer[28]
    SLICE_X32Y104        FDRE                                         r  design_1_i/axi_interconnect_0/xbar/inst/gen_sasd.crossbar_sasd_0/reg_slice_r/m_payload_i_reg[28]/D
  -------------------------------------------------------------------    -------------------

                         (clock clk_fpga_0 rise edge)
                                                     10.000    10.000 r  
    PS7_X0Y0             PS7                          0.000    10.000 r  design_1_i/processing_system7_0/inst/PS7_i/FCLKCLK[0]
                         net (fo=1, routed)           1.088    11.088    design_1_i/processing_system7_0/inst/FCLK_CLK_unbuffered[0]
    BUFGCTRL_X0Y16       BUFG (Prop_bufg_I_O)         0.091    11.179 r  design_1_i/processing_system7_0/inst/buffer_fclk_clk_0.FCLK_CLK_0_BUFG/O
                         net (fo=1419, routed)        1.653    12.832    design_1_i/axi_interconnect_0/xbar/inst/gen_sasd.crossbar_sasd_0/reg_slice_r/aclk
    SLICE_X32Y104        FDRE                                         r  design_1_i/axi_interconnect_0/xbar/inst/gen_sasd.crossbar_sasd_0/reg_slice_r/m_payload_i_reg[28]/C
                         clock pessimism              0.000    12.832    
                         clock uncertainty           -0.263    12.569    
    SLICE_X32Y104        FDRE (Setup_fdre_C_D)       -0.045    12.524    design_1_i/axi_interconnect_0/xbar/inst/gen_sasd.crossbar_sasd_0/reg_slice_r/m_payload_i_reg[28]
  -------------------------------------------------------------------
                         required time                         12.524    
                         arrival time                          -6.815    
  -------------------------------------------------------------------
                         slack                                  5.709    

Slack (MET) :             5.768ns  (required time - arrival time)
  Source:                 design_1_i/SpeedSensor_1/U0/SpeedSensor_slave_lite_v1_0_S00_AXI_inst/Core1/pulse_count_reg[27]/C
                            (rising edge-triggered cell FDRE clocked by clk_out1_design_1_clk_wiz_0_0  {rise@0.000ns fall@5.000ns period=10.000ns})
  Destination:            design_1_i/axi_interconnect_0/xbar/inst/gen_sasd.crossbar_sasd_0/reg_slice_r/m_payload_i_reg[30]/D
                            (rising edge-triggered cell FDRE clocked by clk_fpga_0  {rise@0.000ns fall@5.000ns period=10.000ns})
  Path Group:             clk_fpga_0
  Path Type:              Setup (Max at Slow Process Corner)
  Requirement:            10.000ns  (clk_fpga_0 rise@10.000ns - clk_out1_design_1_clk_wiz_0_0 rise@0.000ns)
  Data Path Delay:        7.473ns  (logic 0.828ns (11.080%)  route 6.645ns (88.920%))
  Logic Levels:           3  (LUT6=3)
  Clock Path Skew:        3.532ns (DCD - SCD + CPR)
    Destination Clock Delay (DCD):    2.659ns = ( 12.659 - 10.000 ) 
    Source Clock Delay      (SCD):    -0.873ns
    Clock Pessimism Removal (CPR):    0.000ns
  Clock Uncertainty:      0.263ns  ((TSJ^2 + TIJ^2 + DJ^2)^1/2) / 2 + PE
    Total System Jitter     (TSJ):    0.071ns
    Total Input Jitter      (TIJ):    0.300ns
    Discrete Jitter          (DJ):    0.125ns
    Phase Error              (PE):    0.097ns
  Clock Domain Crossing:  Inter clock paths are considered valid unless explicitly excluded by timing constraints such as set_clock_groups or set_false_path.

    Location             Delay type                Incr(ns)  Path(ns)    Netlist Resource(s)
  -------------------------------------------------------------------    -------------------
                         (clock clk_out1_design_1_clk_wiz_0_0 rise edge)
                                                      0.000     0.000 r  
    H16                                               0.000     0.000 r  sys_clock (IN)
                         net (fo=0)                   0.000     0.000    design_1_i/clk_wiz_0/inst/clk_in1
    H16                  IBUF (Prop_ibuf_I_O)         1.451     1.451 r  design_1_i/clk_wiz_0/inst/clkin1_ibufg/O
                         net (fo=1, routed)           1.285     2.736    design_1_i/clk_wiz_0/inst/clk_in1_design_1_clk_wiz_0_0
    MMCME2_ADV_X1Y2      MMCME2_ADV (Prop_mmcme2_adv_CLKIN1_CLKOUT0)
                                                     -7.759    -5.023 r  design_1_i/clk_wiz_0/inst/mmcm_adv_inst/CLKOUT0
                         net (fo=1, routed)           2.206    -2.817    design_1_i/clk_wiz_0/inst/clk_out1_design_1_clk_wiz_0_0
    BUFGCTRL_X0Y17       BUFG (Prop_bufg_I_O)         0.101    -2.716 r  design_1_i/clk_wiz_0/inst/clkout1_buf/O
                         net (fo=66, routed)          1.843    -0.873    design_1_i/SpeedSensor_1/U0/SpeedSensor_slave_lite_v1_0_S00_AXI_inst/Core1/Clk
    SLICE_X41Y103        FDRE                                         r  design_1_i/SpeedSensor_1/U0/SpeedSensor_slave_lite_v1_0_S00_AXI_inst/Core1/pulse_count_reg[27]/C
  -------------------------------------------------------------------    -------------------
    SLICE_X41Y103        FDRE (Prop_fdre_C_Q)         0.456    -0.417 r  design_1_i/SpeedSensor_1/U0/SpeedSensor_slave_lite_v1_0_S00_AXI_inst/Core1/pulse_count_reg[27]/Q
                         net (fo=2, routed)           1.236     0.818    design_1_i/SpeedSensor_1/U0/SpeedSensor_slave_lite_v1_0_S00_AXI_inst/pulse_count_reg[27]
    SLICE_X40Y105        LUT6 (Prop_lut6_I5_O)        0.124     0.942 r  design_1_i/SpeedSensor_1/U0/SpeedSensor_slave_lite_v1_0_S00_AXI_inst/s00_axi_rdata[27]_INST_0/O
                         net (fo=1, routed)           0.856     1.798    design_1_i/axi_interconnect_0/xbar/inst/gen_sasd.crossbar_sasd_0/reg_slice_r/m_axi_rdata[123]
    SLICE_X40Y103        LUT6 (Prop_lut6_I2_O)        0.124     1.922 r  design_1_i/axi_interconnect_0/xbar/inst/gen_sasd.crossbar_sasd_0/reg_slice_r/m_payload_i[30]_i_2/O
                         net (fo=1, routed)           0.716     2.638    design_1_i/axi_interconnect_0/xbar/inst/gen_sasd.crossbar_sasd_0/reg_slice_r/m_payload_i[30]_i_2_n_0
    SLICE_X35Y103        LUT6 (Prop_lut6_I5_O)        0.124     2.762 r  design_1_i/axi_interconnect_0/xbar/inst/gen_sasd.crossbar_sasd_0/reg_slice_r/m_payload_i[30]_i_1/O
                         net (fo=2, routed)           3.837     6.599    design_1_i/axi_interconnect_0/xbar/inst/gen_sasd.crossbar_sasd_0/reg_slice_r/skid_buffer[30]
    SLICE_X32Y98         FDRE                                         r  design_1_i/axi_interconnect_0/xbar/inst/gen_sasd.crossbar_sasd_0/reg_slice_r/m_payload_i_reg[30]/D
  -------------------------------------------------------------------    -------------------

                         (clock clk_fpga_0 rise edge)
                                                     10.000    10.000 r  
    PS7_X0Y0             PS7                          0.000    10.000 r  design_1_i/processing_system7_0/inst/PS7_i/FCLKCLK[0]
                         net (fo=1, routed)           1.088    11.088    design_1_i/processing_system7_0/inst/FCLK_CLK_unbuffered[0]
    BUFGCTRL_X0Y16       BUFG (Prop_bufg_I_O)         0.091    11.179 r  design_1_i/processing_system7_0/inst/buffer_fclk_clk_0.FCLK_CLK_0_BUFG/O
                         net (fo=1419, routed)        1.480    12.659    design_1_i/axi_interconnect_0/xbar/inst/gen_sasd.crossbar_sasd_0/reg_slice_r/aclk
    SLICE_X32Y98         FDRE                                         r  design_1_i/axi_interconnect_0/xbar/inst/gen_sasd.crossbar_sasd_0/reg_slice_r/m_payload_i_reg[30]/C
                         clock pessimism              0.000    12.659    
                         clock uncertainty           -0.263    12.396    
    SLICE_X32Y98         FDRE (Setup_fdre_C_D)       -0.028    12.368    design_1_i/axi_interconnect_0/xbar/inst/gen_sasd.crossbar_sasd_0/reg_slice_r/m_payload_i_reg[30]
  -------------------------------------------------------------------
                         required time                         12.368    
                         arrival time                          -6.599    
  -------------------------------------------------------------------
                         slack                                  5.768    

Slack (MET) :             5.792ns  (required time - arrival time)
  Source:                 design_1_i/SpeedSensor_1/U0/SpeedSensor_slave_lite_v1_0_S00_AXI_inst/Core1/pulse_count_reg[11]/C
                            (rising edge-triggered cell FDRE clocked by clk_out1_design_1_clk_wiz_0_0  {rise@0.000ns fall@5.000ns period=10.000ns})
  Destination:            design_1_i/axi_interconnect_0/xbar/inst/gen_sasd.crossbar_sasd_0/reg_slice_r/skid_buffer_reg[14]/D
                            (rising edge-triggered cell FDRE clocked by clk_fpga_0  {rise@0.000ns fall@5.000ns period=10.000ns})
  Path Group:             clk_fpga_0
  Path Type:              Setup (Max at Slow Process Corner)
  Requirement:            10.000ns  (clk_fpga_0 rise@10.000ns - clk_out1_design_1_clk_wiz_0_0 rise@0.000ns)
  Data Path Delay:        7.610ns  (logic 0.828ns (10.881%)  route 6.782ns (89.119%))
  Logic Levels:           3  (LUT6=3)
  Clock Path Skew:        3.723ns (DCD - SCD + CPR)
    Destination Clock Delay (DCD):    2.659ns = ( 12.659 - 10.000 ) 
    Source Clock Delay      (SCD):    -1.064ns
    Clock Pessimism Removal (CPR):    0.000ns
  Clock Uncertainty:      0.263ns  ((TSJ^2 + TIJ^2 + DJ^2)^1/2) / 2 + PE
    Total System Jitter     (TSJ):    0.071ns
    Total Input Jitter      (TIJ):    0.300ns
    Discrete Jitter          (DJ):    0.125ns
    Phase Error              (PE):    0.097ns
  Clock Domain Crossing:  Inter clock paths are considered valid unless explicitly excluded by timing constraints such as set_clock_groups or set_false_path.

    Location             Delay type                Incr(ns)  Path(ns)    Netlist Resource(s)
  -------------------------------------------------------------------    -------------------
                         (clock clk_out1_design_1_clk_wiz_0_0 rise edge)
                                                      0.000     0.000 r  
    H16                                               0.000     0.000 r  sys_clock (IN)
                         net (fo=0)                   0.000     0.000    design_1_i/clk_wiz_0/inst/clk_in1
    H16                  IBUF (Prop_ibuf_I_O)         1.451     1.451 r  design_1_i/clk_wiz_0/inst/clkin1_ibufg/O
                         net (fo=1, routed)           1.285     2.736    design_1_i/clk_wiz_0/inst/clk_in1_design_1_clk_wiz_0_0
    MMCME2_ADV_X1Y2      MMCME2_ADV (Prop_mmcme2_adv_CLKIN1_CLKOUT0)
                                                     -7.759    -5.023 r  design_1_i/clk_wiz_0/inst/mmcm_adv_inst/CLKOUT0
                         net (fo=1, routed)           2.206    -2.817    design_1_i/clk_wiz_0/inst/clk_out1_design_1_clk_wiz_0_0
    BUFGCTRL_X0Y17       BUFG (Prop_bufg_I_O)         0.101    -2.716 r  design_1_i/clk_wiz_0/inst/clkout1_buf/O
                         net (fo=66, routed)          1.652    -1.064    design_1_i/SpeedSensor_1/U0/SpeedSensor_slave_lite_v1_0_S00_AXI_inst/Core1/Clk
    SLICE_X41Y99         FDRE                                         r  design_1_i/SpeedSensor_1/U0/SpeedSensor_slave_lite_v1_0_S00_AXI_inst/Core1/pulse_count_reg[11]/C
  -------------------------------------------------------------------    -------------------
    SLICE_X41Y99         FDRE (Prop_fdre_C_Q)         0.456    -0.608 r  design_1_i/SpeedSensor_1/U0/SpeedSensor_slave_lite_v1_0_S00_AXI_inst/Core1/pulse_count_reg[11]/Q
                         net (fo=2, routed)           0.966     0.358    design_1_i/SpeedSensor_1/U0/SpeedSensor_slave_lite_v1_0_S00_AXI_inst/pulse_count_reg[11]
    SLICE_X39Y98         LUT6 (Prop_lut6_I5_O)        0.124     0.482 r  design_1_i/SpeedSensor_1/U0/SpeedSensor_slave_lite_v1_0_S00_AXI_inst/s00_axi_rdata[11]_INST_0/O
                         net (fo=1, routed)           0.844     1.325    design_1_i/axi_interconnect_0/xbar/inst/gen_sasd.crossbar_sasd_0/reg_slice_r/m_axi_rdata[107]
    SLICE_X38Y97         LUT6 (Prop_lut6_I2_O)        0.124     1.449 r  design_1_i/axi_interconnect_0/xbar/inst/gen_sasd.crossbar_sasd_0/reg_slice_r/m_payload_i[14]_i_2/O
                         net (fo=1, routed)           0.873     2.322    design_1_i/axi_interconnect_0/xbar/inst/gen_sasd.crossbar_sasd_0/reg_slice_r/m_payload_i[14]_i_2_n_0
    SLICE_X33Y97         LUT6 (Prop_lut6_I5_O)        0.124     2.446 r  design_1_i/axi_interconnect_0/xbar/inst/gen_sasd.crossbar_sasd_0/reg_slice_r/m_payload_i[14]_i_1/O
                         net (fo=2, routed)           4.099     6.545    design_1_i/axi_interconnect_0/xbar/inst/gen_sasd.crossbar_sasd_0/reg_slice_r/skid_buffer[14]
    SLICE_X34Y96         FDRE                                         r  design_1_i/axi_interconnect_0/xbar/inst/gen_sasd.crossbar_sasd_0/reg_slice_r/skid_buffer_reg[14]/D
  -------------------------------------------------------------------    -------------------

                         (clock clk_fpga_0 rise edge)
                                                     10.000    10.000 r  
    PS7_X0Y0             PS7                          0.000    10.000 r  design_1_i/processing_system7_0/inst/PS7_i/FCLKCLK[0]
                         net (fo=1, routed)           1.088    11.088    design_1_i/processing_system7_0/inst/FCLK_CLK_unbuffered[0]
    BUFGCTRL_X0Y16       BUFG (Prop_bufg_I_O)         0.091    11.179 r  design_1_i/processing_system7_0/inst/buffer_fclk_clk_0.FCLK_CLK_0_BUFG/O
                         net (fo=1419, routed)        1.480    12.659    design_1_i/axi_interconnect_0/xbar/inst/gen_sasd.crossbar_sasd_0/reg_slice_r/aclk
    SLICE_X34Y96         FDRE                                         r  design_1_i/axi_interconnect_0/xbar/inst/gen_sasd.crossbar_sasd_0/reg_slice_r/skid_buffer_reg[14]/C
                         clock pessimism              0.000    12.659    
                         clock uncertainty           -0.263    12.396    
    SLICE_X34Y96         FDRE (Setup_fdre_C_D)       -0.058    12.338    design_1_i/axi_interconnect_0/xbar/inst/gen_sasd.crossbar_sasd_0/reg_slice_r/skid_buffer_reg[14]
  -------------------------------------------------------------------
                         required time                         12.338    
                         arrival time                          -6.545    
  -------------------------------------------------------------------
                         slack                                  5.792    





Min Delay Paths
--------------------------------------------------------------------------------------
Slack (MET) :             0.060ns  (arrival time - required time)
  Source:                 design_1_i/SpeedSensor_0/U0/SpeedSensor_slave_lite_v1_0_S00_AXI_inst/Core1/pulse_count_reg[22]/C
                            (rising edge-triggered cell FDRE clocked by clk_out1_design_1_clk_wiz_0_0  {rise@0.000ns fall@5.000ns period=10.000ns})
  Destination:            design_1_i/axi_interconnect_0/xbar/inst/gen_sasd.crossbar_sasd_0/reg_slice_r/skid_buffer_reg[25]/D
                            (rising edge-triggered cell FDRE clocked by clk_fpga_0  {rise@0.000ns fall@5.000ns period=10.000ns})
  Path Group:             clk_fpga_0
  Path Type:              Hold (Min at Slow Process Corner)
  Requirement:            0.000ns  (clk_fpga_0 rise@0.000ns - clk_out1_design_1_clk_wiz_0_0 rise@0.000ns)
  Data Path Delay:        5.127ns  (logic 0.567ns (11.059%)  route 4.560ns (88.941%))
  Logic Levels:           2  (LUT6=2)
  Clock Path Skew:        4.608ns (DCD - SCD - CPR)
    Destination Clock Delay (DCD):    3.138ns
    Source Clock Delay      (SCD):    -1.470ns
    Clock Pessimism Removal (CPR):    -0.000ns
  Clock Uncertainty:      0.263ns  ((TSJ^2 + TIJ^2 + DJ^2)^1/2) / 2 + PE
    Total System Jitter     (TSJ):    0.071ns
    Total Input Jitter      (TIJ):    0.300ns
    Discrete Jitter          (DJ):    0.125ns
    Phase Error              (PE):    0.097ns
  Clock Domain Crossing:  Inter clock paths are considered valid unless explicitly excluded by timing constraints such as set_clock_groups or set_false_path.

    Location             Delay type                Incr(ns)  Path(ns)    Netlist Resource(s)
  -------------------------------------------------------------------    -------------------
                         (clock clk_out1_design_1_clk_wiz_0_0 rise edge)
                                                      0.000     0.000 r  
    H16                                               0.000     0.000 r  sys_clock (IN)
                         net (fo=0)                   0.000     0.000    design_1_i/clk_wiz_0/inst/clk_in1
    H16                  IBUF (Prop_ibuf_I_O)         1.380     1.380 r  design_1_i/clk_wiz_0/inst/clkin1_ibufg/O
                         net (fo=1, routed)           1.162     2.542    design_1_i/clk_wiz_0/inst/clk_in1_design_1_clk_wiz_0_0
    MMCME2_ADV_X1Y2      MMCME2_ADV (Prop_mmcme2_adv_CLKIN1_CLKOUT0)
                                                     -7.814    -5.272 r  design_1_i/clk_wiz_0/inst/mmcm_adv_inst/CLKOUT0
                         net (fo=1, routed)           2.012    -3.260    design_1_i/clk_wiz_0/inst/clk_out1_design_1_clk_wiz_0_0
    BUFGCTRL_X0Y17       BUFG (Prop_bufg_I_O)         0.091    -3.169 r  design_1_i/clk_wiz_0/inst/clkout1_buf/O
                         net (fo=66, routed)          1.699    -1.470    design_1_i/SpeedSensor_0/U0/SpeedSensor_slave_lite_v1_0_S00_AXI_inst/Core1/Clk
    SLICE_X31Y103        FDRE                                         r  design_1_i/SpeedSensor_0/U0/SpeedSensor_slave_lite_v1_0_S00_AXI_inst/Core1/pulse_count_reg[22]/C
  -------------------------------------------------------------------    -------------------
    SLICE_X31Y103        FDRE (Prop_fdre_C_Q)         0.367    -1.103 r  design_1_i/SpeedSensor_0/U0/SpeedSensor_slave_lite_v1_0_S00_AXI_inst/Core1/pulse_count_reg[22]/Q
                         net (fo=2, routed)           0.783    -0.320    design_1_i/SpeedSensor_0/U0/SpeedSensor_slave_lite_v1_0_S00_AXI_inst/pulse_count_reg[22]
    SLICE_X33Y103        LUT6 (Prop_lut6_I5_O)        0.100    -0.220 r  design_1_i/SpeedSensor_0/U0/SpeedSensor_slave_lite_v1_0_S00_AXI_inst/s00_axi_rdata[22]_INST_0/O
                         net (fo=1, routed)           0.528     0.308    design_1_i/axi_interconnect_0/xbar/inst/gen_sasd.crossbar_sasd_0/reg_slice_r/m_axi_rdata[86]
    SLICE_X35Y103        LUT6 (Prop_lut6_I3_O)        0.100     0.408 r  design_1_i/axi_interconnect_0/xbar/inst/gen_sasd.crossbar_sasd_0/reg_slice_r/m_payload_i[25]_i_1/O
                         net (fo=2, routed)           3.249     3.657    design_1_i/axi_interconnect_0/xbar/inst/gen_sasd.crossbar_sasd_0/reg_slice_r/skid_buffer[25]
    SLICE_X35Y103        FDRE                                         r  design_1_i/axi_interconnect_0/xbar/inst/gen_sasd.crossbar_sasd_0/reg_slice_r/skid_buffer_reg[25]/D
  -------------------------------------------------------------------    -------------------

                         (clock clk_fpga_0 rise edge)
                                                      0.000     0.000 r  
    PS7_X0Y0             PS7                          0.000     0.000 r  design_1_i/processing_system7_0/inst/PS7_i/FCLKCLK[0]
                         net (fo=1, routed)           1.193     1.193    design_1_i/processing_system7_0/inst/FCLK_CLK_unbuffered[0]
    BUFGCTRL_X0Y16       BUFG (Prop_bufg_I_O)         0.101     1.294 r  design_1_i/processing_system7_0/inst/buffer_fclk_clk_0.FCLK_CLK_0_BUFG/O
                         net (fo=1419, routed)        1.844     3.138    design_1_i/axi_interconnect_0/xbar/inst/gen_sasd.crossbar_sasd_0/reg_slice_r/aclk
    SLICE_X35Y103        FDRE                                         r  design_1_i/axi_interconnect_0/xbar/inst/gen_sasd.crossbar_sasd_0/reg_slice_r/skid_buffer_reg[25]/C
                         clock pessimism              0.000     3.138    
                         clock uncertainty            0.263     3.401    
    SLICE_X35Y103        FDRE (Hold_fdre_C_D)         0.196     3.597    design_1_i/axi_interconnect_0/xbar/inst/gen_sasd.crossbar_sasd_0/reg_slice_r/skid_buffer_reg[25]
  -------------------------------------------------------------------
                         required time                         -3.597    
                         arrival time                           3.657    
  -------------------------------------------------------------------
                         slack                                  0.060    

Slack (MET) :             0.068ns  (arrival time - required time)
  Source:                 design_1_i/SpeedSensor_0/U0/SpeedSensor_slave_lite_v1_0_S00_AXI_inst/Core1/pulse_count_reg[22]/C
                            (rising edge-triggered cell FDRE clocked by clk_out1_design_1_clk_wiz_0_0  {rise@0.000ns fall@5.000ns period=10.000ns})
  Destination:            design_1_i/axi_interconnect_0/xbar/inst/gen_sasd.crossbar_sasd_0/reg_slice_r/m_payload_i_reg[25]/D
                            (rising edge-triggered cell FDRE clocked by clk_fpga_0  {rise@0.000ns fall@5.000ns period=10.000ns})
  Path Group:             clk_fpga_0
  Path Type:              Hold (Min at Slow Process Corner)
  Requirement:            0.000ns  (clk_fpga_0 rise@0.000ns - clk_out1_design_1_clk_wiz_0_0 rise@0.000ns)
  Data Path Delay:        5.119ns  (logic 0.567ns (11.076%)  route 4.552ns (88.924%))
  Logic Levels:           2  (LUT6=2)
  Clock Path Skew:        4.609ns (DCD - SCD - CPR)
    Destination Clock Delay (DCD):    3.139ns
    Source Clock Delay      (SCD):    -1.470ns
    Clock Pessimism Removal (CPR):    -0.000ns
  Clock Uncertainty:      0.263ns  ((TSJ^2 + TIJ^2 + DJ^2)^1/2) / 2 + PE
    Total System Jitter     (TSJ):    0.071ns
    Total Input Jitter      (TIJ):    0.300ns
    Discrete Jitter          (DJ):    0.125ns
    Phase Error              (PE):    0.097ns
  Clock Domain Crossing:  Inter clock paths are considered valid unless explicitly excluded by timing constraints such as set_clock_groups or set_false_path.

    Location             Delay type                Incr(ns)  Path(ns)    Netlist Resource(s)
  -------------------------------------------------------------------    -------------------
                         (clock clk_out1_design_1_clk_wiz_0_0 rise edge)
                                                      0.000     0.000 r  
    H16                                               0.000     0.000 r  sys_clock (IN)
                         net (fo=0)                   0.000     0.000    design_1_i/clk_wiz_0/inst/clk_in1
    H16                  IBUF (Prop_ibuf_I_O)         1.380     1.380 r  design_1_i/clk_wiz_0/inst/clkin1_ibufg/O
                         net (fo=1, routed)           1.162     2.542    design_1_i/clk_wiz_0/inst/clk_in1_design_1_clk_wiz_0_0
    MMCME2_ADV_X1Y2      MMCME2_ADV (Prop_mmcme2_adv_CLKIN1_CLKOUT0)
                                                     -7.814    -5.272 r  design_1_i/clk_wiz_0/inst/mmcm_adv_inst/CLKOUT0
                         net (fo=1, routed)           2.012    -3.260    design_1_i/clk_wiz_0/inst/clk_out1_design_1_clk_wiz_0_0
    BUFGCTRL_X0Y17       BUFG (Prop_bufg_I_O)         0.091    -3.169 r  design_1_i/clk_wiz_0/inst/clkout1_buf/O
                         net (fo=66, routed)          1.699    -1.470    design_1_i/SpeedSensor_0/U0/SpeedSensor_slave_lite_v1_0_S00_AXI_inst/Core1/Clk
    SLICE_X31Y103        FDRE                                         r  design_1_i/SpeedSensor_0/U0/SpeedSensor_slave_lite_v1_0_S00_AXI_inst/Core1/pulse_count_reg[22]/C
  -------------------------------------------------------------------    -------------------
    SLICE_X31Y103        FDRE (Prop_fdre_C_Q)         0.367    -1.103 r  design_1_i/SpeedSensor_0/U0/SpeedSensor_slave_lite_v1_0_S00_AXI_inst/Core1/pulse_count_reg[22]/Q
                         net (fo=2, routed)           0.783    -0.320    design_1_i/SpeedSensor_0/U0/SpeedSensor_slave_lite_v1_0_S00_AXI_inst/pulse_count_reg[22]
    SLICE_X33Y103        LUT6 (Prop_lut6_I5_O)        0.100    -0.220 r  design_1_i/SpeedSensor_0/U0/SpeedSensor_slave_lite_v1_0_S00_AXI_inst/s00_axi_rdata[22]_INST_0/O
                         net (fo=1, routed)           0.528     0.308    design_1_i/axi_interconnect_0/xbar/inst/gen_sasd.crossbar_sasd_0/reg_slice_r/m_axi_rdata[86]
    SLICE_X35Y103        LUT6 (Prop_lut6_I3_O)        0.100     0.408 r  design_1_i/axi_interconnect_0/xbar/inst/gen_sasd.crossbar_sasd_0/reg_slice_r/m_payload_i[25]_i_1/O
                         net (fo=2, routed)           3.241     3.650    design_1_i/axi_interconnect_0/xbar/inst/gen_sasd.crossbar_sasd_0/reg_slice_r/skid_buffer[25]
    SLICE_X33Y102        FDRE                                         r  design_1_i/axi_interconnect_0/xbar/inst/gen_sasd.crossbar_sasd_0/reg_slice_r/m_payload_i_reg[25]/D
  -------------------------------------------------------------------    -------------------

                         (clock clk_fpga_0 rise edge)
                                                      0.000     0.000 r  
    PS7_X0Y0             PS7                          0.000     0.000 r  design_1_i/processing_system7_0/inst/PS7_i/FCLKCLK[0]
                         net (fo=1, routed)           1.193     1.193    design_1_i/processing_system7_0/inst/FCLK_CLK_unbuffered[0]
    BUFGCTRL_X0Y16       BUFG (Prop_bufg_I_O)         0.101     1.294 r  design_1_i/processing_system7_0/inst/buffer_fclk_clk_0.FCLK_CLK_0_BUFG/O
                         net (fo=1419, routed)        1.845     3.139    design_1_i/axi_interconnect_0/xbar/inst/gen_sasd.crossbar_sasd_0/reg_slice_r/aclk
    SLICE_X33Y102        FDRE                                         r  design_1_i/axi_interconnect_0/xbar/inst/gen_sasd.crossbar_sasd_0/reg_slice_r/m_payload_i_reg[25]/C
                         clock pessimism              0.000     3.139    
                         clock uncertainty            0.263     3.402    
    SLICE_X33Y102        FDRE (Hold_fdre_C_D)         0.179     3.581    design_1_i/axi_interconnect_0/xbar/inst/gen_sasd.crossbar_sasd_0/reg_slice_r/m_payload_i_reg[25]
  -------------------------------------------------------------------
                         required time                         -3.581    
                         arrival time                           3.650    
  -------------------------------------------------------------------
                         slack                                  0.068    

Slack (MET) :             0.094ns  (arrival time - required time)
  Source:                 design_1_i/SpeedSensor_1/U0/SpeedSensor_slave_lite_v1_0_S00_AXI_inst/Core1/pulse_count_reg[25]/C
                            (rising edge-triggered cell FDRE clocked by clk_out1_design_1_clk_wiz_0_0  {rise@0.000ns fall@5.000ns period=10.000ns})
  Destination:            design_1_i/axi_interconnect_0/xbar/inst/gen_sasd.crossbar_sasd_0/reg_slice_r/skid_buffer_reg[28]/D
                            (rising edge-triggered cell FDRE clocked by clk_fpga_0  {rise@0.000ns fall@5.000ns period=10.000ns})
  Path Group:             clk_fpga_0
  Path Type:              Hold (Min at Slow Process Corner)
  Requirement:            0.000ns  (clk_fpga_0 rise@0.000ns - clk_out1_design_1_clk_wiz_0_0 rise@0.000ns)
  Data Path Delay:        5.280ns  (logic 0.567ns (10.739%)  route 4.713ns (89.261%))
  Logic Levels:           2  (LUT6=2)
  Clock Path Skew:        4.654ns (DCD - SCD - CPR)
    Destination Clock Delay (DCD):    3.138ns
    Source Clock Delay      (SCD):    -1.516ns
    Clock Pessimism Removal (CPR):    -0.000ns
  Clock Uncertainty:      0.263ns  ((TSJ^2 + TIJ^2 + DJ^2)^1/2) / 2 + PE
    Total System Jitter     (TSJ):    0.071ns
    Total Input Jitter      (TIJ):    0.300ns
    Discrete Jitter          (DJ):    0.125ns
    Phase Error              (PE):    0.097ns
  Clock Domain Crossing:  Inter clock paths are considered valid unless explicitly excluded by timing constraints such as set_clock_groups or set_false_path.

    Location             Delay type                Incr(ns)  Path(ns)    Netlist Resource(s)
  -------------------------------------------------------------------    -------------------
                         (clock clk_out1_design_1_clk_wiz_0_0 rise edge)
                                                      0.000     0.000 r  
    H16                                               0.000     0.000 r  sys_clock (IN)
                         net (fo=0)                   0.000     0.000    design_1_i/clk_wiz_0/inst/clk_in1
    H16                  IBUF (Prop_ibuf_I_O)         1.380     1.380 r  design_1_i/clk_wiz_0/inst/clkin1_ibufg/O
                         net (fo=1, routed)           1.162     2.542    design_1_i/clk_wiz_0/inst/clk_in1_design_1_clk_wiz_0_0
    MMCME2_ADV_X1Y2      MMCME2_ADV (Prop_mmcme2_adv_CLKIN1_CLKOUT0)
                                                     -7.814    -5.272 r  design_1_i/clk_wiz_0/inst/mmcm_adv_inst/CLKOUT0
                         net (fo=1, routed)           2.012    -3.260    design_1_i/clk_wiz_0/inst/clk_out1_design_1_clk_wiz_0_0
    BUFGCTRL_X0Y17       BUFG (Prop_bufg_I_O)         0.091    -3.169 r  design_1_i/clk_wiz_0/inst/clkout1_buf/O
                         net (fo=66, routed)          1.653    -1.516    design_1_i/SpeedSensor_1/U0/SpeedSensor_slave_lite_v1_0_S00_AXI_inst/Core1/Clk
    SLICE_X41Y103        FDRE                                         r  design_1_i/SpeedSensor_1/U0/SpeedSensor_slave_lite_v1_0_S00_AXI_inst/Core1/pulse_count_reg[25]/C
  -------------------------------------------------------------------    -------------------
    SLICE_X41Y103        FDRE (Prop_fdre_C_Q)         0.367    -1.149 r  design_1_i/SpeedSensor_1/U0/SpeedSensor_slave_lite_v1_0_S00_AXI_inst/Core1/pulse_count_reg[25]/Q
                         net (fo=2, routed)           2.449     1.300    design_1_i/SpeedSensor_1/U0/SpeedSensor_slave_lite_v1_0_S00_AXI_inst/pulse_count_reg[25]
    SLICE_X38Y105        LUT6 (Prop_lut6_I5_O)        0.100     1.400 r  design_1_i/SpeedSensor_1/U0/SpeedSensor_slave_lite_v1_0_S00_AXI_inst/s00_axi_rdata[25]_INST_0/O
                         net (fo=1, routed)           2.264     3.664    design_1_i/axi_interconnect_0/xbar/inst/gen_sasd.crossbar_sasd_0/reg_slice_r/m_axi_rdata[121]
    SLICE_X37Y105        LUT6 (Prop_lut6_I3_O)        0.100     3.764 r  design_1_i/axi_interconnect_0/xbar/inst/gen_sasd.crossbar_sasd_0/reg_slice_r/m_payload_i[28]_i_1/O
                         net (fo=2, routed)           0.000     3.764    design_1_i/axi_interconnect_0/xbar/inst/gen_sasd.crossbar_sasd_0/reg_slice_r/skid_buffer[28]
    SLICE_X37Y105        FDRE                                         r  design_1_i/axi_interconnect_0/xbar/inst/gen_sasd.crossbar_sasd_0/reg_slice_r/skid_buffer_reg[28]/D
  -------------------------------------------------------------------    -------------------

                         (clock clk_fpga_0 rise edge)
                                                      0.000     0.000 r  
    PS7_X0Y0             PS7                          0.000     0.000 r  design_1_i/processing_system7_0/inst/PS7_i/FCLKCLK[0]
                         net (fo=1, routed)           1.193     1.193    design_1_i/processing_system7_0/inst/FCLK_CLK_unbuffered[0]
    BUFGCTRL_X0Y16       BUFG (Prop_bufg_I_O)         0.101     1.294 r  design_1_i/processing_system7_0/inst/buffer_fclk_clk_0.FCLK_CLK_0_BUFG/O
                         net (fo=1419, routed)        1.844     3.138    design_1_i/axi_interconnect_0/xbar/inst/gen_sasd.crossbar_sasd_0/reg_slice_r/aclk
    SLICE_X37Y105        FDRE                                         r  design_1_i/axi_interconnect_0/xbar/inst/gen_sasd.crossbar_sasd_0/reg_slice_r/skid_buffer_reg[28]/C
                         clock pessimism              0.000     3.138    
                         clock uncertainty            0.263     3.401    
    SLICE_X37Y105        FDRE (Hold_fdre_C_D)         0.269     3.670    design_1_i/axi_interconnect_0/xbar/inst/gen_sasd.crossbar_sasd_0/reg_slice_r/skid_buffer_reg[28]
  -------------------------------------------------------------------
                         required time                         -3.670    
                         arrival time                           3.764    
  -------------------------------------------------------------------
                         slack                                  0.094    

Slack (MET) :             0.101ns  (arrival time - required time)
  Source:                 design_1_i/SpeedSensor_1/U0/SpeedSensor_slave_lite_v1_0_S00_AXI_inst/Core1/pulse_count_reg[9]/C
                            (rising edge-triggered cell FDRE clocked by clk_out1_design_1_clk_wiz_0_0  {rise@0.000ns fall@5.000ns period=10.000ns})
  Destination:            design_1_i/axi_interconnect_0/xbar/inst/gen_sasd.crossbar_sasd_0/reg_slice_r/skid_buffer_reg[12]/D
                            (rising edge-triggered cell FDRE clocked by clk_fpga_0  {rise@0.000ns fall@5.000ns period=10.000ns})
  Path Group:             clk_fpga_0
  Path Type:              Hold (Min at Slow Process Corner)
  Requirement:            0.000ns  (clk_fpga_0 rise@0.000ns - clk_out1_design_1_clk_wiz_0_0 rise@0.000ns)
  Data Path Delay:        5.332ns  (logic 0.667ns (12.509%)  route 4.665ns (87.491%))
  Logic Levels:           3  (LUT6=3)
  Clock Path Skew:        4.635ns (DCD - SCD - CPR)
    Destination Clock Delay (DCD):    2.946ns
    Source Clock Delay      (SCD):    -1.689ns
    Clock Pessimism Removal (CPR):    -0.000ns
  Clock Uncertainty:      0.263ns  ((TSJ^2 + TIJ^2 + DJ^2)^1/2) / 2 + PE
    Total System Jitter     (TSJ):    0.071ns
    Total Input Jitter      (TIJ):    0.300ns
    Discrete Jitter          (DJ):    0.125ns
    Phase Error              (PE):    0.097ns
  Clock Domain Crossing:  Inter clock paths are considered valid unless explicitly excluded by timing constraints such as set_clock_groups or set_false_path.

    Location             Delay type                Incr(ns)  Path(ns)    Netlist Resource(s)
  -------------------------------------------------------------------    -------------------
                         (clock clk_out1_design_1_clk_wiz_0_0 rise edge)
                                                      0.000     0.000 r  
    H16                                               0.000     0.000 r  sys_clock (IN)
                         net (fo=0)                   0.000     0.000    design_1_i/clk_wiz_0/inst/clk_in1
    H16                  IBUF (Prop_ibuf_I_O)         1.380     1.380 r  design_1_i/clk_wiz_0/inst/clkin1_ibufg/O
                         net (fo=1, routed)           1.162     2.542    design_1_i/clk_wiz_0/inst/clk_in1_design_1_clk_wiz_0_0
    MMCME2_ADV_X1Y2      MMCME2_ADV (Prop_mmcme2_adv_CLKIN1_CLKOUT0)
                                                     -7.814    -5.272 r  design_1_i/clk_wiz_0/inst/mmcm_adv_inst/CLKOUT0
                         net (fo=1, routed)           2.012    -3.260    design_1_i/clk_wiz_0/inst/clk_out1_design_1_clk_wiz_0_0
    BUFGCTRL_X0Y17       BUFG (Prop_bufg_I_O)         0.091    -3.169 r  design_1_i/clk_wiz_0/inst/clkout1_buf/O
                         net (fo=66, routed)          1.480    -1.689    design_1_i/SpeedSensor_1/U0/SpeedSensor_slave_lite_v1_0_S00_AXI_inst/Core1/Clk
    SLICE_X41Y99         FDRE                                         r  design_1_i/SpeedSensor_1/U0/SpeedSensor_slave_lite_v1_0_S00_AXI_inst/Core1/pulse_count_reg[9]/C
  -------------------------------------------------------------------    -------------------
    SLICE_X41Y99         FDRE (Prop_fdre_C_Q)         0.367    -1.322 r  design_1_i/SpeedSensor_1/U0/SpeedSensor_slave_lite_v1_0_S00_AXI_inst/Core1/pulse_count_reg[9]/Q
                         net (fo=2, routed)           1.631     0.309    design_1_i/SpeedSensor_1/U0/SpeedSensor_slave_lite_v1_0_S00_AXI_inst/pulse_count_reg[9]
    SLICE_X43Y97         LUT6 (Prop_lut6_I5_O)        0.100     0.409 r  design_1_i/SpeedSensor_1/U0/SpeedSensor_slave_lite_v1_0_S00_AXI_inst/s00_axi_rdata[9]_INST_0/O
                         net (fo=1, routed)           1.522     1.931    design_1_i/axi_interconnect_0/xbar/inst/gen_sasd.crossbar_sasd_0/reg_slice_r/m_axi_rdata[105]
    SLICE_X40Y95         LUT6 (Prop_lut6_I2_O)        0.100     2.031 r  design_1_i/axi_interconnect_0/xbar/inst/gen_sasd.crossbar_sasd_0/reg_slice_r/m_payload_i[12]_i_2/O
                         net (fo=1, routed)           1.512     3.543    design_1_i/axi_interconnect_0/xbar/inst/gen_sasd.crossbar_sasd_0/reg_slice_r/m_payload_i[12]_i_2_n_0
    SLICE_X32Y93         LUT6 (Prop_lut6_I5_O)        0.100     3.643 r  design_1_i/axi_interconnect_0/xbar/inst/gen_sasd.crossbar_sasd_0/reg_slice_r/m_payload_i[12]_i_1/O
                         net (fo=2, routed)           0.000     3.643    design_1_i/axi_interconnect_0/xbar/inst/gen_sasd.crossbar_sasd_0/reg_slice_r/skid_buffer[12]
    SLICE_X32Y93         FDRE                                         r  design_1_i/axi_interconnect_0/xbar/inst/gen_sasd.crossbar_sasd_0/reg_slice_r/skid_buffer_reg[12]/D
  -------------------------------------------------------------------    -------------------

                         (clock clk_fpga_0 rise edge)
                                                      0.000     0.000 r  
    PS7_X0Y0             PS7                          0.000     0.000 r  design_1_i/processing_system7_0/inst/PS7_i/FCLKCLK[0]
                         net (fo=1, routed)           1.193     1.193    design_1_i/processing_system7_0/inst/FCLK_CLK_unbuffered[0]
    BUFGCTRL_X0Y16       BUFG (Prop_bufg_I_O)         0.101     1.294 r  design_1_i/processing_system7_0/inst/buffer_fclk_clk_0.FCLK_CLK_0_BUFG/O
                         net (fo=1419, routed)        1.652     2.946    design_1_i/axi_interconnect_0/xbar/inst/gen_sasd.crossbar_sasd_0/reg_slice_r/aclk
    SLICE_X32Y93         FDRE                                         r  design_1_i/axi_interconnect_0/xbar/inst/gen_sasd.crossbar_sasd_0/reg_slice_r/skid_buffer_reg[12]/C
                         clock pessimism              0.000     2.946    
                         clock uncertainty            0.263     3.209    
    SLICE_X32Y93         FDRE (Hold_fdre_C_D)         0.333     3.542    design_1_i/axi_interconnect_0/xbar/inst/gen_sasd.crossbar_sasd_0/reg_slice_r/skid_buffer_reg[12]
  -------------------------------------------------------------------
                         required time                         -3.542    
                         arrival time                           3.643    
  -------------------------------------------------------------------
                         slack                                  0.101    

Slack (MET) :             0.165ns  (arrival time - required time)
  Source:                 design_1_i/SpeedSensor_1/U0/SpeedSensor_slave_lite_v1_0_S00_AXI_inst/Core1/pulse_count_reg[24]/C
                            (rising edge-triggered cell FDRE clocked by clk_out1_design_1_clk_wiz_0_0  {rise@0.000ns fall@5.000ns period=10.000ns})
  Destination:            design_1_i/axi_interconnect_0/xbar/inst/gen_sasd.crossbar_sasd_0/reg_slice_r/skid_buffer_reg[27]/D
                            (rising edge-triggered cell FDRE clocked by clk_fpga_0  {rise@0.000ns fall@5.000ns period=10.000ns})
  Path Group:             clk_fpga_0
  Path Type:              Hold (Min at Slow Process Corner)
  Requirement:            0.000ns  (clk_fpga_0 rise@0.000ns - clk_out1_design_1_clk_wiz_0_0 rise@0.000ns)
  Data Path Delay:        5.313ns  (logic 0.667ns (12.553%)  route 4.646ns (87.447%))
  Logic Levels:           3  (LUT5=1 LUT6=2)
  Clock Path Skew:        4.654ns (DCD - SCD - CPR)
    Destination Clock Delay (DCD):    3.138ns
    Source Clock Delay      (SCD):    -1.516ns
    Clock Pessimism Removal (CPR):    -0.000ns
  Clock Uncertainty:      0.263ns  ((TSJ^2 + TIJ^2 + DJ^2)^1/2) / 2 + PE
    Total System Jitter     (TSJ):    0.071ns
    Total Input Jitter      (TIJ):    0.300ns
    Discrete Jitter          (DJ):    0.125ns
    Phase Error              (PE):    0.097ns
  Clock Domain Crossing:  Inter clock paths are considered valid unless explicitly excluded by timing constraints such as set_clock_groups or set_false_path.

    Location             Delay type                Incr(ns)  Path(ns)    Netlist Resource(s)
  -------------------------------------------------------------------    -------------------
                         (clock clk_out1_design_1_clk_wiz_0_0 rise edge)
                                                      0.000     0.000 r  
    H16                                               0.000     0.000 r  sys_clock (IN)
                         net (fo=0)                   0.000     0.000    design_1_i/clk_wiz_0/inst/clk_in1
    H16                  IBUF (Prop_ibuf_I_O)         1.380     1.380 r  design_1_i/clk_wiz_0/inst/clkin1_ibufg/O
                         net (fo=1, routed)           1.162     2.542    design_1_i/clk_wiz_0/inst/clk_in1_design_1_clk_wiz_0_0
    MMCME2_ADV_X1Y2      MMCME2_ADV (Prop_mmcme2_adv_CLKIN1_CLKOUT0)
                                                     -7.814    -5.272 r  design_1_i/clk_wiz_0/inst/mmcm_adv_inst/CLKOUT0
                         net (fo=1, routed)           2.012    -3.260    design_1_i/clk_wiz_0/inst/clk_out1_design_1_clk_wiz_0_0
    BUFGCTRL_X0Y17       BUFG (Prop_bufg_I_O)         0.091    -3.169 r  design_1_i/clk_wiz_0/inst/clkout1_buf/O
                         net (fo=66, routed)          1.653    -1.516    design_1_i/SpeedSensor_1/U0/SpeedSensor_slave_lite_v1_0_S00_AXI_inst/Core1/Clk
    SLICE_X41Y103        FDRE                                         r  design_1_i/SpeedSensor_1/U0/SpeedSensor_slave_lite_v1_0_S00_AXI_inst/Core1/pulse_count_reg[24]/C
  -------------------------------------------------------------------    -------------------
    SLICE_X41Y103        FDRE (Prop_fdre_C_Q)         0.367    -1.149 r  design_1_i/SpeedSensor_1/U0/SpeedSensor_slave_lite_v1_0_S00_AXI_inst/Core1/pulse_count_reg[24]/Q
                         net (fo=2, routed)           0.783    -0.366    design_1_i/SpeedSensor_1/U0/SpeedSensor_slave_lite_v1_0_S00_AXI_inst/pulse_count_reg[24]
    SLICE_X39Y105        LUT6 (Prop_lut6_I5_O)        0.100    -0.266 r  design_1_i/SpeedSensor_1/U0/SpeedSensor_slave_lite_v1_0_S00_AXI_inst/s00_axi_rdata[24]_INST_0/O
                         net (fo=1, routed)           0.661     0.395    design_1_i/axi_interconnect_0/xbar/inst/gen_sasd.crossbar_sasd_0/reg_slice_r/m_axi_rdata[120]
    SLICE_X36Y104        LUT6 (Prop_lut6_I2_O)        0.100     0.495 r  design_1_i/axi_interconnect_0/xbar/inst/gen_sasd.crossbar_sasd_0/reg_slice_r/m_payload_i[27]_i_2/O
                         net (fo=1, routed)           0.677     1.172    design_1_i/axi_interconnect_0/xbar/inst/gen_sasd.crossbar_sasd_0/reg_slice_r/m_payload_i[27]_i_2_n_0
    SLICE_X36Y104        LUT5 (Prop_lut5_I4_O)        0.100     1.272 r  design_1_i/axi_interconnect_0/xbar/inst/gen_sasd.crossbar_sasd_0/reg_slice_r/m_payload_i[27]_i_1/O
                         net (fo=2, routed)           2.526     3.798    design_1_i/axi_interconnect_0/xbar/inst/gen_sasd.crossbar_sasd_0/reg_slice_r/skid_buffer[27]
    SLICE_X36Y104        FDRE                                         r  design_1_i/axi_interconnect_0/xbar/inst/gen_sasd.crossbar_sasd_0/reg_slice_r/skid_buffer_reg[27]/D
  -------------------------------------------------------------------    -------------------

                         (clock clk_fpga_0 rise edge)
                                                      0.000     0.000 r  
    PS7_X0Y0             PS7                          0.000     0.000 r  design_1_i/processing_system7_0/inst/PS7_i/FCLKCLK[0]
                         net (fo=1, routed)           1.193     1.193    design_1_i/processing_system7_0/inst/FCLK_CLK_unbuffered[0]
    BUFGCTRL_X0Y16       BUFG (Prop_bufg_I_O)         0.101     1.294 r  design_1_i/processing_system7_0/inst/buffer_fclk_clk_0.FCLK_CLK_0_BUFG/O
                         net (fo=1419, routed)        1.844     3.138    design_1_i/axi_interconnect_0/xbar/inst/gen_sasd.crossbar_sasd_0/reg_slice_r/aclk
    SLICE_X36Y104        FDRE                                         r  design_1_i/axi_interconnect_0/xbar/inst/gen_sasd.crossbar_sasd_0/reg_slice_r/skid_buffer_reg[27]/C
                         clock pessimism              0.000     3.138    
                         clock uncertainty            0.263     3.401    
    SLICE_X36Y104        FDRE (Hold_fdre_C_D)         0.232     3.633    design_1_i/axi_interconnect_0/xbar/inst/gen_sasd.crossbar_sasd_0/reg_slice_r/skid_buffer_reg[27]
  -------------------------------------------------------------------
                         required time                         -3.633    
                         arrival time                           3.798    
  -------------------------------------------------------------------
                         slack                                  0.165    

Slack (MET) :             0.173ns  (arrival time - required time)
  Source:                 design_1_i/SpeedSensor_1/U0/SpeedSensor_slave_lite_v1_0_S00_AXI_inst/Core1/pulse_count_reg[5]/C
                            (rising edge-triggered cell FDRE clocked by clk_out1_design_1_clk_wiz_0_0  {rise@0.000ns fall@5.000ns period=10.000ns})
  Destination:            design_1_i/axi_interconnect_0/xbar/inst/gen_sasd.crossbar_sasd_0/reg_slice_r/m_payload_i_reg[8]/D
                            (rising edge-triggered cell FDRE clocked by clk_fpga_0  {rise@0.000ns fall@5.000ns period=10.000ns})
  Path Group:             clk_fpga_0
  Path Type:              Hold (Min at Slow Process Corner)
  Requirement:            0.000ns  (clk_fpga_0 rise@0.000ns - clk_out1_design_1_clk_wiz_0_0 rise@0.000ns)
  Data Path Delay:        5.313ns  (logic 0.667ns (12.554%)  route 4.646ns (87.446%))
  Logic Levels:           3  (LUT5=1 LUT6=2)
  Clock Path Skew:        4.635ns (DCD - SCD - CPR)
    Destination Clock Delay (DCD):    2.946ns
    Source Clock Delay      (SCD):    -1.689ns
    Clock Pessimism Removal (CPR):    -0.000ns
  Clock Uncertainty:      0.263ns  ((TSJ^2 + TIJ^2 + DJ^2)^1/2) / 2 + PE
    Total System Jitter     (TSJ):    0.071ns
    Total Input Jitter      (TIJ):    0.300ns
    Discrete Jitter          (DJ):    0.125ns
    Phase Error              (PE):    0.097ns
  Clock Domain Crossing:  Inter clock paths are considered valid unless explicitly excluded by timing constraints such as set_clock_groups or set_false_path.

    Location             Delay type                Incr(ns)  Path(ns)    Netlist Resource(s)
  -------------------------------------------------------------------    -------------------
                         (clock clk_out1_design_1_clk_wiz_0_0 rise edge)
                                                      0.000     0.000 r  
    H16                                               0.000     0.000 r  sys_clock (IN)
                         net (fo=0)                   0.000     0.000    design_1_i/clk_wiz_0/inst/clk_in1
    H16                  IBUF (Prop_ibuf_I_O)         1.380     1.380 r  design_1_i/clk_wiz_0/inst/clkin1_ibufg/O
                         net (fo=1, routed)           1.162     2.542    design_1_i/clk_wiz_0/inst/clk_in1_design_1_clk_wiz_0_0
    MMCME2_ADV_X1Y2      MMCME2_ADV (Prop_mmcme2_adv_CLKIN1_CLKOUT0)
                                                     -7.814    -5.272 r  design_1_i/clk_wiz_0/inst/mmcm_adv_inst/CLKOUT0
                         net (fo=1, routed)           2.012    -3.260    design_1_i/clk_wiz_0/inst/clk_out1_design_1_clk_wiz_0_0
    BUFGCTRL_X0Y17       BUFG (Prop_bufg_I_O)         0.091    -3.169 r  design_1_i/clk_wiz_0/inst/clkout1_buf/O
                         net (fo=66, routed)          1.480    -1.689    design_1_i/SpeedSensor_1/U0/SpeedSensor_slave_lite_v1_0_S00_AXI_inst/Core1/Clk
    SLICE_X41Y98         FDRE                                         r  design_1_i/SpeedSensor_1/U0/SpeedSensor_slave_lite_v1_0_S00_AXI_inst/Core1/pulse_count_reg[5]/C
  -------------------------------------------------------------------    -------------------
    SLICE_X41Y98         FDRE (Prop_fdre_C_Q)         0.367    -1.322 r  design_1_i/SpeedSensor_1/U0/SpeedSensor_slave_lite_v1_0_S00_AXI_inst/Core1/pulse_count_reg[5]/Q
                         net (fo=2, routed)           0.668    -0.655    design_1_i/SpeedSensor_1/U0/SpeedSensor_slave_lite_v1_0_S00_AXI_inst/pulse_count_reg[5]
    SLICE_X41Y96         LUT6 (Prop_lut6_I5_O)        0.100    -0.555 r  design_1_i/SpeedSensor_1/U0/SpeedSensor_slave_lite_v1_0_S00_AXI_inst/s00_axi_rdata[5]_INST_0/O
                         net (fo=1, routed)           0.667     0.112    design_1_i/axi_interconnect_0/xbar/inst/gen_sasd.crossbar_sasd_0/reg_slice_r/m_axi_rdata[101]
    SLICE_X40Y94         LUT6 (Prop_lut6_I4_O)        0.100     0.212 r  design_1_i/axi_interconnect_0/xbar/inst/gen_sasd.crossbar_sasd_0/reg_slice_r/m_payload_i[8]_i_2/O
                         net (fo=1, routed)           0.767     0.979    design_1_i/axi_interconnect_0/xbar/inst/gen_sasd.crossbar_sasd_0/reg_slice_r/m_payload_i[8]_i_2_n_0
    SLICE_X36Y91         LUT5 (Prop_lut5_I4_O)        0.100     1.079 r  design_1_i/axi_interconnect_0/xbar/inst/gen_sasd.crossbar_sasd_0/reg_slice_r/m_payload_i[8]_i_1/O
                         net (fo=2, routed)           2.545     3.624    design_1_i/axi_interconnect_0/xbar/inst/gen_sasd.crossbar_sasd_0/reg_slice_r/skid_buffer[8]
    SLICE_X34Y94         FDRE                                         r  design_1_i/axi_interconnect_0/xbar/inst/gen_sasd.crossbar_sasd_0/reg_slice_r/m_payload_i_reg[8]/D
  -------------------------------------------------------------------    -------------------

                         (clock clk_fpga_0 rise edge)
                                                      0.000     0.000 r  
    PS7_X0Y0             PS7                          0.000     0.000 r  design_1_i/processing_system7_0/inst/PS7_i/FCLKCLK[0]
                         net (fo=1, routed)           1.193     1.193    design_1_i/processing_system7_0/inst/FCLK_CLK_unbuffered[0]
    BUFGCTRL_X0Y16       BUFG (Prop_bufg_I_O)         0.101     1.294 r  design_1_i/processing_system7_0/inst/buffer_fclk_clk_0.FCLK_CLK_0_BUFG/O
                         net (fo=1419, routed)        1.652     2.946    design_1_i/axi_interconnect_0/xbar/inst/gen_sasd.crossbar_sasd_0/reg_slice_r/aclk
    SLICE_X34Y94         FDRE                                         r  design_1_i/axi_interconnect_0/xbar/inst/gen_sasd.crossbar_sasd_0/reg_slice_r/m_payload_i_reg[8]/C
                         clock pessimism              0.000     2.946    
                         clock uncertainty            0.263     3.209    
    SLICE_X34Y94         FDRE (Hold_fdre_C_D)         0.242     3.451    design_1_i/axi_interconnect_0/xbar/inst/gen_sasd.crossbar_sasd_0/reg_slice_r/m_payload_i_reg[8]
  -------------------------------------------------------------------
                         required time                         -3.451    
                         arrival time                           3.624    
  -------------------------------------------------------------------
                         slack                                  0.173    

Slack (MET) :             0.200ns  (arrival time - required time)
  Source:                 design_1_i/SpeedSensor_1/U0/SpeedSensor_slave_lite_v1_0_S00_AXI_inst/Core1/pulse_count_reg[16]/C
                            (rising edge-triggered cell FDRE clocked by clk_out1_design_1_clk_wiz_0_0  {rise@0.000ns fall@5.000ns period=10.000ns})
  Destination:            design_1_i/axi_interconnect_0/xbar/inst/gen_sasd.crossbar_sasd_0/reg_slice_r/skid_buffer_reg[19]/D
                            (rising edge-triggered cell FDRE clocked by clk_fpga_0  {rise@0.000ns fall@5.000ns period=10.000ns})
  Path Group:             clk_fpga_0
  Path Type:              Hold (Min at Slow Process Corner)
  Requirement:            0.000ns  (clk_fpga_0 rise@0.000ns - clk_out1_design_1_clk_wiz_0_0 rise@0.000ns)
  Data Path Delay:        5.360ns  (logic 0.667ns (12.443%)  route 4.693ns (87.557%))
  Logic Levels:           3  (LUT5=1 LUT6=2)
  Clock Path Skew:        4.654ns (DCD - SCD - CPR)
    Destination Clock Delay (DCD):    3.139ns
    Source Clock Delay      (SCD):    -1.515ns
    Clock Pessimism Removal (CPR):    -0.000ns
  Clock Uncertainty:      0.263ns  ((TSJ^2 + TIJ^2 + DJ^2)^1/2) / 2 + PE
    Total System Jitter     (TSJ):    0.071ns
    Total Input Jitter      (TIJ):    0.300ns
    Discrete Jitter          (DJ):    0.125ns
    Phase Error              (PE):    0.097ns
  Clock Domain Crossing:  Inter clock paths are considered valid unless explicitly excluded by timing constraints such as set_clock_groups or set_false_path.

    Location             Delay type                Incr(ns)  Path(ns)    Netlist Resource(s)
  -------------------------------------------------------------------    -------------------
                         (clock clk_out1_design_1_clk_wiz_0_0 rise edge)
                                                      0.000     0.000 r  
    H16                                               0.000     0.000 r  sys_clock (IN)
                         net (fo=0)                   0.000     0.000    design_1_i/clk_wiz_0/inst/clk_in1
    H16                  IBUF (Prop_ibuf_I_O)         1.380     1.380 r  design_1_i/clk_wiz_0/inst/clkin1_ibufg/O
                         net (fo=1, routed)           1.162     2.542    design_1_i/clk_wiz_0/inst/clk_in1_design_1_clk_wiz_0_0
    MMCME2_ADV_X1Y2      MMCME2_ADV (Prop_mmcme2_adv_CLKIN1_CLKOUT0)
                                                     -7.814    -5.272 r  design_1_i/clk_wiz_0/inst/mmcm_adv_inst/CLKOUT0
                         net (fo=1, routed)           2.012    -3.260    design_1_i/clk_wiz_0/inst/clk_out1_design_1_clk_wiz_0_0
    BUFGCTRL_X0Y17       BUFG (Prop_bufg_I_O)         0.091    -3.169 r  design_1_i/clk_wiz_0/inst/clkout1_buf/O
                         net (fo=66, routed)          1.654    -1.515    design_1_i/SpeedSensor_1/U0/SpeedSensor_slave_lite_v1_0_S00_AXI_inst/Core1/Clk
    SLICE_X41Y101        FDRE                                         r  design_1_i/SpeedSensor_1/U0/SpeedSensor_slave_lite_v1_0_S00_AXI_inst/Core1/pulse_count_reg[16]/C
  -------------------------------------------------------------------    -------------------
    SLICE_X41Y101        FDRE (Prop_fdre_C_Q)         0.367    -1.148 r  design_1_i/SpeedSensor_1/U0/SpeedSensor_slave_lite_v1_0_S00_AXI_inst/Core1/pulse_count_reg[16]/Q
                         net (fo=2, routed)           0.776    -0.372    design_1_i/SpeedSensor_1/U0/SpeedSensor_slave_lite_v1_0_S00_AXI_inst/pulse_count_reg[16]
    SLICE_X38Y103        LUT6 (Prop_lut6_I5_O)        0.100    -0.272 r  design_1_i/SpeedSensor_1/U0/SpeedSensor_slave_lite_v1_0_S00_AXI_inst/s00_axi_rdata[16]_INST_0/O
                         net (fo=1, routed)           0.630     0.358    design_1_i/axi_interconnect_0/xbar/inst/gen_sasd.crossbar_sasd_0/reg_slice_r/m_axi_rdata[112]
    SLICE_X34Y102        LUT6 (Prop_lut6_I2_O)        0.100     0.458 r  design_1_i/axi_interconnect_0/xbar/inst/gen_sasd.crossbar_sasd_0/reg_slice_r/m_payload_i[19]_i_2/O
                         net (fo=1, routed)           0.349     0.807    design_1_i/axi_interconnect_0/xbar/inst/gen_sasd.crossbar_sasd_0/reg_slice_r/m_payload_i[19]_i_2_n_0
    SLICE_X34Y102        LUT5 (Prop_lut5_I4_O)        0.100     0.907 r  design_1_i/axi_interconnect_0/xbar/inst/gen_sasd.crossbar_sasd_0/reg_slice_r/m_payload_i[19]_i_1/O
                         net (fo=2, routed)           2.939     3.846    design_1_i/axi_interconnect_0/xbar/inst/gen_sasd.crossbar_sasd_0/reg_slice_r/skid_buffer[19]
    SLICE_X34Y102        FDRE                                         r  design_1_i/axi_interconnect_0/xbar/inst/gen_sasd.crossbar_sasd_0/reg_slice_r/skid_buffer_reg[19]/D
  -------------------------------------------------------------------    -------------------

                         (clock clk_fpga_0 rise edge)
                                                      0.000     0.000 r  
    PS7_X0Y0             PS7                          0.000     0.000 r  design_1_i/processing_system7_0/inst/PS7_i/FCLKCLK[0]
                         net (fo=1, routed)           1.193     1.193    design_1_i/processing_system7_0/inst/FCLK_CLK_unbuffered[0]
    BUFGCTRL_X0Y16       BUFG (Prop_bufg_I_O)         0.101     1.294 r  design_1_i/processing_system7_0/inst/buffer_fclk_clk_0.FCLK_CLK_0_BUFG/O
                         net (fo=1419, routed)        1.845     3.139    design_1_i/axi_interconnect_0/xbar/inst/gen_sasd.crossbar_sasd_0/reg_slice_r/aclk
    SLICE_X34Y102        FDRE                                         r  design_1_i/axi_interconnect_0/xbar/inst/gen_sasd.crossbar_sasd_0/reg_slice_r/skid_buffer_reg[19]/C
                         clock pessimism              0.000     3.139    
                         clock uncertainty            0.263     3.402    
    SLICE_X34Y102        FDRE (Hold_fdre_C_D)         0.243     3.645    design_1_i/axi_interconnect_0/xbar/inst/gen_sasd.crossbar_sasd_0/reg_slice_r/skid_buffer_reg[19]
  -------------------------------------------------------------------
                         required time                         -3.645    
                         arrival time                           3.846    
  -------------------------------------------------------------------
                         slack                                  0.200    

Slack (MET) :             0.233ns  (arrival time - required time)
  Source:                 design_1_i/SpeedSensor_1/U0/SpeedSensor_slave_lite_v1_0_S00_AXI_inst/Core1/pulse_count_reg[26]/C
                            (rising edge-triggered cell FDRE clocked by clk_out1_design_1_clk_wiz_0_0  {rise@0.000ns fall@5.000ns period=10.000ns})
  Destination:            design_1_i/axi_interconnect_0/xbar/inst/gen_sasd.crossbar_sasd_0/reg_slice_r/skid_buffer_reg[29]/D
                            (rising edge-triggered cell FDRE clocked by clk_fpga_0  {rise@0.000ns fall@5.000ns period=10.000ns})
  Path Group:             clk_fpga_0
  Path Type:              Hold (Min at Slow Process Corner)
  Requirement:            0.000ns  (clk_fpga_0 rise@0.000ns - clk_out1_design_1_clk_wiz_0_0 rise@0.000ns)
  Data Path Delay:        5.419ns  (logic 0.667ns (12.308%)  route 4.752ns (87.692%))
  Logic Levels:           3  (LUT6=3)
  Clock Path Skew:        4.654ns (DCD - SCD - CPR)
    Destination Clock Delay (DCD):    3.138ns
    Source Clock Delay      (SCD):    -1.516ns
    Clock Pessimism Removal (CPR):    -0.000ns
  Clock Uncertainty:      0.263ns  ((TSJ^2 + TIJ^2 + DJ^2)^1/2) / 2 + PE
    Total System Jitter     (TSJ):    0.071ns
    Total Input Jitter      (TIJ):    0.300ns
    Discrete Jitter          (DJ):    0.125ns
    Phase Error              (PE):    0.097ns
  Clock Domain Crossing:  Inter clock paths are considered valid unless explicitly excluded by timing constraints such as set_clock_groups or set_false_path.

    Location             Delay type                Incr(ns)  Path(ns)    Netlist Resource(s)
  -------------------------------------------------------------------    -------------------
                         (clock clk_out1_design_1_clk_wiz_0_0 rise edge)
                                                      0.000     0.000 r  
    H16                                               0.000     0.000 r  sys_clock (IN)
                         net (fo=0)                   0.000     0.000    design_1_i/clk_wiz_0/inst/clk_in1
    H16                  IBUF (Prop_ibuf_I_O)         1.380     1.380 r  design_1_i/clk_wiz_0/inst/clkin1_ibufg/O
                         net (fo=1, routed)           1.162     2.542    design_1_i/clk_wiz_0/inst/clk_in1_design_1_clk_wiz_0_0
    MMCME2_ADV_X1Y2      MMCME2_ADV (Prop_mmcme2_adv_CLKIN1_CLKOUT0)
                                                     -7.814    -5.272 r  design_1_i/clk_wiz_0/inst/mmcm_adv_inst/CLKOUT0
                         net (fo=1, routed)           2.012    -3.260    design_1_i/clk_wiz_0/inst/clk_out1_design_1_clk_wiz_0_0
    BUFGCTRL_X0Y17       BUFG (Prop_bufg_I_O)         0.091    -3.169 r  design_1_i/clk_wiz_0/inst/clkout1_buf/O
                         net (fo=66, routed)          1.653    -1.516    design_1_i/SpeedSensor_1/U0/SpeedSensor_slave_lite_v1_0_S00_AXI_inst/Core1/Clk
    SLICE_X41Y103        FDRE                                         r  design_1_i/SpeedSensor_1/U0/SpeedSensor_slave_lite_v1_0_S00_AXI_inst/Core1/pulse_count_reg[26]/C
  -------------------------------------------------------------------    -------------------
    SLICE_X41Y103        FDRE (Prop_fdre_C_Q)         0.367    -1.149 r  design_1_i/SpeedSensor_1/U0/SpeedSensor_slave_lite_v1_0_S00_AXI_inst/Core1/pulse_count_reg[26]/Q
                         net (fo=2, routed)           1.688     0.539    design_1_i/SpeedSensor_1/U0/SpeedSensor_slave_lite_v1_0_S00_AXI_inst/pulse_count_reg[26]
    SLICE_X39Y105        LUT6 (Prop_lut6_I5_O)        0.100     0.639 r  design_1_i/SpeedSensor_1/U0/SpeedSensor_slave_lite_v1_0_S00_AXI_inst/s00_axi_rdata[26]_INST_0/O
                         net (fo=1, routed)           1.408     2.047    design_1_i/axi_interconnect_0/xbar/inst/gen_sasd.crossbar_sasd_0/reg_slice_r/m_axi_rdata[122]
    SLICE_X39Y105        LUT6 (Prop_lut6_I2_O)        0.100     2.147 r  design_1_i/axi_interconnect_0/xbar/inst/gen_sasd.crossbar_sasd_0/reg_slice_r/m_payload_i[29]_i_2/O
                         net (fo=1, routed)           1.656     3.803    design_1_i/axi_interconnect_0/xbar/inst/gen_sasd.crossbar_sasd_0/reg_slice_r/m_payload_i[29]_i_2_n_0
    SLICE_X35Y104        LUT6 (Prop_lut6_I5_O)        0.100     3.903 r  design_1_i/axi_interconnect_0/xbar/inst/gen_sasd.crossbar_sasd_0/reg_slice_r/m_payload_i[29]_i_1/O
                         net (fo=2, routed)           0.000     3.903    design_1_i/axi_interconnect_0/xbar/inst/gen_sasd.crossbar_sasd_0/reg_slice_r/skid_buffer[29]
    SLICE_X35Y104        FDRE                                         r  design_1_i/axi_interconnect_0/xbar/inst/gen_sasd.crossbar_sasd_0/reg_slice_r/skid_buffer_reg[29]/D
  -------------------------------------------------------------------    -------------------

                         (clock clk_fpga_0 rise edge)
                                                      0.000     0.000 r  
    PS7_X0Y0             PS7                          0.000     0.000 r  design_1_i/processing_system7_0/inst/PS7_i/FCLKCLK[0]
                         net (fo=1, routed)           1.193     1.193    design_1_i/processing_system7_0/inst/FCLK_CLK_unbuffered[0]
    BUFGCTRL_X0Y16       BUFG (Prop_bufg_I_O)         0.101     1.294 r  design_1_i/processing_system7_0/inst/buffer_fclk_clk_0.FCLK_CLK_0_BUFG/O
                         net (fo=1419, routed)        1.844     3.138    design_1_i/axi_interconnect_0/xbar/inst/gen_sasd.crossbar_sasd_0/reg_slice_r/aclk
    SLICE_X35Y104        FDRE                                         r  design_1_i/axi_interconnect_0/xbar/inst/gen_sasd.crossbar_sasd_0/reg_slice_r/skid_buffer_reg[29]/C
                         clock pessimism              0.000     3.138    
                         clock uncertainty            0.263     3.401    
    SLICE_X35Y104        FDRE (Hold_fdre_C_D)         0.269     3.670    design_1_i/axi_interconnect_0/xbar/inst/gen_sasd.crossbar_sasd_0/reg_slice_r/skid_buffer_reg[29]
  -------------------------------------------------------------------
                         required time                         -3.670    
                         arrival time                           3.903    
  -------------------------------------------------------------------
                         slack                                  0.233    

Slack (MET) :             0.254ns  (arrival time - required time)
  Source:                 design_1_i/SpeedSensor_1/U0/SpeedSensor_slave_lite_v1_0_S00_AXI_inst/Core1/pulse_count_reg[8]/C
                            (rising edge-triggered cell FDRE clocked by clk_out1_design_1_clk_wiz_0_0  {rise@0.000ns fall@5.000ns period=10.000ns})
  Destination:            design_1_i/axi_interconnect_0/xbar/inst/gen_sasd.crossbar_sasd_0/reg_slice_r/m_payload_i_reg[11]/D
                            (rising edge-triggered cell FDRE clocked by clk_fpga_0  {rise@0.000ns fall@5.000ns period=10.000ns})
  Path Group:             clk_fpga_0
  Path Type:              Hold (Min at Slow Process Corner)
  Requirement:            0.000ns  (clk_fpga_0 rise@0.000ns - clk_out1_design_1_clk_wiz_0_0 rise@0.000ns)
  Data Path Delay:        5.401ns  (logic 0.667ns (12.350%)  route 4.734ns (87.650%))
  Logic Levels:           3  (LUT5=1 LUT6=2)
  Clock Path Skew:        4.635ns (DCD - SCD - CPR)
    Destination Clock Delay (DCD):    2.946ns
    Source Clock Delay      (SCD):    -1.689ns
    Clock Pessimism Removal (CPR):    -0.000ns
  Clock Uncertainty:      0.263ns  ((TSJ^2 + TIJ^2 + DJ^2)^1/2) / 2 + PE
    Total System Jitter     (TSJ):    0.071ns
    Total Input Jitter      (TIJ):    0.300ns
    Discrete Jitter          (DJ):    0.125ns
    Phase Error              (PE):    0.097ns
  Clock Domain Crossing:  Inter clock paths are considered valid unless explicitly excluded by timing constraints such as set_clock_groups or set_false_path.

    Location             Delay type                Incr(ns)  Path(ns)    Netlist Resource(s)
  -------------------------------------------------------------------    -------------------
                         (clock clk_out1_design_1_clk_wiz_0_0 rise edge)
                                                      0.000     0.000 r  
    H16                                               0.000     0.000 r  sys_clock (IN)
                         net (fo=0)                   0.000     0.000    design_1_i/clk_wiz_0/inst/clk_in1
    H16                  IBUF (Prop_ibuf_I_O)         1.380     1.380 r  design_1_i/clk_wiz_0/inst/clkin1_ibufg/O
                         net (fo=1, routed)           1.162     2.542    design_1_i/clk_wiz_0/inst/clk_in1_design_1_clk_wiz_0_0
    MMCME2_ADV_X1Y2      MMCME2_ADV (Prop_mmcme2_adv_CLKIN1_CLKOUT0)
                                                     -7.814    -5.272 r  design_1_i/clk_wiz_0/inst/mmcm_adv_inst/CLKOUT0
                         net (fo=1, routed)           2.012    -3.260    design_1_i/clk_wiz_0/inst/clk_out1_design_1_clk_wiz_0_0
    BUFGCTRL_X0Y17       BUFG (Prop_bufg_I_O)         0.091    -3.169 r  design_1_i/clk_wiz_0/inst/clkout1_buf/O
                         net (fo=66, routed)          1.480    -1.689    design_1_i/SpeedSensor_1/U0/SpeedSensor_slave_lite_v1_0_S00_AXI_inst/Core1/Clk
    SLICE_X41Y99         FDRE                                         r  design_1_i/SpeedSensor_1/U0/SpeedSensor_slave_lite_v1_0_S00_AXI_inst/Core1/pulse_count_reg[8]/C
  -------------------------------------------------------------------    -------------------
    SLICE_X41Y99         FDRE (Prop_fdre_C_Q)         0.367    -1.322 r  design_1_i/SpeedSensor_1/U0/SpeedSensor_slave_lite_v1_0_S00_AXI_inst/Core1/pulse_count_reg[8]/Q
                         net (fo=2, routed)           0.682    -0.640    design_1_i/SpeedSensor_1/U0/SpeedSensor_slave_lite_v1_0_S00_AXI_inst/pulse_count_reg[8]
    SLICE_X37Y97         LUT6 (Prop_lut6_I5_O)        0.100    -0.540 r  design_1_i/SpeedSensor_1/U0/SpeedSensor_slave_lite_v1_0_S00_AXI_inst/s00_axi_rdata[8]_INST_0/O
                         net (fo=1, routed)           0.727     0.187    design_1_i/axi_interconnect_0/xbar/inst/gen_sasd.crossbar_sasd_0/reg_slice_r/m_axi_rdata[104]
    SLICE_X33Y94         LUT6 (Prop_lut6_I4_O)        0.100     0.287 r  design_1_i/axi_interconnect_0/xbar/inst/gen_sasd.crossbar_sasd_0/reg_slice_r/m_payload_i[11]_i_2/O
                         net (fo=1, routed)           0.642     0.929    design_1_i/axi_interconnect_0/xbar/inst/gen_sasd.crossbar_sasd_0/reg_slice_r/m_payload_i[11]_i_2_n_0
    SLICE_X33Y94         LUT5 (Prop_lut5_I4_O)        0.100     1.029 r  design_1_i/axi_interconnect_0/xbar/inst/gen_sasd.crossbar_sasd_0/reg_slice_r/m_payload_i[11]_i_1/O
                         net (fo=2, routed)           2.683     3.712    design_1_i/axi_interconnect_0/xbar/inst/gen_sasd.crossbar_sasd_0/reg_slice_r/skid_buffer[11]
    SLICE_X34Y94         FDRE                                         r  design_1_i/axi_interconnect_0/xbar/inst/gen_sasd.crossbar_sasd_0/reg_slice_r/m_payload_i_reg[11]/D
  -------------------------------------------------------------------    -------------------

                         (clock clk_fpga_0 rise edge)
                                                      0.000     0.000 r  
    PS7_X0Y0             PS7                          0.000     0.000 r  design_1_i/processing_system7_0/inst/PS7_i/FCLKCLK[0]
                         net (fo=1, routed)           1.193     1.193    design_1_i/processing_system7_0/inst/FCLK_CLK_unbuffered[0]
    BUFGCTRL_X0Y16       BUFG (Prop_bufg_I_O)         0.101     1.294 r  design_1_i/processing_system7_0/inst/buffer_fclk_clk_0.FCLK_CLK_0_BUFG/O
                         net (fo=1419, routed)        1.652     2.946    design_1_i/axi_interconnect_0/xbar/inst/gen_sasd.crossbar_sasd_0/reg_slice_r/aclk
    SLICE_X34Y94         FDRE                                         r  design_1_i/axi_interconnect_0/xbar/inst/gen_sasd.crossbar_sasd_0/reg_slice_r/m_payload_i_reg[11]/C
                         clock pessimism              0.000     2.946    
                         clock uncertainty            0.263     3.209    
    SLICE_X34Y94         FDRE (Hold_fdre_C_D)         0.248     3.457    design_1_i/axi_interconnect_0/xbar/inst/gen_sasd.crossbar_sasd_0/reg_slice_r/m_payload_i_reg[11]
  -------------------------------------------------------------------
                         required time                         -3.457    
                         arrival time                           3.712    
  -------------------------------------------------------------------
                         slack                                  0.254    

Slack (MET) :             0.261ns  (arrival time - required time)
  Source:                 design_1_i/SpeedSensor_1/U0/SpeedSensor_slave_lite_v1_0_S00_AXI_inst/Core1/pulse_count_reg[16]/C
                            (rising edge-triggered cell FDRE clocked by clk_out1_design_1_clk_wiz_0_0  {rise@0.000ns fall@5.000ns period=10.000ns})
  Destination:            design_1_i/axi_interconnect_0/xbar/inst/gen_sasd.crossbar_sasd_0/reg_slice_r/m_payload_i_reg[19]/D
                            (rising edge-triggered cell FDRE clocked by clk_fpga_0  {rise@0.000ns fall@5.000ns period=10.000ns})
  Path Group:             clk_fpga_0
  Path Type:              Hold (Min at Slow Process Corner)
  Requirement:            0.000ns  (clk_fpga_0 rise@0.000ns - clk_out1_design_1_clk_wiz_0_0 rise@0.000ns)
  Data Path Delay:        5.218ns  (logic 0.667ns (12.783%)  route 4.551ns (87.217%))
  Logic Levels:           3  (LUT5=1 LUT6=2)
  Clock Path Skew:        4.462ns (DCD - SCD - CPR)
    Destination Clock Delay (DCD):    2.947ns
    Source Clock Delay      (SCD):    -1.515ns
    Clock Pessimism Removal (CPR):    -0.000ns
  Clock Uncertainty:      0.263ns  ((TSJ^2 + TIJ^2 + DJ^2)^1/2) / 2 + PE
    Total System Jitter     (TSJ):    0.071ns
    Total Input Jitter      (TIJ):    0.300ns
    Discrete Jitter          (DJ):    0.125ns
    Phase Error              (PE):    0.097ns
  Clock Domain Crossing:  Inter clock paths are considered valid unless explicitly excluded by timing constraints such as set_clock_groups or set_false_path.

    Location             Delay type                Incr(ns)  Path(ns)    Netlist Resource(s)
  -------------------------------------------------------------------    -------------------
                         (clock clk_out1_design_1_clk_wiz_0_0 rise edge)
                                                      0.000     0.000 r  
    H16                                               0.000     0.000 r  sys_clock (IN)
                         net (fo=0)                   0.000     0.000    design_1_i/clk_wiz_0/inst/clk_in1
    H16                  IBUF (Prop_ibuf_I_O)         1.380     1.380 r  design_1_i/clk_wiz_0/inst/clkin1_ibufg/O
                         net (fo=1, routed)           1.162     2.542    design_1_i/clk_wiz_0/inst/clk_in1_design_1_clk_wiz_0_0
    MMCME2_ADV_X1Y2      MMCME2_ADV (Prop_mmcme2_adv_CLKIN1_CLKOUT0)
                                                     -7.814    -5.272 r  design_1_i/clk_wiz_0/inst/mmcm_adv_inst/CLKOUT0
                         net (fo=1, routed)           2.012    -3.260    design_1_i/clk_wiz_0/inst/clk_out1_design_1_clk_wiz_0_0
    BUFGCTRL_X0Y17       BUFG (Prop_bufg_I_O)         0.091    -3.169 r  design_1_i/clk_wiz_0/inst/clkout1_buf/O
                         net (fo=66, routed)          1.654    -1.515    design_1_i/SpeedSensor_1/U0/SpeedSensor_slave_lite_v1_0_S00_AXI_inst/Core1/Clk
    SLICE_X41Y101        FDRE                                         r  design_1_i/SpeedSensor_1/U0/SpeedSensor_slave_lite_v1_0_S00_AXI_inst/Core1/pulse_count_reg[16]/C
  -------------------------------------------------------------------    -------------------
    SLICE_X41Y101        FDRE (Prop_fdre_C_Q)         0.367    -1.148 r  design_1_i/SpeedSensor_1/U0/SpeedSensor_slave_lite_v1_0_S00_AXI_inst/Core1/pulse_count_reg[16]/Q
                         net (fo=2, routed)           0.776    -0.372    design_1_i/SpeedSensor_1/U0/SpeedSensor_slave_lite_v1_0_S00_AXI_inst/pulse_count_reg[16]
    SLICE_X38Y103        LUT6 (Prop_lut6_I5_O)        0.100    -0.272 r  design_1_i/SpeedSensor_1/U0/SpeedSensor_slave_lite_v1_0_S00_AXI_inst/s00_axi_rdata[16]_INST_0/O
                         net (fo=1, routed)           0.630     0.358    design_1_i/axi_interconnect_0/xbar/inst/gen_sasd.crossbar_sasd_0/reg_slice_r/m_axi_rdata[112]
    SLICE_X34Y102        LUT6 (Prop_lut6_I2_O)        0.100     0.458 r  design_1_i/axi_interconnect_0/xbar/inst/gen_sasd.crossbar_sasd_0/reg_slice_r/m_payload_i[19]_i_2/O
                         net (fo=1, routed)           0.349     0.807    design_1_i/axi_interconnect_0/xbar/inst/gen_sasd.crossbar_sasd_0/reg_slice_r/m_payload_i[19]_i_2_n_0
    SLICE_X34Y102        LUT5 (Prop_lut5_I4_O)        0.100     0.907 r  design_1_i/axi_interconnect_0/xbar/inst/gen_sasd.crossbar_sasd_0/reg_slice_r/m_payload_i[19]_i_1/O
                         net (fo=2, routed)           2.796     3.703    design_1_i/axi_interconnect_0/xbar/inst/gen_sasd.crossbar_sasd_0/reg_slice_r/skid_buffer[19]
    SLICE_X32Y98         FDRE                                         r  design_1_i/axi_interconnect_0/xbar/inst/gen_sasd.crossbar_sasd_0/reg_slice_r/m_payload_i_reg[19]/D
  -------------------------------------------------------------------    -------------------

                         (clock clk_fpga_0 rise edge)
                                                      0.000     0.000 r  
    PS7_X0Y0             PS7                          0.000     0.000 r  design_1_i/processing_system7_0/inst/PS7_i/FCLKCLK[0]
                         net (fo=1, routed)           1.193     1.193    design_1_i/processing_system7_0/inst/FCLK_CLK_unbuffered[0]
    BUFGCTRL_X0Y16       BUFG (Prop_bufg_I_O)         0.101     1.294 r  design_1_i/processing_system7_0/inst/buffer_fclk_clk_0.FCLK_CLK_0_BUFG/O
                         net (fo=1419, routed)        1.653     2.947    design_1_i/axi_interconnect_0/xbar/inst/gen_sasd.crossbar_sasd_0/reg_slice_r/aclk
    SLICE_X32Y98         FDRE                                         r  design_1_i/axi_interconnect_0/xbar/inst/gen_sasd.crossbar_sasd_0/reg_slice_r/m_payload_i_reg[19]/C
                         clock pessimism              0.000     2.947    
                         clock uncertainty            0.263     3.210    
    SLICE_X32Y98         FDRE (Hold_fdre_C_D)         0.232     3.442    design_1_i/axi_interconnect_0/xbar/inst/gen_sasd.crossbar_sasd_0/reg_slice_r/m_payload_i_reg[19]
  -------------------------------------------------------------------
                         required time                         -3.442    
                         arrival time                           3.703    
  -------------------------------------------------------------------
                         slack                                  0.261    





---------------------------------------------------------------------------------------------------
From Clock:  clk_fpga_0
  To Clock:  clk_out1_design_1_clk_wiz_0_0

Setup :            0  Failing Endpoints,  Worst Slack        2.366ns,  Total Violation        0.000ns
Hold  :            0  Failing Endpoints,  Worst Slack        1.795ns,  Total Violation        0.000ns
---------------------------------------------------------------------------------------------------


Max Delay Paths
--------------------------------------------------------------------------------------
Slack (MET) :             2.366ns  (required time - arrival time)
  Source:                 design_1_i/SpeedSensor_1/U0/SpeedSensor_slave_lite_v1_0_S00_AXI_inst/slv_reg0_reg[0]/C
                            (rising edge-triggered cell FDRE clocked by clk_fpga_0  {rise@0.000ns fall@5.000ns period=10.000ns})
  Destination:            design_1_i/SpeedSensor_1/U0/SpeedSensor_slave_lite_v1_0_S00_AXI_inst/Core1/pulse_count_reg[12]/R
                            (rising edge-triggered cell FDRE clocked by clk_out1_design_1_clk_wiz_0_0  {rise@0.000ns fall@5.000ns period=10.000ns})
  Path Group:             clk_out1_design_1_clk_wiz_0_0
  Path Type:              Setup (Max at Slow Process Corner)
  Requirement:            10.000ns  (clk_out1_design_1_clk_wiz_0_0 rise@10.000ns - clk_fpga_0 rise@0.000ns)
  Data Path Delay:        2.482ns  (logic 0.518ns (20.872%)  route 1.964ns (79.128%))
  Logic Levels:           0  
  Clock Path Skew:        -4.460ns (DCD - SCD + CPR)
    Destination Clock Delay (DCD):    -1.515ns = ( 8.485 - 10.000 ) 
    Source Clock Delay      (SCD):    2.945ns
    Clock Pessimism Removal (CPR):    0.000ns
  Clock Uncertainty:      0.263ns  ((TSJ^2 + TIJ^2 + DJ^2)^1/2) / 2 + PE
    Total System Jitter     (TSJ):    0.071ns
    Total Input Jitter      (TIJ):    0.300ns
    Discrete Jitter          (DJ):    0.125ns
    Phase Error              (PE):    0.097ns
  Clock Domain Crossing:  Inter clock paths are considered valid unless explicitly excluded by timing constraints such as set_clock_groups or set_false_path.

    Location             Delay type                Incr(ns)  Path(ns)    Netlist Resource(s)
  -------------------------------------------------------------------    -------------------
                         (clock clk_fpga_0 rise edge)
                                                      0.000     0.000 r  
    PS7_X0Y0             PS7                          0.000     0.000 r  design_1_i/processing_system7_0/inst/PS7_i/FCLKCLK[0]
                         net (fo=1, routed)           1.193     1.193    design_1_i/processing_system7_0/inst/FCLK_CLK_unbuffered[0]
    BUFGCTRL_X0Y16       BUFG (Prop_bufg_I_O)         0.101     1.294 r  design_1_i/processing_system7_0/inst/buffer_fclk_clk_0.FCLK_CLK_0_BUFG/O
                         net (fo=1419, routed)        1.651     2.945    design_1_i/SpeedSensor_1/U0/SpeedSensor_slave_lite_v1_0_S00_AXI_inst/s00_axi_aclk
    SLICE_X42Y95         FDRE                                         r  design_1_i/SpeedSensor_1/U0/SpeedSensor_slave_lite_v1_0_S00_AXI_inst/slv_reg0_reg[0]/C
  -------------------------------------------------------------------    -------------------
    SLICE_X42Y95         FDRE (Prop_fdre_C_Q)         0.518     3.463 r  design_1_i/SpeedSensor_1/U0/SpeedSensor_slave_lite_v1_0_S00_AXI_inst/slv_reg0_reg[0]/Q
                         net (fo=34, routed)          1.964     5.427    design_1_i/SpeedSensor_1/U0/SpeedSensor_slave_lite_v1_0_S00_AXI_inst/Core1/Q[0]
    SLICE_X41Y100        FDRE                                         r  design_1_i/SpeedSensor_1/U0/SpeedSensor_slave_lite_v1_0_S00_AXI_inst/Core1/pulse_count_reg[12]/R
  -------------------------------------------------------------------    -------------------

                         (clock clk_out1_design_1_clk_wiz_0_0 rise edge)
                                                     10.000    10.000 r  
    H16                                               0.000    10.000 r  sys_clock (IN)
                         net (fo=0)                   0.000    10.000    design_1_i/clk_wiz_0/inst/clk_in1
    H16                  IBUF (Prop_ibuf_I_O)         1.380    11.380 r  design_1_i/clk_wiz_0/inst/clkin1_ibufg/O
                         net (fo=1, routed)           1.162    12.542    design_1_i/clk_wiz_0/inst/clk_in1_design_1_clk_wiz_0_0
    MMCME2_ADV_X1Y2      MMCME2_ADV (Prop_mmcme2_adv_CLKIN1_CLKOUT0)
                                                     -7.814     4.728 r  design_1_i/clk_wiz_0/inst/mmcm_adv_inst/CLKOUT0
                         net (fo=1, routed)           2.012     6.740    design_1_i/clk_wiz_0/inst/clk_out1_design_1_clk_wiz_0_0
    BUFGCTRL_X0Y17       BUFG (Prop_bufg_I_O)         0.091     6.831 r  design_1_i/clk_wiz_0/inst/clkout1_buf/O
                         net (fo=66, routed)          1.654     8.485    design_1_i/SpeedSensor_1/U0/SpeedSensor_slave_lite_v1_0_S00_AXI_inst/Core1/Clk
    SLICE_X41Y100        FDRE                                         r  design_1_i/SpeedSensor_1/U0/SpeedSensor_slave_lite_v1_0_S00_AXI_inst/Core1/pulse_count_reg[12]/C
                         clock pessimism              0.000     8.485    
                         clock uncertainty           -0.263     8.222    
    SLICE_X41Y100        FDRE (Setup_fdre_C_R)       -0.429     7.793    design_1_i/SpeedSensor_1/U0/SpeedSensor_slave_lite_v1_0_S00_AXI_inst/Core1/pulse_count_reg[12]
  -------------------------------------------------------------------
                         required time                          7.793    
                         arrival time                          -5.427    
  -------------------------------------------------------------------
                         slack                                  2.366    

Slack (MET) :             2.366ns  (required time - arrival time)
  Source:                 design_1_i/SpeedSensor_1/U0/SpeedSensor_slave_lite_v1_0_S00_AXI_inst/slv_reg0_reg[0]/C
                            (rising edge-triggered cell FDRE clocked by clk_fpga_0  {rise@0.000ns fall@5.000ns period=10.000ns})
  Destination:            design_1_i/SpeedSensor_1/U0/SpeedSensor_slave_lite_v1_0_S00_AXI_inst/Core1/pulse_count_reg[13]/R
                            (rising edge-triggered cell FDRE clocked by clk_out1_design_1_clk_wiz_0_0  {rise@0.000ns fall@5.000ns period=10.000ns})
  Path Group:             clk_out1_design_1_clk_wiz_0_0
  Path Type:              Setup (Max at Slow Process Corner)
  Requirement:            10.000ns  (clk_out1_design_1_clk_wiz_0_0 rise@10.000ns - clk_fpga_0 rise@0.000ns)
  Data Path Delay:        2.482ns  (logic 0.518ns (20.872%)  route 1.964ns (79.128%))
  Logic Levels:           0  
  Clock Path Skew:        -4.460ns (DCD - SCD + CPR)
    Destination Clock Delay (DCD):    -1.515ns = ( 8.485 - 10.000 ) 
    Source Clock Delay      (SCD):    2.945ns
    Clock Pessimism Removal (CPR):    0.000ns
  Clock Uncertainty:      0.263ns  ((TSJ^2 + TIJ^2 + DJ^2)^1/2) / 2 + PE
    Total System Jitter     (TSJ):    0.071ns
    Total Input Jitter      (TIJ):    0.300ns
    Discrete Jitter          (DJ):    0.125ns
    Phase Error              (PE):    0.097ns
  Clock Domain Crossing:  Inter clock paths are considered valid unless explicitly excluded by timing constraints such as set_clock_groups or set_false_path.

    Location             Delay type                Incr(ns)  Path(ns)    Netlist Resource(s)
  -------------------------------------------------------------------    -------------------
                         (clock clk_fpga_0 rise edge)
                                                      0.000     0.000 r  
    PS7_X0Y0             PS7                          0.000     0.000 r  design_1_i/processing_system7_0/inst/PS7_i/FCLKCLK[0]
                         net (fo=1, routed)           1.193     1.193    design_1_i/processing_system7_0/inst/FCLK_CLK_unbuffered[0]
    BUFGCTRL_X0Y16       BUFG (Prop_bufg_I_O)         0.101     1.294 r  design_1_i/processing_system7_0/inst/buffer_fclk_clk_0.FCLK_CLK_0_BUFG/O
                         net (fo=1419, routed)        1.651     2.945    design_1_i/SpeedSensor_1/U0/SpeedSensor_slave_lite_v1_0_S00_AXI_inst/s00_axi_aclk
    SLICE_X42Y95         FDRE                                         r  design_1_i/SpeedSensor_1/U0/SpeedSensor_slave_lite_v1_0_S00_AXI_inst/slv_reg0_reg[0]/C
  -------------------------------------------------------------------    -------------------
    SLICE_X42Y95         FDRE (Prop_fdre_C_Q)         0.518     3.463 r  design_1_i/SpeedSensor_1/U0/SpeedSensor_slave_lite_v1_0_S00_AXI_inst/slv_reg0_reg[0]/Q
                         net (fo=34, routed)          1.964     5.427    design_1_i/SpeedSensor_1/U0/SpeedSensor_slave_lite_v1_0_S00_AXI_inst/Core1/Q[0]
    SLICE_X41Y100        FDRE                                         r  design_1_i/SpeedSensor_1/U0/SpeedSensor_slave_lite_v1_0_S00_AXI_inst/Core1/pulse_count_reg[13]/R
  -------------------------------------------------------------------    -------------------

                         (clock clk_out1_design_1_clk_wiz_0_0 rise edge)
                                                     10.000    10.000 r  
    H16                                               0.000    10.000 r  sys_clock (IN)
                         net (fo=0)                   0.000    10.000    design_1_i/clk_wiz_0/inst/clk_in1
    H16                  IBUF (Prop_ibuf_I_O)         1.380    11.380 r  design_1_i/clk_wiz_0/inst/clkin1_ibufg/O
                         net (fo=1, routed)           1.162    12.542    design_1_i/clk_wiz_0/inst/clk_in1_design_1_clk_wiz_0_0
    MMCME2_ADV_X1Y2      MMCME2_ADV (Prop_mmcme2_adv_CLKIN1_CLKOUT0)
                                                     -7.814     4.728 r  design_1_i/clk_wiz_0/inst/mmcm_adv_inst/CLKOUT0
                         net (fo=1, routed)           2.012     6.740    design_1_i/clk_wiz_0/inst/clk_out1_design_1_clk_wiz_0_0
    BUFGCTRL_X0Y17       BUFG (Prop_bufg_I_O)         0.091     6.831 r  design_1_i/clk_wiz_0/inst/clkout1_buf/O
                         net (fo=66, routed)          1.654     8.485    design_1_i/SpeedSensor_1/U0/SpeedSensor_slave_lite_v1_0_S00_AXI_inst/Core1/Clk
    SLICE_X41Y100        FDRE                                         r  design_1_i/SpeedSensor_1/U0/SpeedSensor_slave_lite_v1_0_S00_AXI_inst/Core1/pulse_count_reg[13]/C
                         clock pessimism              0.000     8.485    
                         clock uncertainty           -0.263     8.222    
    SLICE_X41Y100        FDRE (Setup_fdre_C_R)       -0.429     7.793    design_1_i/SpeedSensor_1/U0/SpeedSensor_slave_lite_v1_0_S00_AXI_inst/Core1/pulse_count_reg[13]
  -------------------------------------------------------------------
                         required time                          7.793    
                         arrival time                          -5.427    
  -------------------------------------------------------------------
                         slack                                  2.366    

Slack (MET) :             2.366ns  (required time - arrival time)
  Source:                 design_1_i/SpeedSensor_1/U0/SpeedSensor_slave_lite_v1_0_S00_AXI_inst/slv_reg0_reg[0]/C
                            (rising edge-triggered cell FDRE clocked by clk_fpga_0  {rise@0.000ns fall@5.000ns period=10.000ns})
  Destination:            design_1_i/SpeedSensor_1/U0/SpeedSensor_slave_lite_v1_0_S00_AXI_inst/Core1/pulse_count_reg[14]/R
                            (rising edge-triggered cell FDRE clocked by clk_out1_design_1_clk_wiz_0_0  {rise@0.000ns fall@5.000ns period=10.000ns})
  Path Group:             clk_out1_design_1_clk_wiz_0_0
  Path Type:              Setup (Max at Slow Process Corner)
  Requirement:            10.000ns  (clk_out1_design_1_clk_wiz_0_0 rise@10.000ns - clk_fpga_0 rise@0.000ns)
  Data Path Delay:        2.482ns  (logic 0.518ns (20.872%)  route 1.964ns (79.128%))
  Logic Levels:           0  
  Clock Path Skew:        -4.460ns (DCD - SCD + CPR)
    Destination Clock Delay (DCD):    -1.515ns = ( 8.485 - 10.000 ) 
    Source Clock Delay      (SCD):    2.945ns
    Clock Pessimism Removal (CPR):    0.000ns
  Clock Uncertainty:      0.263ns  ((TSJ^2 + TIJ^2 + DJ^2)^1/2) / 2 + PE
    Total System Jitter     (TSJ):    0.071ns
    Total Input Jitter      (TIJ):    0.300ns
    Discrete Jitter          (DJ):    0.125ns
    Phase Error              (PE):    0.097ns
  Clock Domain Crossing:  Inter clock paths are considered valid unless explicitly excluded by timing constraints such as set_clock_groups or set_false_path.

    Location             Delay type                Incr(ns)  Path(ns)    Netlist Resource(s)
  -------------------------------------------------------------------    -------------------
                         (clock clk_fpga_0 rise edge)
                                                      0.000     0.000 r  
    PS7_X0Y0             PS7                          0.000     0.000 r  design_1_i/processing_system7_0/inst/PS7_i/FCLKCLK[0]
                         net (fo=1, routed)           1.193     1.193    design_1_i/processing_system7_0/inst/FCLK_CLK_unbuffered[0]
    BUFGCTRL_X0Y16       BUFG (Prop_bufg_I_O)         0.101     1.294 r  design_1_i/processing_system7_0/inst/buffer_fclk_clk_0.FCLK_CLK_0_BUFG/O
                         net (fo=1419, routed)        1.651     2.945    design_1_i/SpeedSensor_1/U0/SpeedSensor_slave_lite_v1_0_S00_AXI_inst/s00_axi_aclk
    SLICE_X42Y95         FDRE                                         r  design_1_i/SpeedSensor_1/U0/SpeedSensor_slave_lite_v1_0_S00_AXI_inst/slv_reg0_reg[0]/C
  -------------------------------------------------------------------    -------------------
    SLICE_X42Y95         FDRE (Prop_fdre_C_Q)         0.518     3.463 r  design_1_i/SpeedSensor_1/U0/SpeedSensor_slave_lite_v1_0_S00_AXI_inst/slv_reg0_reg[0]/Q
                         net (fo=34, routed)          1.964     5.427    design_1_i/SpeedSensor_1/U0/SpeedSensor_slave_lite_v1_0_S00_AXI_inst/Core1/Q[0]
    SLICE_X41Y100        FDRE                                         r  design_1_i/SpeedSensor_1/U0/SpeedSensor_slave_lite_v1_0_S00_AXI_inst/Core1/pulse_count_reg[14]/R
  -------------------------------------------------------------------    -------------------

                         (clock clk_out1_design_1_clk_wiz_0_0 rise edge)
                                                     10.000    10.000 r  
    H16                                               0.000    10.000 r  sys_clock (IN)
                         net (fo=0)                   0.000    10.000    design_1_i/clk_wiz_0/inst/clk_in1
    H16                  IBUF (Prop_ibuf_I_O)         1.380    11.380 r  design_1_i/clk_wiz_0/inst/clkin1_ibufg/O
                         net (fo=1, routed)           1.162    12.542    design_1_i/clk_wiz_0/inst/clk_in1_design_1_clk_wiz_0_0
    MMCME2_ADV_X1Y2      MMCME2_ADV (Prop_mmcme2_adv_CLKIN1_CLKOUT0)
                                                     -7.814     4.728 r  design_1_i/clk_wiz_0/inst/mmcm_adv_inst/CLKOUT0
                         net (fo=1, routed)           2.012     6.740    design_1_i/clk_wiz_0/inst/clk_out1_design_1_clk_wiz_0_0
    BUFGCTRL_X0Y17       BUFG (Prop_bufg_I_O)         0.091     6.831 r  design_1_i/clk_wiz_0/inst/clkout1_buf/O
                         net (fo=66, routed)          1.654     8.485    design_1_i/SpeedSensor_1/U0/SpeedSensor_slave_lite_v1_0_S00_AXI_inst/Core1/Clk
    SLICE_X41Y100        FDRE                                         r  design_1_i/SpeedSensor_1/U0/SpeedSensor_slave_lite_v1_0_S00_AXI_inst/Core1/pulse_count_reg[14]/C
                         clock pessimism              0.000     8.485    
                         clock uncertainty           -0.263     8.222    
    SLICE_X41Y100        FDRE (Setup_fdre_C_R)       -0.429     7.793    design_1_i/SpeedSensor_1/U0/SpeedSensor_slave_lite_v1_0_S00_AXI_inst/Core1/pulse_count_reg[14]
  -------------------------------------------------------------------
                         required time                          7.793    
                         arrival time                          -5.427    
  -------------------------------------------------------------------
                         slack                                  2.366    

Slack (MET) :             2.366ns  (required time - arrival time)
  Source:                 design_1_i/SpeedSensor_1/U0/SpeedSensor_slave_lite_v1_0_S00_AXI_inst/slv_reg0_reg[0]/C
                            (rising edge-triggered cell FDRE clocked by clk_fpga_0  {rise@0.000ns fall@5.000ns period=10.000ns})
  Destination:            design_1_i/SpeedSensor_1/U0/SpeedSensor_slave_lite_v1_0_S00_AXI_inst/Core1/pulse_count_reg[15]/R
                            (rising edge-triggered cell FDRE clocked by clk_out1_design_1_clk_wiz_0_0  {rise@0.000ns fall@5.000ns period=10.000ns})
  Path Group:             clk_out1_design_1_clk_wiz_0_0
  Path Type:              Setup (Max at Slow Process Corner)
  Requirement:            10.000ns  (clk_out1_design_1_clk_wiz_0_0 rise@10.000ns - clk_fpga_0 rise@0.000ns)
  Data Path Delay:        2.482ns  (logic 0.518ns (20.872%)  route 1.964ns (79.128%))
  Logic Levels:           0  
  Clock Path Skew:        -4.460ns (DCD - SCD + CPR)
    Destination Clock Delay (DCD):    -1.515ns = ( 8.485 - 10.000 ) 
    Source Clock Delay      (SCD):    2.945ns
    Clock Pessimism Removal (CPR):    0.000ns
  Clock Uncertainty:      0.263ns  ((TSJ^2 + TIJ^2 + DJ^2)^1/2) / 2 + PE
    Total System Jitter     (TSJ):    0.071ns
    Total Input Jitter      (TIJ):    0.300ns
    Discrete Jitter          (DJ):    0.125ns
    Phase Error              (PE):    0.097ns
  Clock Domain Crossing:  Inter clock paths are considered valid unless explicitly excluded by timing constraints such as set_clock_groups or set_false_path.

    Location             Delay type                Incr(ns)  Path(ns)    Netlist Resource(s)
  -------------------------------------------------------------------    -------------------
                         (clock clk_fpga_0 rise edge)
                                                      0.000     0.000 r  
    PS7_X0Y0             PS7                          0.000     0.000 r  design_1_i/processing_system7_0/inst/PS7_i/FCLKCLK[0]
                         net (fo=1, routed)           1.193     1.193    design_1_i/processing_system7_0/inst/FCLK_CLK_unbuffered[0]
    BUFGCTRL_X0Y16       BUFG (Prop_bufg_I_O)         0.101     1.294 r  design_1_i/processing_system7_0/inst/buffer_fclk_clk_0.FCLK_CLK_0_BUFG/O
                         net (fo=1419, routed)        1.651     2.945    design_1_i/SpeedSensor_1/U0/SpeedSensor_slave_lite_v1_0_S00_AXI_inst/s00_axi_aclk
    SLICE_X42Y95         FDRE                                         r  design_1_i/SpeedSensor_1/U0/SpeedSensor_slave_lite_v1_0_S00_AXI_inst/slv_reg0_reg[0]/C
  -------------------------------------------------------------------    -------------------
    SLICE_X42Y95         FDRE (Prop_fdre_C_Q)         0.518     3.463 r  design_1_i/SpeedSensor_1/U0/SpeedSensor_slave_lite_v1_0_S00_AXI_inst/slv_reg0_reg[0]/Q
                         net (fo=34, routed)          1.964     5.427    design_1_i/SpeedSensor_1/U0/SpeedSensor_slave_lite_v1_0_S00_AXI_inst/Core1/Q[0]
    SLICE_X41Y100        FDRE                                         r  design_1_i/SpeedSensor_1/U0/SpeedSensor_slave_lite_v1_0_S00_AXI_inst/Core1/pulse_count_reg[15]/R
  -------------------------------------------------------------------    -------------------

                         (clock clk_out1_design_1_clk_wiz_0_0 rise edge)
                                                     10.000    10.000 r  
    H16                                               0.000    10.000 r  sys_clock (IN)
                         net (fo=0)                   0.000    10.000    design_1_i/clk_wiz_0/inst/clk_in1
    H16                  IBUF (Prop_ibuf_I_O)         1.380    11.380 r  design_1_i/clk_wiz_0/inst/clkin1_ibufg/O
                         net (fo=1, routed)           1.162    12.542    design_1_i/clk_wiz_0/inst/clk_in1_design_1_clk_wiz_0_0
    MMCME2_ADV_X1Y2      MMCME2_ADV (Prop_mmcme2_adv_CLKIN1_CLKOUT0)
                                                     -7.814     4.728 r  design_1_i/clk_wiz_0/inst/mmcm_adv_inst/CLKOUT0
                         net (fo=1, routed)           2.012     6.740    design_1_i/clk_wiz_0/inst/clk_out1_design_1_clk_wiz_0_0
    BUFGCTRL_X0Y17       BUFG (Prop_bufg_I_O)         0.091     6.831 r  design_1_i/clk_wiz_0/inst/clkout1_buf/O
                         net (fo=66, routed)          1.654     8.485    design_1_i/SpeedSensor_1/U0/SpeedSensor_slave_lite_v1_0_S00_AXI_inst/Core1/Clk
    SLICE_X41Y100        FDRE                                         r  design_1_i/SpeedSensor_1/U0/SpeedSensor_slave_lite_v1_0_S00_AXI_inst/Core1/pulse_count_reg[15]/C
                         clock pessimism              0.000     8.485    
                         clock uncertainty           -0.263     8.222    
    SLICE_X41Y100        FDRE (Setup_fdre_C_R)       -0.429     7.793    design_1_i/SpeedSensor_1/U0/SpeedSensor_slave_lite_v1_0_S00_AXI_inst/Core1/pulse_count_reg[15]
  -------------------------------------------------------------------
                         required time                          7.793    
                         arrival time                          -5.427    
  -------------------------------------------------------------------
                         slack                                  2.366    

Slack (MET) :             2.451ns  (required time - arrival time)
  Source:                 design_1_i/SpeedSensor_1/U0/SpeedSensor_slave_lite_v1_0_S00_AXI_inst/slv_reg0_reg[0]/C
                            (rising edge-triggered cell FDRE clocked by clk_fpga_0  {rise@0.000ns fall@5.000ns period=10.000ns})
  Destination:            design_1_i/SpeedSensor_1/U0/SpeedSensor_slave_lite_v1_0_S00_AXI_inst/Core1/pulse_count_reg[10]/R
                            (rising edge-triggered cell FDRE clocked by clk_out1_design_1_clk_wiz_0_0  {rise@0.000ns fall@5.000ns period=10.000ns})
  Path Group:             clk_out1_design_1_clk_wiz_0_0
  Path Type:              Setup (Max at Slow Process Corner)
  Requirement:            10.000ns  (clk_out1_design_1_clk_wiz_0_0 rise@10.000ns - clk_fpga_0 rise@0.000ns)
  Data Path Delay:        2.222ns  (logic 0.518ns (23.310%)  route 1.704ns (76.690%))
  Logic Levels:           0  
  Clock Path Skew:        -4.634ns (DCD - SCD + CPR)
    Destination Clock Delay (DCD):    -1.689ns = ( 8.311 - 10.000 ) 
    Source Clock Delay      (SCD):    2.945ns
    Clock Pessimism Removal (CPR):    0.000ns
  Clock Uncertainty:      0.263ns  ((TSJ^2 + TIJ^2 + DJ^2)^1/2) / 2 + PE
    Total System Jitter     (TSJ):    0.071ns
    Total Input Jitter      (TIJ):    0.300ns
    Discrete Jitter          (DJ):    0.125ns
    Phase Error              (PE):    0.097ns
  Clock Domain Crossing:  Inter clock paths are considered valid unless explicitly excluded by timing constraints such as set_clock_groups or set_false_path.

    Location             Delay type                Incr(ns)  Path(ns)    Netlist Resource(s)
  -------------------------------------------------------------------    -------------------
                         (clock clk_fpga_0 rise edge)
                                                      0.000     0.000 r  
    PS7_X0Y0             PS7                          0.000     0.000 r  design_1_i/processing_system7_0/inst/PS7_i/FCLKCLK[0]
                         net (fo=1, routed)           1.193     1.193    design_1_i/processing_system7_0/inst/FCLK_CLK_unbuffered[0]
    BUFGCTRL_X0Y16       BUFG (Prop_bufg_I_O)         0.101     1.294 r  design_1_i/processing_system7_0/inst/buffer_fclk_clk_0.FCLK_CLK_0_BUFG/O
                         net (fo=1419, routed)        1.651     2.945    design_1_i/SpeedSensor_1/U0/SpeedSensor_slave_lite_v1_0_S00_AXI_inst/s00_axi_aclk
    SLICE_X42Y95         FDRE                                         r  design_1_i/SpeedSensor_1/U0/SpeedSensor_slave_lite_v1_0_S00_AXI_inst/slv_reg0_reg[0]/C
  -------------------------------------------------------------------    -------------------
    SLICE_X42Y95         FDRE (Prop_fdre_C_Q)         0.518     3.463 r  design_1_i/SpeedSensor_1/U0/SpeedSensor_slave_lite_v1_0_S00_AXI_inst/slv_reg0_reg[0]/Q
                         net (fo=34, routed)          1.704     5.167    design_1_i/SpeedSensor_1/U0/SpeedSensor_slave_lite_v1_0_S00_AXI_inst/Core1/Q[0]
    SLICE_X41Y99         FDRE                                         r  design_1_i/SpeedSensor_1/U0/SpeedSensor_slave_lite_v1_0_S00_AXI_inst/Core1/pulse_count_reg[10]/R
  -------------------------------------------------------------------    -------------------

                         (clock clk_out1_design_1_clk_wiz_0_0 rise edge)
                                                     10.000    10.000 r  
    H16                                               0.000    10.000 r  sys_clock (IN)
                         net (fo=0)                   0.000    10.000    design_1_i/clk_wiz_0/inst/clk_in1
    H16                  IBUF (Prop_ibuf_I_O)         1.380    11.380 r  design_1_i/clk_wiz_0/inst/clkin1_ibufg/O
                         net (fo=1, routed)           1.162    12.542    design_1_i/clk_wiz_0/inst/clk_in1_design_1_clk_wiz_0_0
    MMCME2_ADV_X1Y2      MMCME2_ADV (Prop_mmcme2_adv_CLKIN1_CLKOUT0)
                                                     -7.814     4.728 r  design_1_i/clk_wiz_0/inst/mmcm_adv_inst/CLKOUT0
                         net (fo=1, routed)           2.012     6.740    design_1_i/clk_wiz_0/inst/clk_out1_design_1_clk_wiz_0_0
    BUFGCTRL_X0Y17       BUFG (Prop_bufg_I_O)         0.091     6.831 r  design_1_i/clk_wiz_0/inst/clkout1_buf/O
                         net (fo=66, routed)          1.480     8.311    design_1_i/SpeedSensor_1/U0/SpeedSensor_slave_lite_v1_0_S00_AXI_inst/Core1/Clk
    SLICE_X41Y99         FDRE                                         r  design_1_i/SpeedSensor_1/U0/SpeedSensor_slave_lite_v1_0_S00_AXI_inst/Core1/pulse_count_reg[10]/C
                         clock pessimism              0.000     8.311    
                         clock uncertainty           -0.263     8.048    
    SLICE_X41Y99         FDRE (Setup_fdre_C_R)       -0.429     7.619    design_1_i/SpeedSensor_1/U0/SpeedSensor_slave_lite_v1_0_S00_AXI_inst/Core1/pulse_count_reg[10]
  -------------------------------------------------------------------
                         required time                          7.619    
                         arrival time                          -5.167    
  -------------------------------------------------------------------
                         slack                                  2.451    

Slack (MET) :             2.451ns  (required time - arrival time)
  Source:                 design_1_i/SpeedSensor_1/U0/SpeedSensor_slave_lite_v1_0_S00_AXI_inst/slv_reg0_reg[0]/C
                            (rising edge-triggered cell FDRE clocked by clk_fpga_0  {rise@0.000ns fall@5.000ns period=10.000ns})
  Destination:            design_1_i/SpeedSensor_1/U0/SpeedSensor_slave_lite_v1_0_S00_AXI_inst/Core1/pulse_count_reg[11]/R
                            (rising edge-triggered cell FDRE clocked by clk_out1_design_1_clk_wiz_0_0  {rise@0.000ns fall@5.000ns period=10.000ns})
  Path Group:             clk_out1_design_1_clk_wiz_0_0
  Path Type:              Setup (Max at Slow Process Corner)
  Requirement:            10.000ns  (clk_out1_design_1_clk_wiz_0_0 rise@10.000ns - clk_fpga_0 rise@0.000ns)
  Data Path Delay:        2.222ns  (logic 0.518ns (23.310%)  route 1.704ns (76.690%))
  Logic Levels:           0  
  Clock Path Skew:        -4.634ns (DCD - SCD + CPR)
    Destination Clock Delay (DCD):    -1.689ns = ( 8.311 - 10.000 ) 
    Source Clock Delay      (SCD):    2.945ns
    Clock Pessimism Removal (CPR):    0.000ns
  Clock Uncertainty:      0.263ns  ((TSJ^2 + TIJ^2 + DJ^2)^1/2) / 2 + PE
    Total System Jitter     (TSJ):    0.071ns
    Total Input Jitter      (TIJ):    0.300ns
    Discrete Jitter          (DJ):    0.125ns
    Phase Error              (PE):    0.097ns
  Clock Domain Crossing:  Inter clock paths are considered valid unless explicitly excluded by timing constraints such as set_clock_groups or set_false_path.

    Location             Delay type                Incr(ns)  Path(ns)    Netlist Resource(s)
  -------------------------------------------------------------------    -------------------
                         (clock clk_fpga_0 rise edge)
                                                      0.000     0.000 r  
    PS7_X0Y0             PS7                          0.000     0.000 r  design_1_i/processing_system7_0/inst/PS7_i/FCLKCLK[0]
                         net (fo=1, routed)           1.193     1.193    design_1_i/processing_system7_0/inst/FCLK_CLK_unbuffered[0]
    BUFGCTRL_X0Y16       BUFG (Prop_bufg_I_O)         0.101     1.294 r  design_1_i/processing_system7_0/inst/buffer_fclk_clk_0.FCLK_CLK_0_BUFG/O
                         net (fo=1419, routed)        1.651     2.945    design_1_i/SpeedSensor_1/U0/SpeedSensor_slave_lite_v1_0_S00_AXI_inst/s00_axi_aclk
    SLICE_X42Y95         FDRE                                         r  design_1_i/SpeedSensor_1/U0/SpeedSensor_slave_lite_v1_0_S00_AXI_inst/slv_reg0_reg[0]/C
  -------------------------------------------------------------------    -------------------
    SLICE_X42Y95         FDRE (Prop_fdre_C_Q)         0.518     3.463 r  design_1_i/SpeedSensor_1/U0/SpeedSensor_slave_lite_v1_0_S00_AXI_inst/slv_reg0_reg[0]/Q
                         net (fo=34, routed)          1.704     5.167    design_1_i/SpeedSensor_1/U0/SpeedSensor_slave_lite_v1_0_S00_AXI_inst/Core1/Q[0]
    SLICE_X41Y99         FDRE                                         r  design_1_i/SpeedSensor_1/U0/SpeedSensor_slave_lite_v1_0_S00_AXI_inst/Core1/pulse_count_reg[11]/R
  -------------------------------------------------------------------    -------------------

                         (clock clk_out1_design_1_clk_wiz_0_0 rise edge)
                                                     10.000    10.000 r  
    H16                                               0.000    10.000 r  sys_clock (IN)
                         net (fo=0)                   0.000    10.000    design_1_i/clk_wiz_0/inst/clk_in1
    H16                  IBUF (Prop_ibuf_I_O)         1.380    11.380 r  design_1_i/clk_wiz_0/inst/clkin1_ibufg/O
                         net (fo=1, routed)           1.162    12.542    design_1_i/clk_wiz_0/inst/clk_in1_design_1_clk_wiz_0_0
    MMCME2_ADV_X1Y2      MMCME2_ADV (Prop_mmcme2_adv_CLKIN1_CLKOUT0)
                                                     -7.814     4.728 r  design_1_i/clk_wiz_0/inst/mmcm_adv_inst/CLKOUT0
                         net (fo=1, routed)           2.012     6.740    design_1_i/clk_wiz_0/inst/clk_out1_design_1_clk_wiz_0_0
    BUFGCTRL_X0Y17       BUFG (Prop_bufg_I_O)         0.091     6.831 r  design_1_i/clk_wiz_0/inst/clkout1_buf/O
                         net (fo=66, routed)          1.480     8.311    design_1_i/SpeedSensor_1/U0/SpeedSensor_slave_lite_v1_0_S00_AXI_inst/Core1/Clk
    SLICE_X41Y99         FDRE                                         r  design_1_i/SpeedSensor_1/U0/SpeedSensor_slave_lite_v1_0_S00_AXI_inst/Core1/pulse_count_reg[11]/C
                         clock pessimism              0.000     8.311    
                         clock uncertainty           -0.263     8.048    
    SLICE_X41Y99         FDRE (Setup_fdre_C_R)       -0.429     7.619    design_1_i/SpeedSensor_1/U0/SpeedSensor_slave_lite_v1_0_S00_AXI_inst/Core1/pulse_count_reg[11]
  -------------------------------------------------------------------
                         required time                          7.619    
                         arrival time                          -5.167    
  -------------------------------------------------------------------
                         slack                                  2.451    

Slack (MET) :             2.451ns  (required time - arrival time)
  Source:                 design_1_i/SpeedSensor_1/U0/SpeedSensor_slave_lite_v1_0_S00_AXI_inst/slv_reg0_reg[0]/C
                            (rising edge-triggered cell FDRE clocked by clk_fpga_0  {rise@0.000ns fall@5.000ns period=10.000ns})
  Destination:            design_1_i/SpeedSensor_1/U0/SpeedSensor_slave_lite_v1_0_S00_AXI_inst/Core1/pulse_count_reg[8]/R
                            (rising edge-triggered cell FDRE clocked by clk_out1_design_1_clk_wiz_0_0  {rise@0.000ns fall@5.000ns period=10.000ns})
  Path Group:             clk_out1_design_1_clk_wiz_0_0
  Path Type:              Setup (Max at Slow Process Corner)
  Requirement:            10.000ns  (clk_out1_design_1_clk_wiz_0_0 rise@10.000ns - clk_fpga_0 rise@0.000ns)
  Data Path Delay:        2.222ns  (logic 0.518ns (23.310%)  route 1.704ns (76.690%))
  Logic Levels:           0  
  Clock Path Skew:        -4.634ns (DCD - SCD + CPR)
    Destination Clock Delay (DCD):    -1.689ns = ( 8.311 - 10.000 ) 
    Source Clock Delay      (SCD):    2.945ns
    Clock Pessimism Removal (CPR):    0.000ns
  Clock Uncertainty:      0.263ns  ((TSJ^2 + TIJ^2 + DJ^2)^1/2) / 2 + PE
    Total System Jitter     (TSJ):    0.071ns
    Total Input Jitter      (TIJ):    0.300ns
    Discrete Jitter          (DJ):    0.125ns
    Phase Error              (PE):    0.097ns
  Clock Domain Crossing:  Inter clock paths are considered valid unless explicitly excluded by timing constraints such as set_clock_groups or set_false_path.

    Location             Delay type                Incr(ns)  Path(ns)    Netlist Resource(s)
  -------------------------------------------------------------------    -------------------
                         (clock clk_fpga_0 rise edge)
                                                      0.000     0.000 r  
    PS7_X0Y0             PS7                          0.000     0.000 r  design_1_i/processing_system7_0/inst/PS7_i/FCLKCLK[0]
                         net (fo=1, routed)           1.193     1.193    design_1_i/processing_system7_0/inst/FCLK_CLK_unbuffered[0]
    BUFGCTRL_X0Y16       BUFG (Prop_bufg_I_O)         0.101     1.294 r  design_1_i/processing_system7_0/inst/buffer_fclk_clk_0.FCLK_CLK_0_BUFG/O
                         net (fo=1419, routed)        1.651     2.945    design_1_i/SpeedSensor_1/U0/SpeedSensor_slave_lite_v1_0_S00_AXI_inst/s00_axi_aclk
    SLICE_X42Y95         FDRE                                         r  design_1_i/SpeedSensor_1/U0/SpeedSensor_slave_lite_v1_0_S00_AXI_inst/slv_reg0_reg[0]/C
  -------------------------------------------------------------------    -------------------
    SLICE_X42Y95         FDRE (Prop_fdre_C_Q)         0.518     3.463 r  design_1_i/SpeedSensor_1/U0/SpeedSensor_slave_lite_v1_0_S00_AXI_inst/slv_reg0_reg[0]/Q
                         net (fo=34, routed)          1.704     5.167    design_1_i/SpeedSensor_1/U0/SpeedSensor_slave_lite_v1_0_S00_AXI_inst/Core1/Q[0]
    SLICE_X41Y99         FDRE                                         r  design_1_i/SpeedSensor_1/U0/SpeedSensor_slave_lite_v1_0_S00_AXI_inst/Core1/pulse_count_reg[8]/R
  -------------------------------------------------------------------    -------------------

                         (clock clk_out1_design_1_clk_wiz_0_0 rise edge)
                                                     10.000    10.000 r  
    H16                                               0.000    10.000 r  sys_clock (IN)
                         net (fo=0)                   0.000    10.000    design_1_i/clk_wiz_0/inst/clk_in1
    H16                  IBUF (Prop_ibuf_I_O)         1.380    11.380 r  design_1_i/clk_wiz_0/inst/clkin1_ibufg/O
                         net (fo=1, routed)           1.162    12.542    design_1_i/clk_wiz_0/inst/clk_in1_design_1_clk_wiz_0_0
    MMCME2_ADV_X1Y2      MMCME2_ADV (Prop_mmcme2_adv_CLKIN1_CLKOUT0)
                                                     -7.814     4.728 r  design_1_i/clk_wiz_0/inst/mmcm_adv_inst/CLKOUT0
                         net (fo=1, routed)           2.012     6.740    design_1_i/clk_wiz_0/inst/clk_out1_design_1_clk_wiz_0_0
    BUFGCTRL_X0Y17       BUFG (Prop_bufg_I_O)         0.091     6.831 r  design_1_i/clk_wiz_0/inst/clkout1_buf/O
                         net (fo=66, routed)          1.480     8.311    design_1_i/SpeedSensor_1/U0/SpeedSensor_slave_lite_v1_0_S00_AXI_inst/Core1/Clk
    SLICE_X41Y99         FDRE                                         r  design_1_i/SpeedSensor_1/U0/SpeedSensor_slave_lite_v1_0_S00_AXI_inst/Core1/pulse_count_reg[8]/C
                         clock pessimism              0.000     8.311    
                         clock uncertainty           -0.263     8.048    
    SLICE_X41Y99         FDRE (Setup_fdre_C_R)       -0.429     7.619    design_1_i/SpeedSensor_1/U0/SpeedSensor_slave_lite_v1_0_S00_AXI_inst/Core1/pulse_count_reg[8]
  -------------------------------------------------------------------
                         required time                          7.619    
                         arrival time                          -5.167    
  -------------------------------------------------------------------
                         slack                                  2.451    

Slack (MET) :             2.451ns  (required time - arrival time)
  Source:                 design_1_i/SpeedSensor_1/U0/SpeedSensor_slave_lite_v1_0_S00_AXI_inst/slv_reg0_reg[0]/C
                            (rising edge-triggered cell FDRE clocked by clk_fpga_0  {rise@0.000ns fall@5.000ns period=10.000ns})
  Destination:            design_1_i/SpeedSensor_1/U0/SpeedSensor_slave_lite_v1_0_S00_AXI_inst/Core1/pulse_count_reg[9]/R
                            (rising edge-triggered cell FDRE clocked by clk_out1_design_1_clk_wiz_0_0  {rise@0.000ns fall@5.000ns period=10.000ns})
  Path Group:             clk_out1_design_1_clk_wiz_0_0
  Path Type:              Setup (Max at Slow Process Corner)
  Requirement:            10.000ns  (clk_out1_design_1_clk_wiz_0_0 rise@10.000ns - clk_fpga_0 rise@0.000ns)
  Data Path Delay:        2.222ns  (logic 0.518ns (23.310%)  route 1.704ns (76.690%))
  Logic Levels:           0  
  Clock Path Skew:        -4.634ns (DCD - SCD + CPR)
    Destination Clock Delay (DCD):    -1.689ns = ( 8.311 - 10.000 ) 
    Source Clock Delay      (SCD):    2.945ns
    Clock Pessimism Removal (CPR):    0.000ns
  Clock Uncertainty:      0.263ns  ((TSJ^2 + TIJ^2 + DJ^2)^1/2) / 2 + PE
    Total System Jitter     (TSJ):    0.071ns
    Total Input Jitter      (TIJ):    0.300ns
    Discrete Jitter          (DJ):    0.125ns
    Phase Error              (PE):    0.097ns
  Clock Domain Crossing:  Inter clock paths are considered valid unless explicitly excluded by timing constraints such as set_clock_groups or set_false_path.

    Location             Delay type                Incr(ns)  Path(ns)    Netlist Resource(s)
  -------------------------------------------------------------------    -------------------
                         (clock clk_fpga_0 rise edge)
                                                      0.000     0.000 r  
    PS7_X0Y0             PS7                          0.000     0.000 r  design_1_i/processing_system7_0/inst/PS7_i/FCLKCLK[0]
                         net (fo=1, routed)           1.193     1.193    design_1_i/processing_system7_0/inst/FCLK_CLK_unbuffered[0]
    BUFGCTRL_X0Y16       BUFG (Prop_bufg_I_O)         0.101     1.294 r  design_1_i/processing_system7_0/inst/buffer_fclk_clk_0.FCLK_CLK_0_BUFG/O
                         net (fo=1419, routed)        1.651     2.945    design_1_i/SpeedSensor_1/U0/SpeedSensor_slave_lite_v1_0_S00_AXI_inst/s00_axi_aclk
    SLICE_X42Y95         FDRE                                         r  design_1_i/SpeedSensor_1/U0/SpeedSensor_slave_lite_v1_0_S00_AXI_inst/slv_reg0_reg[0]/C
  -------------------------------------------------------------------    -------------------
    SLICE_X42Y95         FDRE (Prop_fdre_C_Q)         0.518     3.463 r  design_1_i/SpeedSensor_1/U0/SpeedSensor_slave_lite_v1_0_S00_AXI_inst/slv_reg0_reg[0]/Q
                         net (fo=34, routed)          1.704     5.167    design_1_i/SpeedSensor_1/U0/SpeedSensor_slave_lite_v1_0_S00_AXI_inst/Core1/Q[0]
    SLICE_X41Y99         FDRE                                         r  design_1_i/SpeedSensor_1/U0/SpeedSensor_slave_lite_v1_0_S00_AXI_inst/Core1/pulse_count_reg[9]/R
  -------------------------------------------------------------------    -------------------

                         (clock clk_out1_design_1_clk_wiz_0_0 rise edge)
                                                     10.000    10.000 r  
    H16                                               0.000    10.000 r  sys_clock (IN)
                         net (fo=0)                   0.000    10.000    design_1_i/clk_wiz_0/inst/clk_in1
    H16                  IBUF (Prop_ibuf_I_O)         1.380    11.380 r  design_1_i/clk_wiz_0/inst/clkin1_ibufg/O
                         net (fo=1, routed)           1.162    12.542    design_1_i/clk_wiz_0/inst/clk_in1_design_1_clk_wiz_0_0
    MMCME2_ADV_X1Y2      MMCME2_ADV (Prop_mmcme2_adv_CLKIN1_CLKOUT0)
                                                     -7.814     4.728 r  design_1_i/clk_wiz_0/inst/mmcm_adv_inst/CLKOUT0
                         net (fo=1, routed)           2.012     6.740    design_1_i/clk_wiz_0/inst/clk_out1_design_1_clk_wiz_0_0
    BUFGCTRL_X0Y17       BUFG (Prop_bufg_I_O)         0.091     6.831 r  design_1_i/clk_wiz_0/inst/clkout1_buf/O
                         net (fo=66, routed)          1.480     8.311    design_1_i/SpeedSensor_1/U0/SpeedSensor_slave_lite_v1_0_S00_AXI_inst/Core1/Clk
    SLICE_X41Y99         FDRE                                         r  design_1_i/SpeedSensor_1/U0/SpeedSensor_slave_lite_v1_0_S00_AXI_inst/Core1/pulse_count_reg[9]/C
                         clock pessimism              0.000     8.311    
                         clock uncertainty           -0.263     8.048    
    SLICE_X41Y99         FDRE (Setup_fdre_C_R)       -0.429     7.619    design_1_i/SpeedSensor_1/U0/SpeedSensor_slave_lite_v1_0_S00_AXI_inst/Core1/pulse_count_reg[9]
  -------------------------------------------------------------------
                         required time                          7.619    
                         arrival time                          -5.167    
  -------------------------------------------------------------------
                         slack                                  2.451    

Slack (MET) :             2.740ns  (required time - arrival time)
  Source:                 design_1_i/SpeedSensor_0/U0/SpeedSensor_slave_lite_v1_0_S00_AXI_inst/slv_reg0_reg[0]/C
                            (rising edge-triggered cell FDRE clocked by clk_fpga_0  {rise@0.000ns fall@5.000ns period=10.000ns})
  Destination:            design_1_i/SpeedSensor_0/U0/SpeedSensor_slave_lite_v1_0_S00_AXI_inst/Core1/pulse_count_reg[28]/R
                            (rising edge-triggered cell FDRE clocked by clk_out1_design_1_clk_wiz_0_0  {rise@0.000ns fall@5.000ns period=10.000ns})
  Path Group:             clk_out1_design_1_clk_wiz_0_0
  Path Type:              Setup (Max at Slow Process Corner)
  Requirement:            10.000ns  (clk_out1_design_1_clk_wiz_0_0 rise@10.000ns - clk_fpga_0 rise@0.000ns)
  Data Path Delay:        2.105ns  (logic 0.456ns (21.658%)  route 1.649ns (78.342%))
  Logic Levels:           0  
  Clock Path Skew:        -4.463ns (DCD - SCD + CPR)
    Destination Clock Delay (DCD):    -1.470ns = ( 8.530 - 10.000 ) 
    Source Clock Delay      (SCD):    2.993ns
    Clock Pessimism Removal (CPR):    0.000ns
  Clock Uncertainty:      0.263ns  ((TSJ^2 + TIJ^2 + DJ^2)^1/2) / 2 + PE
    Total System Jitter     (TSJ):    0.071ns
    Total Input Jitter      (TIJ):    0.300ns
    Discrete Jitter          (DJ):    0.125ns
    Phase Error              (PE):    0.097ns
  Clock Domain Crossing:  Inter clock paths are considered valid unless explicitly excluded by timing constraints such as set_clock_groups or set_false_path.

    Location             Delay type                Incr(ns)  Path(ns)    Netlist Resource(s)
  -------------------------------------------------------------------    -------------------
                         (clock clk_fpga_0 rise edge)
                                                      0.000     0.000 r  
    PS7_X0Y0             PS7                          0.000     0.000 r  design_1_i/processing_system7_0/inst/PS7_i/FCLKCLK[0]
                         net (fo=1, routed)           1.193     1.193    design_1_i/processing_system7_0/inst/FCLK_CLK_unbuffered[0]
    BUFGCTRL_X0Y16       BUFG (Prop_bufg_I_O)         0.101     1.294 r  design_1_i/processing_system7_0/inst/buffer_fclk_clk_0.FCLK_CLK_0_BUFG/O
                         net (fo=1419, routed)        1.699     2.993    design_1_i/SpeedSensor_0/U0/SpeedSensor_slave_lite_v1_0_S00_AXI_inst/s00_axi_aclk
    SLICE_X31Y94         FDRE                                         r  design_1_i/SpeedSensor_0/U0/SpeedSensor_slave_lite_v1_0_S00_AXI_inst/slv_reg0_reg[0]/C
  -------------------------------------------------------------------    -------------------
    SLICE_X31Y94         FDRE (Prop_fdre_C_Q)         0.456     3.449 r  design_1_i/SpeedSensor_0/U0/SpeedSensor_slave_lite_v1_0_S00_AXI_inst/slv_reg0_reg[0]/Q
                         net (fo=34, routed)          1.649     5.098    design_1_i/SpeedSensor_0/U0/SpeedSensor_slave_lite_v1_0_S00_AXI_inst/Core1/Q[0]
    SLICE_X31Y105        FDRE                                         r  design_1_i/SpeedSensor_0/U0/SpeedSensor_slave_lite_v1_0_S00_AXI_inst/Core1/pulse_count_reg[28]/R
  -------------------------------------------------------------------    -------------------

                         (clock clk_out1_design_1_clk_wiz_0_0 rise edge)
                                                     10.000    10.000 r  
    H16                                               0.000    10.000 r  sys_clock (IN)
                         net (fo=0)                   0.000    10.000    design_1_i/clk_wiz_0/inst/clk_in1
    H16                  IBUF (Prop_ibuf_I_O)         1.380    11.380 r  design_1_i/clk_wiz_0/inst/clkin1_ibufg/O
                         net (fo=1, routed)           1.162    12.542    design_1_i/clk_wiz_0/inst/clk_in1_design_1_clk_wiz_0_0
    MMCME2_ADV_X1Y2      MMCME2_ADV (Prop_mmcme2_adv_CLKIN1_CLKOUT0)
                                                     -7.814     4.728 r  design_1_i/clk_wiz_0/inst/mmcm_adv_inst/CLKOUT0
                         net (fo=1, routed)           2.012     6.740    design_1_i/clk_wiz_0/inst/clk_out1_design_1_clk_wiz_0_0
    BUFGCTRL_X0Y17       BUFG (Prop_bufg_I_O)         0.091     6.831 r  design_1_i/clk_wiz_0/inst/clkout1_buf/O
                         net (fo=66, routed)          1.699     8.530    design_1_i/SpeedSensor_0/U0/SpeedSensor_slave_lite_v1_0_S00_AXI_inst/Core1/Clk
    SLICE_X31Y105        FDRE                                         r  design_1_i/SpeedSensor_0/U0/SpeedSensor_slave_lite_v1_0_S00_AXI_inst/Core1/pulse_count_reg[28]/C
                         clock pessimism              0.000     8.530    
                         clock uncertainty           -0.263     8.267    
    SLICE_X31Y105        FDRE (Setup_fdre_C_R)       -0.429     7.838    design_1_i/SpeedSensor_0/U0/SpeedSensor_slave_lite_v1_0_S00_AXI_inst/Core1/pulse_count_reg[28]
  -------------------------------------------------------------------
                         required time                          7.838    
                         arrival time                          -5.098    
  -------------------------------------------------------------------
                         slack                                  2.740    

Slack (MET) :             2.740ns  (required time - arrival time)
  Source:                 design_1_i/SpeedSensor_0/U0/SpeedSensor_slave_lite_v1_0_S00_AXI_inst/slv_reg0_reg[0]/C
                            (rising edge-triggered cell FDRE clocked by clk_fpga_0  {rise@0.000ns fall@5.000ns period=10.000ns})
  Destination:            design_1_i/SpeedSensor_0/U0/SpeedSensor_slave_lite_v1_0_S00_AXI_inst/Core1/pulse_count_reg[29]/R
                            (rising edge-triggered cell FDRE clocked by clk_out1_design_1_clk_wiz_0_0  {rise@0.000ns fall@5.000ns period=10.000ns})
  Path Group:             clk_out1_design_1_clk_wiz_0_0
  Path Type:              Setup (Max at Slow Process Corner)
  Requirement:            10.000ns  (clk_out1_design_1_clk_wiz_0_0 rise@10.000ns - clk_fpga_0 rise@0.000ns)
  Data Path Delay:        2.105ns  (logic 0.456ns (21.658%)  route 1.649ns (78.342%))
  Logic Levels:           0  
  Clock Path Skew:        -4.463ns (DCD - SCD + CPR)
    Destination Clock Delay (DCD):    -1.470ns = ( 8.530 - 10.000 ) 
    Source Clock Delay      (SCD):    2.993ns
    Clock Pessimism Removal (CPR):    0.000ns
  Clock Uncertainty:      0.263ns  ((TSJ^2 + TIJ^2 + DJ^2)^1/2) / 2 + PE
    Total System Jitter     (TSJ):    0.071ns
    Total Input Jitter      (TIJ):    0.300ns
    Discrete Jitter          (DJ):    0.125ns
    Phase Error              (PE):    0.097ns
  Clock Domain Crossing:  Inter clock paths are considered valid unless explicitly excluded by timing constraints such as set_clock_groups or set_false_path.

    Location             Delay type                Incr(ns)  Path(ns)    Netlist Resource(s)
  -------------------------------------------------------------------    -------------------
                         (clock clk_fpga_0 rise edge)
                                                      0.000     0.000 r  
    PS7_X0Y0             PS7                          0.000     0.000 r  design_1_i/processing_system7_0/inst/PS7_i/FCLKCLK[0]
                         net (fo=1, routed)           1.193     1.193    design_1_i/processing_system7_0/inst/FCLK_CLK_unbuffered[0]
    BUFGCTRL_X0Y16       BUFG (Prop_bufg_I_O)         0.101     1.294 r  design_1_i/processing_system7_0/inst/buffer_fclk_clk_0.FCLK_CLK_0_BUFG/O
                         net (fo=1419, routed)        1.699     2.993    design_1_i/SpeedSensor_0/U0/SpeedSensor_slave_lite_v1_0_S00_AXI_inst/s00_axi_aclk
    SLICE_X31Y94         FDRE                                         r  design_1_i/SpeedSensor_0/U0/SpeedSensor_slave_lite_v1_0_S00_AXI_inst/slv_reg0_reg[0]/C
  -------------------------------------------------------------------    -------------------
    SLICE_X31Y94         FDRE (Prop_fdre_C_Q)         0.456     3.449 r  design_1_i/SpeedSensor_0/U0/SpeedSensor_slave_lite_v1_0_S00_AXI_inst/slv_reg0_reg[0]/Q
                         net (fo=34, routed)          1.649     5.098    design_1_i/SpeedSensor_0/U0/SpeedSensor_slave_lite_v1_0_S00_AXI_inst/Core1/Q[0]
    SLICE_X31Y105        FDRE                                         r  design_1_i/SpeedSensor_0/U0/SpeedSensor_slave_lite_v1_0_S00_AXI_inst/Core1/pulse_count_reg[29]/R
  -------------------------------------------------------------------    -------------------

                         (clock clk_out1_design_1_clk_wiz_0_0 rise edge)
                                                     10.000    10.000 r  
    H16                                               0.000    10.000 r  sys_clock (IN)
                         net (fo=0)                   0.000    10.000    design_1_i/clk_wiz_0/inst/clk_in1
    H16                  IBUF (Prop_ibuf_I_O)         1.380    11.380 r  design_1_i/clk_wiz_0/inst/clkin1_ibufg/O
                         net (fo=1, routed)           1.162    12.542    design_1_i/clk_wiz_0/inst/clk_in1_design_1_clk_wiz_0_0
    MMCME2_ADV_X1Y2      MMCME2_ADV (Prop_mmcme2_adv_CLKIN1_CLKOUT0)
                                                     -7.814     4.728 r  design_1_i/clk_wiz_0/inst/mmcm_adv_inst/CLKOUT0
                         net (fo=1, routed)           2.012     6.740    design_1_i/clk_wiz_0/inst/clk_out1_design_1_clk_wiz_0_0
    BUFGCTRL_X0Y17       BUFG (Prop_bufg_I_O)         0.091     6.831 r  design_1_i/clk_wiz_0/inst/clkout1_buf/O
                         net (fo=66, routed)          1.699     8.530    design_1_i/SpeedSensor_0/U0/SpeedSensor_slave_lite_v1_0_S00_AXI_inst/Core1/Clk
    SLICE_X31Y105        FDRE                                         r  design_1_i/SpeedSensor_0/U0/SpeedSensor_slave_lite_v1_0_S00_AXI_inst/Core1/pulse_count_reg[29]/C
                         clock pessimism              0.000     8.530    
                         clock uncertainty           -0.263     8.267    
    SLICE_X31Y105        FDRE (Setup_fdre_C_R)       -0.429     7.838    design_1_i/SpeedSensor_0/U0/SpeedSensor_slave_lite_v1_0_S00_AXI_inst/Core1/pulse_count_reg[29]
  -------------------------------------------------------------------
                         required time                          7.838    
                         arrival time                          -5.098    
  -------------------------------------------------------------------
                         slack                                  2.740    





Min Delay Paths
--------------------------------------------------------------------------------------
Slack (MET) :             1.795ns  (arrival time - required time)
  Source:                 design_1_i/SpeedSensor_1/U0/SpeedSensor_slave_lite_v1_0_S00_AXI_inst/slv_reg0_reg[0]/C
                            (rising edge-triggered cell FDRE clocked by clk_fpga_0  {rise@0.000ns fall@5.000ns period=10.000ns})
  Destination:            design_1_i/SpeedSensor_1/U0/SpeedSensor_slave_lite_v1_0_S00_AXI_inst/Core1/last_sensor_state_reg/D
                            (rising edge-triggered cell FDRE clocked by clk_out1_design_1_clk_wiz_0_0  {rise@0.000ns fall@5.000ns period=10.000ns})
  Path Group:             clk_out1_design_1_clk_wiz_0_0
  Path Type:              Hold (Min at Fast Process Corner)
  Requirement:            0.000ns  (clk_out1_design_1_clk_wiz_0_0 rise@0.000ns - clk_fpga_0 rise@0.000ns)
  Data Path Delay:        0.371ns  (logic 0.209ns (56.303%)  route 0.162ns (43.697%))
  Logic Levels:           1  (LUT4=1)
  Clock Path Skew:        -1.807ns (DCD - SCD - CPR)
    Destination Clock Delay (DCD):    -0.916ns
    Source Clock Delay      (SCD):    0.892ns
    Clock Pessimism Removal (CPR):    -0.000ns
  Clock Uncertainty:      0.263ns  ((TSJ^2 + TIJ^2 + DJ^2)^1/2) / 2 + PE
    Total System Jitter     (TSJ):    0.071ns
    Total Input Jitter      (TIJ):    0.300ns
    Discrete Jitter          (DJ):    0.125ns
    Phase Error              (PE):    0.097ns
  Clock Domain Crossing:  Inter clock paths are considered valid unless explicitly excluded by timing constraints such as set_clock_groups or set_false_path.

    Location             Delay type                Incr(ns)  Path(ns)    Netlist Resource(s)
  -------------------------------------------------------------------    -------------------
                         (clock clk_fpga_0 rise edge)
                                                      0.000     0.000 r  
    PS7_X0Y0             PS7                          0.000     0.000 r  design_1_i/processing_system7_0/inst/PS7_i/FCLKCLK[0]
                         net (fo=1, routed)           0.310     0.310    design_1_i/processing_system7_0/inst/FCLK_CLK_unbuffered[0]
    BUFGCTRL_X0Y16       BUFG (Prop_bufg_I_O)         0.026     0.336 r  design_1_i/processing_system7_0/inst/buffer_fclk_clk_0.FCLK_CLK_0_BUFG/O
                         net (fo=1419, routed)        0.556     0.892    design_1_i/SpeedSensor_1/U0/SpeedSensor_slave_lite_v1_0_S00_AXI_inst/s00_axi_aclk
    SLICE_X42Y95         FDRE                                         r  design_1_i/SpeedSensor_1/U0/SpeedSensor_slave_lite_v1_0_S00_AXI_inst/slv_reg0_reg[0]/C
  -------------------------------------------------------------------    -------------------
    SLICE_X42Y95         FDRE (Prop_fdre_C_Q)         0.164     1.056 r  design_1_i/SpeedSensor_1/U0/SpeedSensor_slave_lite_v1_0_S00_AXI_inst/slv_reg0_reg[0]/Q
                         net (fo=34, routed)          0.162     1.218    design_1_i/SpeedSensor_1/U0/SpeedSensor_slave_lite_v1_0_S00_AXI_inst/Core1/Q[0]
    SLICE_X42Y94         LUT4 (Prop_lut4_I2_O)        0.045     1.263 r  design_1_i/SpeedSensor_1/U0/SpeedSensor_slave_lite_v1_0_S00_AXI_inst/Core1/last_sensor_state_i_1/O
                         net (fo=1, routed)           0.000     1.263    design_1_i/SpeedSensor_1/U0/SpeedSensor_slave_lite_v1_0_S00_AXI_inst/Core1/last_sensor_state_i_1_n_0
    SLICE_X42Y94         FDRE                                         r  design_1_i/SpeedSensor_1/U0/SpeedSensor_slave_lite_v1_0_S00_AXI_inst/Core1/last_sensor_state_reg/D
  -------------------------------------------------------------------    -------------------

                         (clock clk_out1_design_1_clk_wiz_0_0 rise edge)
                                                      0.000     0.000 r  
    H16                                               0.000     0.000 r  sys_clock (IN)
                         net (fo=0)                   0.000     0.000    design_1_i/clk_wiz_0/inst/clk_in1
    H16                  IBUF (Prop_ibuf_I_O)         0.406     0.406 r  design_1_i/clk_wiz_0/inst/clkin1_ibufg/O
                         net (fo=1, routed)           0.480     0.886    design_1_i/clk_wiz_0/inst/clk_in1_design_1_clk_wiz_0_0
    MMCME2_ADV_X1Y2      MMCME2_ADV (Prop_mmcme2_adv_CLKIN1_CLKOUT0)
                                                     -3.407    -2.521 r  design_1_i/clk_wiz_0/inst/mmcm_adv_inst/CLKOUT0
                         net (fo=1, routed)           0.752    -1.769    design_1_i/clk_wiz_0/inst/clk_out1_design_1_clk_wiz_0_0
    BUFGCTRL_X0Y17       BUFG (Prop_bufg_I_O)         0.029    -1.740 r  design_1_i/clk_wiz_0/inst/clkout1_buf/O
                         net (fo=66, routed)          0.824    -0.916    design_1_i/SpeedSensor_1/U0/SpeedSensor_slave_lite_v1_0_S00_AXI_inst/Core1/Clk
    SLICE_X42Y94         FDRE                                         r  design_1_i/SpeedSensor_1/U0/SpeedSensor_slave_lite_v1_0_S00_AXI_inst/Core1/last_sensor_state_reg/C
                         clock pessimism              0.000    -0.916    
                         clock uncertainty            0.263    -0.652    
    SLICE_X42Y94         FDRE (Hold_fdre_C_D)         0.120    -0.532    design_1_i/SpeedSensor_1/U0/SpeedSensor_slave_lite_v1_0_S00_AXI_inst/Core1/last_sensor_state_reg
  -------------------------------------------------------------------
                         required time                          0.532    
                         arrival time                           1.263    
  -------------------------------------------------------------------
                         slack                                  1.795    

Slack (MET) :             1.882ns  (arrival time - required time)
  Source:                 design_1_i/SpeedSensor_0/U0/SpeedSensor_slave_lite_v1_0_S00_AXI_inst/slv_reg1_reg[0]/C
                            (rising edge-triggered cell FDRE clocked by clk_fpga_0  {rise@0.000ns fall@5.000ns period=10.000ns})
  Destination:            design_1_i/SpeedSensor_0/U0/SpeedSensor_slave_lite_v1_0_S00_AXI_inst/Core1/last_sensor_state_reg/D
                            (rising edge-triggered cell FDRE clocked by clk_out1_design_1_clk_wiz_0_0  {rise@0.000ns fall@5.000ns period=10.000ns})
  Path Group:             clk_out1_design_1_clk_wiz_0_0
  Path Type:              Hold (Min at Fast Process Corner)
  Requirement:            0.000ns  (clk_out1_design_1_clk_wiz_0_0 rise@0.000ns - clk_fpga_0 rise@0.000ns)
  Data Path Delay:        0.439ns  (logic 0.186ns (42.342%)  route 0.253ns (57.658%))
  Logic Levels:           1  (LUT4=1)
  Clock Path Skew:        -1.826ns (DCD - SCD - CPR)
    Destination Clock Delay (DCD):    -0.916ns
    Source Clock Delay      (SCD):    0.911ns
    Clock Pessimism Removal (CPR):    -0.000ns
  Clock Uncertainty:      0.263ns  ((TSJ^2 + TIJ^2 + DJ^2)^1/2) / 2 + PE
    Total System Jitter     (TSJ):    0.071ns
    Total Input Jitter      (TIJ):    0.300ns
    Discrete Jitter          (DJ):    0.125ns
    Phase Error              (PE):    0.097ns
  Clock Domain Crossing:  Inter clock paths are considered valid unless explicitly excluded by timing constraints such as set_clock_groups or set_false_path.

    Location             Delay type                Incr(ns)  Path(ns)    Netlist Resource(s)
  -------------------------------------------------------------------    -------------------
                         (clock clk_fpga_0 rise edge)
                                                      0.000     0.000 r  
    PS7_X0Y0             PS7                          0.000     0.000 r  design_1_i/processing_system7_0/inst/PS7_i/FCLKCLK[0]
                         net (fo=1, routed)           0.310     0.310    design_1_i/processing_system7_0/inst/FCLK_CLK_unbuffered[0]
    BUFGCTRL_X0Y16       BUFG (Prop_bufg_I_O)         0.026     0.336 r  design_1_i/processing_system7_0/inst/buffer_fclk_clk_0.FCLK_CLK_0_BUFG/O
                         net (fo=1419, routed)        0.575     0.911    design_1_i/SpeedSensor_0/U0/SpeedSensor_slave_lite_v1_0_S00_AXI_inst/s00_axi_aclk
    SLICE_X31Y92         FDRE                                         r  design_1_i/SpeedSensor_0/U0/SpeedSensor_slave_lite_v1_0_S00_AXI_inst/slv_reg1_reg[0]/C
  -------------------------------------------------------------------    -------------------
    SLICE_X31Y92         FDRE (Prop_fdre_C_Q)         0.141     1.052 r  design_1_i/SpeedSensor_0/U0/SpeedSensor_slave_lite_v1_0_S00_AXI_inst/slv_reg1_reg[0]/Q
                         net (fo=3, routed)           0.253     1.305    design_1_i/SpeedSensor_0/U0/SpeedSensor_slave_lite_v1_0_S00_AXI_inst/Core1/last_sensor_state_reg_0[0]
    SLICE_X32Y92         LUT4 (Prop_lut4_I1_O)        0.045     1.350 r  design_1_i/SpeedSensor_0/U0/SpeedSensor_slave_lite_v1_0_S00_AXI_inst/Core1/last_sensor_state_i_1/O
                         net (fo=1, routed)           0.000     1.350    design_1_i/SpeedSensor_0/U0/SpeedSensor_slave_lite_v1_0_S00_AXI_inst/Core1/last_sensor_state_i_1_n_0
    SLICE_X32Y92         FDRE                                         r  design_1_i/SpeedSensor_0/U0/SpeedSensor_slave_lite_v1_0_S00_AXI_inst/Core1/last_sensor_state_reg/D
  -------------------------------------------------------------------    -------------------

                         (clock clk_out1_design_1_clk_wiz_0_0 rise edge)
                                                      0.000     0.000 r  
    H16                                               0.000     0.000 r  sys_clock (IN)
                         net (fo=0)                   0.000     0.000    design_1_i/clk_wiz_0/inst/clk_in1
    H16                  IBUF (Prop_ibuf_I_O)         0.406     0.406 r  design_1_i/clk_wiz_0/inst/clkin1_ibufg/O
                         net (fo=1, routed)           0.480     0.886    design_1_i/clk_wiz_0/inst/clk_in1_design_1_clk_wiz_0_0
    MMCME2_ADV_X1Y2      MMCME2_ADV (Prop_mmcme2_adv_CLKIN1_CLKOUT0)
                                                     -3.407    -2.521 r  design_1_i/clk_wiz_0/inst/mmcm_adv_inst/CLKOUT0
                         net (fo=1, routed)           0.752    -1.769    design_1_i/clk_wiz_0/inst/clk_out1_design_1_clk_wiz_0_0
    BUFGCTRL_X0Y17       BUFG (Prop_bufg_I_O)         0.029    -1.740 r  design_1_i/clk_wiz_0/inst/clkout1_buf/O
                         net (fo=66, routed)          0.824    -0.916    design_1_i/SpeedSensor_0/U0/SpeedSensor_slave_lite_v1_0_S00_AXI_inst/Core1/Clk
    SLICE_X32Y92         FDRE                                         r  design_1_i/SpeedSensor_0/U0/SpeedSensor_slave_lite_v1_0_S00_AXI_inst/Core1/last_sensor_state_reg/C
                         clock pessimism              0.000    -0.916    
                         clock uncertainty            0.263    -0.652    
    SLICE_X32Y92         FDRE (Hold_fdre_C_D)         0.120    -0.532    design_1_i/SpeedSensor_0/U0/SpeedSensor_slave_lite_v1_0_S00_AXI_inst/Core1/last_sensor_state_reg
  -------------------------------------------------------------------
                         required time                          0.532    
                         arrival time                           1.350    
  -------------------------------------------------------------------
                         slack                                  1.882    

Slack (MET) :             2.066ns  (arrival time - required time)
  Source:                 design_1_i/SpeedSensor_1/U0/SpeedSensor_slave_lite_v1_0_S00_AXI_inst/slv_reg0_reg[0]/C
                            (rising edge-triggered cell FDRE clocked by clk_fpga_0  {rise@0.000ns fall@5.000ns period=10.000ns})
  Destination:            design_1_i/SpeedSensor_1/U0/SpeedSensor_slave_lite_v1_0_S00_AXI_inst/Core1/pulse_count_reg[28]/R
                            (rising edge-triggered cell FDRE clocked by clk_out1_design_1_clk_wiz_0_0  {rise@0.000ns fall@5.000ns period=10.000ns})
  Path Group:             clk_out1_design_1_clk_wiz_0_0
  Path Type:              Hold (Min at Fast Process Corner)
  Requirement:            0.000ns  (clk_out1_design_1_clk_wiz_0_0 rise@0.000ns - clk_fpga_0 rise@0.000ns)
  Data Path Delay:        0.590ns  (logic 0.164ns (27.800%)  route 0.426ns (72.200%))
  Logic Levels:           0  
  Clock Path Skew:        -1.721ns (DCD - SCD - CPR)
    Destination Clock Delay (DCD):    -0.830ns
    Source Clock Delay      (SCD):    0.892ns
    Clock Pessimism Removal (CPR):    -0.000ns
  Clock Uncertainty:      0.263ns  ((TSJ^2 + TIJ^2 + DJ^2)^1/2) / 2 + PE
    Total System Jitter     (TSJ):    0.071ns
    Total Input Jitter      (TIJ):    0.300ns
    Discrete Jitter          (DJ):    0.125ns
    Phase Error              (PE):    0.097ns
  Clock Domain Crossing:  Inter clock paths are considered valid unless explicitly excluded by timing constraints such as set_clock_groups or set_false_path.

    Location             Delay type                Incr(ns)  Path(ns)    Netlist Resource(s)
  -------------------------------------------------------------------    -------------------
                         (clock clk_fpga_0 rise edge)
                                                      0.000     0.000 r  
    PS7_X0Y0             PS7                          0.000     0.000 r  design_1_i/processing_system7_0/inst/PS7_i/FCLKCLK[0]
                         net (fo=1, routed)           0.310     0.310    design_1_i/processing_system7_0/inst/FCLK_CLK_unbuffered[0]
    BUFGCTRL_X0Y16       BUFG (Prop_bufg_I_O)         0.026     0.336 r  design_1_i/processing_system7_0/inst/buffer_fclk_clk_0.FCLK_CLK_0_BUFG/O
                         net (fo=1419, routed)        0.556     0.892    design_1_i/SpeedSensor_1/U0/SpeedSensor_slave_lite_v1_0_S00_AXI_inst/s00_axi_aclk
    SLICE_X42Y95         FDRE                                         r  design_1_i/SpeedSensor_1/U0/SpeedSensor_slave_lite_v1_0_S00_AXI_inst/slv_reg0_reg[0]/C
  -------------------------------------------------------------------    -------------------
    SLICE_X42Y95         FDRE (Prop_fdre_C_Q)         0.164     1.056 r  design_1_i/SpeedSensor_1/U0/SpeedSensor_slave_lite_v1_0_S00_AXI_inst/slv_reg0_reg[0]/Q
                         net (fo=34, routed)          0.426     1.482    design_1_i/SpeedSensor_1/U0/SpeedSensor_slave_lite_v1_0_S00_AXI_inst/Core1/Q[0]
    SLICE_X41Y104        FDRE                                         r  design_1_i/SpeedSensor_1/U0/SpeedSensor_slave_lite_v1_0_S00_AXI_inst/Core1/pulse_count_reg[28]/R
  -------------------------------------------------------------------    -------------------

                         (clock clk_out1_design_1_clk_wiz_0_0 rise edge)
                                                      0.000     0.000 r  
    H16                                               0.000     0.000 r  sys_clock (IN)
                         net (fo=0)                   0.000     0.000    design_1_i/clk_wiz_0/inst/clk_in1
    H16                  IBUF (Prop_ibuf_I_O)         0.406     0.406 r  design_1_i/clk_wiz_0/inst/clkin1_ibufg/O
                         net (fo=1, routed)           0.480     0.886    design_1_i/clk_wiz_0/inst/clk_in1_design_1_clk_wiz_0_0
    MMCME2_ADV_X1Y2      MMCME2_ADV (Prop_mmcme2_adv_CLKIN1_CLKOUT0)
                                                     -3.407    -2.521 r  design_1_i/clk_wiz_0/inst/mmcm_adv_inst/CLKOUT0
                         net (fo=1, routed)           0.752    -1.769    design_1_i/clk_wiz_0/inst/clk_out1_design_1_clk_wiz_0_0
    BUFGCTRL_X0Y17       BUFG (Prop_bufg_I_O)         0.029    -1.740 r  design_1_i/clk_wiz_0/inst/clkout1_buf/O
                         net (fo=66, routed)          0.910    -0.830    design_1_i/SpeedSensor_1/U0/SpeedSensor_slave_lite_v1_0_S00_AXI_inst/Core1/Clk
    SLICE_X41Y104        FDRE                                         r  design_1_i/SpeedSensor_1/U0/SpeedSensor_slave_lite_v1_0_S00_AXI_inst/Core1/pulse_count_reg[28]/C
                         clock pessimism              0.000    -0.830    
                         clock uncertainty            0.263    -0.566    
    SLICE_X41Y104        FDRE (Hold_fdre_C_R)        -0.018    -0.584    design_1_i/SpeedSensor_1/U0/SpeedSensor_slave_lite_v1_0_S00_AXI_inst/Core1/pulse_count_reg[28]
  -------------------------------------------------------------------
                         required time                          0.584    
                         arrival time                           1.482    
  -------------------------------------------------------------------
                         slack                                  2.066    

Slack (MET) :             2.066ns  (arrival time - required time)
  Source:                 design_1_i/SpeedSensor_1/U0/SpeedSensor_slave_lite_v1_0_S00_AXI_inst/slv_reg0_reg[0]/C
                            (rising edge-triggered cell FDRE clocked by clk_fpga_0  {rise@0.000ns fall@5.000ns period=10.000ns})
  Destination:            design_1_i/SpeedSensor_1/U0/SpeedSensor_slave_lite_v1_0_S00_AXI_inst/Core1/pulse_count_reg[29]/R
                            (rising edge-triggered cell FDRE clocked by clk_out1_design_1_clk_wiz_0_0  {rise@0.000ns fall@5.000ns period=10.000ns})
  Path Group:             clk_out1_design_1_clk_wiz_0_0
  Path Type:              Hold (Min at Fast Process Corner)
  Requirement:            0.000ns  (clk_out1_design_1_clk_wiz_0_0 rise@0.000ns - clk_fpga_0 rise@0.000ns)
  Data Path Delay:        0.590ns  (logic 0.164ns (27.800%)  route 0.426ns (72.200%))
  Logic Levels:           0  
  Clock Path Skew:        -1.721ns (DCD - SCD - CPR)
    Destination Clock Delay (DCD):    -0.830ns
    Source Clock Delay      (SCD):    0.892ns
    Clock Pessimism Removal (CPR):    -0.000ns
  Clock Uncertainty:      0.263ns  ((TSJ^2 + TIJ^2 + DJ^2)^1/2) / 2 + PE
    Total System Jitter     (TSJ):    0.071ns
    Total Input Jitter      (TIJ):    0.300ns
    Discrete Jitter          (DJ):    0.125ns
    Phase Error              (PE):    0.097ns
  Clock Domain Crossing:  Inter clock paths are considered valid unless explicitly excluded by timing constraints such as set_clock_groups or set_false_path.

    Location             Delay type                Incr(ns)  Path(ns)    Netlist Resource(s)
  -------------------------------------------------------------------    -------------------
                         (clock clk_fpga_0 rise edge)
                                                      0.000     0.000 r  
    PS7_X0Y0             PS7                          0.000     0.000 r  design_1_i/processing_system7_0/inst/PS7_i/FCLKCLK[0]
                         net (fo=1, routed)           0.310     0.310    design_1_i/processing_system7_0/inst/FCLK_CLK_unbuffered[0]
    BUFGCTRL_X0Y16       BUFG (Prop_bufg_I_O)         0.026     0.336 r  design_1_i/processing_system7_0/inst/buffer_fclk_clk_0.FCLK_CLK_0_BUFG/O
                         net (fo=1419, routed)        0.556     0.892    design_1_i/SpeedSensor_1/U0/SpeedSensor_slave_lite_v1_0_S00_AXI_inst/s00_axi_aclk
    SLICE_X42Y95         FDRE                                         r  design_1_i/SpeedSensor_1/U0/SpeedSensor_slave_lite_v1_0_S00_AXI_inst/slv_reg0_reg[0]/C
  -------------------------------------------------------------------    -------------------
    SLICE_X42Y95         FDRE (Prop_fdre_C_Q)         0.164     1.056 r  design_1_i/SpeedSensor_1/U0/SpeedSensor_slave_lite_v1_0_S00_AXI_inst/slv_reg0_reg[0]/Q
                         net (fo=34, routed)          0.426     1.482    design_1_i/SpeedSensor_1/U0/SpeedSensor_slave_lite_v1_0_S00_AXI_inst/Core1/Q[0]
    SLICE_X41Y104        FDRE                                         r  design_1_i/SpeedSensor_1/U0/SpeedSensor_slave_lite_v1_0_S00_AXI_inst/Core1/pulse_count_reg[29]/R
  -------------------------------------------------------------------    -------------------

                         (clock clk_out1_design_1_clk_wiz_0_0 rise edge)
                                                      0.000     0.000 r  
    H16                                               0.000     0.000 r  sys_clock (IN)
                         net (fo=0)                   0.000     0.000    design_1_i/clk_wiz_0/inst/clk_in1
    H16                  IBUF (Prop_ibuf_I_O)         0.406     0.406 r  design_1_i/clk_wiz_0/inst/clkin1_ibufg/O
                         net (fo=1, routed)           0.480     0.886    design_1_i/clk_wiz_0/inst/clk_in1_design_1_clk_wiz_0_0
    MMCME2_ADV_X1Y2      MMCME2_ADV (Prop_mmcme2_adv_CLKIN1_CLKOUT0)
                                                     -3.407    -2.521 r  design_1_i/clk_wiz_0/inst/mmcm_adv_inst/CLKOUT0
                         net (fo=1, routed)           0.752    -1.769    design_1_i/clk_wiz_0/inst/clk_out1_design_1_clk_wiz_0_0
    BUFGCTRL_X0Y17       BUFG (Prop_bufg_I_O)         0.029    -1.740 r  design_1_i/clk_wiz_0/inst/clkout1_buf/O
                         net (fo=66, routed)          0.910    -0.830    design_1_i/SpeedSensor_1/U0/SpeedSensor_slave_lite_v1_0_S00_AXI_inst/Core1/Clk
    SLICE_X41Y104        FDRE                                         r  design_1_i/SpeedSensor_1/U0/SpeedSensor_slave_lite_v1_0_S00_AXI_inst/Core1/pulse_count_reg[29]/C
                         clock pessimism              0.000    -0.830    
                         clock uncertainty            0.263    -0.566    
    SLICE_X41Y104        FDRE (Hold_fdre_C_R)        -0.018    -0.584    design_1_i/SpeedSensor_1/U0/SpeedSensor_slave_lite_v1_0_S00_AXI_inst/Core1/pulse_count_reg[29]
  -------------------------------------------------------------------
                         required time                          0.584    
                         arrival time                           1.482    
  -------------------------------------------------------------------
                         slack                                  2.066    

Slack (MET) :             2.066ns  (arrival time - required time)
  Source:                 design_1_i/SpeedSensor_1/U0/SpeedSensor_slave_lite_v1_0_S00_AXI_inst/slv_reg0_reg[0]/C
                            (rising edge-triggered cell FDRE clocked by clk_fpga_0  {rise@0.000ns fall@5.000ns period=10.000ns})
  Destination:            design_1_i/SpeedSensor_1/U0/SpeedSensor_slave_lite_v1_0_S00_AXI_inst/Core1/pulse_count_reg[30]/R
                            (rising edge-triggered cell FDRE clocked by clk_out1_design_1_clk_wiz_0_0  {rise@0.000ns fall@5.000ns period=10.000ns})
  Path Group:             clk_out1_design_1_clk_wiz_0_0
  Path Type:              Hold (Min at Fast Process Corner)
  Requirement:            0.000ns  (clk_out1_design_1_clk_wiz_0_0 rise@0.000ns - clk_fpga_0 rise@0.000ns)
  Data Path Delay:        0.590ns  (logic 0.164ns (27.800%)  route 0.426ns (72.200%))
  Logic Levels:           0  
  Clock Path Skew:        -1.721ns (DCD - SCD - CPR)
    Destination Clock Delay (DCD):    -0.830ns
    Source Clock Delay      (SCD):    0.892ns
    Clock Pessimism Removal (CPR):    -0.000ns
  Clock Uncertainty:      0.263ns  ((TSJ^2 + TIJ^2 + DJ^2)^1/2) / 2 + PE
    Total System Jitter     (TSJ):    0.071ns
    Total Input Jitter      (TIJ):    0.300ns
    Discrete Jitter          (DJ):    0.125ns
    Phase Error              (PE):    0.097ns
  Clock Domain Crossing:  Inter clock paths are considered valid unless explicitly excluded by timing constraints such as set_clock_groups or set_false_path.

    Location             Delay type                Incr(ns)  Path(ns)    Netlist Resource(s)
  -------------------------------------------------------------------    -------------------
                         (clock clk_fpga_0 rise edge)
                                                      0.000     0.000 r  
    PS7_X0Y0             PS7                          0.000     0.000 r  design_1_i/processing_system7_0/inst/PS7_i/FCLKCLK[0]
                         net (fo=1, routed)           0.310     0.310    design_1_i/processing_system7_0/inst/FCLK_CLK_unbuffered[0]
    BUFGCTRL_X0Y16       BUFG (Prop_bufg_I_O)         0.026     0.336 r  design_1_i/processing_system7_0/inst/buffer_fclk_clk_0.FCLK_CLK_0_BUFG/O
                         net (fo=1419, routed)        0.556     0.892    design_1_i/SpeedSensor_1/U0/SpeedSensor_slave_lite_v1_0_S00_AXI_inst/s00_axi_aclk
    SLICE_X42Y95         FDRE                                         r  design_1_i/SpeedSensor_1/U0/SpeedSensor_slave_lite_v1_0_S00_AXI_inst/slv_reg0_reg[0]/C
  -------------------------------------------------------------------    -------------------
    SLICE_X42Y95         FDRE (Prop_fdre_C_Q)         0.164     1.056 r  design_1_i/SpeedSensor_1/U0/SpeedSensor_slave_lite_v1_0_S00_AXI_inst/slv_reg0_reg[0]/Q
                         net (fo=34, routed)          0.426     1.482    design_1_i/SpeedSensor_1/U0/SpeedSensor_slave_lite_v1_0_S00_AXI_inst/Core1/Q[0]
    SLICE_X41Y104        FDRE                                         r  design_1_i/SpeedSensor_1/U0/SpeedSensor_slave_lite_v1_0_S00_AXI_inst/Core1/pulse_count_reg[30]/R
  -------------------------------------------------------------------    -------------------

                         (clock clk_out1_design_1_clk_wiz_0_0 rise edge)
                                                      0.000     0.000 r  
    H16                                               0.000     0.000 r  sys_clock (IN)
                         net (fo=0)                   0.000     0.000    design_1_i/clk_wiz_0/inst/clk_in1
    H16                  IBUF (Prop_ibuf_I_O)         0.406     0.406 r  design_1_i/clk_wiz_0/inst/clkin1_ibufg/O
                         net (fo=1, routed)           0.480     0.886    design_1_i/clk_wiz_0/inst/clk_in1_design_1_clk_wiz_0_0
    MMCME2_ADV_X1Y2      MMCME2_ADV (Prop_mmcme2_adv_CLKIN1_CLKOUT0)
                                                     -3.407    -2.521 r  design_1_i/clk_wiz_0/inst/mmcm_adv_inst/CLKOUT0
                         net (fo=1, routed)           0.752    -1.769    design_1_i/clk_wiz_0/inst/clk_out1_design_1_clk_wiz_0_0
    BUFGCTRL_X0Y17       BUFG (Prop_bufg_I_O)         0.029    -1.740 r  design_1_i/clk_wiz_0/inst/clkout1_buf/O
                         net (fo=66, routed)          0.910    -0.830    design_1_i/SpeedSensor_1/U0/SpeedSensor_slave_lite_v1_0_S00_AXI_inst/Core1/Clk
    SLICE_X41Y104        FDRE                                         r  design_1_i/SpeedSensor_1/U0/SpeedSensor_slave_lite_v1_0_S00_AXI_inst/Core1/pulse_count_reg[30]/C
                         clock pessimism              0.000    -0.830    
                         clock uncertainty            0.263    -0.566    
    SLICE_X41Y104        FDRE (Hold_fdre_C_R)        -0.018    -0.584    design_1_i/SpeedSensor_1/U0/SpeedSensor_slave_lite_v1_0_S00_AXI_inst/Core1/pulse_count_reg[30]
  -------------------------------------------------------------------
                         required time                          0.584    
                         arrival time                           1.482    
  -------------------------------------------------------------------
                         slack                                  2.066    

Slack (MET) :             2.066ns  (arrival time - required time)
  Source:                 design_1_i/SpeedSensor_1/U0/SpeedSensor_slave_lite_v1_0_S00_AXI_inst/slv_reg0_reg[0]/C
                            (rising edge-triggered cell FDRE clocked by clk_fpga_0  {rise@0.000ns fall@5.000ns period=10.000ns})
  Destination:            design_1_i/SpeedSensor_1/U0/SpeedSensor_slave_lite_v1_0_S00_AXI_inst/Core1/pulse_count_reg[31]/R
                            (rising edge-triggered cell FDRE clocked by clk_out1_design_1_clk_wiz_0_0  {rise@0.000ns fall@5.000ns period=10.000ns})
  Path Group:             clk_out1_design_1_clk_wiz_0_0
  Path Type:              Hold (Min at Fast Process Corner)
  Requirement:            0.000ns  (clk_out1_design_1_clk_wiz_0_0 rise@0.000ns - clk_fpga_0 rise@0.000ns)
  Data Path Delay:        0.590ns  (logic 0.164ns (27.800%)  route 0.426ns (72.200%))
  Logic Levels:           0  
  Clock Path Skew:        -1.721ns (DCD - SCD - CPR)
    Destination Clock Delay (DCD):    -0.830ns
    Source Clock Delay      (SCD):    0.892ns
    Clock Pessimism Removal (CPR):    -0.000ns
  Clock Uncertainty:      0.263ns  ((TSJ^2 + TIJ^2 + DJ^2)^1/2) / 2 + PE
    Total System Jitter     (TSJ):    0.071ns
    Total Input Jitter      (TIJ):    0.300ns
    Discrete Jitter          (DJ):    0.125ns
    Phase Error              (PE):    0.097ns
  Clock Domain Crossing:  Inter clock paths are considered valid unless explicitly excluded by timing constraints such as set_clock_groups or set_false_path.

    Location             Delay type                Incr(ns)  Path(ns)    Netlist Resource(s)
  -------------------------------------------------------------------    -------------------
                         (clock clk_fpga_0 rise edge)
                                                      0.000     0.000 r  
    PS7_X0Y0             PS7                          0.000     0.000 r  design_1_i/processing_system7_0/inst/PS7_i/FCLKCLK[0]
                         net (fo=1, routed)           0.310     0.310    design_1_i/processing_system7_0/inst/FCLK_CLK_unbuffered[0]
    BUFGCTRL_X0Y16       BUFG (Prop_bufg_I_O)         0.026     0.336 r  design_1_i/processing_system7_0/inst/buffer_fclk_clk_0.FCLK_CLK_0_BUFG/O
                         net (fo=1419, routed)        0.556     0.892    design_1_i/SpeedSensor_1/U0/SpeedSensor_slave_lite_v1_0_S00_AXI_inst/s00_axi_aclk
    SLICE_X42Y95         FDRE                                         r  design_1_i/SpeedSensor_1/U0/SpeedSensor_slave_lite_v1_0_S00_AXI_inst/slv_reg0_reg[0]/C
  -------------------------------------------------------------------    -------------------
    SLICE_X42Y95         FDRE (Prop_fdre_C_Q)         0.164     1.056 r  design_1_i/SpeedSensor_1/U0/SpeedSensor_slave_lite_v1_0_S00_AXI_inst/slv_reg0_reg[0]/Q
                         net (fo=34, routed)          0.426     1.482    design_1_i/SpeedSensor_1/U0/SpeedSensor_slave_lite_v1_0_S00_AXI_inst/Core1/Q[0]
    SLICE_X41Y104        FDRE                                         r  design_1_i/SpeedSensor_1/U0/SpeedSensor_slave_lite_v1_0_S00_AXI_inst/Core1/pulse_count_reg[31]/R
  -------------------------------------------------------------------    -------------------

                         (clock clk_out1_design_1_clk_wiz_0_0 rise edge)
                                                      0.000     0.000 r  
    H16                                               0.000     0.000 r  sys_clock (IN)
                         net (fo=0)                   0.000     0.000    design_1_i/clk_wiz_0/inst/clk_in1
    H16                  IBUF (Prop_ibuf_I_O)         0.406     0.406 r  design_1_i/clk_wiz_0/inst/clkin1_ibufg/O
                         net (fo=1, routed)           0.480     0.886    design_1_i/clk_wiz_0/inst/clk_in1_design_1_clk_wiz_0_0
    MMCME2_ADV_X1Y2      MMCME2_ADV (Prop_mmcme2_adv_CLKIN1_CLKOUT0)
                                                     -3.407    -2.521 r  design_1_i/clk_wiz_0/inst/mmcm_adv_inst/CLKOUT0
                         net (fo=1, routed)           0.752    -1.769    design_1_i/clk_wiz_0/inst/clk_out1_design_1_clk_wiz_0_0
    BUFGCTRL_X0Y17       BUFG (Prop_bufg_I_O)         0.029    -1.740 r  design_1_i/clk_wiz_0/inst/clkout1_buf/O
                         net (fo=66, routed)          0.910    -0.830    design_1_i/SpeedSensor_1/U0/SpeedSensor_slave_lite_v1_0_S00_AXI_inst/Core1/Clk
    SLICE_X41Y104        FDRE                                         r  design_1_i/SpeedSensor_1/U0/SpeedSensor_slave_lite_v1_0_S00_AXI_inst/Core1/pulse_count_reg[31]/C
                         clock pessimism              0.000    -0.830    
                         clock uncertainty            0.263    -0.566    
    SLICE_X41Y104        FDRE (Hold_fdre_C_R)        -0.018    -0.584    design_1_i/SpeedSensor_1/U0/SpeedSensor_slave_lite_v1_0_S00_AXI_inst/Core1/pulse_count_reg[31]
  -------------------------------------------------------------------
                         required time                          0.584    
                         arrival time                           1.482    
  -------------------------------------------------------------------
                         slack                                  2.066    

Slack (MET) :             2.079ns  (arrival time - required time)
  Source:                 design_1_i/SpeedSensor_1/U0/SpeedSensor_slave_lite_v1_0_S00_AXI_inst/slv_reg0_reg[0]/C
                            (rising edge-triggered cell FDRE clocked by clk_fpga_0  {rise@0.000ns fall@5.000ns period=10.000ns})
  Destination:            design_1_i/SpeedSensor_1/U0/SpeedSensor_slave_lite_v1_0_S00_AXI_inst/Core1/pulse_count_reg[4]/R
                            (rising edge-triggered cell FDRE clocked by clk_out1_design_1_clk_wiz_0_0  {rise@0.000ns fall@5.000ns period=10.000ns})
  Path Group:             clk_out1_design_1_clk_wiz_0_0
  Path Type:              Hold (Min at Fast Process Corner)
  Requirement:            0.000ns  (clk_out1_design_1_clk_wiz_0_0 rise@0.000ns - clk_fpga_0 rise@0.000ns)
  Data Path Delay:        0.518ns  (logic 0.164ns (31.676%)  route 0.354ns (68.325%))
  Logic Levels:           0  
  Clock Path Skew:        -1.806ns (DCD - SCD - CPR)
    Destination Clock Delay (DCD):    -0.915ns
    Source Clock Delay      (SCD):    0.892ns
    Clock Pessimism Removal (CPR):    -0.000ns
  Clock Uncertainty:      0.263ns  ((TSJ^2 + TIJ^2 + DJ^2)^1/2) / 2 + PE
    Total System Jitter     (TSJ):    0.071ns
    Total Input Jitter      (TIJ):    0.300ns
    Discrete Jitter          (DJ):    0.125ns
    Phase Error              (PE):    0.097ns
  Clock Domain Crossing:  Inter clock paths are considered valid unless explicitly excluded by timing constraints such as set_clock_groups or set_false_path.

    Location             Delay type                Incr(ns)  Path(ns)    Netlist Resource(s)
  -------------------------------------------------------------------    -------------------
                         (clock clk_fpga_0 rise edge)
                                                      0.000     0.000 r  
    PS7_X0Y0             PS7                          0.000     0.000 r  design_1_i/processing_system7_0/inst/PS7_i/FCLKCLK[0]
                         net (fo=1, routed)           0.310     0.310    design_1_i/processing_system7_0/inst/FCLK_CLK_unbuffered[0]
    BUFGCTRL_X0Y16       BUFG (Prop_bufg_I_O)         0.026     0.336 r  design_1_i/processing_system7_0/inst/buffer_fclk_clk_0.FCLK_CLK_0_BUFG/O
                         net (fo=1419, routed)        0.556     0.892    design_1_i/SpeedSensor_1/U0/SpeedSensor_slave_lite_v1_0_S00_AXI_inst/s00_axi_aclk
    SLICE_X42Y95         FDRE                                         r  design_1_i/SpeedSensor_1/U0/SpeedSensor_slave_lite_v1_0_S00_AXI_inst/slv_reg0_reg[0]/C
  -------------------------------------------------------------------    -------------------
    SLICE_X42Y95         FDRE (Prop_fdre_C_Q)         0.164     1.056 r  design_1_i/SpeedSensor_1/U0/SpeedSensor_slave_lite_v1_0_S00_AXI_inst/slv_reg0_reg[0]/Q
                         net (fo=34, routed)          0.354     1.409    design_1_i/SpeedSensor_1/U0/SpeedSensor_slave_lite_v1_0_S00_AXI_inst/Core1/Q[0]
    SLICE_X41Y98         FDRE                                         r  design_1_i/SpeedSensor_1/U0/SpeedSensor_slave_lite_v1_0_S00_AXI_inst/Core1/pulse_count_reg[4]/R
  -------------------------------------------------------------------    -------------------

                         (clock clk_out1_design_1_clk_wiz_0_0 rise edge)
                                                      0.000     0.000 r  
    H16                                               0.000     0.000 r  sys_clock (IN)
                         net (fo=0)                   0.000     0.000    design_1_i/clk_wiz_0/inst/clk_in1
    H16                  IBUF (Prop_ibuf_I_O)         0.406     0.406 r  design_1_i/clk_wiz_0/inst/clkin1_ibufg/O
                         net (fo=1, routed)           0.480     0.886    design_1_i/clk_wiz_0/inst/clk_in1_design_1_clk_wiz_0_0
    MMCME2_ADV_X1Y2      MMCME2_ADV (Prop_mmcme2_adv_CLKIN1_CLKOUT0)
                                                     -3.407    -2.521 r  design_1_i/clk_wiz_0/inst/mmcm_adv_inst/CLKOUT0
                         net (fo=1, routed)           0.752    -1.769    design_1_i/clk_wiz_0/inst/clk_out1_design_1_clk_wiz_0_0
    BUFGCTRL_X0Y17       BUFG (Prop_bufg_I_O)         0.029    -1.740 r  design_1_i/clk_wiz_0/inst/clkout1_buf/O
                         net (fo=66, routed)          0.825    -0.915    design_1_i/SpeedSensor_1/U0/SpeedSensor_slave_lite_v1_0_S00_AXI_inst/Core1/Clk
    SLICE_X41Y98         FDRE                                         r  design_1_i/SpeedSensor_1/U0/SpeedSensor_slave_lite_v1_0_S00_AXI_inst/Core1/pulse_count_reg[4]/C
                         clock pessimism              0.000    -0.915    
                         clock uncertainty            0.263    -0.651    
    SLICE_X41Y98         FDRE (Hold_fdre_C_R)        -0.018    -0.669    design_1_i/SpeedSensor_1/U0/SpeedSensor_slave_lite_v1_0_S00_AXI_inst/Core1/pulse_count_reg[4]
  -------------------------------------------------------------------
                         required time                          0.669    
                         arrival time                           1.409    
  -------------------------------------------------------------------
                         slack                                  2.079    

Slack (MET) :             2.079ns  (arrival time - required time)
  Source:                 design_1_i/SpeedSensor_1/U0/SpeedSensor_slave_lite_v1_0_S00_AXI_inst/slv_reg0_reg[0]/C
                            (rising edge-triggered cell FDRE clocked by clk_fpga_0  {rise@0.000ns fall@5.000ns period=10.000ns})
  Destination:            design_1_i/SpeedSensor_1/U0/SpeedSensor_slave_lite_v1_0_S00_AXI_inst/Core1/pulse_count_reg[5]/R
                            (rising edge-triggered cell FDRE clocked by clk_out1_design_1_clk_wiz_0_0  {rise@0.000ns fall@5.000ns period=10.000ns})
  Path Group:             clk_out1_design_1_clk_wiz_0_0
  Path Type:              Hold (Min at Fast Process Corner)
  Requirement:            0.000ns  (clk_out1_design_1_clk_wiz_0_0 rise@0.000ns - clk_fpga_0 rise@0.000ns)
  Data Path Delay:        0.518ns  (logic 0.164ns (31.676%)  route 0.354ns (68.325%))
  Logic Levels:           0  
  Clock Path Skew:        -1.806ns (DCD - SCD - CPR)
    Destination Clock Delay (DCD):    -0.915ns
    Source Clock Delay      (SCD):    0.892ns
    Clock Pessimism Removal (CPR):    -0.000ns
  Clock Uncertainty:      0.263ns  ((TSJ^2 + TIJ^2 + DJ^2)^1/2) / 2 + PE
    Total System Jitter     (TSJ):    0.071ns
    Total Input Jitter      (TIJ):    0.300ns
    Discrete Jitter          (DJ):    0.125ns
    Phase Error              (PE):    0.097ns
  Clock Domain Crossing:  Inter clock paths are considered valid unless explicitly excluded by timing constraints such as set_clock_groups or set_false_path.

    Location             Delay type                Incr(ns)  Path(ns)    Netlist Resource(s)
  -------------------------------------------------------------------    -------------------
                         (clock clk_fpga_0 rise edge)
                                                      0.000     0.000 r  
    PS7_X0Y0             PS7                          0.000     0.000 r  design_1_i/processing_system7_0/inst/PS7_i/FCLKCLK[0]
                         net (fo=1, routed)           0.310     0.310    design_1_i/processing_system7_0/inst/FCLK_CLK_unbuffered[0]
    BUFGCTRL_X0Y16       BUFG (Prop_bufg_I_O)         0.026     0.336 r  design_1_i/processing_system7_0/inst/buffer_fclk_clk_0.FCLK_CLK_0_BUFG/O
                         net (fo=1419, routed)        0.556     0.892    design_1_i/SpeedSensor_1/U0/SpeedSensor_slave_lite_v1_0_S00_AXI_inst/s00_axi_aclk
    SLICE_X42Y95         FDRE                                         r  design_1_i/SpeedSensor_1/U0/SpeedSensor_slave_lite_v1_0_S00_AXI_inst/slv_reg0_reg[0]/C
  -------------------------------------------------------------------    -------------------
    SLICE_X42Y95         FDRE (Prop_fdre_C_Q)         0.164     1.056 r  design_1_i/SpeedSensor_1/U0/SpeedSensor_slave_lite_v1_0_S00_AXI_inst/slv_reg0_reg[0]/Q
                         net (fo=34, routed)          0.354     1.409    design_1_i/SpeedSensor_1/U0/SpeedSensor_slave_lite_v1_0_S00_AXI_inst/Core1/Q[0]
    SLICE_X41Y98         FDRE                                         r  design_1_i/SpeedSensor_1/U0/SpeedSensor_slave_lite_v1_0_S00_AXI_inst/Core1/pulse_count_reg[5]/R
  -------------------------------------------------------------------    -------------------

                         (clock clk_out1_design_1_clk_wiz_0_0 rise edge)
                                                      0.000     0.000 r  
    H16                                               0.000     0.000 r  sys_clock (IN)
                         net (fo=0)                   0.000     0.000    design_1_i/clk_wiz_0/inst/clk_in1
    H16                  IBUF (Prop_ibuf_I_O)         0.406     0.406 r  design_1_i/clk_wiz_0/inst/clkin1_ibufg/O
                         net (fo=1, routed)           0.480     0.886    design_1_i/clk_wiz_0/inst/clk_in1_design_1_clk_wiz_0_0
    MMCME2_ADV_X1Y2      MMCME2_ADV (Prop_mmcme2_adv_CLKIN1_CLKOUT0)
                                                     -3.407    -2.521 r  design_1_i/clk_wiz_0/inst/mmcm_adv_inst/CLKOUT0
                         net (fo=1, routed)           0.752    -1.769    design_1_i/clk_wiz_0/inst/clk_out1_design_1_clk_wiz_0_0
    BUFGCTRL_X0Y17       BUFG (Prop_bufg_I_O)         0.029    -1.740 r  design_1_i/clk_wiz_0/inst/clkout1_buf/O
                         net (fo=66, routed)          0.825    -0.915    design_1_i/SpeedSensor_1/U0/SpeedSensor_slave_lite_v1_0_S00_AXI_inst/Core1/Clk
    SLICE_X41Y98         FDRE                                         r  design_1_i/SpeedSensor_1/U0/SpeedSensor_slave_lite_v1_0_S00_AXI_inst/Core1/pulse_count_reg[5]/C
                         clock pessimism              0.000    -0.915    
                         clock uncertainty            0.263    -0.651    
    SLICE_X41Y98         FDRE (Hold_fdre_C_R)        -0.018    -0.669    design_1_i/SpeedSensor_1/U0/SpeedSensor_slave_lite_v1_0_S00_AXI_inst/Core1/pulse_count_reg[5]
  -------------------------------------------------------------------
                         required time                          0.669    
                         arrival time                           1.409    
  -------------------------------------------------------------------
                         slack                                  2.079    

Slack (MET) :             2.079ns  (arrival time - required time)
  Source:                 design_1_i/SpeedSensor_1/U0/SpeedSensor_slave_lite_v1_0_S00_AXI_inst/slv_reg0_reg[0]/C
                            (rising edge-triggered cell FDRE clocked by clk_fpga_0  {rise@0.000ns fall@5.000ns period=10.000ns})
  Destination:            design_1_i/SpeedSensor_1/U0/SpeedSensor_slave_lite_v1_0_S00_AXI_inst/Core1/pulse_count_reg[6]/R
                            (rising edge-triggered cell FDRE clocked by clk_out1_design_1_clk_wiz_0_0  {rise@0.000ns fall@5.000ns period=10.000ns})
  Path Group:             clk_out1_design_1_clk_wiz_0_0
  Path Type:              Hold (Min at Fast Process Corner)
  Requirement:            0.000ns  (clk_out1_design_1_clk_wiz_0_0 rise@0.000ns - clk_fpga_0 rise@0.000ns)
  Data Path Delay:        0.518ns  (logic 0.164ns (31.676%)  route 0.354ns (68.325%))
  Logic Levels:           0  
  Clock Path Skew:        -1.806ns (DCD - SCD - CPR)
    Destination Clock Delay (DCD):    -0.915ns
    Source Clock Delay      (SCD):    0.892ns
    Clock Pessimism Removal (CPR):    -0.000ns
  Clock Uncertainty:      0.263ns  ((TSJ^2 + TIJ^2 + DJ^2)^1/2) / 2 + PE
    Total System Jitter     (TSJ):    0.071ns
    Total Input Jitter      (TIJ):    0.300ns
    Discrete Jitter          (DJ):    0.125ns
    Phase Error              (PE):    0.097ns
  Clock Domain Crossing:  Inter clock paths are considered valid unless explicitly excluded by timing constraints such as set_clock_groups or set_false_path.

    Location             Delay type                Incr(ns)  Path(ns)    Netlist Resource(s)
  -------------------------------------------------------------------    -------------------
                         (clock clk_fpga_0 rise edge)
                                                      0.000     0.000 r  
    PS7_X0Y0             PS7                          0.000     0.000 r  design_1_i/processing_system7_0/inst/PS7_i/FCLKCLK[0]
                         net (fo=1, routed)           0.310     0.310    design_1_i/processing_system7_0/inst/FCLK_CLK_unbuffered[0]
    BUFGCTRL_X0Y16       BUFG (Prop_bufg_I_O)         0.026     0.336 r  design_1_i/processing_system7_0/inst/buffer_fclk_clk_0.FCLK_CLK_0_BUFG/O
                         net (fo=1419, routed)        0.556     0.892    design_1_i/SpeedSensor_1/U0/SpeedSensor_slave_lite_v1_0_S00_AXI_inst/s00_axi_aclk
    SLICE_X42Y95         FDRE                                         r  design_1_i/SpeedSensor_1/U0/SpeedSensor_slave_lite_v1_0_S00_AXI_inst/slv_reg0_reg[0]/C
  -------------------------------------------------------------------    -------------------
    SLICE_X42Y95         FDRE (Prop_fdre_C_Q)         0.164     1.056 r  design_1_i/SpeedSensor_1/U0/SpeedSensor_slave_lite_v1_0_S00_AXI_inst/slv_reg0_reg[0]/Q
                         net (fo=34, routed)          0.354     1.409    design_1_i/SpeedSensor_1/U0/SpeedSensor_slave_lite_v1_0_S00_AXI_inst/Core1/Q[0]
    SLICE_X41Y98         FDRE                                         r  design_1_i/SpeedSensor_1/U0/SpeedSensor_slave_lite_v1_0_S00_AXI_inst/Core1/pulse_count_reg[6]/R
  -------------------------------------------------------------------    -------------------

                         (clock clk_out1_design_1_clk_wiz_0_0 rise edge)
                                                      0.000     0.000 r  
    H16                                               0.000     0.000 r  sys_clock (IN)
                         net (fo=0)                   0.000     0.000    design_1_i/clk_wiz_0/inst/clk_in1
    H16                  IBUF (Prop_ibuf_I_O)         0.406     0.406 r  design_1_i/clk_wiz_0/inst/clkin1_ibufg/O
                         net (fo=1, routed)           0.480     0.886    design_1_i/clk_wiz_0/inst/clk_in1_design_1_clk_wiz_0_0
    MMCME2_ADV_X1Y2      MMCME2_ADV (Prop_mmcme2_adv_CLKIN1_CLKOUT0)
                                                     -3.407    -2.521 r  design_1_i/clk_wiz_0/inst/mmcm_adv_inst/CLKOUT0
                         net (fo=1, routed)           0.752    -1.769    design_1_i/clk_wiz_0/inst/clk_out1_design_1_clk_wiz_0_0
    BUFGCTRL_X0Y17       BUFG (Prop_bufg_I_O)         0.029    -1.740 r  design_1_i/clk_wiz_0/inst/clkout1_buf/O
                         net (fo=66, routed)          0.825    -0.915    design_1_i/SpeedSensor_1/U0/SpeedSensor_slave_lite_v1_0_S00_AXI_inst/Core1/Clk
    SLICE_X41Y98         FDRE                                         r  design_1_i/SpeedSensor_1/U0/SpeedSensor_slave_lite_v1_0_S00_AXI_inst/Core1/pulse_count_reg[6]/C
                         clock pessimism              0.000    -0.915    
                         clock uncertainty            0.263    -0.651    
    SLICE_X41Y98         FDRE (Hold_fdre_C_R)        -0.018    -0.669    design_1_i/SpeedSensor_1/U0/SpeedSensor_slave_lite_v1_0_S00_AXI_inst/Core1/pulse_count_reg[6]
  -------------------------------------------------------------------
                         required time                          0.669    
                         arrival time                           1.409    
  -------------------------------------------------------------------
                         slack                                  2.079    

Slack (MET) :             2.079ns  (arrival time - required time)
  Source:                 design_1_i/SpeedSensor_1/U0/SpeedSensor_slave_lite_v1_0_S00_AXI_inst/slv_reg0_reg[0]/C
                            (rising edge-triggered cell FDRE clocked by clk_fpga_0  {rise@0.000ns fall@5.000ns period=10.000ns})
  Destination:            design_1_i/SpeedSensor_1/U0/SpeedSensor_slave_lite_v1_0_S00_AXI_inst/Core1/pulse_count_reg[7]/R
                            (rising edge-triggered cell FDRE clocked by clk_out1_design_1_clk_wiz_0_0  {rise@0.000ns fall@5.000ns period=10.000ns})
  Path Group:             clk_out1_design_1_clk_wiz_0_0
  Path Type:              Hold (Min at Fast Process Corner)
  Requirement:            0.000ns  (clk_out1_design_1_clk_wiz_0_0 rise@0.000ns - clk_fpga_0 rise@0.000ns)
  Data Path Delay:        0.518ns  (logic 0.164ns (31.676%)  route 0.354ns (68.325%))
  Logic Levels:           0  
  Clock Path Skew:        -1.806ns (DCD - SCD - CPR)
    Destination Clock Delay (DCD):    -0.915ns
    Source Clock Delay      (SCD):    0.892ns
    Clock Pessimism Removal (CPR):    -0.000ns
  Clock Uncertainty:      0.263ns  ((TSJ^2 + TIJ^2 + DJ^2)^1/2) / 2 + PE
    Total System Jitter     (TSJ):    0.071ns
    Total Input Jitter      (TIJ):    0.300ns
    Discrete Jitter          (DJ):    0.125ns
    Phase Error              (PE):    0.097ns
  Clock Domain Crossing:  Inter clock paths are considered valid unless explicitly excluded by timing constraints such as set_clock_groups or set_false_path.

    Location             Delay type                Incr(ns)  Path(ns)    Netlist Resource(s)
  -------------------------------------------------------------------    -------------------
                         (clock clk_fpga_0 rise edge)
                                                      0.000     0.000 r  
    PS7_X0Y0             PS7                          0.000     0.000 r  design_1_i/processing_system7_0/inst/PS7_i/FCLKCLK[0]
                         net (fo=1, routed)           0.310     0.310    design_1_i/processing_system7_0/inst/FCLK_CLK_unbuffered[0]
    BUFGCTRL_X0Y16       BUFG (Prop_bufg_I_O)         0.026     0.336 r  design_1_i/processing_system7_0/inst/buffer_fclk_clk_0.FCLK_CLK_0_BUFG/O
                         net (fo=1419, routed)        0.556     0.892    design_1_i/SpeedSensor_1/U0/SpeedSensor_slave_lite_v1_0_S00_AXI_inst/s00_axi_aclk
    SLICE_X42Y95         FDRE                                         r  design_1_i/SpeedSensor_1/U0/SpeedSensor_slave_lite_v1_0_S00_AXI_inst/slv_reg0_reg[0]/C
  -------------------------------------------------------------------    -------------------
    SLICE_X42Y95         FDRE (Prop_fdre_C_Q)         0.164     1.056 r  design_1_i/SpeedSensor_1/U0/SpeedSensor_slave_lite_v1_0_S00_AXI_inst/slv_reg0_reg[0]/Q
                         net (fo=34, routed)          0.354     1.409    design_1_i/SpeedSensor_1/U0/SpeedSensor_slave_lite_v1_0_S00_AXI_inst/Core1/Q[0]
    SLICE_X41Y98         FDRE                                         r  design_1_i/SpeedSensor_1/U0/SpeedSensor_slave_lite_v1_0_S00_AXI_inst/Core1/pulse_count_reg[7]/R
  -------------------------------------------------------------------    -------------------

                         (clock clk_out1_design_1_clk_wiz_0_0 rise edge)
                                                      0.000     0.000 r  
    H16                                               0.000     0.000 r  sys_clock (IN)
                         net (fo=0)                   0.000     0.000    design_1_i/clk_wiz_0/inst/clk_in1
    H16                  IBUF (Prop_ibuf_I_O)         0.406     0.406 r  design_1_i/clk_wiz_0/inst/clkin1_ibufg/O
                         net (fo=1, routed)           0.480     0.886    design_1_i/clk_wiz_0/inst/clk_in1_design_1_clk_wiz_0_0
    MMCME2_ADV_X1Y2      MMCME2_ADV (Prop_mmcme2_adv_CLKIN1_CLKOUT0)
                                                     -3.407    -2.521 r  design_1_i/clk_wiz_0/inst/mmcm_adv_inst/CLKOUT0
                         net (fo=1, routed)           0.752    -1.769    design_1_i/clk_wiz_0/inst/clk_out1_design_1_clk_wiz_0_0
    BUFGCTRL_X0Y17       BUFG (Prop_bufg_I_O)         0.029    -1.740 r  design_1_i/clk_wiz_0/inst/clkout1_buf/O
                         net (fo=66, routed)          0.825    -0.915    design_1_i/SpeedSensor_1/U0/SpeedSensor_slave_lite_v1_0_S00_AXI_inst/Core1/Clk
    SLICE_X41Y98         FDRE                                         r  design_1_i/SpeedSensor_1/U0/SpeedSensor_slave_lite_v1_0_S00_AXI_inst/Core1/pulse_count_reg[7]/C
                         clock pessimism              0.000    -0.915    
                         clock uncertainty            0.263    -0.651    
    SLICE_X41Y98         FDRE (Hold_fdre_C_R)        -0.018    -0.669    design_1_i/SpeedSensor_1/U0/SpeedSensor_slave_lite_v1_0_S00_AXI_inst/Core1/pulse_count_reg[7]
  -------------------------------------------------------------------
                         required time                          0.669    
                         arrival time                           1.409    
  -------------------------------------------------------------------
                         slack                                  2.079    





--------------------------------------------------------------------------------------
Path Group:  (none)
From Clock:  
  To Clock:  clk_fpga_0

Max Delay             1 Endpoint
Min Delay             1 Endpoint
--------------------------------------------------------------------------------------


Max Delay Paths
--------------------------------------------------------------------------------------
Slack:                    inf
  Source:                 design_1_i/processing_system7_0/inst/PS7_i/FCLKRESETN[0]
                            (internal pin)
  Destination:            design_1_i/proc_sys_reset_0/U0/EXT_LPF/ACTIVE_LOW_EXT.ACT_LO_EXT/GENERATE_LEVEL_P_S_CDC.SINGLE_BIT.CROSS_PLEVEL_IN2SCNDRY_IN_cdc_to/D
                            (rising edge-triggered cell FDRE clocked by clk_fpga_0  {rise@0.000ns fall@5.000ns period=10.000ns})
  Path Group:             (none)
  Path Type:              Setup (Max at Slow Process Corner)
  Data Path Delay:        1.623ns  (logic 0.124ns (7.640%)  route 1.499ns (92.360%))
  Logic Levels:           1  (LUT1=1)
  Clock Uncertainty:      0.152ns  ((TSJ^2 + TIJ^2)^1/2 + DJ) / 2 + PE
    Total System Jitter     (TSJ):    0.050ns
    Total Input Jitter      (TIJ):    0.300ns
    Discrete Jitter          (DJ):    0.000ns
    Phase Error              (PE):    0.000ns
  Timing Exception:       False Path

    Location             Delay type                Incr(ns)  Path(ns)    Netlist Resource(s)
  -------------------------------------------------------------------    -------------------
    PS7_X0Y0             PS7                          0.000     0.000 f  design_1_i/processing_system7_0/inst/PS7_i/FCLKRESETN[0]
                         net (fo=1, routed)           1.499     1.499    design_1_i/proc_sys_reset_0/U0/EXT_LPF/ACTIVE_LOW_EXT.ACT_LO_EXT/ext_reset_in
    SLICE_X34Y81         LUT1 (Prop_lut1_I0_O)        0.124     1.623 r  design_1_i/proc_sys_reset_0/U0/EXT_LPF/ACTIVE_LOW_EXT.ACT_LO_EXT/GENERATE_LEVEL_P_S_CDC.SINGLE_BIT.CROSS_PLEVEL_IN2SCNDRY_IN_cdc_to_i_1/O
                         net (fo=1, routed)           0.000     1.623    design_1_i/proc_sys_reset_0/U0/EXT_LPF/ACTIVE_LOW_EXT.ACT_LO_EXT/exr_d1
    SLICE_X34Y81         FDRE                                         r  design_1_i/proc_sys_reset_0/U0/EXT_LPF/ACTIVE_LOW_EXT.ACT_LO_EXT/GENERATE_LEVEL_P_S_CDC.SINGLE_BIT.CROSS_PLEVEL_IN2SCNDRY_IN_cdc_to/D
  -------------------------------------------------------------------    -------------------

                         (clock clk_fpga_0 rise edge)
                                                      0.000     0.000 r  
    PS7_X0Y0             PS7                          0.000     0.000 r  design_1_i/processing_system7_0/inst/PS7_i/FCLKCLK[0]
                         net (fo=1, routed)           1.088     1.088    design_1_i/processing_system7_0/inst/FCLK_CLK_unbuffered[0]
    BUFGCTRL_X0Y16       BUFG (Prop_bufg_I_O)         0.091     1.179 r  design_1_i/processing_system7_0/inst/buffer_fclk_clk_0.FCLK_CLK_0_BUFG/O
                         net (fo=1419, routed)        1.470     2.649    design_1_i/proc_sys_reset_0/U0/EXT_LPF/ACTIVE_LOW_EXT.ACT_LO_EXT/slowest_sync_clk
    SLICE_X34Y81         FDRE                                         r  design_1_i/proc_sys_reset_0/U0/EXT_LPF/ACTIVE_LOW_EXT.ACT_LO_EXT/GENERATE_LEVEL_P_S_CDC.SINGLE_BIT.CROSS_PLEVEL_IN2SCNDRY_IN_cdc_to/C





Min Delay Paths
--------------------------------------------------------------------------------------
Slack:                    inf
  Source:                 design_1_i/processing_system7_0/inst/PS7_i/FCLKRESETN[0]
                            (internal pin)
  Destination:            design_1_i/proc_sys_reset_0/U0/EXT_LPF/ACTIVE_LOW_EXT.ACT_LO_EXT/GENERATE_LEVEL_P_S_CDC.SINGLE_BIT.CROSS_PLEVEL_IN2SCNDRY_IN_cdc_to/D
                            (rising edge-triggered cell FDRE clocked by clk_fpga_0  {rise@0.000ns fall@5.000ns period=10.000ns})
  Path Group:             (none)
  Path Type:              Hold (Min at Fast Process Corner)
  Data Path Delay:        0.650ns  (logic 0.045ns (6.923%)  route 0.605ns (93.077%))
  Logic Levels:           1  (LUT1=1)
  Clock Uncertainty:      0.152ns  ((TSJ^2 + TIJ^2)^1/2 + DJ) / 2 + PE
    Total System Jitter     (TSJ):    0.050ns
    Total Input Jitter      (TIJ):    0.300ns
    Discrete Jitter          (DJ):    0.000ns
    Phase Error              (PE):    0.000ns
  Timing Exception:       False Path

    Location             Delay type                Incr(ns)  Path(ns)    Netlist Resource(s)
  -------------------------------------------------------------------    -------------------
    PS7_X0Y0             PS7                          0.000     0.000 f  design_1_i/processing_system7_0/inst/PS7_i/FCLKRESETN[0]
                         net (fo=1, routed)           0.605     0.605    design_1_i/proc_sys_reset_0/U0/EXT_LPF/ACTIVE_LOW_EXT.ACT_LO_EXT/ext_reset_in
    SLICE_X34Y81         LUT1 (Prop_lut1_I0_O)        0.045     0.650 r  design_1_i/proc_sys_reset_0/U0/EXT_LPF/ACTIVE_LOW_EXT.ACT_LO_EXT/GENERATE_LEVEL_P_S_CDC.SINGLE_BIT.CROSS_PLEVEL_IN2SCNDRY_IN_cdc_to_i_1/O
                         net (fo=1, routed)           0.000     0.650    design_1_i/proc_sys_reset_0/U0/EXT_LPF/ACTIVE_LOW_EXT.ACT_LO_EXT/exr_d1
    SLICE_X34Y81         FDRE                                         r  design_1_i/proc_sys_reset_0/U0/EXT_LPF/ACTIVE_LOW_EXT.ACT_LO_EXT/GENERATE_LEVEL_P_S_CDC.SINGLE_BIT.CROSS_PLEVEL_IN2SCNDRY_IN_cdc_to/D
  -------------------------------------------------------------------    -------------------

                         (clock clk_fpga_0 rise edge)
                                                      0.000     0.000 r  
    PS7_X0Y0             PS7                          0.000     0.000 r  design_1_i/processing_system7_0/inst/PS7_i/FCLKCLK[0]
                         net (fo=1, routed)           0.337     0.337    design_1_i/processing_system7_0/inst/FCLK_CLK_unbuffered[0]
    BUFGCTRL_X0Y16       BUFG (Prop_bufg_I_O)         0.029     0.366 r  design_1_i/processing_system7_0/inst/buffer_fclk_clk_0.FCLK_CLK_0_BUFG/O
                         net (fo=1419, routed)        0.816     1.182    design_1_i/proc_sys_reset_0/U0/EXT_LPF/ACTIVE_LOW_EXT.ACT_LO_EXT/slowest_sync_clk
    SLICE_X34Y81         FDRE                                         r  design_1_i/proc_sys_reset_0/U0/EXT_LPF/ACTIVE_LOW_EXT.ACT_LO_EXT/GENERATE_LEVEL_P_S_CDC.SINGLE_BIT.CROSS_PLEVEL_IN2SCNDRY_IN_cdc_to/C





--------------------------------------------------------------------------------------
Path Group:  (none)
From Clock:  clk_fpga_0
  To Clock:  

Max Delay             2 Endpoints
Min Delay             2 Endpoints
--------------------------------------------------------------------------------------


Max Delay Paths
--------------------------------------------------------------------------------------
Slack:                    inf
  Source:                 design_1_i/axi_timer_0/U0/TC_CORE_I/PWM_FF_I/C
                            (rising edge-triggered cell FDRE clocked by clk_fpga_0  {rise@0.000ns fall@5.000ns period=10.000ns})
  Destination:            pwm0_1
                            (output port)
  Path Group:             (none)
  Path Type:              Max at Slow Process Corner
  Data Path Delay:        8.609ns  (logic 4.091ns (47.526%)  route 4.517ns (52.474%))
  Logic Levels:           1  (OBUF=1)
  Clock Uncertainty:      0.152ns  ((TSJ^2 + TIJ^2)^1/2 + DJ) / 2 + PE
    Total System Jitter     (TSJ):    0.050ns
    Total Input Jitter      (TIJ):    0.300ns
    Discrete Jitter          (DJ):    0.000ns
    Phase Error              (PE):    0.000ns

    Location             Delay type                Incr(ns)  Path(ns)    Netlist Resource(s)
  -------------------------------------------------------------------    -------------------
                         (clock clk_fpga_0 rise edge)
                                                      0.000     0.000 r  
    PS7_X0Y0             PS7                          0.000     0.000 r  design_1_i/processing_system7_0/inst/PS7_i/FCLKCLK[0]
                         net (fo=1, routed)           1.193     1.193    design_1_i/processing_system7_0/inst/FCLK_CLK_unbuffered[0]
    BUFGCTRL_X0Y16       BUFG (Prop_bufg_I_O)         0.101     1.294 r  design_1_i/processing_system7_0/inst/buffer_fclk_clk_0.FCLK_CLK_0_BUFG/O
                         net (fo=1419, routed)        1.651     2.945    design_1_i/axi_timer_0/U0/TC_CORE_I/s_axi_aclk
    SLICE_X42Y93         FDRE                                         r  design_1_i/axi_timer_0/U0/TC_CORE_I/PWM_FF_I/C
  -------------------------------------------------------------------    -------------------
    SLICE_X42Y93         FDRE (Prop_fdre_C_Q)         0.518     3.463 r  design_1_i/axi_timer_0/U0/TC_CORE_I/PWM_FF_I/Q
                         net (fo=2, routed)           4.517     7.980    pwm0_1_OBUF
    Y19                  OBUF (Prop_obuf_I_O)         3.573    11.554 r  pwm0_1_OBUF_inst/O
                         net (fo=0)                   0.000    11.554    pwm0_1
    Y19                                                               r  pwm0_1 (OUT)
  -------------------------------------------------------------------    -------------------

Slack:                    inf
  Source:                 design_1_i/axi_timer_1/U0/TC_CORE_I/PWM_FF_I/C
                            (rising edge-triggered cell FDRE clocked by clk_fpga_0  {rise@0.000ns fall@5.000ns period=10.000ns})
  Destination:            pwm0_0
                            (output port)
  Path Group:             (none)
  Path Type:              Max at Slow Process Corner
  Data Path Delay:        8.498ns  (logic 4.035ns (47.489%)  route 4.462ns (52.511%))
  Logic Levels:           1  (OBUF=1)
  Clock Uncertainty:      0.152ns  ((TSJ^2 + TIJ^2)^1/2 + DJ) / 2 + PE
    Total System Jitter     (TSJ):    0.050ns
    Total Input Jitter      (TIJ):    0.300ns
    Discrete Jitter          (DJ):    0.000ns
    Phase Error              (PE):    0.000ns

    Location             Delay type                Incr(ns)  Path(ns)    Netlist Resource(s)
  -------------------------------------------------------------------    -------------------
                         (clock clk_fpga_0 rise edge)
                                                      0.000     0.000 r  
    PS7_X0Y0             PS7                          0.000     0.000 r  design_1_i/processing_system7_0/inst/PS7_i/FCLKCLK[0]
                         net (fo=1, routed)           1.193     1.193    design_1_i/processing_system7_0/inst/FCLK_CLK_unbuffered[0]
    BUFGCTRL_X0Y16       BUFG (Prop_bufg_I_O)         0.101     1.294 r  design_1_i/processing_system7_0/inst/buffer_fclk_clk_0.FCLK_CLK_0_BUFG/O
                         net (fo=1419, routed)        1.650     2.944    design_1_i/axi_timer_1/U0/TC_CORE_I/s_axi_aclk
    SLICE_X49Y93         FDRE                                         r  design_1_i/axi_timer_1/U0/TC_CORE_I/PWM_FF_I/C
  -------------------------------------------------------------------    -------------------
    SLICE_X49Y93         FDRE (Prop_fdre_C_Q)         0.456     3.400 r  design_1_i/axi_timer_1/U0/TC_CORE_I/PWM_FF_I/Q
                         net (fo=2, routed)           4.462     7.862    pwm0_0_OBUF
    Y18                  OBUF (Prop_obuf_I_O)         3.579    11.442 r  pwm0_0_OBUF_inst/O
                         net (fo=0)                   0.000    11.442    pwm0_0
    Y18                                                               r  pwm0_0 (OUT)
  -------------------------------------------------------------------    -------------------





Min Delay Paths
--------------------------------------------------------------------------------------
Slack:                    inf
  Source:                 design_1_i/axi_timer_1/U0/TC_CORE_I/PWM_FF_I/C
                            (rising edge-triggered cell FDRE clocked by clk_fpga_0  {rise@0.000ns fall@5.000ns period=10.000ns})
  Destination:            pwm0_0
                            (output port)
  Path Group:             (none)
  Path Type:              Min at Fast Process Corner
  Data Path Delay:        3.127ns  (logic 1.421ns (45.437%)  route 1.706ns (54.563%))
  Logic Levels:           1  (OBUF=1)
  Clock Uncertainty:      0.152ns  ((TSJ^2 + TIJ^2)^1/2 + DJ) / 2 + PE
    Total System Jitter     (TSJ):    0.050ns
    Total Input Jitter      (TIJ):    0.300ns
    Discrete Jitter          (DJ):    0.000ns
    Phase Error              (PE):    0.000ns

    Location             Delay type                Incr(ns)  Path(ns)    Netlist Resource(s)
  -------------------------------------------------------------------    -------------------
                         (clock clk_fpga_0 rise edge)
                                                      0.000     0.000 r  
    PS7_X0Y0             PS7                          0.000     0.000 r  design_1_i/processing_system7_0/inst/PS7_i/FCLKCLK[0]
                         net (fo=1, routed)           0.310     0.310    design_1_i/processing_system7_0/inst/FCLK_CLK_unbuffered[0]
    BUFGCTRL_X0Y16       BUFG (Prop_bufg_I_O)         0.026     0.336 r  design_1_i/processing_system7_0/inst/buffer_fclk_clk_0.FCLK_CLK_0_BUFG/O
                         net (fo=1419, routed)        0.555     0.891    design_1_i/axi_timer_1/U0/TC_CORE_I/s_axi_aclk
    SLICE_X49Y93         FDRE                                         r  design_1_i/axi_timer_1/U0/TC_CORE_I/PWM_FF_I/C
  -------------------------------------------------------------------    -------------------
    SLICE_X49Y93         FDRE (Prop_fdre_C_Q)         0.141     1.032 r  design_1_i/axi_timer_1/U0/TC_CORE_I/PWM_FF_I/Q
                         net (fo=2, routed)           1.706     2.738    pwm0_0_OBUF
    Y18                  OBUF (Prop_obuf_I_O)         1.280     4.018 r  pwm0_0_OBUF_inst/O
                         net (fo=0)                   0.000     4.018    pwm0_0
    Y18                                                               r  pwm0_0 (OUT)
  -------------------------------------------------------------------    -------------------

Slack:                    inf
  Source:                 design_1_i/axi_timer_0/U0/TC_CORE_I/PWM_FF_I/C
                            (rising edge-triggered cell FDRE clocked by clk_fpga_0  {rise@0.000ns fall@5.000ns period=10.000ns})
  Destination:            pwm0_1
                            (output port)
  Path Group:             (none)
  Path Type:              Min at Fast Process Corner
  Data Path Delay:        3.195ns  (logic 1.438ns (44.999%)  route 1.757ns (55.001%))
  Logic Levels:           1  (OBUF=1)
  Clock Uncertainty:      0.152ns  ((TSJ^2 + TIJ^2)^1/2 + DJ) / 2 + PE
    Total System Jitter     (TSJ):    0.050ns
    Total Input Jitter      (TIJ):    0.300ns
    Discrete Jitter          (DJ):    0.000ns
    Phase Error              (PE):    0.000ns

    Location             Delay type                Incr(ns)  Path(ns)    Netlist Resource(s)
  -------------------------------------------------------------------    -------------------
                         (clock clk_fpga_0 rise edge)
                                                      0.000     0.000 r  
    PS7_X0Y0             PS7                          0.000     0.000 r  design_1_i/processing_system7_0/inst/PS7_i/FCLKCLK[0]
                         net (fo=1, routed)           0.310     0.310    design_1_i/processing_system7_0/inst/FCLK_CLK_unbuffered[0]
    BUFGCTRL_X0Y16       BUFG (Prop_bufg_I_O)         0.026     0.336 r  design_1_i/processing_system7_0/inst/buffer_fclk_clk_0.FCLK_CLK_0_BUFG/O
                         net (fo=1419, routed)        0.556     0.892    design_1_i/axi_timer_0/U0/TC_CORE_I/s_axi_aclk
    SLICE_X42Y93         FDRE                                         r  design_1_i/axi_timer_0/U0/TC_CORE_I/PWM_FF_I/C
  -------------------------------------------------------------------    -------------------
    SLICE_X42Y93         FDRE (Prop_fdre_C_Q)         0.164     1.056 r  design_1_i/axi_timer_0/U0/TC_CORE_I/PWM_FF_I/Q
                         net (fo=2, routed)           1.757     2.813    pwm0_1_OBUF
    Y19                  OBUF (Prop_obuf_I_O)         1.274     4.087 r  pwm0_1_OBUF_inst/O
                         net (fo=0)                   0.000     4.087    pwm0_1
    Y19                                                               r  pwm0_1 (OUT)
  -------------------------------------------------------------------    -------------------





--------------------------------------------------------------------------------------
Path Group:  (none)
From Clock:  clkfbout_design_1_clk_wiz_0_0
  To Clock:  

Max Delay             1 Endpoint
Min Delay             1 Endpoint
--------------------------------------------------------------------------------------


Max Delay Paths
--------------------------------------------------------------------------------------
Slack:                    inf
  Source:                 design_1_i/clk_wiz_0/inst/mmcm_adv_inst/CLKFBOUT
                            (clock source 'clkfbout_design_1_clk_wiz_0_0'  {rise@0.000ns fall@4.000ns period=8.000ns})
  Destination:            design_1_i/clk_wiz_0/inst/mmcm_adv_inst/CLKFBIN
  Path Group:             (none)
  Path Type:              Max at Slow Process Corner
  Data Path Delay:        4.287ns  (logic 0.101ns (2.356%)  route 4.186ns (97.644%))
  Logic Levels:           1  (BUFG=1)
  Clock Uncertainty:      0.145ns  ((TSJ^2 + DJ^2)^1/2) / 2 + PE
    Total System Jitter     (TSJ):    0.050ns
    Discrete Jitter          (DJ):    0.081ns
    Phase Error              (PE):    0.097ns

    Location             Delay type                Incr(ns)  Path(ns)    Netlist Resource(s)
  -------------------------------------------------------------------    -------------------
                         (clock clkfbout_design_1_clk_wiz_0_0 fall edge)
                                                      4.000     4.000 f  
    H16                                               0.000     4.000 f  sys_clock (IN)
                         net (fo=0)                   0.000     4.000    design_1_i/clk_wiz_0/inst/clk_in1
    H16                  IBUF (Prop_ibuf_I_O)         1.451     5.451 f  design_1_i/clk_wiz_0/inst/clkin1_ibufg/O
                         net (fo=1, routed)           1.285     6.736    design_1_i/clk_wiz_0/inst/clk_in1_design_1_clk_wiz_0_0
  -------------------------------------------------------------------    -------------------
    MMCME2_ADV_X1Y2      MMCME2_ADV (Prop_mmcme2_adv_CLKIN1_CLKFBOUT)
                                                     -7.759    -1.023 f  design_1_i/clk_wiz_0/inst/mmcm_adv_inst/CLKFBOUT
                         net (fo=1, routed)           2.206     1.183    design_1_i/clk_wiz_0/inst/clkfbout_design_1_clk_wiz_0_0
    BUFGCTRL_X0Y18       BUFG (Prop_bufg_I_O)         0.101     1.284 f  design_1_i/clk_wiz_0/inst/clkf_buf/O
                         net (fo=1, routed)           1.980     3.264    design_1_i/clk_wiz_0/inst/clkfbout_buf_design_1_clk_wiz_0_0
    MMCME2_ADV_X1Y2      MMCME2_ADV                                   f  design_1_i/clk_wiz_0/inst/mmcm_adv_inst/CLKFBIN
  -------------------------------------------------------------------    -------------------





Min Delay Paths
--------------------------------------------------------------------------------------
Slack:                    inf
  Source:                 design_1_i/clk_wiz_0/inst/mmcm_adv_inst/CLKFBOUT
                            (clock source 'clkfbout_design_1_clk_wiz_0_0'  {rise@0.000ns fall@4.000ns period=8.000ns})
  Destination:            design_1_i/clk_wiz_0/inst/mmcm_adv_inst/CLKFBIN
  Path Group:             (none)
  Path Type:              Min at Slow Process Corner
  Data Path Delay:        3.873ns  (logic 0.091ns (2.349%)  route 3.782ns (97.651%))
  Logic Levels:           1  (BUFG=1)
  Clock Uncertainty:      0.145ns  ((TSJ^2 + DJ^2)^1/2) / 2 + PE
    Total System Jitter     (TSJ):    0.050ns
    Discrete Jitter          (DJ):    0.081ns
    Phase Error              (PE):    0.097ns

    Location             Delay type                Incr(ns)  Path(ns)    Netlist Resource(s)
  -------------------------------------------------------------------    -------------------
                         (clock clkfbout_design_1_clk_wiz_0_0 rise edge)
                                                      0.000     0.000 r  
    H16                                               0.000     0.000 r  sys_clock (IN)
                         net (fo=0)                   0.000     0.000    design_1_i/clk_wiz_0/inst/clk_in1
    H16                  IBUF (Prop_ibuf_I_O)         1.380     1.380 r  design_1_i/clk_wiz_0/inst/clkin1_ibufg/O
                         net (fo=1, routed)           1.162     2.542    design_1_i/clk_wiz_0/inst/clk_in1_design_1_clk_wiz_0_0
  -------------------------------------------------------------------    -------------------
    MMCME2_ADV_X1Y2      MMCME2_ADV (Prop_mmcme2_adv_CLKIN1_CLKFBOUT)
                                                     -7.814    -5.272 r  design_1_i/clk_wiz_0/inst/mmcm_adv_inst/CLKFBOUT
                         net (fo=1, routed)           2.012    -3.260    design_1_i/clk_wiz_0/inst/clkfbout_design_1_clk_wiz_0_0
    BUFGCTRL_X0Y18       BUFG (Prop_bufg_I_O)         0.091    -3.169 r  design_1_i/clk_wiz_0/inst/clkf_buf/O
                         net (fo=1, routed)           1.770    -1.399    design_1_i/clk_wiz_0/inst/clkfbout_buf_design_1_clk_wiz_0_0
    MMCME2_ADV_X1Y2      MMCME2_ADV                                   r  design_1_i/clk_wiz_0/inst/mmcm_adv_inst/CLKFBIN
  -------------------------------------------------------------------    -------------------





--------------------------------------------------------------------------------------
Path Group:  (none)
From Clock:  
  To Clock:  clk_out1_design_1_clk_wiz_0_0

Max Delay            66 Endpoints
Min Delay            66 Endpoints
--------------------------------------------------------------------------------------


Max Delay Paths
--------------------------------------------------------------------------------------
Slack:                    inf
  Source:                 Sensor_Pin_1
                            (input port)
  Destination:            design_1_i/SpeedSensor_1/U0/SpeedSensor_slave_lite_v1_0_S00_AXI_inst/Core1/pulse_count_reg[28]/CE
                            (rising edge-triggered cell FDRE clocked by clk_out1_design_1_clk_wiz_0_0  {rise@0.000ns fall@5.000ns period=10.000ns})
  Path Group:             (none)
  Path Type:              Setup (Max at Slow Process Corner)
  Data Path Delay:        6.490ns  (logic 1.691ns (26.053%)  route 4.799ns (73.947%))
  Logic Levels:           2  (IBUF=1 LUT3=1)
  Clock Path Skew:        -1.516ns (DCD - SCD + CPR)
    Destination Clock Delay (DCD):    -1.516ns
    Source Clock Delay      (SCD):    0.000ns
    Clock Pessimism Removal (CPR):    0.000ns
  Clock Uncertainty:      0.164ns  ((TSJ^2 + DJ^2)^1/2) / 2 + PE
    Total System Jitter     (TSJ):    0.050ns
    Discrete Jitter          (DJ):    0.125ns
    Phase Error              (PE):    0.097ns

    Location             Delay type                Incr(ns)  Path(ns)    Netlist Resource(s)
  -------------------------------------------------------------------    -------------------
    Y17                                               0.000     0.000 r  Sensor_Pin_1 (IN)
                         net (fo=0)                   0.000     0.000    Sensor_Pin_1
    Y17                  IBUF (Prop_ibuf_I_O)         1.567     1.567 r  Sensor_Pin_1_IBUF_inst/O
                         net (fo=2, routed)           3.704     5.271    design_1_i/SpeedSensor_1/U0/SpeedSensor_slave_lite_v1_0_S00_AXI_inst/Core1/Sensor_Pin
    SLICE_X42Y94         LUT3 (Prop_lut3_I2_O)        0.124     5.395 r  design_1_i/SpeedSensor_1/U0/SpeedSensor_slave_lite_v1_0_S00_AXI_inst/Core1/__0/i_/O
                         net (fo=32, routed)          1.095     6.490    design_1_i/SpeedSensor_1/U0/SpeedSensor_slave_lite_v1_0_S00_AXI_inst/Core1/pulse_count
    SLICE_X41Y104        FDRE                                         r  design_1_i/SpeedSensor_1/U0/SpeedSensor_slave_lite_v1_0_S00_AXI_inst/Core1/pulse_count_reg[28]/CE
  -------------------------------------------------------------------    -------------------

                         (clock clk_out1_design_1_clk_wiz_0_0 rise edge)
                                                      0.000     0.000 r  
    H16                                               0.000     0.000 r  sys_clock (IN)
                         net (fo=0)                   0.000     0.000    design_1_i/clk_wiz_0/inst/clk_in1
    H16                  IBUF (Prop_ibuf_I_O)         1.380     1.380 r  design_1_i/clk_wiz_0/inst/clkin1_ibufg/O
                         net (fo=1, routed)           1.162     2.542    design_1_i/clk_wiz_0/inst/clk_in1_design_1_clk_wiz_0_0
    MMCME2_ADV_X1Y2      MMCME2_ADV (Prop_mmcme2_adv_CLKIN1_CLKOUT0)
                                                     -7.814    -5.272 r  design_1_i/clk_wiz_0/inst/mmcm_adv_inst/CLKOUT0
                         net (fo=1, routed)           2.012    -3.260    design_1_i/clk_wiz_0/inst/clk_out1_design_1_clk_wiz_0_0
    BUFGCTRL_X0Y17       BUFG (Prop_bufg_I_O)         0.091    -3.169 r  design_1_i/clk_wiz_0/inst/clkout1_buf/O
                         net (fo=66, routed)          1.653    -1.516    design_1_i/SpeedSensor_1/U0/SpeedSensor_slave_lite_v1_0_S00_AXI_inst/Core1/Clk
    SLICE_X41Y104        FDRE                                         r  design_1_i/SpeedSensor_1/U0/SpeedSensor_slave_lite_v1_0_S00_AXI_inst/Core1/pulse_count_reg[28]/C

Slack:                    inf
  Source:                 Sensor_Pin_1
                            (input port)
  Destination:            design_1_i/SpeedSensor_1/U0/SpeedSensor_slave_lite_v1_0_S00_AXI_inst/Core1/pulse_count_reg[29]/CE
                            (rising edge-triggered cell FDRE clocked by clk_out1_design_1_clk_wiz_0_0  {rise@0.000ns fall@5.000ns period=10.000ns})
  Path Group:             (none)
  Path Type:              Setup (Max at Slow Process Corner)
  Data Path Delay:        6.490ns  (logic 1.691ns (26.053%)  route 4.799ns (73.947%))
  Logic Levels:           2  (IBUF=1 LUT3=1)
  Clock Path Skew:        -1.516ns (DCD - SCD + CPR)
    Destination Clock Delay (DCD):    -1.516ns
    Source Clock Delay      (SCD):    0.000ns
    Clock Pessimism Removal (CPR):    0.000ns
  Clock Uncertainty:      0.164ns  ((TSJ^2 + DJ^2)^1/2) / 2 + PE
    Total System Jitter     (TSJ):    0.050ns
    Discrete Jitter          (DJ):    0.125ns
    Phase Error              (PE):    0.097ns

    Location             Delay type                Incr(ns)  Path(ns)    Netlist Resource(s)
  -------------------------------------------------------------------    -------------------
    Y17                                               0.000     0.000 r  Sensor_Pin_1 (IN)
                         net (fo=0)                   0.000     0.000    Sensor_Pin_1
    Y17                  IBUF (Prop_ibuf_I_O)         1.567     1.567 r  Sensor_Pin_1_IBUF_inst/O
                         net (fo=2, routed)           3.704     5.271    design_1_i/SpeedSensor_1/U0/SpeedSensor_slave_lite_v1_0_S00_AXI_inst/Core1/Sensor_Pin
    SLICE_X42Y94         LUT3 (Prop_lut3_I2_O)        0.124     5.395 r  design_1_i/SpeedSensor_1/U0/SpeedSensor_slave_lite_v1_0_S00_AXI_inst/Core1/__0/i_/O
                         net (fo=32, routed)          1.095     6.490    design_1_i/SpeedSensor_1/U0/SpeedSensor_slave_lite_v1_0_S00_AXI_inst/Core1/pulse_count
    SLICE_X41Y104        FDRE                                         r  design_1_i/SpeedSensor_1/U0/SpeedSensor_slave_lite_v1_0_S00_AXI_inst/Core1/pulse_count_reg[29]/CE
  -------------------------------------------------------------------    -------------------

                         (clock clk_out1_design_1_clk_wiz_0_0 rise edge)
                                                      0.000     0.000 r  
    H16                                               0.000     0.000 r  sys_clock (IN)
                         net (fo=0)                   0.000     0.000    design_1_i/clk_wiz_0/inst/clk_in1
    H16                  IBUF (Prop_ibuf_I_O)         1.380     1.380 r  design_1_i/clk_wiz_0/inst/clkin1_ibufg/O
                         net (fo=1, routed)           1.162     2.542    design_1_i/clk_wiz_0/inst/clk_in1_design_1_clk_wiz_0_0
    MMCME2_ADV_X1Y2      MMCME2_ADV (Prop_mmcme2_adv_CLKIN1_CLKOUT0)
                                                     -7.814    -5.272 r  design_1_i/clk_wiz_0/inst/mmcm_adv_inst/CLKOUT0
                         net (fo=1, routed)           2.012    -3.260    design_1_i/clk_wiz_0/inst/clk_out1_design_1_clk_wiz_0_0
    BUFGCTRL_X0Y17       BUFG (Prop_bufg_I_O)         0.091    -3.169 r  design_1_i/clk_wiz_0/inst/clkout1_buf/O
                         net (fo=66, routed)          1.653    -1.516    design_1_i/SpeedSensor_1/U0/SpeedSensor_slave_lite_v1_0_S00_AXI_inst/Core1/Clk
    SLICE_X41Y104        FDRE                                         r  design_1_i/SpeedSensor_1/U0/SpeedSensor_slave_lite_v1_0_S00_AXI_inst/Core1/pulse_count_reg[29]/C

Slack:                    inf
  Source:                 Sensor_Pin_1
                            (input port)
  Destination:            design_1_i/SpeedSensor_1/U0/SpeedSensor_slave_lite_v1_0_S00_AXI_inst/Core1/pulse_count_reg[30]/CE
                            (rising edge-triggered cell FDRE clocked by clk_out1_design_1_clk_wiz_0_0  {rise@0.000ns fall@5.000ns period=10.000ns})
  Path Group:             (none)
  Path Type:              Setup (Max at Slow Process Corner)
  Data Path Delay:        6.490ns  (logic 1.691ns (26.053%)  route 4.799ns (73.947%))
  Logic Levels:           2  (IBUF=1 LUT3=1)
  Clock Path Skew:        -1.516ns (DCD - SCD + CPR)
    Destination Clock Delay (DCD):    -1.516ns
    Source Clock Delay      (SCD):    0.000ns
    Clock Pessimism Removal (CPR):    0.000ns
  Clock Uncertainty:      0.164ns  ((TSJ^2 + DJ^2)^1/2) / 2 + PE
    Total System Jitter     (TSJ):    0.050ns
    Discrete Jitter          (DJ):    0.125ns
    Phase Error              (PE):    0.097ns

    Location             Delay type                Incr(ns)  Path(ns)    Netlist Resource(s)
  -------------------------------------------------------------------    -------------------
    Y17                                               0.000     0.000 r  Sensor_Pin_1 (IN)
                         net (fo=0)                   0.000     0.000    Sensor_Pin_1
    Y17                  IBUF (Prop_ibuf_I_O)         1.567     1.567 r  Sensor_Pin_1_IBUF_inst/O
                         net (fo=2, routed)           3.704     5.271    design_1_i/SpeedSensor_1/U0/SpeedSensor_slave_lite_v1_0_S00_AXI_inst/Core1/Sensor_Pin
    SLICE_X42Y94         LUT3 (Prop_lut3_I2_O)        0.124     5.395 r  design_1_i/SpeedSensor_1/U0/SpeedSensor_slave_lite_v1_0_S00_AXI_inst/Core1/__0/i_/O
                         net (fo=32, routed)          1.095     6.490    design_1_i/SpeedSensor_1/U0/SpeedSensor_slave_lite_v1_0_S00_AXI_inst/Core1/pulse_count
    SLICE_X41Y104        FDRE                                         r  design_1_i/SpeedSensor_1/U0/SpeedSensor_slave_lite_v1_0_S00_AXI_inst/Core1/pulse_count_reg[30]/CE
  -------------------------------------------------------------------    -------------------

                         (clock clk_out1_design_1_clk_wiz_0_0 rise edge)
                                                      0.000     0.000 r  
    H16                                               0.000     0.000 r  sys_clock (IN)
                         net (fo=0)                   0.000     0.000    design_1_i/clk_wiz_0/inst/clk_in1
    H16                  IBUF (Prop_ibuf_I_O)         1.380     1.380 r  design_1_i/clk_wiz_0/inst/clkin1_ibufg/O
                         net (fo=1, routed)           1.162     2.542    design_1_i/clk_wiz_0/inst/clk_in1_design_1_clk_wiz_0_0
    MMCME2_ADV_X1Y2      MMCME2_ADV (Prop_mmcme2_adv_CLKIN1_CLKOUT0)
                                                     -7.814    -5.272 r  design_1_i/clk_wiz_0/inst/mmcm_adv_inst/CLKOUT0
                         net (fo=1, routed)           2.012    -3.260    design_1_i/clk_wiz_0/inst/clk_out1_design_1_clk_wiz_0_0
    BUFGCTRL_X0Y17       BUFG (Prop_bufg_I_O)         0.091    -3.169 r  design_1_i/clk_wiz_0/inst/clkout1_buf/O
                         net (fo=66, routed)          1.653    -1.516    design_1_i/SpeedSensor_1/U0/SpeedSensor_slave_lite_v1_0_S00_AXI_inst/Core1/Clk
    SLICE_X41Y104        FDRE                                         r  design_1_i/SpeedSensor_1/U0/SpeedSensor_slave_lite_v1_0_S00_AXI_inst/Core1/pulse_count_reg[30]/C

Slack:                    inf
  Source:                 Sensor_Pin_1
                            (input port)
  Destination:            design_1_i/SpeedSensor_1/U0/SpeedSensor_slave_lite_v1_0_S00_AXI_inst/Core1/pulse_count_reg[31]/CE
                            (rising edge-triggered cell FDRE clocked by clk_out1_design_1_clk_wiz_0_0  {rise@0.000ns fall@5.000ns period=10.000ns})
  Path Group:             (none)
  Path Type:              Setup (Max at Slow Process Corner)
  Data Path Delay:        6.490ns  (logic 1.691ns (26.053%)  route 4.799ns (73.947%))
  Logic Levels:           2  (IBUF=1 LUT3=1)
  Clock Path Skew:        -1.516ns (DCD - SCD + CPR)
    Destination Clock Delay (DCD):    -1.516ns
    Source Clock Delay      (SCD):    0.000ns
    Clock Pessimism Removal (CPR):    0.000ns
  Clock Uncertainty:      0.164ns  ((TSJ^2 + DJ^2)^1/2) / 2 + PE
    Total System Jitter     (TSJ):    0.050ns
    Discrete Jitter          (DJ):    0.125ns
    Phase Error              (PE):    0.097ns

    Location             Delay type                Incr(ns)  Path(ns)    Netlist Resource(s)
  -------------------------------------------------------------------    -------------------
    Y17                                               0.000     0.000 r  Sensor_Pin_1 (IN)
                         net (fo=0)                   0.000     0.000    Sensor_Pin_1
    Y17                  IBUF (Prop_ibuf_I_O)         1.567     1.567 r  Sensor_Pin_1_IBUF_inst/O
                         net (fo=2, routed)           3.704     5.271    design_1_i/SpeedSensor_1/U0/SpeedSensor_slave_lite_v1_0_S00_AXI_inst/Core1/Sensor_Pin
    SLICE_X42Y94         LUT3 (Prop_lut3_I2_O)        0.124     5.395 r  design_1_i/SpeedSensor_1/U0/SpeedSensor_slave_lite_v1_0_S00_AXI_inst/Core1/__0/i_/O
                         net (fo=32, routed)          1.095     6.490    design_1_i/SpeedSensor_1/U0/SpeedSensor_slave_lite_v1_0_S00_AXI_inst/Core1/pulse_count
    SLICE_X41Y104        FDRE                                         r  design_1_i/SpeedSensor_1/U0/SpeedSensor_slave_lite_v1_0_S00_AXI_inst/Core1/pulse_count_reg[31]/CE
  -------------------------------------------------------------------    -------------------

                         (clock clk_out1_design_1_clk_wiz_0_0 rise edge)
                                                      0.000     0.000 r  
    H16                                               0.000     0.000 r  sys_clock (IN)
                         net (fo=0)                   0.000     0.000    design_1_i/clk_wiz_0/inst/clk_in1
    H16                  IBUF (Prop_ibuf_I_O)         1.380     1.380 r  design_1_i/clk_wiz_0/inst/clkin1_ibufg/O
                         net (fo=1, routed)           1.162     2.542    design_1_i/clk_wiz_0/inst/clk_in1_design_1_clk_wiz_0_0
    MMCME2_ADV_X1Y2      MMCME2_ADV (Prop_mmcme2_adv_CLKIN1_CLKOUT0)
                                                     -7.814    -5.272 r  design_1_i/clk_wiz_0/inst/mmcm_adv_inst/CLKOUT0
                         net (fo=1, routed)           2.012    -3.260    design_1_i/clk_wiz_0/inst/clk_out1_design_1_clk_wiz_0_0
    BUFGCTRL_X0Y17       BUFG (Prop_bufg_I_O)         0.091    -3.169 r  design_1_i/clk_wiz_0/inst/clkout1_buf/O
                         net (fo=66, routed)          1.653    -1.516    design_1_i/SpeedSensor_1/U0/SpeedSensor_slave_lite_v1_0_S00_AXI_inst/Core1/Clk
    SLICE_X41Y104        FDRE                                         r  design_1_i/SpeedSensor_1/U0/SpeedSensor_slave_lite_v1_0_S00_AXI_inst/Core1/pulse_count_reg[31]/C

Slack:                    inf
  Source:                 Sensor_Pin_1
                            (input port)
  Destination:            design_1_i/SpeedSensor_1/U0/SpeedSensor_slave_lite_v1_0_S00_AXI_inst/Core1/pulse_count_reg[24]/CE
                            (rising edge-triggered cell FDRE clocked by clk_out1_design_1_clk_wiz_0_0  {rise@0.000ns fall@5.000ns period=10.000ns})
  Path Group:             (none)
  Path Type:              Setup (Max at Slow Process Corner)
  Data Path Delay:        6.490ns  (logic 1.691ns (26.054%)  route 4.799ns (73.946%))
  Logic Levels:           2  (IBUF=1 LUT3=1)
  Clock Path Skew:        -1.516ns (DCD - SCD + CPR)
    Destination Clock Delay (DCD):    -1.516ns
    Source Clock Delay      (SCD):    0.000ns
    Clock Pessimism Removal (CPR):    0.000ns
  Clock Uncertainty:      0.164ns  ((TSJ^2 + DJ^2)^1/2) / 2 + PE
    Total System Jitter     (TSJ):    0.050ns
    Discrete Jitter          (DJ):    0.125ns
    Phase Error              (PE):    0.097ns

    Location             Delay type                Incr(ns)  Path(ns)    Netlist Resource(s)
  -------------------------------------------------------------------    -------------------
    Y17                                               0.000     0.000 r  Sensor_Pin_1 (IN)
                         net (fo=0)                   0.000     0.000    Sensor_Pin_1
    Y17                  IBUF (Prop_ibuf_I_O)         1.567     1.567 r  Sensor_Pin_1_IBUF_inst/O
                         net (fo=2, routed)           3.704     5.271    design_1_i/SpeedSensor_1/U0/SpeedSensor_slave_lite_v1_0_S00_AXI_inst/Core1/Sensor_Pin
    SLICE_X42Y94         LUT3 (Prop_lut3_I2_O)        0.124     5.395 r  design_1_i/SpeedSensor_1/U0/SpeedSensor_slave_lite_v1_0_S00_AXI_inst/Core1/__0/i_/O
                         net (fo=32, routed)          1.094     6.490    design_1_i/SpeedSensor_1/U0/SpeedSensor_slave_lite_v1_0_S00_AXI_inst/Core1/pulse_count
    SLICE_X41Y103        FDRE                                         r  design_1_i/SpeedSensor_1/U0/SpeedSensor_slave_lite_v1_0_S00_AXI_inst/Core1/pulse_count_reg[24]/CE
  -------------------------------------------------------------------    -------------------

                         (clock clk_out1_design_1_clk_wiz_0_0 rise edge)
                                                      0.000     0.000 r  
    H16                                               0.000     0.000 r  sys_clock (IN)
                         net (fo=0)                   0.000     0.000    design_1_i/clk_wiz_0/inst/clk_in1
    H16                  IBUF (Prop_ibuf_I_O)         1.380     1.380 r  design_1_i/clk_wiz_0/inst/clkin1_ibufg/O
                         net (fo=1, routed)           1.162     2.542    design_1_i/clk_wiz_0/inst/clk_in1_design_1_clk_wiz_0_0
    MMCME2_ADV_X1Y2      MMCME2_ADV (Prop_mmcme2_adv_CLKIN1_CLKOUT0)
                                                     -7.814    -5.272 r  design_1_i/clk_wiz_0/inst/mmcm_adv_inst/CLKOUT0
                         net (fo=1, routed)           2.012    -3.260    design_1_i/clk_wiz_0/inst/clk_out1_design_1_clk_wiz_0_0
    BUFGCTRL_X0Y17       BUFG (Prop_bufg_I_O)         0.091    -3.169 r  design_1_i/clk_wiz_0/inst/clkout1_buf/O
                         net (fo=66, routed)          1.653    -1.516    design_1_i/SpeedSensor_1/U0/SpeedSensor_slave_lite_v1_0_S00_AXI_inst/Core1/Clk
    SLICE_X41Y103        FDRE                                         r  design_1_i/SpeedSensor_1/U0/SpeedSensor_slave_lite_v1_0_S00_AXI_inst/Core1/pulse_count_reg[24]/C

Slack:                    inf
  Source:                 Sensor_Pin_1
                            (input port)
  Destination:            design_1_i/SpeedSensor_1/U0/SpeedSensor_slave_lite_v1_0_S00_AXI_inst/Core1/pulse_count_reg[25]/CE
                            (rising edge-triggered cell FDRE clocked by clk_out1_design_1_clk_wiz_0_0  {rise@0.000ns fall@5.000ns period=10.000ns})
  Path Group:             (none)
  Path Type:              Setup (Max at Slow Process Corner)
  Data Path Delay:        6.490ns  (logic 1.691ns (26.054%)  route 4.799ns (73.946%))
  Logic Levels:           2  (IBUF=1 LUT3=1)
  Clock Path Skew:        -1.516ns (DCD - SCD + CPR)
    Destination Clock Delay (DCD):    -1.516ns
    Source Clock Delay      (SCD):    0.000ns
    Clock Pessimism Removal (CPR):    0.000ns
  Clock Uncertainty:      0.164ns  ((TSJ^2 + DJ^2)^1/2) / 2 + PE
    Total System Jitter     (TSJ):    0.050ns
    Discrete Jitter          (DJ):    0.125ns
    Phase Error              (PE):    0.097ns

    Location             Delay type                Incr(ns)  Path(ns)    Netlist Resource(s)
  -------------------------------------------------------------------    -------------------
    Y17                                               0.000     0.000 r  Sensor_Pin_1 (IN)
                         net (fo=0)                   0.000     0.000    Sensor_Pin_1
    Y17                  IBUF (Prop_ibuf_I_O)         1.567     1.567 r  Sensor_Pin_1_IBUF_inst/O
                         net (fo=2, routed)           3.704     5.271    design_1_i/SpeedSensor_1/U0/SpeedSensor_slave_lite_v1_0_S00_AXI_inst/Core1/Sensor_Pin
    SLICE_X42Y94         LUT3 (Prop_lut3_I2_O)        0.124     5.395 r  design_1_i/SpeedSensor_1/U0/SpeedSensor_slave_lite_v1_0_S00_AXI_inst/Core1/__0/i_/O
                         net (fo=32, routed)          1.094     6.490    design_1_i/SpeedSensor_1/U0/SpeedSensor_slave_lite_v1_0_S00_AXI_inst/Core1/pulse_count
    SLICE_X41Y103        FDRE                                         r  design_1_i/SpeedSensor_1/U0/SpeedSensor_slave_lite_v1_0_S00_AXI_inst/Core1/pulse_count_reg[25]/CE
  -------------------------------------------------------------------    -------------------

                         (clock clk_out1_design_1_clk_wiz_0_0 rise edge)
                                                      0.000     0.000 r  
    H16                                               0.000     0.000 r  sys_clock (IN)
                         net (fo=0)                   0.000     0.000    design_1_i/clk_wiz_0/inst/clk_in1
    H16                  IBUF (Prop_ibuf_I_O)         1.380     1.380 r  design_1_i/clk_wiz_0/inst/clkin1_ibufg/O
                         net (fo=1, routed)           1.162     2.542    design_1_i/clk_wiz_0/inst/clk_in1_design_1_clk_wiz_0_0
    MMCME2_ADV_X1Y2      MMCME2_ADV (Prop_mmcme2_adv_CLKIN1_CLKOUT0)
                                                     -7.814    -5.272 r  design_1_i/clk_wiz_0/inst/mmcm_adv_inst/CLKOUT0
                         net (fo=1, routed)           2.012    -3.260    design_1_i/clk_wiz_0/inst/clk_out1_design_1_clk_wiz_0_0
    BUFGCTRL_X0Y17       BUFG (Prop_bufg_I_O)         0.091    -3.169 r  design_1_i/clk_wiz_0/inst/clkout1_buf/O
                         net (fo=66, routed)          1.653    -1.516    design_1_i/SpeedSensor_1/U0/SpeedSensor_slave_lite_v1_0_S00_AXI_inst/Core1/Clk
    SLICE_X41Y103        FDRE                                         r  design_1_i/SpeedSensor_1/U0/SpeedSensor_slave_lite_v1_0_S00_AXI_inst/Core1/pulse_count_reg[25]/C

Slack:                    inf
  Source:                 Sensor_Pin_1
                            (input port)
  Destination:            design_1_i/SpeedSensor_1/U0/SpeedSensor_slave_lite_v1_0_S00_AXI_inst/Core1/pulse_count_reg[26]/CE
                            (rising edge-triggered cell FDRE clocked by clk_out1_design_1_clk_wiz_0_0  {rise@0.000ns fall@5.000ns period=10.000ns})
  Path Group:             (none)
  Path Type:              Setup (Max at Slow Process Corner)
  Data Path Delay:        6.490ns  (logic 1.691ns (26.054%)  route 4.799ns (73.946%))
  Logic Levels:           2  (IBUF=1 LUT3=1)
  Clock Path Skew:        -1.516ns (DCD - SCD + CPR)
    Destination Clock Delay (DCD):    -1.516ns
    Source Clock Delay      (SCD):    0.000ns
    Clock Pessimism Removal (CPR):    0.000ns
  Clock Uncertainty:      0.164ns  ((TSJ^2 + DJ^2)^1/2) / 2 + PE
    Total System Jitter     (TSJ):    0.050ns
    Discrete Jitter          (DJ):    0.125ns
    Phase Error              (PE):    0.097ns

    Location             Delay type                Incr(ns)  Path(ns)    Netlist Resource(s)
  -------------------------------------------------------------------    -------------------
    Y17                                               0.000     0.000 r  Sensor_Pin_1 (IN)
                         net (fo=0)                   0.000     0.000    Sensor_Pin_1
    Y17                  IBUF (Prop_ibuf_I_O)         1.567     1.567 r  Sensor_Pin_1_IBUF_inst/O
                         net (fo=2, routed)           3.704     5.271    design_1_i/SpeedSensor_1/U0/SpeedSensor_slave_lite_v1_0_S00_AXI_inst/Core1/Sensor_Pin
    SLICE_X42Y94         LUT3 (Prop_lut3_I2_O)        0.124     5.395 r  design_1_i/SpeedSensor_1/U0/SpeedSensor_slave_lite_v1_0_S00_AXI_inst/Core1/__0/i_/O
                         net (fo=32, routed)          1.094     6.490    design_1_i/SpeedSensor_1/U0/SpeedSensor_slave_lite_v1_0_S00_AXI_inst/Core1/pulse_count
    SLICE_X41Y103        FDRE                                         r  design_1_i/SpeedSensor_1/U0/SpeedSensor_slave_lite_v1_0_S00_AXI_inst/Core1/pulse_count_reg[26]/CE
  -------------------------------------------------------------------    -------------------

                         (clock clk_out1_design_1_clk_wiz_0_0 rise edge)
                                                      0.000     0.000 r  
    H16                                               0.000     0.000 r  sys_clock (IN)
                         net (fo=0)                   0.000     0.000    design_1_i/clk_wiz_0/inst/clk_in1
    H16                  IBUF (Prop_ibuf_I_O)         1.380     1.380 r  design_1_i/clk_wiz_0/inst/clkin1_ibufg/O
                         net (fo=1, routed)           1.162     2.542    design_1_i/clk_wiz_0/inst/clk_in1_design_1_clk_wiz_0_0
    MMCME2_ADV_X1Y2      MMCME2_ADV (Prop_mmcme2_adv_CLKIN1_CLKOUT0)
                                                     -7.814    -5.272 r  design_1_i/clk_wiz_0/inst/mmcm_adv_inst/CLKOUT0
                         net (fo=1, routed)           2.012    -3.260    design_1_i/clk_wiz_0/inst/clk_out1_design_1_clk_wiz_0_0
    BUFGCTRL_X0Y17       BUFG (Prop_bufg_I_O)         0.091    -3.169 r  design_1_i/clk_wiz_0/inst/clkout1_buf/O
                         net (fo=66, routed)          1.653    -1.516    design_1_i/SpeedSensor_1/U0/SpeedSensor_slave_lite_v1_0_S00_AXI_inst/Core1/Clk
    SLICE_X41Y103        FDRE                                         r  design_1_i/SpeedSensor_1/U0/SpeedSensor_slave_lite_v1_0_S00_AXI_inst/Core1/pulse_count_reg[26]/C

Slack:                    inf
  Source:                 Sensor_Pin_1
                            (input port)
  Destination:            design_1_i/SpeedSensor_1/U0/SpeedSensor_slave_lite_v1_0_S00_AXI_inst/Core1/pulse_count_reg[27]/CE
                            (rising edge-triggered cell FDRE clocked by clk_out1_design_1_clk_wiz_0_0  {rise@0.000ns fall@5.000ns period=10.000ns})
  Path Group:             (none)
  Path Type:              Setup (Max at Slow Process Corner)
  Data Path Delay:        6.490ns  (logic 1.691ns (26.054%)  route 4.799ns (73.946%))
  Logic Levels:           2  (IBUF=1 LUT3=1)
  Clock Path Skew:        -1.516ns (DCD - SCD + CPR)
    Destination Clock Delay (DCD):    -1.516ns
    Source Clock Delay      (SCD):    0.000ns
    Clock Pessimism Removal (CPR):    0.000ns
  Clock Uncertainty:      0.164ns  ((TSJ^2 + DJ^2)^1/2) / 2 + PE
    Total System Jitter     (TSJ):    0.050ns
    Discrete Jitter          (DJ):    0.125ns
    Phase Error              (PE):    0.097ns

    Location             Delay type                Incr(ns)  Path(ns)    Netlist Resource(s)
  -------------------------------------------------------------------    -------------------
    Y17                                               0.000     0.000 r  Sensor_Pin_1 (IN)
                         net (fo=0)                   0.000     0.000    Sensor_Pin_1
    Y17                  IBUF (Prop_ibuf_I_O)         1.567     1.567 r  Sensor_Pin_1_IBUF_inst/O
                         net (fo=2, routed)           3.704     5.271    design_1_i/SpeedSensor_1/U0/SpeedSensor_slave_lite_v1_0_S00_AXI_inst/Core1/Sensor_Pin
    SLICE_X42Y94         LUT3 (Prop_lut3_I2_O)        0.124     5.395 r  design_1_i/SpeedSensor_1/U0/SpeedSensor_slave_lite_v1_0_S00_AXI_inst/Core1/__0/i_/O
                         net (fo=32, routed)          1.094     6.490    design_1_i/SpeedSensor_1/U0/SpeedSensor_slave_lite_v1_0_S00_AXI_inst/Core1/pulse_count
    SLICE_X41Y103        FDRE                                         r  design_1_i/SpeedSensor_1/U0/SpeedSensor_slave_lite_v1_0_S00_AXI_inst/Core1/pulse_count_reg[27]/CE
  -------------------------------------------------------------------    -------------------

                         (clock clk_out1_design_1_clk_wiz_0_0 rise edge)
                                                      0.000     0.000 r  
    H16                                               0.000     0.000 r  sys_clock (IN)
                         net (fo=0)                   0.000     0.000    design_1_i/clk_wiz_0/inst/clk_in1
    H16                  IBUF (Prop_ibuf_I_O)         1.380     1.380 r  design_1_i/clk_wiz_0/inst/clkin1_ibufg/O
                         net (fo=1, routed)           1.162     2.542    design_1_i/clk_wiz_0/inst/clk_in1_design_1_clk_wiz_0_0
    MMCME2_ADV_X1Y2      MMCME2_ADV (Prop_mmcme2_adv_CLKIN1_CLKOUT0)
                                                     -7.814    -5.272 r  design_1_i/clk_wiz_0/inst/mmcm_adv_inst/CLKOUT0
                         net (fo=1, routed)           2.012    -3.260    design_1_i/clk_wiz_0/inst/clk_out1_design_1_clk_wiz_0_0
    BUFGCTRL_X0Y17       BUFG (Prop_bufg_I_O)         0.091    -3.169 r  design_1_i/clk_wiz_0/inst/clkout1_buf/O
                         net (fo=66, routed)          1.653    -1.516    design_1_i/SpeedSensor_1/U0/SpeedSensor_slave_lite_v1_0_S00_AXI_inst/Core1/Clk
    SLICE_X41Y103        FDRE                                         r  design_1_i/SpeedSensor_1/U0/SpeedSensor_slave_lite_v1_0_S00_AXI_inst/Core1/pulse_count_reg[27]/C

Slack:                    inf
  Source:                 Sensor_Pin_1
                            (input port)
  Destination:            design_1_i/SpeedSensor_1/U0/SpeedSensor_slave_lite_v1_0_S00_AXI_inst/Core1/pulse_count_reg[20]/CE
                            (rising edge-triggered cell FDRE clocked by clk_out1_design_1_clk_wiz_0_0  {rise@0.000ns fall@5.000ns period=10.000ns})
  Path Group:             (none)
  Path Type:              Setup (Max at Slow Process Corner)
  Data Path Delay:        6.349ns  (logic 1.691ns (26.632%)  route 4.658ns (73.368%))
  Logic Levels:           2  (IBUF=1 LUT3=1)
  Clock Path Skew:        -1.515ns (DCD - SCD + CPR)
    Destination Clock Delay (DCD):    -1.515ns
    Source Clock Delay      (SCD):    0.000ns
    Clock Pessimism Removal (CPR):    0.000ns
  Clock Uncertainty:      0.164ns  ((TSJ^2 + DJ^2)^1/2) / 2 + PE
    Total System Jitter     (TSJ):    0.050ns
    Discrete Jitter          (DJ):    0.125ns
    Phase Error              (PE):    0.097ns

    Location             Delay type                Incr(ns)  Path(ns)    Netlist Resource(s)
  -------------------------------------------------------------------    -------------------
    Y17                                               0.000     0.000 r  Sensor_Pin_1 (IN)
                         net (fo=0)                   0.000     0.000    Sensor_Pin_1
    Y17                  IBUF (Prop_ibuf_I_O)         1.567     1.567 r  Sensor_Pin_1_IBUF_inst/O
                         net (fo=2, routed)           3.704     5.271    design_1_i/SpeedSensor_1/U0/SpeedSensor_slave_lite_v1_0_S00_AXI_inst/Core1/Sensor_Pin
    SLICE_X42Y94         LUT3 (Prop_lut3_I2_O)        0.124     5.395 r  design_1_i/SpeedSensor_1/U0/SpeedSensor_slave_lite_v1_0_S00_AXI_inst/Core1/__0/i_/O
                         net (fo=32, routed)          0.954     6.349    design_1_i/SpeedSensor_1/U0/SpeedSensor_slave_lite_v1_0_S00_AXI_inst/Core1/pulse_count
    SLICE_X41Y102        FDRE                                         r  design_1_i/SpeedSensor_1/U0/SpeedSensor_slave_lite_v1_0_S00_AXI_inst/Core1/pulse_count_reg[20]/CE
  -------------------------------------------------------------------    -------------------

                         (clock clk_out1_design_1_clk_wiz_0_0 rise edge)
                                                      0.000     0.000 r  
    H16                                               0.000     0.000 r  sys_clock (IN)
                         net (fo=0)                   0.000     0.000    design_1_i/clk_wiz_0/inst/clk_in1
    H16                  IBUF (Prop_ibuf_I_O)         1.380     1.380 r  design_1_i/clk_wiz_0/inst/clkin1_ibufg/O
                         net (fo=1, routed)           1.162     2.542    design_1_i/clk_wiz_0/inst/clk_in1_design_1_clk_wiz_0_0
    MMCME2_ADV_X1Y2      MMCME2_ADV (Prop_mmcme2_adv_CLKIN1_CLKOUT0)
                                                     -7.814    -5.272 r  design_1_i/clk_wiz_0/inst/mmcm_adv_inst/CLKOUT0
                         net (fo=1, routed)           2.012    -3.260    design_1_i/clk_wiz_0/inst/clk_out1_design_1_clk_wiz_0_0
    BUFGCTRL_X0Y17       BUFG (Prop_bufg_I_O)         0.091    -3.169 r  design_1_i/clk_wiz_0/inst/clkout1_buf/O
                         net (fo=66, routed)          1.654    -1.515    design_1_i/SpeedSensor_1/U0/SpeedSensor_slave_lite_v1_0_S00_AXI_inst/Core1/Clk
    SLICE_X41Y102        FDRE                                         r  design_1_i/SpeedSensor_1/U0/SpeedSensor_slave_lite_v1_0_S00_AXI_inst/Core1/pulse_count_reg[20]/C

Slack:                    inf
  Source:                 Sensor_Pin_1
                            (input port)
  Destination:            design_1_i/SpeedSensor_1/U0/SpeedSensor_slave_lite_v1_0_S00_AXI_inst/Core1/pulse_count_reg[21]/CE
                            (rising edge-triggered cell FDRE clocked by clk_out1_design_1_clk_wiz_0_0  {rise@0.000ns fall@5.000ns period=10.000ns})
  Path Group:             (none)
  Path Type:              Setup (Max at Slow Process Corner)
  Data Path Delay:        6.349ns  (logic 1.691ns (26.632%)  route 4.658ns (73.368%))
  Logic Levels:           2  (IBUF=1 LUT3=1)
  Clock Path Skew:        -1.515ns (DCD - SCD + CPR)
    Destination Clock Delay (DCD):    -1.515ns
    Source Clock Delay      (SCD):    0.000ns
    Clock Pessimism Removal (CPR):    0.000ns
  Clock Uncertainty:      0.164ns  ((TSJ^2 + DJ^2)^1/2) / 2 + PE
    Total System Jitter     (TSJ):    0.050ns
    Discrete Jitter          (DJ):    0.125ns
    Phase Error              (PE):    0.097ns

    Location             Delay type                Incr(ns)  Path(ns)    Netlist Resource(s)
  -------------------------------------------------------------------    -------------------
    Y17                                               0.000     0.000 r  Sensor_Pin_1 (IN)
                         net (fo=0)                   0.000     0.000    Sensor_Pin_1
    Y17                  IBUF (Prop_ibuf_I_O)         1.567     1.567 r  Sensor_Pin_1_IBUF_inst/O
                         net (fo=2, routed)           3.704     5.271    design_1_i/SpeedSensor_1/U0/SpeedSensor_slave_lite_v1_0_S00_AXI_inst/Core1/Sensor_Pin
    SLICE_X42Y94         LUT3 (Prop_lut3_I2_O)        0.124     5.395 r  design_1_i/SpeedSensor_1/U0/SpeedSensor_slave_lite_v1_0_S00_AXI_inst/Core1/__0/i_/O
                         net (fo=32, routed)          0.954     6.349    design_1_i/SpeedSensor_1/U0/SpeedSensor_slave_lite_v1_0_S00_AXI_inst/Core1/pulse_count
    SLICE_X41Y102        FDRE                                         r  design_1_i/SpeedSensor_1/U0/SpeedSensor_slave_lite_v1_0_S00_AXI_inst/Core1/pulse_count_reg[21]/CE
  -------------------------------------------------------------------    -------------------

                         (clock clk_out1_design_1_clk_wiz_0_0 rise edge)
                                                      0.000     0.000 r  
    H16                                               0.000     0.000 r  sys_clock (IN)
                         net (fo=0)                   0.000     0.000    design_1_i/clk_wiz_0/inst/clk_in1
    H16                  IBUF (Prop_ibuf_I_O)         1.380     1.380 r  design_1_i/clk_wiz_0/inst/clkin1_ibufg/O
                         net (fo=1, routed)           1.162     2.542    design_1_i/clk_wiz_0/inst/clk_in1_design_1_clk_wiz_0_0
    MMCME2_ADV_X1Y2      MMCME2_ADV (Prop_mmcme2_adv_CLKIN1_CLKOUT0)
                                                     -7.814    -5.272 r  design_1_i/clk_wiz_0/inst/mmcm_adv_inst/CLKOUT0
                         net (fo=1, routed)           2.012    -3.260    design_1_i/clk_wiz_0/inst/clk_out1_design_1_clk_wiz_0_0
    BUFGCTRL_X0Y17       BUFG (Prop_bufg_I_O)         0.091    -3.169 r  design_1_i/clk_wiz_0/inst/clkout1_buf/O
                         net (fo=66, routed)          1.654    -1.515    design_1_i/SpeedSensor_1/U0/SpeedSensor_slave_lite_v1_0_S00_AXI_inst/Core1/Clk
    SLICE_X41Y102        FDRE                                         r  design_1_i/SpeedSensor_1/U0/SpeedSensor_slave_lite_v1_0_S00_AXI_inst/Core1/pulse_count_reg[21]/C





Min Delay Paths
--------------------------------------------------------------------------------------
Slack:                    inf
  Source:                 Sensor_Pin_0
                            (input port)
  Destination:            design_1_i/SpeedSensor_0/U0/SpeedSensor_slave_lite_v1_0_S00_AXI_inst/Core1/last_sensor_state_reg/D
                            (rising edge-triggered cell FDRE clocked by clk_out1_design_1_clk_wiz_0_0  {rise@0.000ns fall@5.000ns period=10.000ns})
  Path Group:             (none)
  Path Type:              Hold (Min at Fast Process Corner)
  Data Path Delay:        1.970ns  (logic 0.381ns (19.341%)  route 1.589ns (80.659%))
  Logic Levels:           2  (IBUF=1 LUT4=1)
  Clock Path Skew:        -0.916ns (DCD - SCD - CPR)
    Destination Clock Delay (DCD):    -0.916ns
    Source Clock Delay      (SCD):    0.000ns
    Clock Pessimism Removal (CPR):    -0.000ns

    Location             Delay type                Incr(ns)  Path(ns)    Netlist Resource(s)
  -------------------------------------------------------------------    -------------------
    Y16                                               0.000     0.000 r  Sensor_Pin_0 (IN)
                         net (fo=0)                   0.000     0.000    Sensor_Pin_0
    Y16                  IBUF (Prop_ibuf_I_O)         0.336     0.336 r  Sensor_Pin_0_IBUF_inst/O
                         net (fo=2, routed)           1.589     1.925    design_1_i/SpeedSensor_0/U0/SpeedSensor_slave_lite_v1_0_S00_AXI_inst/Core1/Sensor_Pin
    SLICE_X32Y92         LUT4 (Prop_lut4_I0_O)        0.045     1.970 r  design_1_i/SpeedSensor_0/U0/SpeedSensor_slave_lite_v1_0_S00_AXI_inst/Core1/last_sensor_state_i_1/O
                         net (fo=1, routed)           0.000     1.970    design_1_i/SpeedSensor_0/U0/SpeedSensor_slave_lite_v1_0_S00_AXI_inst/Core1/last_sensor_state_i_1_n_0
    SLICE_X32Y92         FDRE                                         r  design_1_i/SpeedSensor_0/U0/SpeedSensor_slave_lite_v1_0_S00_AXI_inst/Core1/last_sensor_state_reg/D
  -------------------------------------------------------------------    -------------------

                         (clock clk_out1_design_1_clk_wiz_0_0 rise edge)
                                                      0.000     0.000 r  
    H16                                               0.000     0.000 r  sys_clock (IN)
                         net (fo=0)                   0.000     0.000    design_1_i/clk_wiz_0/inst/clk_in1
    H16                  IBUF (Prop_ibuf_I_O)         0.406     0.406 r  design_1_i/clk_wiz_0/inst/clkin1_ibufg/O
                         net (fo=1, routed)           0.480     0.886    design_1_i/clk_wiz_0/inst/clk_in1_design_1_clk_wiz_0_0
    MMCME2_ADV_X1Y2      MMCME2_ADV (Prop_mmcme2_adv_CLKIN1_CLKOUT0)
                                                     -3.407    -2.521 r  design_1_i/clk_wiz_0/inst/mmcm_adv_inst/CLKOUT0
                         net (fo=1, routed)           0.752    -1.769    design_1_i/clk_wiz_0/inst/clk_out1_design_1_clk_wiz_0_0
    BUFGCTRL_X0Y17       BUFG (Prop_bufg_I_O)         0.029    -1.740 r  design_1_i/clk_wiz_0/inst/clkout1_buf/O
                         net (fo=66, routed)          0.824    -0.916    design_1_i/SpeedSensor_0/U0/SpeedSensor_slave_lite_v1_0_S00_AXI_inst/Core1/Clk
    SLICE_X32Y92         FDRE                                         r  design_1_i/SpeedSensor_0/U0/SpeedSensor_slave_lite_v1_0_S00_AXI_inst/Core1/last_sensor_state_reg/C

Slack:                    inf
  Source:                 Sensor_Pin_1
                            (input port)
  Destination:            design_1_i/SpeedSensor_1/U0/SpeedSensor_slave_lite_v1_0_S00_AXI_inst/Core1/last_sensor_state_reg/D
                            (rising edge-triggered cell FDRE clocked by clk_out1_design_1_clk_wiz_0_0  {rise@0.000ns fall@5.000ns period=10.000ns})
  Path Group:             (none)
  Path Type:              Hold (Min at Fast Process Corner)
  Data Path Delay:        2.053ns  (logic 0.379ns (18.447%)  route 1.674ns (81.552%))
  Logic Levels:           2  (IBUF=1 LUT4=1)
  Clock Path Skew:        -0.916ns (DCD - SCD - CPR)
    Destination Clock Delay (DCD):    -0.916ns
    Source Clock Delay      (SCD):    0.000ns
    Clock Pessimism Removal (CPR):    -0.000ns

    Location             Delay type                Incr(ns)  Path(ns)    Netlist Resource(s)
  -------------------------------------------------------------------    -------------------
    Y17                                               0.000     0.000 r  Sensor_Pin_1 (IN)
                         net (fo=0)                   0.000     0.000    Sensor_Pin_1
    Y17                  IBUF (Prop_ibuf_I_O)         0.334     0.334 r  Sensor_Pin_1_IBUF_inst/O
                         net (fo=2, routed)           1.674     2.008    design_1_i/SpeedSensor_1/U0/SpeedSensor_slave_lite_v1_0_S00_AXI_inst/Core1/Sensor_Pin
    SLICE_X42Y94         LUT4 (Prop_lut4_I0_O)        0.045     2.053 r  design_1_i/SpeedSensor_1/U0/SpeedSensor_slave_lite_v1_0_S00_AXI_inst/Core1/last_sensor_state_i_1/O
                         net (fo=1, routed)           0.000     2.053    design_1_i/SpeedSensor_1/U0/SpeedSensor_slave_lite_v1_0_S00_AXI_inst/Core1/last_sensor_state_i_1_n_0
    SLICE_X42Y94         FDRE                                         r  design_1_i/SpeedSensor_1/U0/SpeedSensor_slave_lite_v1_0_S00_AXI_inst/Core1/last_sensor_state_reg/D
  -------------------------------------------------------------------    -------------------

                         (clock clk_out1_design_1_clk_wiz_0_0 rise edge)
                                                      0.000     0.000 r  
    H16                                               0.000     0.000 r  sys_clock (IN)
                         net (fo=0)                   0.000     0.000    design_1_i/clk_wiz_0/inst/clk_in1
    H16                  IBUF (Prop_ibuf_I_O)         0.406     0.406 r  design_1_i/clk_wiz_0/inst/clkin1_ibufg/O
                         net (fo=1, routed)           0.480     0.886    design_1_i/clk_wiz_0/inst/clk_in1_design_1_clk_wiz_0_0
    MMCME2_ADV_X1Y2      MMCME2_ADV (Prop_mmcme2_adv_CLKIN1_CLKOUT0)
                                                     -3.407    -2.521 r  design_1_i/clk_wiz_0/inst/mmcm_adv_inst/CLKOUT0
                         net (fo=1, routed)           0.752    -1.769    design_1_i/clk_wiz_0/inst/clk_out1_design_1_clk_wiz_0_0
    BUFGCTRL_X0Y17       BUFG (Prop_bufg_I_O)         0.029    -1.740 r  design_1_i/clk_wiz_0/inst/clkout1_buf/O
                         net (fo=66, routed)          0.824    -0.916    design_1_i/SpeedSensor_1/U0/SpeedSensor_slave_lite_v1_0_S00_AXI_inst/Core1/Clk
    SLICE_X42Y94         FDRE                                         r  design_1_i/SpeedSensor_1/U0/SpeedSensor_slave_lite_v1_0_S00_AXI_inst/Core1/last_sensor_state_reg/C

Slack:                    inf
  Source:                 Sensor_Pin_1
                            (input port)
  Destination:            design_1_i/SpeedSensor_1/U0/SpeedSensor_slave_lite_v1_0_S00_AXI_inst/Core1/pulse_count_reg[0]/CE
                            (rising edge-triggered cell FDRE clocked by clk_out1_design_1_clk_wiz_0_0  {rise@0.000ns fall@5.000ns period=10.000ns})
  Path Group:             (none)
  Path Type:              Hold (Min at Fast Process Corner)
  Data Path Delay:        2.221ns  (logic 0.379ns (17.058%)  route 1.842ns (82.942%))
  Logic Levels:           2  (IBUF=1 LUT3=1)
  Clock Path Skew:        -0.915ns (DCD - SCD - CPR)
    Destination Clock Delay (DCD):    -0.915ns
    Source Clock Delay      (SCD):    0.000ns
    Clock Pessimism Removal (CPR):    -0.000ns

    Location             Delay type                Incr(ns)  Path(ns)    Netlist Resource(s)
  -------------------------------------------------------------------    -------------------
    Y17                                               0.000     0.000 r  Sensor_Pin_1 (IN)
                         net (fo=0)                   0.000     0.000    Sensor_Pin_1
    Y17                  IBUF (Prop_ibuf_I_O)         0.334     0.334 r  Sensor_Pin_1_IBUF_inst/O
                         net (fo=2, routed)           1.672     2.006    design_1_i/SpeedSensor_1/U0/SpeedSensor_slave_lite_v1_0_S00_AXI_inst/Core1/Sensor_Pin
    SLICE_X42Y94         LUT3 (Prop_lut3_I2_O)        0.045     2.051 r  design_1_i/SpeedSensor_1/U0/SpeedSensor_slave_lite_v1_0_S00_AXI_inst/Core1/__0/i_/O
                         net (fo=32, routed)          0.169     2.221    design_1_i/SpeedSensor_1/U0/SpeedSensor_slave_lite_v1_0_S00_AXI_inst/Core1/pulse_count
    SLICE_X41Y97         FDRE                                         r  design_1_i/SpeedSensor_1/U0/SpeedSensor_slave_lite_v1_0_S00_AXI_inst/Core1/pulse_count_reg[0]/CE
  -------------------------------------------------------------------    -------------------

                         (clock clk_out1_design_1_clk_wiz_0_0 rise edge)
                                                      0.000     0.000 r  
    H16                                               0.000     0.000 r  sys_clock (IN)
                         net (fo=0)                   0.000     0.000    design_1_i/clk_wiz_0/inst/clk_in1
    H16                  IBUF (Prop_ibuf_I_O)         0.406     0.406 r  design_1_i/clk_wiz_0/inst/clkin1_ibufg/O
                         net (fo=1, routed)           0.480     0.886    design_1_i/clk_wiz_0/inst/clk_in1_design_1_clk_wiz_0_0
    MMCME2_ADV_X1Y2      MMCME2_ADV (Prop_mmcme2_adv_CLKIN1_CLKOUT0)
                                                     -3.407    -2.521 r  design_1_i/clk_wiz_0/inst/mmcm_adv_inst/CLKOUT0
                         net (fo=1, routed)           0.752    -1.769    design_1_i/clk_wiz_0/inst/clk_out1_design_1_clk_wiz_0_0
    BUFGCTRL_X0Y17       BUFG (Prop_bufg_I_O)         0.029    -1.740 r  design_1_i/clk_wiz_0/inst/clkout1_buf/O
                         net (fo=66, routed)          0.825    -0.915    design_1_i/SpeedSensor_1/U0/SpeedSensor_slave_lite_v1_0_S00_AXI_inst/Core1/Clk
    SLICE_X41Y97         FDRE                                         r  design_1_i/SpeedSensor_1/U0/SpeedSensor_slave_lite_v1_0_S00_AXI_inst/Core1/pulse_count_reg[0]/C

Slack:                    inf
  Source:                 Sensor_Pin_1
                            (input port)
  Destination:            design_1_i/SpeedSensor_1/U0/SpeedSensor_slave_lite_v1_0_S00_AXI_inst/Core1/pulse_count_reg[1]/CE
                            (rising edge-triggered cell FDRE clocked by clk_out1_design_1_clk_wiz_0_0  {rise@0.000ns fall@5.000ns period=10.000ns})
  Path Group:             (none)
  Path Type:              Hold (Min at Fast Process Corner)
  Data Path Delay:        2.221ns  (logic 0.379ns (17.058%)  route 1.842ns (82.942%))
  Logic Levels:           2  (IBUF=1 LUT3=1)
  Clock Path Skew:        -0.915ns (DCD - SCD - CPR)
    Destination Clock Delay (DCD):    -0.915ns
    Source Clock Delay      (SCD):    0.000ns
    Clock Pessimism Removal (CPR):    -0.000ns

    Location             Delay type                Incr(ns)  Path(ns)    Netlist Resource(s)
  -------------------------------------------------------------------    -------------------
    Y17                                               0.000     0.000 r  Sensor_Pin_1 (IN)
                         net (fo=0)                   0.000     0.000    Sensor_Pin_1
    Y17                  IBUF (Prop_ibuf_I_O)         0.334     0.334 r  Sensor_Pin_1_IBUF_inst/O
                         net (fo=2, routed)           1.672     2.006    design_1_i/SpeedSensor_1/U0/SpeedSensor_slave_lite_v1_0_S00_AXI_inst/Core1/Sensor_Pin
    SLICE_X42Y94         LUT3 (Prop_lut3_I2_O)        0.045     2.051 r  design_1_i/SpeedSensor_1/U0/SpeedSensor_slave_lite_v1_0_S00_AXI_inst/Core1/__0/i_/O
                         net (fo=32, routed)          0.169     2.221    design_1_i/SpeedSensor_1/U0/SpeedSensor_slave_lite_v1_0_S00_AXI_inst/Core1/pulse_count
    SLICE_X41Y97         FDRE                                         r  design_1_i/SpeedSensor_1/U0/SpeedSensor_slave_lite_v1_0_S00_AXI_inst/Core1/pulse_count_reg[1]/CE
  -------------------------------------------------------------------    -------------------

                         (clock clk_out1_design_1_clk_wiz_0_0 rise edge)
                                                      0.000     0.000 r  
    H16                                               0.000     0.000 r  sys_clock (IN)
                         net (fo=0)                   0.000     0.000    design_1_i/clk_wiz_0/inst/clk_in1
    H16                  IBUF (Prop_ibuf_I_O)         0.406     0.406 r  design_1_i/clk_wiz_0/inst/clkin1_ibufg/O
                         net (fo=1, routed)           0.480     0.886    design_1_i/clk_wiz_0/inst/clk_in1_design_1_clk_wiz_0_0
    MMCME2_ADV_X1Y2      MMCME2_ADV (Prop_mmcme2_adv_CLKIN1_CLKOUT0)
                                                     -3.407    -2.521 r  design_1_i/clk_wiz_0/inst/mmcm_adv_inst/CLKOUT0
                         net (fo=1, routed)           0.752    -1.769    design_1_i/clk_wiz_0/inst/clk_out1_design_1_clk_wiz_0_0
    BUFGCTRL_X0Y17       BUFG (Prop_bufg_I_O)         0.029    -1.740 r  design_1_i/clk_wiz_0/inst/clkout1_buf/O
                         net (fo=66, routed)          0.825    -0.915    design_1_i/SpeedSensor_1/U0/SpeedSensor_slave_lite_v1_0_S00_AXI_inst/Core1/Clk
    SLICE_X41Y97         FDRE                                         r  design_1_i/SpeedSensor_1/U0/SpeedSensor_slave_lite_v1_0_S00_AXI_inst/Core1/pulse_count_reg[1]/C

Slack:                    inf
  Source:                 Sensor_Pin_1
                            (input port)
  Destination:            design_1_i/SpeedSensor_1/U0/SpeedSensor_slave_lite_v1_0_S00_AXI_inst/Core1/pulse_count_reg[2]/CE
                            (rising edge-triggered cell FDRE clocked by clk_out1_design_1_clk_wiz_0_0  {rise@0.000ns fall@5.000ns period=10.000ns})
  Path Group:             (none)
  Path Type:              Hold (Min at Fast Process Corner)
  Data Path Delay:        2.221ns  (logic 0.379ns (17.058%)  route 1.842ns (82.942%))
  Logic Levels:           2  (IBUF=1 LUT3=1)
  Clock Path Skew:        -0.915ns (DCD - SCD - CPR)
    Destination Clock Delay (DCD):    -0.915ns
    Source Clock Delay      (SCD):    0.000ns
    Clock Pessimism Removal (CPR):    -0.000ns

    Location             Delay type                Incr(ns)  Path(ns)    Netlist Resource(s)
  -------------------------------------------------------------------    -------------------
    Y17                                               0.000     0.000 r  Sensor_Pin_1 (IN)
                         net (fo=0)                   0.000     0.000    Sensor_Pin_1
    Y17                  IBUF (Prop_ibuf_I_O)         0.334     0.334 r  Sensor_Pin_1_IBUF_inst/O
                         net (fo=2, routed)           1.672     2.006    design_1_i/SpeedSensor_1/U0/SpeedSensor_slave_lite_v1_0_S00_AXI_inst/Core1/Sensor_Pin
    SLICE_X42Y94         LUT3 (Prop_lut3_I2_O)        0.045     2.051 r  design_1_i/SpeedSensor_1/U0/SpeedSensor_slave_lite_v1_0_S00_AXI_inst/Core1/__0/i_/O
                         net (fo=32, routed)          0.169     2.221    design_1_i/SpeedSensor_1/U0/SpeedSensor_slave_lite_v1_0_S00_AXI_inst/Core1/pulse_count
    SLICE_X41Y97         FDRE                                         r  design_1_i/SpeedSensor_1/U0/SpeedSensor_slave_lite_v1_0_S00_AXI_inst/Core1/pulse_count_reg[2]/CE
  -------------------------------------------------------------------    -------------------

                         (clock clk_out1_design_1_clk_wiz_0_0 rise edge)
                                                      0.000     0.000 r  
    H16                                               0.000     0.000 r  sys_clock (IN)
                         net (fo=0)                   0.000     0.000    design_1_i/clk_wiz_0/inst/clk_in1
    H16                  IBUF (Prop_ibuf_I_O)         0.406     0.406 r  design_1_i/clk_wiz_0/inst/clkin1_ibufg/O
                         net (fo=1, routed)           0.480     0.886    design_1_i/clk_wiz_0/inst/clk_in1_design_1_clk_wiz_0_0
    MMCME2_ADV_X1Y2      MMCME2_ADV (Prop_mmcme2_adv_CLKIN1_CLKOUT0)
                                                     -3.407    -2.521 r  design_1_i/clk_wiz_0/inst/mmcm_adv_inst/CLKOUT0
                         net (fo=1, routed)           0.752    -1.769    design_1_i/clk_wiz_0/inst/clk_out1_design_1_clk_wiz_0_0
    BUFGCTRL_X0Y17       BUFG (Prop_bufg_I_O)         0.029    -1.740 r  design_1_i/clk_wiz_0/inst/clkout1_buf/O
                         net (fo=66, routed)          0.825    -0.915    design_1_i/SpeedSensor_1/U0/SpeedSensor_slave_lite_v1_0_S00_AXI_inst/Core1/Clk
    SLICE_X41Y97         FDRE                                         r  design_1_i/SpeedSensor_1/U0/SpeedSensor_slave_lite_v1_0_S00_AXI_inst/Core1/pulse_count_reg[2]/C

Slack:                    inf
  Source:                 Sensor_Pin_1
                            (input port)
  Destination:            design_1_i/SpeedSensor_1/U0/SpeedSensor_slave_lite_v1_0_S00_AXI_inst/Core1/pulse_count_reg[3]/CE
                            (rising edge-triggered cell FDRE clocked by clk_out1_design_1_clk_wiz_0_0  {rise@0.000ns fall@5.000ns period=10.000ns})
  Path Group:             (none)
  Path Type:              Hold (Min at Fast Process Corner)
  Data Path Delay:        2.221ns  (logic 0.379ns (17.058%)  route 1.842ns (82.942%))
  Logic Levels:           2  (IBUF=1 LUT3=1)
  Clock Path Skew:        -0.915ns (DCD - SCD - CPR)
    Destination Clock Delay (DCD):    -0.915ns
    Source Clock Delay      (SCD):    0.000ns
    Clock Pessimism Removal (CPR):    -0.000ns

    Location             Delay type                Incr(ns)  Path(ns)    Netlist Resource(s)
  -------------------------------------------------------------------    -------------------
    Y17                                               0.000     0.000 r  Sensor_Pin_1 (IN)
                         net (fo=0)                   0.000     0.000    Sensor_Pin_1
    Y17                  IBUF (Prop_ibuf_I_O)         0.334     0.334 r  Sensor_Pin_1_IBUF_inst/O
                         net (fo=2, routed)           1.672     2.006    design_1_i/SpeedSensor_1/U0/SpeedSensor_slave_lite_v1_0_S00_AXI_inst/Core1/Sensor_Pin
    SLICE_X42Y94         LUT3 (Prop_lut3_I2_O)        0.045     2.051 r  design_1_i/SpeedSensor_1/U0/SpeedSensor_slave_lite_v1_0_S00_AXI_inst/Core1/__0/i_/O
                         net (fo=32, routed)          0.169     2.221    design_1_i/SpeedSensor_1/U0/SpeedSensor_slave_lite_v1_0_S00_AXI_inst/Core1/pulse_count
    SLICE_X41Y97         FDRE                                         r  design_1_i/SpeedSensor_1/U0/SpeedSensor_slave_lite_v1_0_S00_AXI_inst/Core1/pulse_count_reg[3]/CE
  -------------------------------------------------------------------    -------------------

                         (clock clk_out1_design_1_clk_wiz_0_0 rise edge)
                                                      0.000     0.000 r  
    H16                                               0.000     0.000 r  sys_clock (IN)
                         net (fo=0)                   0.000     0.000    design_1_i/clk_wiz_0/inst/clk_in1
    H16                  IBUF (Prop_ibuf_I_O)         0.406     0.406 r  design_1_i/clk_wiz_0/inst/clkin1_ibufg/O
                         net (fo=1, routed)           0.480     0.886    design_1_i/clk_wiz_0/inst/clk_in1_design_1_clk_wiz_0_0
    MMCME2_ADV_X1Y2      MMCME2_ADV (Prop_mmcme2_adv_CLKIN1_CLKOUT0)
                                                     -3.407    -2.521 r  design_1_i/clk_wiz_0/inst/mmcm_adv_inst/CLKOUT0
                         net (fo=1, routed)           0.752    -1.769    design_1_i/clk_wiz_0/inst/clk_out1_design_1_clk_wiz_0_0
    BUFGCTRL_X0Y17       BUFG (Prop_bufg_I_O)         0.029    -1.740 r  design_1_i/clk_wiz_0/inst/clkout1_buf/O
                         net (fo=66, routed)          0.825    -0.915    design_1_i/SpeedSensor_1/U0/SpeedSensor_slave_lite_v1_0_S00_AXI_inst/Core1/Clk
    SLICE_X41Y97         FDRE                                         r  design_1_i/SpeedSensor_1/U0/SpeedSensor_slave_lite_v1_0_S00_AXI_inst/Core1/pulse_count_reg[3]/C

Slack:                    inf
  Source:                 Sensor_Pin_0
                            (input port)
  Destination:            design_1_i/SpeedSensor_0/U0/SpeedSensor_slave_lite_v1_0_S00_AXI_inst/Core1/pulse_count_reg[0]/CE
                            (rising edge-triggered cell FDRE clocked by clk_out1_design_1_clk_wiz_0_0  {rise@0.000ns fall@5.000ns period=10.000ns})
  Path Group:             (none)
  Path Type:              Hold (Min at Fast Process Corner)
  Data Path Delay:        2.280ns  (logic 0.381ns (16.716%)  route 1.899ns (83.284%))
  Logic Levels:           2  (IBUF=1 LUT3=1)
  Clock Path Skew:        -0.895ns (DCD - SCD - CPR)
    Destination Clock Delay (DCD):    -0.895ns
    Source Clock Delay      (SCD):    0.000ns
    Clock Pessimism Removal (CPR):    -0.000ns

    Location             Delay type                Incr(ns)  Path(ns)    Netlist Resource(s)
  -------------------------------------------------------------------    -------------------
    Y16                                               0.000     0.000 r  Sensor_Pin_0 (IN)
                         net (fo=0)                   0.000     0.000    Sensor_Pin_0
    Y16                  IBUF (Prop_ibuf_I_O)         0.336     0.336 r  Sensor_Pin_0_IBUF_inst/O
                         net (fo=2, routed)           1.587     1.923    design_1_i/SpeedSensor_0/U0/SpeedSensor_slave_lite_v1_0_S00_AXI_inst/Core1/Sensor_Pin
    SLICE_X32Y92         LUT3 (Prop_lut3_I2_O)        0.045     1.968 r  design_1_i/SpeedSensor_0/U0/SpeedSensor_slave_lite_v1_0_S00_AXI_inst/Core1/__0/i_/O
                         net (fo=32, routed)          0.311     2.280    design_1_i/SpeedSensor_0/U0/SpeedSensor_slave_lite_v1_0_S00_AXI_inst/Core1/pulse_count
    SLICE_X31Y98         FDRE                                         r  design_1_i/SpeedSensor_0/U0/SpeedSensor_slave_lite_v1_0_S00_AXI_inst/Core1/pulse_count_reg[0]/CE
  -------------------------------------------------------------------    -------------------

                         (clock clk_out1_design_1_clk_wiz_0_0 rise edge)
                                                      0.000     0.000 r  
    H16                                               0.000     0.000 r  sys_clock (IN)
                         net (fo=0)                   0.000     0.000    design_1_i/clk_wiz_0/inst/clk_in1
    H16                  IBUF (Prop_ibuf_I_O)         0.406     0.406 r  design_1_i/clk_wiz_0/inst/clkin1_ibufg/O
                         net (fo=1, routed)           0.480     0.886    design_1_i/clk_wiz_0/inst/clk_in1_design_1_clk_wiz_0_0
    MMCME2_ADV_X1Y2      MMCME2_ADV (Prop_mmcme2_adv_CLKIN1_CLKOUT0)
                                                     -3.407    -2.521 r  design_1_i/clk_wiz_0/inst/mmcm_adv_inst/CLKOUT0
                         net (fo=1, routed)           0.752    -1.769    design_1_i/clk_wiz_0/inst/clk_out1_design_1_clk_wiz_0_0
    BUFGCTRL_X0Y17       BUFG (Prop_bufg_I_O)         0.029    -1.740 r  design_1_i/clk_wiz_0/inst/clkout1_buf/O
                         net (fo=66, routed)          0.845    -0.895    design_1_i/SpeedSensor_0/U0/SpeedSensor_slave_lite_v1_0_S00_AXI_inst/Core1/Clk
    SLICE_X31Y98         FDRE                                         r  design_1_i/SpeedSensor_0/U0/SpeedSensor_slave_lite_v1_0_S00_AXI_inst/Core1/pulse_count_reg[0]/C

Slack:                    inf
  Source:                 Sensor_Pin_0
                            (input port)
  Destination:            design_1_i/SpeedSensor_0/U0/SpeedSensor_slave_lite_v1_0_S00_AXI_inst/Core1/pulse_count_reg[1]/CE
                            (rising edge-triggered cell FDRE clocked by clk_out1_design_1_clk_wiz_0_0  {rise@0.000ns fall@5.000ns period=10.000ns})
  Path Group:             (none)
  Path Type:              Hold (Min at Fast Process Corner)
  Data Path Delay:        2.280ns  (logic 0.381ns (16.716%)  route 1.899ns (83.284%))
  Logic Levels:           2  (IBUF=1 LUT3=1)
  Clock Path Skew:        -0.895ns (DCD - SCD - CPR)
    Destination Clock Delay (DCD):    -0.895ns
    Source Clock Delay      (SCD):    0.000ns
    Clock Pessimism Removal (CPR):    -0.000ns

    Location             Delay type                Incr(ns)  Path(ns)    Netlist Resource(s)
  -------------------------------------------------------------------    -------------------
    Y16                                               0.000     0.000 r  Sensor_Pin_0 (IN)
                         net (fo=0)                   0.000     0.000    Sensor_Pin_0
    Y16                  IBUF (Prop_ibuf_I_O)         0.336     0.336 r  Sensor_Pin_0_IBUF_inst/O
                         net (fo=2, routed)           1.587     1.923    design_1_i/SpeedSensor_0/U0/SpeedSensor_slave_lite_v1_0_S00_AXI_inst/Core1/Sensor_Pin
    SLICE_X32Y92         LUT3 (Prop_lut3_I2_O)        0.045     1.968 r  design_1_i/SpeedSensor_0/U0/SpeedSensor_slave_lite_v1_0_S00_AXI_inst/Core1/__0/i_/O
                         net (fo=32, routed)          0.311     2.280    design_1_i/SpeedSensor_0/U0/SpeedSensor_slave_lite_v1_0_S00_AXI_inst/Core1/pulse_count
    SLICE_X31Y98         FDRE                                         r  design_1_i/SpeedSensor_0/U0/SpeedSensor_slave_lite_v1_0_S00_AXI_inst/Core1/pulse_count_reg[1]/CE
  -------------------------------------------------------------------    -------------------

                         (clock clk_out1_design_1_clk_wiz_0_0 rise edge)
                                                      0.000     0.000 r  
    H16                                               0.000     0.000 r  sys_clock (IN)
                         net (fo=0)                   0.000     0.000    design_1_i/clk_wiz_0/inst/clk_in1
    H16                  IBUF (Prop_ibuf_I_O)         0.406     0.406 r  design_1_i/clk_wiz_0/inst/clkin1_ibufg/O
                         net (fo=1, routed)           0.480     0.886    design_1_i/clk_wiz_0/inst/clk_in1_design_1_clk_wiz_0_0
    MMCME2_ADV_X1Y2      MMCME2_ADV (Prop_mmcme2_adv_CLKIN1_CLKOUT0)
                                                     -3.407    -2.521 r  design_1_i/clk_wiz_0/inst/mmcm_adv_inst/CLKOUT0
                         net (fo=1, routed)           0.752    -1.769    design_1_i/clk_wiz_0/inst/clk_out1_design_1_clk_wiz_0_0
    BUFGCTRL_X0Y17       BUFG (Prop_bufg_I_O)         0.029    -1.740 r  design_1_i/clk_wiz_0/inst/clkout1_buf/O
                         net (fo=66, routed)          0.845    -0.895    design_1_i/SpeedSensor_0/U0/SpeedSensor_slave_lite_v1_0_S00_AXI_inst/Core1/Clk
    SLICE_X31Y98         FDRE                                         r  design_1_i/SpeedSensor_0/U0/SpeedSensor_slave_lite_v1_0_S00_AXI_inst/Core1/pulse_count_reg[1]/C

Slack:                    inf
  Source:                 Sensor_Pin_0
                            (input port)
  Destination:            design_1_i/SpeedSensor_0/U0/SpeedSensor_slave_lite_v1_0_S00_AXI_inst/Core1/pulse_count_reg[2]/CE
                            (rising edge-triggered cell FDRE clocked by clk_out1_design_1_clk_wiz_0_0  {rise@0.000ns fall@5.000ns period=10.000ns})
  Path Group:             (none)
  Path Type:              Hold (Min at Fast Process Corner)
  Data Path Delay:        2.280ns  (logic 0.381ns (16.716%)  route 1.899ns (83.284%))
  Logic Levels:           2  (IBUF=1 LUT3=1)
  Clock Path Skew:        -0.895ns (DCD - SCD - CPR)
    Destination Clock Delay (DCD):    -0.895ns
    Source Clock Delay      (SCD):    0.000ns
    Clock Pessimism Removal (CPR):    -0.000ns

    Location             Delay type                Incr(ns)  Path(ns)    Netlist Resource(s)
  -------------------------------------------------------------------    -------------------
    Y16                                               0.000     0.000 r  Sensor_Pin_0 (IN)
                         net (fo=0)                   0.000     0.000    Sensor_Pin_0
    Y16                  IBUF (Prop_ibuf_I_O)         0.336     0.336 r  Sensor_Pin_0_IBUF_inst/O
                         net (fo=2, routed)           1.587     1.923    design_1_i/SpeedSensor_0/U0/SpeedSensor_slave_lite_v1_0_S00_AXI_inst/Core1/Sensor_Pin
    SLICE_X32Y92         LUT3 (Prop_lut3_I2_O)        0.045     1.968 r  design_1_i/SpeedSensor_0/U0/SpeedSensor_slave_lite_v1_0_S00_AXI_inst/Core1/__0/i_/O
                         net (fo=32, routed)          0.311     2.280    design_1_i/SpeedSensor_0/U0/SpeedSensor_slave_lite_v1_0_S00_AXI_inst/Core1/pulse_count
    SLICE_X31Y98         FDRE                                         r  design_1_i/SpeedSensor_0/U0/SpeedSensor_slave_lite_v1_0_S00_AXI_inst/Core1/pulse_count_reg[2]/CE
  -------------------------------------------------------------------    -------------------

                         (clock clk_out1_design_1_clk_wiz_0_0 rise edge)
                                                      0.000     0.000 r  
    H16                                               0.000     0.000 r  sys_clock (IN)
                         net (fo=0)                   0.000     0.000    design_1_i/clk_wiz_0/inst/clk_in1
    H16                  IBUF (Prop_ibuf_I_O)         0.406     0.406 r  design_1_i/clk_wiz_0/inst/clkin1_ibufg/O
                         net (fo=1, routed)           0.480     0.886    design_1_i/clk_wiz_0/inst/clk_in1_design_1_clk_wiz_0_0
    MMCME2_ADV_X1Y2      MMCME2_ADV (Prop_mmcme2_adv_CLKIN1_CLKOUT0)
                                                     -3.407    -2.521 r  design_1_i/clk_wiz_0/inst/mmcm_adv_inst/CLKOUT0
                         net (fo=1, routed)           0.752    -1.769    design_1_i/clk_wiz_0/inst/clk_out1_design_1_clk_wiz_0_0
    BUFGCTRL_X0Y17       BUFG (Prop_bufg_I_O)         0.029    -1.740 r  design_1_i/clk_wiz_0/inst/clkout1_buf/O
                         net (fo=66, routed)          0.845    -0.895    design_1_i/SpeedSensor_0/U0/SpeedSensor_slave_lite_v1_0_S00_AXI_inst/Core1/Clk
    SLICE_X31Y98         FDRE                                         r  design_1_i/SpeedSensor_0/U0/SpeedSensor_slave_lite_v1_0_S00_AXI_inst/Core1/pulse_count_reg[2]/C

Slack:                    inf
  Source:                 Sensor_Pin_0
                            (input port)
  Destination:            design_1_i/SpeedSensor_0/U0/SpeedSensor_slave_lite_v1_0_S00_AXI_inst/Core1/pulse_count_reg[3]/CE
                            (rising edge-triggered cell FDRE clocked by clk_out1_design_1_clk_wiz_0_0  {rise@0.000ns fall@5.000ns period=10.000ns})
  Path Group:             (none)
  Path Type:              Hold (Min at Fast Process Corner)
  Data Path Delay:        2.280ns  (logic 0.381ns (16.716%)  route 1.899ns (83.284%))
  Logic Levels:           2  (IBUF=1 LUT3=1)
  Clock Path Skew:        -0.895ns (DCD - SCD - CPR)
    Destination Clock Delay (DCD):    -0.895ns
    Source Clock Delay      (SCD):    0.000ns
    Clock Pessimism Removal (CPR):    -0.000ns

    Location             Delay type                Incr(ns)  Path(ns)    Netlist Resource(s)
  -------------------------------------------------------------------    -------------------
    Y16                                               0.000     0.000 r  Sensor_Pin_0 (IN)
                         net (fo=0)                   0.000     0.000    Sensor_Pin_0
    Y16                  IBUF (Prop_ibuf_I_O)         0.336     0.336 r  Sensor_Pin_0_IBUF_inst/O
                         net (fo=2, routed)           1.587     1.923    design_1_i/SpeedSensor_0/U0/SpeedSensor_slave_lite_v1_0_S00_AXI_inst/Core1/Sensor_Pin
    SLICE_X32Y92         LUT3 (Prop_lut3_I2_O)        0.045     1.968 r  design_1_i/SpeedSensor_0/U0/SpeedSensor_slave_lite_v1_0_S00_AXI_inst/Core1/__0/i_/O
                         net (fo=32, routed)          0.311     2.280    design_1_i/SpeedSensor_0/U0/SpeedSensor_slave_lite_v1_0_S00_AXI_inst/Core1/pulse_count
    SLICE_X31Y98         FDRE                                         r  design_1_i/SpeedSensor_0/U0/SpeedSensor_slave_lite_v1_0_S00_AXI_inst/Core1/pulse_count_reg[3]/CE
  -------------------------------------------------------------------    -------------------

                         (clock clk_out1_design_1_clk_wiz_0_0 rise edge)
                                                      0.000     0.000 r  
    H16                                               0.000     0.000 r  sys_clock (IN)
                         net (fo=0)                   0.000     0.000    design_1_i/clk_wiz_0/inst/clk_in1
    H16                  IBUF (Prop_ibuf_I_O)         0.406     0.406 r  design_1_i/clk_wiz_0/inst/clkin1_ibufg/O
                         net (fo=1, routed)           0.480     0.886    design_1_i/clk_wiz_0/inst/clk_in1_design_1_clk_wiz_0_0
    MMCME2_ADV_X1Y2      MMCME2_ADV (Prop_mmcme2_adv_CLKIN1_CLKOUT0)
                                                     -3.407    -2.521 r  design_1_i/clk_wiz_0/inst/mmcm_adv_inst/CLKOUT0
                         net (fo=1, routed)           0.752    -1.769    design_1_i/clk_wiz_0/inst/clk_out1_design_1_clk_wiz_0_0
    BUFGCTRL_X0Y17       BUFG (Prop_bufg_I_O)         0.029    -1.740 r  design_1_i/clk_wiz_0/inst/clkout1_buf/O
                         net (fo=66, routed)          0.845    -0.895    design_1_i/SpeedSensor_0/U0/SpeedSensor_slave_lite_v1_0_S00_AXI_inst/Core1/Clk
    SLICE_X31Y98         FDRE                                         r  design_1_i/SpeedSensor_0/U0/SpeedSensor_slave_lite_v1_0_S00_AXI_inst/Core1/pulse_count_reg[3]/C





