Copyright 1986-2022 Xilinx, Inc. All Rights Reserved. Copyright 2022-2024 Advanced Micro Devices, Inc. All Rights Reserved.
---------------------------------------------------------------------------------------------------------------------------------------------------------------------------------------------------------------------------------------------
| Tool Version : Vivado v.2024.1 (win64) Build 5076996 Wed May 22 18:37:14 MDT 2024
| Date         : Mon Mar 10 14:47:53 2025
| Host         : 5CD322B28R running 64-bit major release  (build 9200)
| Command      : report_timing_summary -max_paths 10 -report_unconstrained -file design_1_wrapper_timing_summary_routed.rpt -pb design_1_wrapper_timing_summary_routed.pb -rpx design_1_wrapper_timing_summary_routed.rpx -warn_on_violation
| Design       : design_1_wrapper
| Device       : 7z020-clg400
| Speed File   : -1  PRODUCTION 1.12 2019-11-22
| Design State : Routed
---------------------------------------------------------------------------------------------------------------------------------------------------------------------------------------------------------------------------------------------

Timing Summary Report

------------------------------------------------------------------------------------------------
| Timer Settings
| --------------
------------------------------------------------------------------------------------------------

  Enable Multi Corner Analysis               :  Yes
  Enable Pessimism Removal                   :  Yes
  Pessimism Removal Resolution               :  Nearest Common Node
  Enable Input Delay Default Clock           :  No
  Enable Preset / Clear Arcs                 :  No
  Disable Flight Delays                      :  No
  Ignore I/O Paths                           :  No
  Timing Early Launch at Borrowing Latches   :  No
  Borrow Time for Max Delay Exceptions       :  Yes
  Merge Timing Exceptions                    :  Yes
  Inter-SLR Compensation                     :  Conservative

  Corner  Analyze    Analyze    
  Name    Max Paths  Min Paths  
  ------  ---------  ---------  
  Slow    Yes        Yes        
  Fast    Yes        Yes        


------------------------------------------------------------------------------------------------
| Report Methodology
| ------------------
------------------------------------------------------------------------------------------------

Rule      Severity          Description                                     Violations  
--------  ----------------  ----------------------------------------------  ----------  
TIMING-6  Critical Warning  No common primary clock between related clocks  1           
TIMING-7  Critical Warning  No common node between related clocks           1           

Note: This report is based on the most recent report_methodology run and may not be up-to-date. Run report_methodology on the current design for the latest report.



check_timing report

Table of Contents
-----------------
1. checking no_clock (0)
2. checking constant_clock (0)
3. checking pulse_width_clock (0)
4. checking unconstrained_internal_endpoints (0)
5. checking no_input_delay (2)
6. checking no_output_delay (2)
7. checking multiple_clock (0)
8. checking generated_clocks (0)
9. checking loops (0)
10. checking partial_input_delay (0)
11. checking partial_output_delay (0)
12. checking latch_loops (0)

1. checking no_clock (0)
------------------------
 There are 0 register/latch pins with no clock.


2. checking constant_clock (0)
------------------------------
 There are 0 register/latch pins with constant_clock.


3. checking pulse_width_clock (0)
---------------------------------
 There are 0 register/latch pins which need pulse_width check


4. checking unconstrained_internal_endpoints (0)
------------------------------------------------
 There are 0 pins that are not constrained for maximum delay.

 There are 0 pins that are not constrained for maximum delay due to constant clock.


5. checking no_input_delay (2)
------------------------------
 There are 2 input ports with no input delay specified. (HIGH)

 There are 0 input ports with no input delay but user has a false path constraint.


6. checking no_output_delay (2)
-------------------------------
 There are 2 ports with no output delay specified. (HIGH)

 There are 0 ports with no output delay but user has a false path constraint

 There are 0 ports with no output delay but with a timing clock defined on it or propagating through it


7. checking multiple_clock (0)
------------------------------
 There are 0 register/latch pins with multiple clocks.


8. checking generated_clocks (0)
--------------------------------
 There are 0 generated clocks that are not connected to a clock source.


9. checking loops (0)
---------------------
 There are 0 combinational loops in the design.


10. checking partial_input_delay (0)
------------------------------------
 There are 0 input ports with partial input delay specified.


11. checking partial_output_delay (0)
-------------------------------------
 There are 0 ports with partial output delay specified.


12. checking latch_loops (0)
----------------------------
 There are 0 combinational latch loops in the design through latch input



------------------------------------------------------------------------------------------------
| Design Timing Summary
| ---------------------
------------------------------------------------------------------------------------------------

    WNS(ns)      TNS(ns)  TNS Failing Endpoints  TNS Total Endpoints      WHS(ns)      THS(ns)  THS Failing Endpoints  THS Total Endpoints     WPWS(ns)     TPWS(ns)  TPWS Failing Endpoints  TPWS Total Endpoints  
    -------      -------  ---------------------  -------------------      -------      -------  ---------------------  -------------------     --------     --------  ----------------------  --------------------  
      1.821        0.000                      0                 2389        0.079        0.000                      0                 2389        2.000        0.000                       0                  1075  


All user specified timing constraints are met.


------------------------------------------------------------------------------------------------
| Clock Summary
| -------------
------------------------------------------------------------------------------------------------

Clock                            Waveform(ns)         Period(ns)      Frequency(MHz)
-----                            ------------         ----------      --------------
clk_fpga_0                       {0.000 5.000}        10.000          100.000         
sys_clock                        {0.000 4.000}        8.000           125.000         
  clk_out1_design_1_clk_wiz_0_1  {0.000 5.000}        10.000          100.000         
  clkfbout_design_1_clk_wiz_0_1  {0.000 4.000}        8.000           125.000         


------------------------------------------------------------------------------------------------
| Intra Clock Table
| -----------------
------------------------------------------------------------------------------------------------

Clock                                WNS(ns)      TNS(ns)  TNS Failing Endpoints  TNS Total Endpoints      WHS(ns)      THS(ns)  THS Failing Endpoints  THS Total Endpoints     WPWS(ns)     TPWS(ns)  TPWS Failing Endpoints  TPWS Total Endpoints  
-----                                -------      -------  ---------------------  -------------------      -------      -------  ---------------------  -------------------     --------     --------  ----------------------  --------------------  
clk_fpga_0                             4.017        0.000                      0                 2113        0.079        0.000                      0                 2113        4.020        0.000                       0                   955  
sys_clock                                                                                                                                                                          2.000        0.000                       0                     1  
  clk_out1_design_1_clk_wiz_0_1        1.821        0.000                      0                  276        0.182        0.000                      0                  276        4.500        0.000                       0                   116  
  clkfbout_design_1_clk_wiz_0_1                                                                                                                                                    5.845        0.000                       0                     3  


------------------------------------------------------------------------------------------------
| Inter Clock Table
| -----------------
------------------------------------------------------------------------------------------------

From Clock                     To Clock                           WNS(ns)      TNS(ns)  TNS Failing Endpoints  TNS Total Endpoints      WHS(ns)      THS(ns)  THS Failing Endpoints  THS Total Endpoints  
----------                     --------                           -------      -------  ---------------------  -------------------      -------      -------  ---------------------  -------------------  
clk_out1_design_1_clk_wiz_0_1  clk_fpga_0                           5.811        0.000                      0                   32        0.605        0.000                      0                   32  


------------------------------------------------------------------------------------------------
| Other Path Groups Table
| -----------------------
------------------------------------------------------------------------------------------------

Path Group    From Clock    To Clock          WNS(ns)      TNS(ns)  TNS Failing Endpoints  TNS Total Endpoints      WHS(ns)      THS(ns)  THS Failing Endpoints  THS Total Endpoints  
----------    ----------    --------          -------      -------  ---------------------  -------------------      -------      -------  ---------------------  -------------------  


------------------------------------------------------------------------------------------------
| User Ignored Path Table
| -----------------------
------------------------------------------------------------------------------------------------

Path Group    From Clock    To Clock    
----------    ----------    --------    
(none)                      clk_fpga_0    


------------------------------------------------------------------------------------------------
| Unconstrained Path Table
| ------------------------
------------------------------------------------------------------------------------------------

Path Group                     From Clock                     To Clock                     
----------                     ----------                     --------                     
(none)                         clk_out1_design_1_clk_wiz_0_1                                 
(none)                         clkfbout_design_1_clk_wiz_0_1                                 
(none)                                                        clk_out1_design_1_clk_wiz_0_1  


------------------------------------------------------------------------------------------------
| Timing Details
| --------------
------------------------------------------------------------------------------------------------


---------------------------------------------------------------------------------------------------
From Clock:  clk_fpga_0
  To Clock:  clk_fpga_0

Setup :            0  Failing Endpoints,  Worst Slack        4.017ns,  Total Violation        0.000ns
Hold  :            0  Failing Endpoints,  Worst Slack        0.079ns,  Total Violation        0.000ns
PW    :            0  Failing Endpoints,  Worst Slack        4.020ns,  Total Violation        0.000ns
---------------------------------------------------------------------------------------------------


Max Delay Paths
--------------------------------------------------------------------------------------
Slack (MET) :             4.017ns  (required time - arrival time)
  Source:                 design_1_i/processing_system7_0/inst/PS7_i/MAXIGP0ACLK
                            (rising edge-triggered cell PS7 clocked by clk_fpga_0  {rise@0.000ns fall@5.000ns period=10.000ns})
  Destination:            design_1_i/ultrasoon_0/U0/ultrasoon_v1_0_S00_AXI_inst/slv_reg3_reg[28]/CE
                            (rising edge-triggered cell FDRE clocked by clk_fpga_0  {rise@0.000ns fall@5.000ns period=10.000ns})
  Path Group:             clk_fpga_0
  Path Type:              Setup (Max at Slow Process Corner)
  Requirement:            10.000ns  (clk_fpga_0 rise@10.000ns - clk_fpga_0 rise@0.000ns)
  Data Path Delay:        5.273ns  (logic 1.734ns (32.886%)  route 3.539ns (67.114%))
  Logic Levels:           3  (LUT4=2 LUT5=1)
  Clock Path Skew:        -0.143ns (DCD - SCD + CPR)
    Destination Clock Delay (DCD):    2.659ns = ( 12.659 - 10.000 ) 
    Source Clock Delay      (SCD):    3.031ns
    Clock Pessimism Removal (CPR):    0.229ns
  Clock Uncertainty:      0.154ns  ((TSJ^2 + TIJ^2)^1/2 + DJ) / 2 + PE
    Total System Jitter     (TSJ):    0.071ns
    Total Input Jitter      (TIJ):    0.300ns
    Discrete Jitter          (DJ):    0.000ns
    Phase Error              (PE):    0.000ns

    Location             Delay type                Incr(ns)  Path(ns)    Netlist Resource(s)
  -------------------------------------------------------------------    -------------------
                         (clock clk_fpga_0 rise edge)
                                                      0.000     0.000 r  
    PS7_X0Y0             PS7                          0.000     0.000 r  design_1_i/processing_system7_0/inst/PS7_i/FCLKCLK[0]
                         net (fo=1, routed)           1.193     1.193    design_1_i/processing_system7_0/inst/FCLK_CLK_unbuffered[0]
    BUFGCTRL_X0Y16       BUFG (Prop_bufg_I_O)         0.101     1.294 r  design_1_i/processing_system7_0/inst/buffer_fclk_clk_0.FCLK_CLK_0_BUFG/O
                         net (fo=955, routed)         1.737     3.031    design_1_i/processing_system7_0/inst/M_AXI_GP0_ACLK
    PS7_X0Y0             PS7                                          r  design_1_i/processing_system7_0/inst/PS7_i/MAXIGP0ACLK
  -------------------------------------------------------------------    -------------------
    PS7_X0Y0             PS7 (Prop_ps7_MAXIGP0ACLK_MAXIGP0WVALID)
                                                      1.334     4.365 r  design_1_i/processing_system7_0/inst/PS7_i/MAXIGP0WVALID
                         net (fo=8, routed)           1.148     5.512    design_1_i/ps7_0_axi_periph/xbar/inst/gen_sasd.crossbar_sasd_0/addr_arbiter_inst/s_axi_wvalid[0]
    SLICE_X31Y97         LUT5 (Prop_lut5_I1_O)        0.124     5.636 r  design_1_i/ps7_0_axi_periph/xbar/inst/gen_sasd.crossbar_sasd_0/addr_arbiter_inst/m_axi_wvalid[0]_INST_0/O
                         net (fo=7, routed)           0.341     5.977    design_1_i/ultrasoon_0/U0/ultrasoon_v1_0_S00_AXI_inst/s00_axi_wvalid
    SLICE_X31Y98         LUT4 (Prop_lut4_I3_O)        0.124     6.101 r  design_1_i/ultrasoon_0/U0/ultrasoon_v1_0_S00_AXI_inst/slv_reg3[31]_i_2/O
                         net (fo=12, routed)          1.244     7.345    design_1_i/ultrasoon_0/U0/ultrasoon_v1_0_S00_AXI_inst/slv_reg_wren__2
    SLICE_X35Y100        LUT4 (Prop_lut4_I0_O)        0.152     7.497 r  design_1_i/ultrasoon_0/U0/ultrasoon_v1_0_S00_AXI_inst/slv_reg3[31]_i_1/O
                         net (fo=8, routed)           0.806     8.303    design_1_i/ultrasoon_0/U0/ultrasoon_v1_0_S00_AXI_inst/slv_reg3[31]_i_1_n_0
    SLICE_X41Y99         FDRE                                         r  design_1_i/ultrasoon_0/U0/ultrasoon_v1_0_S00_AXI_inst/slv_reg3_reg[28]/CE
  -------------------------------------------------------------------    -------------------

                         (clock clk_fpga_0 rise edge)
                                                     10.000    10.000 r  
    PS7_X0Y0             PS7                          0.000    10.000 r  design_1_i/processing_system7_0/inst/PS7_i/FCLKCLK[0]
                         net (fo=1, routed)           1.088    11.088    design_1_i/processing_system7_0/inst/FCLK_CLK_unbuffered[0]
    BUFGCTRL_X0Y16       BUFG (Prop_bufg_I_O)         0.091    11.179 r  design_1_i/processing_system7_0/inst/buffer_fclk_clk_0.FCLK_CLK_0_BUFG/O
                         net (fo=955, routed)         1.480    12.659    design_1_i/ultrasoon_0/U0/ultrasoon_v1_0_S00_AXI_inst/s00_axi_aclk
    SLICE_X41Y99         FDRE                                         r  design_1_i/ultrasoon_0/U0/ultrasoon_v1_0_S00_AXI_inst/slv_reg3_reg[28]/C
                         clock pessimism              0.229    12.888    
                         clock uncertainty           -0.154    12.734    
    SLICE_X41Y99         FDRE (Setup_fdre_C_CE)      -0.413    12.321    design_1_i/ultrasoon_0/U0/ultrasoon_v1_0_S00_AXI_inst/slv_reg3_reg[28]
  -------------------------------------------------------------------
                         required time                         12.321    
                         arrival time                          -8.303    
  -------------------------------------------------------------------
                         slack                                  4.017    

Slack (MET) :             4.031ns  (required time - arrival time)
  Source:                 design_1_i/ps7_0_axi_periph/xbar/inst/gen_sasd.crossbar_sasd_0/addr_arbiter_inst/gen_no_arbiter.grant_rnw_reg/C
                            (rising edge-triggered cell FDRE clocked by clk_fpga_0  {rise@0.000ns fall@5.000ns period=10.000ns})
  Destination:            design_1_i/ps7_0_axi_periph/s00_couplers/auto_pc/inst/gen_axilite.gen_b2s_conv.axilite_b2s/WR.aw_channel_0/cmd_translator_0/incr_cmd_0/axaddr_incr_reg[2]/D
                            (rising edge-triggered cell FDRE clocked by clk_fpga_0  {rise@0.000ns fall@5.000ns period=10.000ns})
  Path Group:             clk_fpga_0
  Path Type:              Setup (Max at Slow Process Corner)
  Requirement:            10.000ns  (clk_fpga_0 rise@10.000ns - clk_fpga_0 rise@0.000ns)
  Data Path Delay:        5.907ns  (logic 2.037ns (34.482%)  route 3.870ns (65.518%))
  Logic Levels:           6  (CARRY4=1 LUT2=1 LUT3=2 LUT4=1 LUT6=1)
  Clock Path Skew:        0.013ns (DCD - SCD + CPR)
    Destination Clock Delay (DCD):    2.878ns = ( 12.878 - 10.000 ) 
    Source Clock Delay      (SCD):    2.994ns
    Clock Pessimism Removal (CPR):    0.129ns
  Clock Uncertainty:      0.154ns  ((TSJ^2 + TIJ^2)^1/2 + DJ) / 2 + PE
    Total System Jitter     (TSJ):    0.071ns
    Total Input Jitter      (TIJ):    0.300ns
    Discrete Jitter          (DJ):    0.000ns
    Phase Error              (PE):    0.000ns

    Location             Delay type                Incr(ns)  Path(ns)    Netlist Resource(s)
  -------------------------------------------------------------------    -------------------
                         (clock clk_fpga_0 rise edge)
                                                      0.000     0.000 r  
    PS7_X0Y0             PS7                          0.000     0.000 r  design_1_i/processing_system7_0/inst/PS7_i/FCLKCLK[0]
                         net (fo=1, routed)           1.193     1.193    design_1_i/processing_system7_0/inst/FCLK_CLK_unbuffered[0]
    BUFGCTRL_X0Y16       BUFG (Prop_bufg_I_O)         0.101     1.294 r  design_1_i/processing_system7_0/inst/buffer_fclk_clk_0.FCLK_CLK_0_BUFG/O
                         net (fo=955, routed)         1.700     2.994    design_1_i/ps7_0_axi_periph/xbar/inst/gen_sasd.crossbar_sasd_0/addr_arbiter_inst/aclk
    SLICE_X29Y99         FDRE                                         r  design_1_i/ps7_0_axi_periph/xbar/inst/gen_sasd.crossbar_sasd_0/addr_arbiter_inst/gen_no_arbiter.grant_rnw_reg/C
  -------------------------------------------------------------------    -------------------
    SLICE_X29Y99         FDRE (Prop_fdre_C_Q)         0.456     3.450 f  design_1_i/ps7_0_axi_periph/xbar/inst/gen_sasd.crossbar_sasd_0/addr_arbiter_inst/gen_no_arbiter.grant_rnw_reg/Q
                         net (fo=28, routed)          0.879     4.329    design_1_i/ps7_0_axi_periph/xbar/inst/gen_sasd.crossbar_sasd_0/addr_arbiter_inst/aa_grant_rnw
    SLICE_X30Y100        LUT2 (Prop_lut2_I1_O)        0.124     4.453 r  design_1_i/ps7_0_axi_periph/xbar/inst/gen_sasd.crossbar_sasd_0/addr_arbiter_inst/s_axi_awready[0]_INST_0/O
                         net (fo=3, routed)           0.987     5.440    design_1_i/ps7_0_axi_periph/s00_couplers/auto_pc/inst/gen_axilite.gen_b2s_conv.axilite_b2s/WR.aw_channel_0/aw_cmd_fsm_0/m_axi_awready
    SLICE_X33Y104        LUT6 (Prop_lut6_I0_O)        0.124     5.564 r  design_1_i/ps7_0_axi_periph/s00_couplers/auto_pc/inst/gen_axilite.gen_b2s_conv.axilite_b2s/WR.aw_channel_0/aw_cmd_fsm_0/memory_reg[3][0]_srl4_i_1/O
                         net (fo=30, routed)          0.467     6.031    design_1_i/ps7_0_axi_periph/s00_couplers/auto_pc/inst/gen_axilite.gen_b2s_conv.axilite_b2s/WR.aw_channel_0/aw_cmd_fsm_0/m_axi_awready_0
    SLICE_X33Y106        LUT3 (Prop_lut3_I2_O)        0.119     6.150 r  design_1_i/ps7_0_axi_periph/s00_couplers/auto_pc/inst/gen_axilite.gen_b2s_conv.axilite_b2s/WR.aw_channel_0/aw_cmd_fsm_0/next_pending_r_i_3/O
                         net (fo=15, routed)          0.876     7.026    design_1_i/ps7_0_axi_periph/s00_couplers/auto_pc/inst/gen_axilite.gen_b2s_conv.axilite_b2s/WR.aw_channel_0/cmd_translator_0/incr_cmd_0/next
    SLICE_X31Y106        LUT4 (Prop_lut4_I3_O)        0.332     7.358 r  design_1_i/ps7_0_axi_periph/s00_couplers/auto_pc/inst/gen_axilite.gen_b2s_conv.axilite_b2s/WR.aw_channel_0/cmd_translator_0/incr_cmd_0/axaddr_incr[3]_i_9/O
                         net (fo=1, routed)           0.000     7.358    design_1_i/ps7_0_axi_periph/s00_couplers/auto_pc/inst/gen_axilite.gen_b2s_conv.axilite_b2s/SI_REG/aw.aw_pipe/axaddr_incr_reg[3][1]
    SLICE_X31Y106        CARRY4 (Prop_carry4_S[1]_O[2])
                                                      0.580     7.938 r  design_1_i/ps7_0_axi_periph/s00_couplers/auto_pc/inst/gen_axilite.gen_b2s_conv.axilite_b2s/SI_REG/aw.aw_pipe/axaddr_incr_reg[3]_i_2/O[2]
                         net (fo=1, routed)           0.662     8.599    design_1_i/ps7_0_axi_periph/s00_couplers/auto_pc/inst/gen_axilite.gen_b2s_conv.axilite_b2s/WR.aw_channel_0/cmd_translator_0/incr_cmd_0/axaddr_incr[2]
    SLICE_X30Y106        LUT3 (Prop_lut3_I0_O)        0.302     8.901 r  design_1_i/ps7_0_axi_periph/s00_couplers/auto_pc/inst/gen_axilite.gen_b2s_conv.axilite_b2s/WR.aw_channel_0/cmd_translator_0/incr_cmd_0/axaddr_incr[2]_i_1/O
                         net (fo=1, routed)           0.000     8.901    design_1_i/ps7_0_axi_periph/s00_couplers/auto_pc/inst/gen_axilite.gen_b2s_conv.axilite_b2s/WR.aw_channel_0/cmd_translator_0/incr_cmd_0/p_1_in[2]
    SLICE_X30Y106        FDRE                                         r  design_1_i/ps7_0_axi_periph/s00_couplers/auto_pc/inst/gen_axilite.gen_b2s_conv.axilite_b2s/WR.aw_channel_0/cmd_translator_0/incr_cmd_0/axaddr_incr_reg[2]/D
  -------------------------------------------------------------------    -------------------

                         (clock clk_fpga_0 rise edge)
                                                     10.000    10.000 r  
    PS7_X0Y0             PS7                          0.000    10.000 r  design_1_i/processing_system7_0/inst/PS7_i/FCLKCLK[0]
                         net (fo=1, routed)           1.088    11.088    design_1_i/processing_system7_0/inst/FCLK_CLK_unbuffered[0]
    BUFGCTRL_X0Y16       BUFG (Prop_bufg_I_O)         0.091    11.179 r  design_1_i/processing_system7_0/inst/buffer_fclk_clk_0.FCLK_CLK_0_BUFG/O
                         net (fo=955, routed)         1.699    12.878    design_1_i/ps7_0_axi_periph/s00_couplers/auto_pc/inst/gen_axilite.gen_b2s_conv.axilite_b2s/WR.aw_channel_0/cmd_translator_0/incr_cmd_0/aclk
    SLICE_X30Y106        FDRE                                         r  design_1_i/ps7_0_axi_periph/s00_couplers/auto_pc/inst/gen_axilite.gen_b2s_conv.axilite_b2s/WR.aw_channel_0/cmd_translator_0/incr_cmd_0/axaddr_incr_reg[2]/C
                         clock pessimism              0.129    13.007    
                         clock uncertainty           -0.154    12.853    
    SLICE_X30Y106        FDRE (Setup_fdre_C_D)        0.079    12.932    design_1_i/ps7_0_axi_periph/s00_couplers/auto_pc/inst/gen_axilite.gen_b2s_conv.axilite_b2s/WR.aw_channel_0/cmd_translator_0/incr_cmd_0/axaddr_incr_reg[2]
  -------------------------------------------------------------------
                         required time                         12.932    
                         arrival time                          -8.901    
  -------------------------------------------------------------------
                         slack                                  4.031    

Slack (MET) :             4.139ns  (required time - arrival time)
  Source:                 design_1_i/processing_system7_0/inst/PS7_i/MAXIGP0ACLK
                            (rising edge-triggered cell PS7 clocked by clk_fpga_0  {rise@0.000ns fall@5.000ns period=10.000ns})
  Destination:            design_1_i/ultrasoon_0/U0/ultrasoon_v1_0_S00_AXI_inst/slv_reg1_reg[10]/CE
                            (rising edge-triggered cell FDRE clocked by clk_fpga_0  {rise@0.000ns fall@5.000ns period=10.000ns})
  Path Group:             clk_fpga_0
  Path Type:              Setup (Max at Slow Process Corner)
  Requirement:            10.000ns  (clk_fpga_0 rise@10.000ns - clk_fpga_0 rise@0.000ns)
  Data Path Delay:        5.157ns  (logic 1.734ns (33.625%)  route 3.423ns (66.375%))
  Logic Levels:           3  (LUT4=2 LUT5=1)
  Clock Path Skew:        -0.143ns (DCD - SCD + CPR)
    Destination Clock Delay (DCD):    2.659ns = ( 12.659 - 10.000 ) 
    Source Clock Delay      (SCD):    3.031ns
    Clock Pessimism Removal (CPR):    0.229ns
  Clock Uncertainty:      0.154ns  ((TSJ^2 + TIJ^2)^1/2 + DJ) / 2 + PE
    Total System Jitter     (TSJ):    0.071ns
    Total Input Jitter      (TIJ):    0.300ns
    Discrete Jitter          (DJ):    0.000ns
    Phase Error              (PE):    0.000ns

    Location             Delay type                Incr(ns)  Path(ns)    Netlist Resource(s)
  -------------------------------------------------------------------    -------------------
                         (clock clk_fpga_0 rise edge)
                                                      0.000     0.000 r  
    PS7_X0Y0             PS7                          0.000     0.000 r  design_1_i/processing_system7_0/inst/PS7_i/FCLKCLK[0]
                         net (fo=1, routed)           1.193     1.193    design_1_i/processing_system7_0/inst/FCLK_CLK_unbuffered[0]
    BUFGCTRL_X0Y16       BUFG (Prop_bufg_I_O)         0.101     1.294 r  design_1_i/processing_system7_0/inst/buffer_fclk_clk_0.FCLK_CLK_0_BUFG/O
                         net (fo=955, routed)         1.737     3.031    design_1_i/processing_system7_0/inst/M_AXI_GP0_ACLK
    PS7_X0Y0             PS7                                          r  design_1_i/processing_system7_0/inst/PS7_i/MAXIGP0ACLK
  -------------------------------------------------------------------    -------------------
    PS7_X0Y0             PS7 (Prop_ps7_MAXIGP0ACLK_MAXIGP0WVALID)
                                                      1.334     4.365 r  design_1_i/processing_system7_0/inst/PS7_i/MAXIGP0WVALID
                         net (fo=8, routed)           1.148     5.512    design_1_i/ps7_0_axi_periph/xbar/inst/gen_sasd.crossbar_sasd_0/addr_arbiter_inst/s_axi_wvalid[0]
    SLICE_X31Y97         LUT5 (Prop_lut5_I1_O)        0.124     5.636 r  design_1_i/ps7_0_axi_periph/xbar/inst/gen_sasd.crossbar_sasd_0/addr_arbiter_inst/m_axi_wvalid[0]_INST_0/O
                         net (fo=7, routed)           0.341     5.977    design_1_i/ultrasoon_0/U0/ultrasoon_v1_0_S00_AXI_inst/s00_axi_wvalid
    SLICE_X31Y98         LUT4 (Prop_lut4_I3_O)        0.124     6.101 r  design_1_i/ultrasoon_0/U0/ultrasoon_v1_0_S00_AXI_inst/slv_reg3[31]_i_2/O
                         net (fo=12, routed)          1.242     7.343    design_1_i/ultrasoon_0/U0/ultrasoon_v1_0_S00_AXI_inst/slv_reg_wren__2
    SLICE_X35Y100        LUT4 (Prop_lut4_I0_O)        0.152     7.495 r  design_1_i/ultrasoon_0/U0/ultrasoon_v1_0_S00_AXI_inst/slv_reg1[15]_i_1/O
                         net (fo=8, routed)           0.693     8.188    design_1_i/ultrasoon_0/U0/ultrasoon_v1_0_S00_AXI_inst/slv_reg1[15]_i_1_n_0
    SLICE_X37Y97         FDRE                                         r  design_1_i/ultrasoon_0/U0/ultrasoon_v1_0_S00_AXI_inst/slv_reg1_reg[10]/CE
  -------------------------------------------------------------------    -------------------

                         (clock clk_fpga_0 rise edge)
                                                     10.000    10.000 r  
    PS7_X0Y0             PS7                          0.000    10.000 r  design_1_i/processing_system7_0/inst/PS7_i/FCLKCLK[0]
                         net (fo=1, routed)           1.088    11.088    design_1_i/processing_system7_0/inst/FCLK_CLK_unbuffered[0]
    BUFGCTRL_X0Y16       BUFG (Prop_bufg_I_O)         0.091    11.179 r  design_1_i/processing_system7_0/inst/buffer_fclk_clk_0.FCLK_CLK_0_BUFG/O
                         net (fo=955, routed)         1.480    12.659    design_1_i/ultrasoon_0/U0/ultrasoon_v1_0_S00_AXI_inst/s00_axi_aclk
    SLICE_X37Y97         FDRE                                         r  design_1_i/ultrasoon_0/U0/ultrasoon_v1_0_S00_AXI_inst/slv_reg1_reg[10]/C
                         clock pessimism              0.229    12.888    
                         clock uncertainty           -0.154    12.734    
    SLICE_X37Y97         FDRE (Setup_fdre_C_CE)      -0.407    12.327    design_1_i/ultrasoon_0/U0/ultrasoon_v1_0_S00_AXI_inst/slv_reg1_reg[10]
  -------------------------------------------------------------------
                         required time                         12.327    
                         arrival time                          -8.188    
  -------------------------------------------------------------------
                         slack                                  4.139    

Slack (MET) :             4.139ns  (required time - arrival time)
  Source:                 design_1_i/processing_system7_0/inst/PS7_i/MAXIGP0ACLK
                            (rising edge-triggered cell PS7 clocked by clk_fpga_0  {rise@0.000ns fall@5.000ns period=10.000ns})
  Destination:            design_1_i/ultrasoon_0/U0/ultrasoon_v1_0_S00_AXI_inst/slv_reg1_reg[11]/CE
                            (rising edge-triggered cell FDRE clocked by clk_fpga_0  {rise@0.000ns fall@5.000ns period=10.000ns})
  Path Group:             clk_fpga_0
  Path Type:              Setup (Max at Slow Process Corner)
  Requirement:            10.000ns  (clk_fpga_0 rise@10.000ns - clk_fpga_0 rise@0.000ns)
  Data Path Delay:        5.157ns  (logic 1.734ns (33.625%)  route 3.423ns (66.375%))
  Logic Levels:           3  (LUT4=2 LUT5=1)
  Clock Path Skew:        -0.143ns (DCD - SCD + CPR)
    Destination Clock Delay (DCD):    2.659ns = ( 12.659 - 10.000 ) 
    Source Clock Delay      (SCD):    3.031ns
    Clock Pessimism Removal (CPR):    0.229ns
  Clock Uncertainty:      0.154ns  ((TSJ^2 + TIJ^2)^1/2 + DJ) / 2 + PE
    Total System Jitter     (TSJ):    0.071ns
    Total Input Jitter      (TIJ):    0.300ns
    Discrete Jitter          (DJ):    0.000ns
    Phase Error              (PE):    0.000ns

    Location             Delay type                Incr(ns)  Path(ns)    Netlist Resource(s)
  -------------------------------------------------------------------    -------------------
                         (clock clk_fpga_0 rise edge)
                                                      0.000     0.000 r  
    PS7_X0Y0             PS7                          0.000     0.000 r  design_1_i/processing_system7_0/inst/PS7_i/FCLKCLK[0]
                         net (fo=1, routed)           1.193     1.193    design_1_i/processing_system7_0/inst/FCLK_CLK_unbuffered[0]
    BUFGCTRL_X0Y16       BUFG (Prop_bufg_I_O)         0.101     1.294 r  design_1_i/processing_system7_0/inst/buffer_fclk_clk_0.FCLK_CLK_0_BUFG/O
                         net (fo=955, routed)         1.737     3.031    design_1_i/processing_system7_0/inst/M_AXI_GP0_ACLK
    PS7_X0Y0             PS7                                          r  design_1_i/processing_system7_0/inst/PS7_i/MAXIGP0ACLK
  -------------------------------------------------------------------    -------------------
    PS7_X0Y0             PS7 (Prop_ps7_MAXIGP0ACLK_MAXIGP0WVALID)
                                                      1.334     4.365 r  design_1_i/processing_system7_0/inst/PS7_i/MAXIGP0WVALID
                         net (fo=8, routed)           1.148     5.512    design_1_i/ps7_0_axi_periph/xbar/inst/gen_sasd.crossbar_sasd_0/addr_arbiter_inst/s_axi_wvalid[0]
    SLICE_X31Y97         LUT5 (Prop_lut5_I1_O)        0.124     5.636 r  design_1_i/ps7_0_axi_periph/xbar/inst/gen_sasd.crossbar_sasd_0/addr_arbiter_inst/m_axi_wvalid[0]_INST_0/O
                         net (fo=7, routed)           0.341     5.977    design_1_i/ultrasoon_0/U0/ultrasoon_v1_0_S00_AXI_inst/s00_axi_wvalid
    SLICE_X31Y98         LUT4 (Prop_lut4_I3_O)        0.124     6.101 r  design_1_i/ultrasoon_0/U0/ultrasoon_v1_0_S00_AXI_inst/slv_reg3[31]_i_2/O
                         net (fo=12, routed)          1.242     7.343    design_1_i/ultrasoon_0/U0/ultrasoon_v1_0_S00_AXI_inst/slv_reg_wren__2
    SLICE_X35Y100        LUT4 (Prop_lut4_I0_O)        0.152     7.495 r  design_1_i/ultrasoon_0/U0/ultrasoon_v1_0_S00_AXI_inst/slv_reg1[15]_i_1/O
                         net (fo=8, routed)           0.693     8.188    design_1_i/ultrasoon_0/U0/ultrasoon_v1_0_S00_AXI_inst/slv_reg1[15]_i_1_n_0
    SLICE_X37Y97         FDRE                                         r  design_1_i/ultrasoon_0/U0/ultrasoon_v1_0_S00_AXI_inst/slv_reg1_reg[11]/CE
  -------------------------------------------------------------------    -------------------

                         (clock clk_fpga_0 rise edge)
                                                     10.000    10.000 r  
    PS7_X0Y0             PS7                          0.000    10.000 r  design_1_i/processing_system7_0/inst/PS7_i/FCLKCLK[0]
                         net (fo=1, routed)           1.088    11.088    design_1_i/processing_system7_0/inst/FCLK_CLK_unbuffered[0]
    BUFGCTRL_X0Y16       BUFG (Prop_bufg_I_O)         0.091    11.179 r  design_1_i/processing_system7_0/inst/buffer_fclk_clk_0.FCLK_CLK_0_BUFG/O
                         net (fo=955, routed)         1.480    12.659    design_1_i/ultrasoon_0/U0/ultrasoon_v1_0_S00_AXI_inst/s00_axi_aclk
    SLICE_X37Y97         FDRE                                         r  design_1_i/ultrasoon_0/U0/ultrasoon_v1_0_S00_AXI_inst/slv_reg1_reg[11]/C
                         clock pessimism              0.229    12.888    
                         clock uncertainty           -0.154    12.734    
    SLICE_X37Y97         FDRE (Setup_fdre_C_CE)      -0.407    12.327    design_1_i/ultrasoon_0/U0/ultrasoon_v1_0_S00_AXI_inst/slv_reg1_reg[11]
  -------------------------------------------------------------------
                         required time                         12.327    
                         arrival time                          -8.188    
  -------------------------------------------------------------------
                         slack                                  4.139    

Slack (MET) :             4.139ns  (required time - arrival time)
  Source:                 design_1_i/processing_system7_0/inst/PS7_i/MAXIGP0ACLK
                            (rising edge-triggered cell PS7 clocked by clk_fpga_0  {rise@0.000ns fall@5.000ns period=10.000ns})
  Destination:            design_1_i/ultrasoon_0/U0/ultrasoon_v1_0_S00_AXI_inst/slv_reg1_reg[12]/CE
                            (rising edge-triggered cell FDRE clocked by clk_fpga_0  {rise@0.000ns fall@5.000ns period=10.000ns})
  Path Group:             clk_fpga_0
  Path Type:              Setup (Max at Slow Process Corner)
  Requirement:            10.000ns  (clk_fpga_0 rise@10.000ns - clk_fpga_0 rise@0.000ns)
  Data Path Delay:        5.157ns  (logic 1.734ns (33.625%)  route 3.423ns (66.375%))
  Logic Levels:           3  (LUT4=2 LUT5=1)
  Clock Path Skew:        -0.143ns (DCD - SCD + CPR)
    Destination Clock Delay (DCD):    2.659ns = ( 12.659 - 10.000 ) 
    Source Clock Delay      (SCD):    3.031ns
    Clock Pessimism Removal (CPR):    0.229ns
  Clock Uncertainty:      0.154ns  ((TSJ^2 + TIJ^2)^1/2 + DJ) / 2 + PE
    Total System Jitter     (TSJ):    0.071ns
    Total Input Jitter      (TIJ):    0.300ns
    Discrete Jitter          (DJ):    0.000ns
    Phase Error              (PE):    0.000ns

    Location             Delay type                Incr(ns)  Path(ns)    Netlist Resource(s)
  -------------------------------------------------------------------    -------------------
                         (clock clk_fpga_0 rise edge)
                                                      0.000     0.000 r  
    PS7_X0Y0             PS7                          0.000     0.000 r  design_1_i/processing_system7_0/inst/PS7_i/FCLKCLK[0]
                         net (fo=1, routed)           1.193     1.193    design_1_i/processing_system7_0/inst/FCLK_CLK_unbuffered[0]
    BUFGCTRL_X0Y16       BUFG (Prop_bufg_I_O)         0.101     1.294 r  design_1_i/processing_system7_0/inst/buffer_fclk_clk_0.FCLK_CLK_0_BUFG/O
                         net (fo=955, routed)         1.737     3.031    design_1_i/processing_system7_0/inst/M_AXI_GP0_ACLK
    PS7_X0Y0             PS7                                          r  design_1_i/processing_system7_0/inst/PS7_i/MAXIGP0ACLK
  -------------------------------------------------------------------    -------------------
    PS7_X0Y0             PS7 (Prop_ps7_MAXIGP0ACLK_MAXIGP0WVALID)
                                                      1.334     4.365 r  design_1_i/processing_system7_0/inst/PS7_i/MAXIGP0WVALID
                         net (fo=8, routed)           1.148     5.512    design_1_i/ps7_0_axi_periph/xbar/inst/gen_sasd.crossbar_sasd_0/addr_arbiter_inst/s_axi_wvalid[0]
    SLICE_X31Y97         LUT5 (Prop_lut5_I1_O)        0.124     5.636 r  design_1_i/ps7_0_axi_periph/xbar/inst/gen_sasd.crossbar_sasd_0/addr_arbiter_inst/m_axi_wvalid[0]_INST_0/O
                         net (fo=7, routed)           0.341     5.977    design_1_i/ultrasoon_0/U0/ultrasoon_v1_0_S00_AXI_inst/s00_axi_wvalid
    SLICE_X31Y98         LUT4 (Prop_lut4_I3_O)        0.124     6.101 r  design_1_i/ultrasoon_0/U0/ultrasoon_v1_0_S00_AXI_inst/slv_reg3[31]_i_2/O
                         net (fo=12, routed)          1.242     7.343    design_1_i/ultrasoon_0/U0/ultrasoon_v1_0_S00_AXI_inst/slv_reg_wren__2
    SLICE_X35Y100        LUT4 (Prop_lut4_I0_O)        0.152     7.495 r  design_1_i/ultrasoon_0/U0/ultrasoon_v1_0_S00_AXI_inst/slv_reg1[15]_i_1/O
                         net (fo=8, routed)           0.693     8.188    design_1_i/ultrasoon_0/U0/ultrasoon_v1_0_S00_AXI_inst/slv_reg1[15]_i_1_n_0
    SLICE_X37Y97         FDRE                                         r  design_1_i/ultrasoon_0/U0/ultrasoon_v1_0_S00_AXI_inst/slv_reg1_reg[12]/CE
  -------------------------------------------------------------------    -------------------

                         (clock clk_fpga_0 rise edge)
                                                     10.000    10.000 r  
    PS7_X0Y0             PS7                          0.000    10.000 r  design_1_i/processing_system7_0/inst/PS7_i/FCLKCLK[0]
                         net (fo=1, routed)           1.088    11.088    design_1_i/processing_system7_0/inst/FCLK_CLK_unbuffered[0]
    BUFGCTRL_X0Y16       BUFG (Prop_bufg_I_O)         0.091    11.179 r  design_1_i/processing_system7_0/inst/buffer_fclk_clk_0.FCLK_CLK_0_BUFG/O
                         net (fo=955, routed)         1.480    12.659    design_1_i/ultrasoon_0/U0/ultrasoon_v1_0_S00_AXI_inst/s00_axi_aclk
    SLICE_X37Y97         FDRE                                         r  design_1_i/ultrasoon_0/U0/ultrasoon_v1_0_S00_AXI_inst/slv_reg1_reg[12]/C
                         clock pessimism              0.229    12.888    
                         clock uncertainty           -0.154    12.734    
    SLICE_X37Y97         FDRE (Setup_fdre_C_CE)      -0.407    12.327    design_1_i/ultrasoon_0/U0/ultrasoon_v1_0_S00_AXI_inst/slv_reg1_reg[12]
  -------------------------------------------------------------------
                         required time                         12.327    
                         arrival time                          -8.188    
  -------------------------------------------------------------------
                         slack                                  4.139    

Slack (MET) :             4.139ns  (required time - arrival time)
  Source:                 design_1_i/processing_system7_0/inst/PS7_i/MAXIGP0ACLK
                            (rising edge-triggered cell PS7 clocked by clk_fpga_0  {rise@0.000ns fall@5.000ns period=10.000ns})
  Destination:            design_1_i/ultrasoon_0/U0/ultrasoon_v1_0_S00_AXI_inst/slv_reg1_reg[13]/CE
                            (rising edge-triggered cell FDRE clocked by clk_fpga_0  {rise@0.000ns fall@5.000ns period=10.000ns})
  Path Group:             clk_fpga_0
  Path Type:              Setup (Max at Slow Process Corner)
  Requirement:            10.000ns  (clk_fpga_0 rise@10.000ns - clk_fpga_0 rise@0.000ns)
  Data Path Delay:        5.157ns  (logic 1.734ns (33.625%)  route 3.423ns (66.375%))
  Logic Levels:           3  (LUT4=2 LUT5=1)
  Clock Path Skew:        -0.143ns (DCD - SCD + CPR)
    Destination Clock Delay (DCD):    2.659ns = ( 12.659 - 10.000 ) 
    Source Clock Delay      (SCD):    3.031ns
    Clock Pessimism Removal (CPR):    0.229ns
  Clock Uncertainty:      0.154ns  ((TSJ^2 + TIJ^2)^1/2 + DJ) / 2 + PE
    Total System Jitter     (TSJ):    0.071ns
    Total Input Jitter      (TIJ):    0.300ns
    Discrete Jitter          (DJ):    0.000ns
    Phase Error              (PE):    0.000ns

    Location             Delay type                Incr(ns)  Path(ns)    Netlist Resource(s)
  -------------------------------------------------------------------    -------------------
                         (clock clk_fpga_0 rise edge)
                                                      0.000     0.000 r  
    PS7_X0Y0             PS7                          0.000     0.000 r  design_1_i/processing_system7_0/inst/PS7_i/FCLKCLK[0]
                         net (fo=1, routed)           1.193     1.193    design_1_i/processing_system7_0/inst/FCLK_CLK_unbuffered[0]
    BUFGCTRL_X0Y16       BUFG (Prop_bufg_I_O)         0.101     1.294 r  design_1_i/processing_system7_0/inst/buffer_fclk_clk_0.FCLK_CLK_0_BUFG/O
                         net (fo=955, routed)         1.737     3.031    design_1_i/processing_system7_0/inst/M_AXI_GP0_ACLK
    PS7_X0Y0             PS7                                          r  design_1_i/processing_system7_0/inst/PS7_i/MAXIGP0ACLK
  -------------------------------------------------------------------    -------------------
    PS7_X0Y0             PS7 (Prop_ps7_MAXIGP0ACLK_MAXIGP0WVALID)
                                                      1.334     4.365 r  design_1_i/processing_system7_0/inst/PS7_i/MAXIGP0WVALID
                         net (fo=8, routed)           1.148     5.512    design_1_i/ps7_0_axi_periph/xbar/inst/gen_sasd.crossbar_sasd_0/addr_arbiter_inst/s_axi_wvalid[0]
    SLICE_X31Y97         LUT5 (Prop_lut5_I1_O)        0.124     5.636 r  design_1_i/ps7_0_axi_periph/xbar/inst/gen_sasd.crossbar_sasd_0/addr_arbiter_inst/m_axi_wvalid[0]_INST_0/O
                         net (fo=7, routed)           0.341     5.977    design_1_i/ultrasoon_0/U0/ultrasoon_v1_0_S00_AXI_inst/s00_axi_wvalid
    SLICE_X31Y98         LUT4 (Prop_lut4_I3_O)        0.124     6.101 r  design_1_i/ultrasoon_0/U0/ultrasoon_v1_0_S00_AXI_inst/slv_reg3[31]_i_2/O
                         net (fo=12, routed)          1.242     7.343    design_1_i/ultrasoon_0/U0/ultrasoon_v1_0_S00_AXI_inst/slv_reg_wren__2
    SLICE_X35Y100        LUT4 (Prop_lut4_I0_O)        0.152     7.495 r  design_1_i/ultrasoon_0/U0/ultrasoon_v1_0_S00_AXI_inst/slv_reg1[15]_i_1/O
                         net (fo=8, routed)           0.693     8.188    design_1_i/ultrasoon_0/U0/ultrasoon_v1_0_S00_AXI_inst/slv_reg1[15]_i_1_n_0
    SLICE_X37Y97         FDRE                                         r  design_1_i/ultrasoon_0/U0/ultrasoon_v1_0_S00_AXI_inst/slv_reg1_reg[13]/CE
  -------------------------------------------------------------------    -------------------

                         (clock clk_fpga_0 rise edge)
                                                     10.000    10.000 r  
    PS7_X0Y0             PS7                          0.000    10.000 r  design_1_i/processing_system7_0/inst/PS7_i/FCLKCLK[0]
                         net (fo=1, routed)           1.088    11.088    design_1_i/processing_system7_0/inst/FCLK_CLK_unbuffered[0]
    BUFGCTRL_X0Y16       BUFG (Prop_bufg_I_O)         0.091    11.179 r  design_1_i/processing_system7_0/inst/buffer_fclk_clk_0.FCLK_CLK_0_BUFG/O
                         net (fo=955, routed)         1.480    12.659    design_1_i/ultrasoon_0/U0/ultrasoon_v1_0_S00_AXI_inst/s00_axi_aclk
    SLICE_X37Y97         FDRE                                         r  design_1_i/ultrasoon_0/U0/ultrasoon_v1_0_S00_AXI_inst/slv_reg1_reg[13]/C
                         clock pessimism              0.229    12.888    
                         clock uncertainty           -0.154    12.734    
    SLICE_X37Y97         FDRE (Setup_fdre_C_CE)      -0.407    12.327    design_1_i/ultrasoon_0/U0/ultrasoon_v1_0_S00_AXI_inst/slv_reg1_reg[13]
  -------------------------------------------------------------------
                         required time                         12.327    
                         arrival time                          -8.188    
  -------------------------------------------------------------------
                         slack                                  4.139    

Slack (MET) :             4.139ns  (required time - arrival time)
  Source:                 design_1_i/processing_system7_0/inst/PS7_i/MAXIGP0ACLK
                            (rising edge-triggered cell PS7 clocked by clk_fpga_0  {rise@0.000ns fall@5.000ns period=10.000ns})
  Destination:            design_1_i/ultrasoon_0/U0/ultrasoon_v1_0_S00_AXI_inst/slv_reg1_reg[14]/CE
                            (rising edge-triggered cell FDRE clocked by clk_fpga_0  {rise@0.000ns fall@5.000ns period=10.000ns})
  Path Group:             clk_fpga_0
  Path Type:              Setup (Max at Slow Process Corner)
  Requirement:            10.000ns  (clk_fpga_0 rise@10.000ns - clk_fpga_0 rise@0.000ns)
  Data Path Delay:        5.157ns  (logic 1.734ns (33.625%)  route 3.423ns (66.375%))
  Logic Levels:           3  (LUT4=2 LUT5=1)
  Clock Path Skew:        -0.143ns (DCD - SCD + CPR)
    Destination Clock Delay (DCD):    2.659ns = ( 12.659 - 10.000 ) 
    Source Clock Delay      (SCD):    3.031ns
    Clock Pessimism Removal (CPR):    0.229ns
  Clock Uncertainty:      0.154ns  ((TSJ^2 + TIJ^2)^1/2 + DJ) / 2 + PE
    Total System Jitter     (TSJ):    0.071ns
    Total Input Jitter      (TIJ):    0.300ns
    Discrete Jitter          (DJ):    0.000ns
    Phase Error              (PE):    0.000ns

    Location             Delay type                Incr(ns)  Path(ns)    Netlist Resource(s)
  -------------------------------------------------------------------    -------------------
                         (clock clk_fpga_0 rise edge)
                                                      0.000     0.000 r  
    PS7_X0Y0             PS7                          0.000     0.000 r  design_1_i/processing_system7_0/inst/PS7_i/FCLKCLK[0]
                         net (fo=1, routed)           1.193     1.193    design_1_i/processing_system7_0/inst/FCLK_CLK_unbuffered[0]
    BUFGCTRL_X0Y16       BUFG (Prop_bufg_I_O)         0.101     1.294 r  design_1_i/processing_system7_0/inst/buffer_fclk_clk_0.FCLK_CLK_0_BUFG/O
                         net (fo=955, routed)         1.737     3.031    design_1_i/processing_system7_0/inst/M_AXI_GP0_ACLK
    PS7_X0Y0             PS7                                          r  design_1_i/processing_system7_0/inst/PS7_i/MAXIGP0ACLK
  -------------------------------------------------------------------    -------------------
    PS7_X0Y0             PS7 (Prop_ps7_MAXIGP0ACLK_MAXIGP0WVALID)
                                                      1.334     4.365 r  design_1_i/processing_system7_0/inst/PS7_i/MAXIGP0WVALID
                         net (fo=8, routed)           1.148     5.512    design_1_i/ps7_0_axi_periph/xbar/inst/gen_sasd.crossbar_sasd_0/addr_arbiter_inst/s_axi_wvalid[0]
    SLICE_X31Y97         LUT5 (Prop_lut5_I1_O)        0.124     5.636 r  design_1_i/ps7_0_axi_periph/xbar/inst/gen_sasd.crossbar_sasd_0/addr_arbiter_inst/m_axi_wvalid[0]_INST_0/O
                         net (fo=7, routed)           0.341     5.977    design_1_i/ultrasoon_0/U0/ultrasoon_v1_0_S00_AXI_inst/s00_axi_wvalid
    SLICE_X31Y98         LUT4 (Prop_lut4_I3_O)        0.124     6.101 r  design_1_i/ultrasoon_0/U0/ultrasoon_v1_0_S00_AXI_inst/slv_reg3[31]_i_2/O
                         net (fo=12, routed)          1.242     7.343    design_1_i/ultrasoon_0/U0/ultrasoon_v1_0_S00_AXI_inst/slv_reg_wren__2
    SLICE_X35Y100        LUT4 (Prop_lut4_I0_O)        0.152     7.495 r  design_1_i/ultrasoon_0/U0/ultrasoon_v1_0_S00_AXI_inst/slv_reg1[15]_i_1/O
                         net (fo=8, routed)           0.693     8.188    design_1_i/ultrasoon_0/U0/ultrasoon_v1_0_S00_AXI_inst/slv_reg1[15]_i_1_n_0
    SLICE_X37Y97         FDRE                                         r  design_1_i/ultrasoon_0/U0/ultrasoon_v1_0_S00_AXI_inst/slv_reg1_reg[14]/CE
  -------------------------------------------------------------------    -------------------

                         (clock clk_fpga_0 rise edge)
                                                     10.000    10.000 r  
    PS7_X0Y0             PS7                          0.000    10.000 r  design_1_i/processing_system7_0/inst/PS7_i/FCLKCLK[0]
                         net (fo=1, routed)           1.088    11.088    design_1_i/processing_system7_0/inst/FCLK_CLK_unbuffered[0]
    BUFGCTRL_X0Y16       BUFG (Prop_bufg_I_O)         0.091    11.179 r  design_1_i/processing_system7_0/inst/buffer_fclk_clk_0.FCLK_CLK_0_BUFG/O
                         net (fo=955, routed)         1.480    12.659    design_1_i/ultrasoon_0/U0/ultrasoon_v1_0_S00_AXI_inst/s00_axi_aclk
    SLICE_X37Y97         FDRE                                         r  design_1_i/ultrasoon_0/U0/ultrasoon_v1_0_S00_AXI_inst/slv_reg1_reg[14]/C
                         clock pessimism              0.229    12.888    
                         clock uncertainty           -0.154    12.734    
    SLICE_X37Y97         FDRE (Setup_fdre_C_CE)      -0.407    12.327    design_1_i/ultrasoon_0/U0/ultrasoon_v1_0_S00_AXI_inst/slv_reg1_reg[14]
  -------------------------------------------------------------------
                         required time                         12.327    
                         arrival time                          -8.188    
  -------------------------------------------------------------------
                         slack                                  4.139    

Slack (MET) :             4.139ns  (required time - arrival time)
  Source:                 design_1_i/processing_system7_0/inst/PS7_i/MAXIGP0ACLK
                            (rising edge-triggered cell PS7 clocked by clk_fpga_0  {rise@0.000ns fall@5.000ns period=10.000ns})
  Destination:            design_1_i/ultrasoon_0/U0/ultrasoon_v1_0_S00_AXI_inst/slv_reg1_reg[15]/CE
                            (rising edge-triggered cell FDRE clocked by clk_fpga_0  {rise@0.000ns fall@5.000ns period=10.000ns})
  Path Group:             clk_fpga_0
  Path Type:              Setup (Max at Slow Process Corner)
  Requirement:            10.000ns  (clk_fpga_0 rise@10.000ns - clk_fpga_0 rise@0.000ns)
  Data Path Delay:        5.157ns  (logic 1.734ns (33.625%)  route 3.423ns (66.375%))
  Logic Levels:           3  (LUT4=2 LUT5=1)
  Clock Path Skew:        -0.143ns (DCD - SCD + CPR)
    Destination Clock Delay (DCD):    2.659ns = ( 12.659 - 10.000 ) 
    Source Clock Delay      (SCD):    3.031ns
    Clock Pessimism Removal (CPR):    0.229ns
  Clock Uncertainty:      0.154ns  ((TSJ^2 + TIJ^2)^1/2 + DJ) / 2 + PE
    Total System Jitter     (TSJ):    0.071ns
    Total Input Jitter      (TIJ):    0.300ns
    Discrete Jitter          (DJ):    0.000ns
    Phase Error              (PE):    0.000ns

    Location             Delay type                Incr(ns)  Path(ns)    Netlist Resource(s)
  -------------------------------------------------------------------    -------------------
                         (clock clk_fpga_0 rise edge)
                                                      0.000     0.000 r  
    PS7_X0Y0             PS7                          0.000     0.000 r  design_1_i/processing_system7_0/inst/PS7_i/FCLKCLK[0]
                         net (fo=1, routed)           1.193     1.193    design_1_i/processing_system7_0/inst/FCLK_CLK_unbuffered[0]
    BUFGCTRL_X0Y16       BUFG (Prop_bufg_I_O)         0.101     1.294 r  design_1_i/processing_system7_0/inst/buffer_fclk_clk_0.FCLK_CLK_0_BUFG/O
                         net (fo=955, routed)         1.737     3.031    design_1_i/processing_system7_0/inst/M_AXI_GP0_ACLK
    PS7_X0Y0             PS7                                          r  design_1_i/processing_system7_0/inst/PS7_i/MAXIGP0ACLK
  -------------------------------------------------------------------    -------------------
    PS7_X0Y0             PS7 (Prop_ps7_MAXIGP0ACLK_MAXIGP0WVALID)
                                                      1.334     4.365 r  design_1_i/processing_system7_0/inst/PS7_i/MAXIGP0WVALID
                         net (fo=8, routed)           1.148     5.512    design_1_i/ps7_0_axi_periph/xbar/inst/gen_sasd.crossbar_sasd_0/addr_arbiter_inst/s_axi_wvalid[0]
    SLICE_X31Y97         LUT5 (Prop_lut5_I1_O)        0.124     5.636 r  design_1_i/ps7_0_axi_periph/xbar/inst/gen_sasd.crossbar_sasd_0/addr_arbiter_inst/m_axi_wvalid[0]_INST_0/O
                         net (fo=7, routed)           0.341     5.977    design_1_i/ultrasoon_0/U0/ultrasoon_v1_0_S00_AXI_inst/s00_axi_wvalid
    SLICE_X31Y98         LUT4 (Prop_lut4_I3_O)        0.124     6.101 r  design_1_i/ultrasoon_0/U0/ultrasoon_v1_0_S00_AXI_inst/slv_reg3[31]_i_2/O
                         net (fo=12, routed)          1.242     7.343    design_1_i/ultrasoon_0/U0/ultrasoon_v1_0_S00_AXI_inst/slv_reg_wren__2
    SLICE_X35Y100        LUT4 (Prop_lut4_I0_O)        0.152     7.495 r  design_1_i/ultrasoon_0/U0/ultrasoon_v1_0_S00_AXI_inst/slv_reg1[15]_i_1/O
                         net (fo=8, routed)           0.693     8.188    design_1_i/ultrasoon_0/U0/ultrasoon_v1_0_S00_AXI_inst/slv_reg1[15]_i_1_n_0
    SLICE_X37Y97         FDRE                                         r  design_1_i/ultrasoon_0/U0/ultrasoon_v1_0_S00_AXI_inst/slv_reg1_reg[15]/CE
  -------------------------------------------------------------------    -------------------

                         (clock clk_fpga_0 rise edge)
                                                     10.000    10.000 r  
    PS7_X0Y0             PS7                          0.000    10.000 r  design_1_i/processing_system7_0/inst/PS7_i/FCLKCLK[0]
                         net (fo=1, routed)           1.088    11.088    design_1_i/processing_system7_0/inst/FCLK_CLK_unbuffered[0]
    BUFGCTRL_X0Y16       BUFG (Prop_bufg_I_O)         0.091    11.179 r  design_1_i/processing_system7_0/inst/buffer_fclk_clk_0.FCLK_CLK_0_BUFG/O
                         net (fo=955, routed)         1.480    12.659    design_1_i/ultrasoon_0/U0/ultrasoon_v1_0_S00_AXI_inst/s00_axi_aclk
    SLICE_X37Y97         FDRE                                         r  design_1_i/ultrasoon_0/U0/ultrasoon_v1_0_S00_AXI_inst/slv_reg1_reg[15]/C
                         clock pessimism              0.229    12.888    
                         clock uncertainty           -0.154    12.734    
    SLICE_X37Y97         FDRE (Setup_fdre_C_CE)      -0.407    12.327    design_1_i/ultrasoon_0/U0/ultrasoon_v1_0_S00_AXI_inst/slv_reg1_reg[15]
  -------------------------------------------------------------------
                         required time                         12.327    
                         arrival time                          -8.188    
  -------------------------------------------------------------------
                         slack                                  4.139    

Slack (MET) :             4.139ns  (required time - arrival time)
  Source:                 design_1_i/processing_system7_0/inst/PS7_i/MAXIGP0ACLK
                            (rising edge-triggered cell PS7 clocked by clk_fpga_0  {rise@0.000ns fall@5.000ns period=10.000ns})
  Destination:            design_1_i/ultrasoon_0/U0/ultrasoon_v1_0_S00_AXI_inst/slv_reg1_reg[8]/CE
                            (rising edge-triggered cell FDRE clocked by clk_fpga_0  {rise@0.000ns fall@5.000ns period=10.000ns})
  Path Group:             clk_fpga_0
  Path Type:              Setup (Max at Slow Process Corner)
  Requirement:            10.000ns  (clk_fpga_0 rise@10.000ns - clk_fpga_0 rise@0.000ns)
  Data Path Delay:        5.157ns  (logic 1.734ns (33.625%)  route 3.423ns (66.375%))
  Logic Levels:           3  (LUT4=2 LUT5=1)
  Clock Path Skew:        -0.143ns (DCD - SCD + CPR)
    Destination Clock Delay (DCD):    2.659ns = ( 12.659 - 10.000 ) 
    Source Clock Delay      (SCD):    3.031ns
    Clock Pessimism Removal (CPR):    0.229ns
  Clock Uncertainty:      0.154ns  ((TSJ^2 + TIJ^2)^1/2 + DJ) / 2 + PE
    Total System Jitter     (TSJ):    0.071ns
    Total Input Jitter      (TIJ):    0.300ns
    Discrete Jitter          (DJ):    0.000ns
    Phase Error              (PE):    0.000ns

    Location             Delay type                Incr(ns)  Path(ns)    Netlist Resource(s)
  -------------------------------------------------------------------    -------------------
                         (clock clk_fpga_0 rise edge)
                                                      0.000     0.000 r  
    PS7_X0Y0             PS7                          0.000     0.000 r  design_1_i/processing_system7_0/inst/PS7_i/FCLKCLK[0]
                         net (fo=1, routed)           1.193     1.193    design_1_i/processing_system7_0/inst/FCLK_CLK_unbuffered[0]
    BUFGCTRL_X0Y16       BUFG (Prop_bufg_I_O)         0.101     1.294 r  design_1_i/processing_system7_0/inst/buffer_fclk_clk_0.FCLK_CLK_0_BUFG/O
                         net (fo=955, routed)         1.737     3.031    design_1_i/processing_system7_0/inst/M_AXI_GP0_ACLK
    PS7_X0Y0             PS7                                          r  design_1_i/processing_system7_0/inst/PS7_i/MAXIGP0ACLK
  -------------------------------------------------------------------    -------------------
    PS7_X0Y0             PS7 (Prop_ps7_MAXIGP0ACLK_MAXIGP0WVALID)
                                                      1.334     4.365 r  design_1_i/processing_system7_0/inst/PS7_i/MAXIGP0WVALID
                         net (fo=8, routed)           1.148     5.512    design_1_i/ps7_0_axi_periph/xbar/inst/gen_sasd.crossbar_sasd_0/addr_arbiter_inst/s_axi_wvalid[0]
    SLICE_X31Y97         LUT5 (Prop_lut5_I1_O)        0.124     5.636 r  design_1_i/ps7_0_axi_periph/xbar/inst/gen_sasd.crossbar_sasd_0/addr_arbiter_inst/m_axi_wvalid[0]_INST_0/O
                         net (fo=7, routed)           0.341     5.977    design_1_i/ultrasoon_0/U0/ultrasoon_v1_0_S00_AXI_inst/s00_axi_wvalid
    SLICE_X31Y98         LUT4 (Prop_lut4_I3_O)        0.124     6.101 r  design_1_i/ultrasoon_0/U0/ultrasoon_v1_0_S00_AXI_inst/slv_reg3[31]_i_2/O
                         net (fo=12, routed)          1.242     7.343    design_1_i/ultrasoon_0/U0/ultrasoon_v1_0_S00_AXI_inst/slv_reg_wren__2
    SLICE_X35Y100        LUT4 (Prop_lut4_I0_O)        0.152     7.495 r  design_1_i/ultrasoon_0/U0/ultrasoon_v1_0_S00_AXI_inst/slv_reg1[15]_i_1/O
                         net (fo=8, routed)           0.693     8.188    design_1_i/ultrasoon_0/U0/ultrasoon_v1_0_S00_AXI_inst/slv_reg1[15]_i_1_n_0
    SLICE_X37Y97         FDRE                                         r  design_1_i/ultrasoon_0/U0/ultrasoon_v1_0_S00_AXI_inst/slv_reg1_reg[8]/CE
  -------------------------------------------------------------------    -------------------

                         (clock clk_fpga_0 rise edge)
                                                     10.000    10.000 r  
    PS7_X0Y0             PS7                          0.000    10.000 r  design_1_i/processing_system7_0/inst/PS7_i/FCLKCLK[0]
                         net (fo=1, routed)           1.088    11.088    design_1_i/processing_system7_0/inst/FCLK_CLK_unbuffered[0]
    BUFGCTRL_X0Y16       BUFG (Prop_bufg_I_O)         0.091    11.179 r  design_1_i/processing_system7_0/inst/buffer_fclk_clk_0.FCLK_CLK_0_BUFG/O
                         net (fo=955, routed)         1.480    12.659    design_1_i/ultrasoon_0/U0/ultrasoon_v1_0_S00_AXI_inst/s00_axi_aclk
    SLICE_X37Y97         FDRE                                         r  design_1_i/ultrasoon_0/U0/ultrasoon_v1_0_S00_AXI_inst/slv_reg1_reg[8]/C
                         clock pessimism              0.229    12.888    
                         clock uncertainty           -0.154    12.734    
    SLICE_X37Y97         FDRE (Setup_fdre_C_CE)      -0.407    12.327    design_1_i/ultrasoon_0/U0/ultrasoon_v1_0_S00_AXI_inst/slv_reg1_reg[8]
  -------------------------------------------------------------------
                         required time                         12.327    
                         arrival time                          -8.188    
  -------------------------------------------------------------------
                         slack                                  4.139    

Slack (MET) :             4.139ns  (required time - arrival time)
  Source:                 design_1_i/processing_system7_0/inst/PS7_i/MAXIGP0ACLK
                            (rising edge-triggered cell PS7 clocked by clk_fpga_0  {rise@0.000ns fall@5.000ns period=10.000ns})
  Destination:            design_1_i/ultrasoon_0/U0/ultrasoon_v1_0_S00_AXI_inst/slv_reg1_reg[9]/CE
                            (rising edge-triggered cell FDRE clocked by clk_fpga_0  {rise@0.000ns fall@5.000ns period=10.000ns})
  Path Group:             clk_fpga_0
  Path Type:              Setup (Max at Slow Process Corner)
  Requirement:            10.000ns  (clk_fpga_0 rise@10.000ns - clk_fpga_0 rise@0.000ns)
  Data Path Delay:        5.157ns  (logic 1.734ns (33.625%)  route 3.423ns (66.375%))
  Logic Levels:           3  (LUT4=2 LUT5=1)
  Clock Path Skew:        -0.143ns (DCD - SCD + CPR)
    Destination Clock Delay (DCD):    2.659ns = ( 12.659 - 10.000 ) 
    Source Clock Delay      (SCD):    3.031ns
    Clock Pessimism Removal (CPR):    0.229ns
  Clock Uncertainty:      0.154ns  ((TSJ^2 + TIJ^2)^1/2 + DJ) / 2 + PE
    Total System Jitter     (TSJ):    0.071ns
    Total Input Jitter      (TIJ):    0.300ns
    Discrete Jitter          (DJ):    0.000ns
    Phase Error              (PE):    0.000ns

    Location             Delay type                Incr(ns)  Path(ns)    Netlist Resource(s)
  -------------------------------------------------------------------    -------------------
                         (clock clk_fpga_0 rise edge)
                                                      0.000     0.000 r  
    PS7_X0Y0             PS7                          0.000     0.000 r  design_1_i/processing_system7_0/inst/PS7_i/FCLKCLK[0]
                         net (fo=1, routed)           1.193     1.193    design_1_i/processing_system7_0/inst/FCLK_CLK_unbuffered[0]
    BUFGCTRL_X0Y16       BUFG (Prop_bufg_I_O)         0.101     1.294 r  design_1_i/processing_system7_0/inst/buffer_fclk_clk_0.FCLK_CLK_0_BUFG/O
                         net (fo=955, routed)         1.737     3.031    design_1_i/processing_system7_0/inst/M_AXI_GP0_ACLK
    PS7_X0Y0             PS7                                          r  design_1_i/processing_system7_0/inst/PS7_i/MAXIGP0ACLK
  -------------------------------------------------------------------    -------------------
    PS7_X0Y0             PS7 (Prop_ps7_MAXIGP0ACLK_MAXIGP0WVALID)
                                                      1.334     4.365 r  design_1_i/processing_system7_0/inst/PS7_i/MAXIGP0WVALID
                         net (fo=8, routed)           1.148     5.512    design_1_i/ps7_0_axi_periph/xbar/inst/gen_sasd.crossbar_sasd_0/addr_arbiter_inst/s_axi_wvalid[0]
    SLICE_X31Y97         LUT5 (Prop_lut5_I1_O)        0.124     5.636 r  design_1_i/ps7_0_axi_periph/xbar/inst/gen_sasd.crossbar_sasd_0/addr_arbiter_inst/m_axi_wvalid[0]_INST_0/O
                         net (fo=7, routed)           0.341     5.977    design_1_i/ultrasoon_0/U0/ultrasoon_v1_0_S00_AXI_inst/s00_axi_wvalid
    SLICE_X31Y98         LUT4 (Prop_lut4_I3_O)        0.124     6.101 r  design_1_i/ultrasoon_0/U0/ultrasoon_v1_0_S00_AXI_inst/slv_reg3[31]_i_2/O
                         net (fo=12, routed)          1.242     7.343    design_1_i/ultrasoon_0/U0/ultrasoon_v1_0_S00_AXI_inst/slv_reg_wren__2
    SLICE_X35Y100        LUT4 (Prop_lut4_I0_O)        0.152     7.495 r  design_1_i/ultrasoon_0/U0/ultrasoon_v1_0_S00_AXI_inst/slv_reg1[15]_i_1/O
                         net (fo=8, routed)           0.693     8.188    design_1_i/ultrasoon_0/U0/ultrasoon_v1_0_S00_AXI_inst/slv_reg1[15]_i_1_n_0
    SLICE_X37Y97         FDRE                                         r  design_1_i/ultrasoon_0/U0/ultrasoon_v1_0_S00_AXI_inst/slv_reg1_reg[9]/CE
  -------------------------------------------------------------------    -------------------

                         (clock clk_fpga_0 rise edge)
                                                     10.000    10.000 r  
    PS7_X0Y0             PS7                          0.000    10.000 r  design_1_i/processing_system7_0/inst/PS7_i/FCLKCLK[0]
                         net (fo=1, routed)           1.088    11.088    design_1_i/processing_system7_0/inst/FCLK_CLK_unbuffered[0]
    BUFGCTRL_X0Y16       BUFG (Prop_bufg_I_O)         0.091    11.179 r  design_1_i/processing_system7_0/inst/buffer_fclk_clk_0.FCLK_CLK_0_BUFG/O
                         net (fo=955, routed)         1.480    12.659    design_1_i/ultrasoon_0/U0/ultrasoon_v1_0_S00_AXI_inst/s00_axi_aclk
    SLICE_X37Y97         FDRE                                         r  design_1_i/ultrasoon_0/U0/ultrasoon_v1_0_S00_AXI_inst/slv_reg1_reg[9]/C
                         clock pessimism              0.229    12.888    
                         clock uncertainty           -0.154    12.734    
    SLICE_X37Y97         FDRE (Setup_fdre_C_CE)      -0.407    12.327    design_1_i/ultrasoon_0/U0/ultrasoon_v1_0_S00_AXI_inst/slv_reg1_reg[9]
  -------------------------------------------------------------------
                         required time                         12.327    
                         arrival time                          -8.188    
  -------------------------------------------------------------------
                         slack                                  4.139    





Min Delay Paths
--------------------------------------------------------------------------------------
Slack (MET) :             0.079ns  (arrival time - required time)
  Source:                 design_1_i/ps7_0_axi_periph/xbar/inst/gen_sasd.crossbar_sasd_0/addr_arbiter_inst/s_awvalid_reg_reg[0]/C
                            (rising edge-triggered cell FDRE clocked by clk_fpga_0  {rise@0.000ns fall@5.000ns period=10.000ns})
  Destination:            design_1_i/ps7_0_axi_periph/xbar/inst/gen_sasd.crossbar_sasd_0/addr_arbiter_inst/gen_no_arbiter.m_amesg_i_reg[32]/D
                            (rising edge-triggered cell FDRE clocked by clk_fpga_0  {rise@0.000ns fall@5.000ns period=10.000ns})
  Path Group:             clk_fpga_0
  Path Type:              Hold (Min at Fast Process Corner)
  Requirement:            0.000ns  (clk_fpga_0 rise@0.000ns - clk_fpga_0 rise@0.000ns)
  Data Path Delay:        0.351ns  (logic 0.209ns (59.475%)  route 0.142ns (40.525%))
  Logic Levels:           1  (LUT4=1)
  Clock Path Skew:        0.181ns (DCD - SCD - CPR)
    Destination Clock Delay (DCD):    1.211ns
    Source Clock Delay      (SCD):    0.995ns
    Clock Pessimism Removal (CPR):    0.035ns

    Location             Delay type                Incr(ns)  Path(ns)    Netlist Resource(s)
  -------------------------------------------------------------------    -------------------
                         (clock clk_fpga_0 rise edge)
                                                      0.000     0.000 r  
    PS7_X0Y0             PS7                          0.000     0.000 r  design_1_i/processing_system7_0/inst/PS7_i/FCLKCLK[0]
                         net (fo=1, routed)           0.310     0.310    design_1_i/processing_system7_0/inst/FCLK_CLK_unbuffered[0]
    BUFGCTRL_X0Y16       BUFG (Prop_bufg_I_O)         0.026     0.336 r  design_1_i/processing_system7_0/inst/buffer_fclk_clk_0.FCLK_CLK_0_BUFG/O
                         net (fo=955, routed)         0.659     0.995    design_1_i/ps7_0_axi_periph/xbar/inst/gen_sasd.crossbar_sasd_0/addr_arbiter_inst/aclk
    SLICE_X30Y100        FDRE                                         r  design_1_i/ps7_0_axi_periph/xbar/inst/gen_sasd.crossbar_sasd_0/addr_arbiter_inst/s_awvalid_reg_reg[0]/C
  -------------------------------------------------------------------    -------------------
    SLICE_X30Y100        FDRE (Prop_fdre_C_Q)         0.164     1.159 r  design_1_i/ps7_0_axi_periph/xbar/inst/gen_sasd.crossbar_sasd_0/addr_arbiter_inst/s_awvalid_reg_reg[0]/Q
                         net (fo=21, routed)          0.142     1.301    design_1_i/ps7_0_axi_periph/xbar/inst/gen_sasd.crossbar_sasd_0/addr_arbiter_inst/s_awvalid_reg
    SLICE_X28Y99         LUT4 (Prop_lut4_I2_O)        0.045     1.346 r  design_1_i/ps7_0_axi_periph/xbar/inst/gen_sasd.crossbar_sasd_0/addr_arbiter_inst/gen_no_arbiter.m_amesg_i[32]_i_2/O
                         net (fo=1, routed)           0.000     1.346    design_1_i/ps7_0_axi_periph/xbar/inst/gen_sasd.crossbar_sasd_0/addr_arbiter_inst/s_amesg[32]
    SLICE_X28Y99         FDRE                                         r  design_1_i/ps7_0_axi_periph/xbar/inst/gen_sasd.crossbar_sasd_0/addr_arbiter_inst/gen_no_arbiter.m_amesg_i_reg[32]/D
  -------------------------------------------------------------------    -------------------

                         (clock clk_fpga_0 rise edge)
                                                      0.000     0.000 r  
    PS7_X0Y0             PS7                          0.000     0.000 r  design_1_i/processing_system7_0/inst/PS7_i/FCLKCLK[0]
                         net (fo=1, routed)           0.337     0.337    design_1_i/processing_system7_0/inst/FCLK_CLK_unbuffered[0]
    BUFGCTRL_X0Y16       BUFG (Prop_bufg_I_O)         0.029     0.366 r  design_1_i/processing_system7_0/inst/buffer_fclk_clk_0.FCLK_CLK_0_BUFG/O
                         net (fo=955, routed)         0.845     1.211    design_1_i/ps7_0_axi_periph/xbar/inst/gen_sasd.crossbar_sasd_0/addr_arbiter_inst/aclk
    SLICE_X28Y99         FDRE                                         r  design_1_i/ps7_0_axi_periph/xbar/inst/gen_sasd.crossbar_sasd_0/addr_arbiter_inst/gen_no_arbiter.m_amesg_i_reg[32]/C
                         clock pessimism             -0.035     1.176    
    SLICE_X28Y99         FDRE (Hold_fdre_C_D)         0.092     1.268    design_1_i/ps7_0_axi_periph/xbar/inst/gen_sasd.crossbar_sasd_0/addr_arbiter_inst/gen_no_arbiter.m_amesg_i_reg[32]
  -------------------------------------------------------------------
                         required time                         -1.268    
                         arrival time                           1.346    
  -------------------------------------------------------------------
                         slack                                  0.079    

Slack (MET) :             0.095ns  (arrival time - required time)
  Source:                 design_1_i/ultrasoon_0/U0/ultrasoon_v1_0_S00_AXI_inst/slv_reg1_reg[28]/C
                            (rising edge-triggered cell FDRE clocked by clk_fpga_0  {rise@0.000ns fall@5.000ns period=10.000ns})
  Destination:            design_1_i/ultrasoon_0/U0/ultrasoon_v1_0_S00_AXI_inst/axi_rdata_reg[28]/D
                            (rising edge-triggered cell FDRE clocked by clk_fpga_0  {rise@0.000ns fall@5.000ns period=10.000ns})
  Path Group:             clk_fpga_0
  Path Type:              Hold (Min at Fast Process Corner)
  Requirement:            0.000ns  (clk_fpga_0 rise@0.000ns - clk_fpga_0 rise@0.000ns)
  Data Path Delay:        0.398ns  (logic 0.227ns (57.047%)  route 0.171ns (42.953%))
  Logic Levels:           1  (LUT5=1)
  Clock Path Skew:        0.182ns (DCD - SCD - CPR)
    Destination Clock Delay (DCD):    1.192ns
    Source Clock Delay      (SCD):    0.975ns
    Clock Pessimism Removal (CPR):    0.035ns

    Location             Delay type                Incr(ns)  Path(ns)    Netlist Resource(s)
  -------------------------------------------------------------------    -------------------
                         (clock clk_fpga_0 rise edge)
                                                      0.000     0.000 r  
    PS7_X0Y0             PS7                          0.000     0.000 r  design_1_i/processing_system7_0/inst/PS7_i/FCLKCLK[0]
                         net (fo=1, routed)           0.310     0.310    design_1_i/processing_system7_0/inst/FCLK_CLK_unbuffered[0]
    BUFGCTRL_X0Y16       BUFG (Prop_bufg_I_O)         0.026     0.336 r  design_1_i/processing_system7_0/inst/buffer_fclk_clk_0.FCLK_CLK_0_BUFG/O
                         net (fo=955, routed)         0.639     0.975    design_1_i/ultrasoon_0/U0/ultrasoon_v1_0_S00_AXI_inst/s00_axi_aclk
    SLICE_X37Y100        FDRE                                         r  design_1_i/ultrasoon_0/U0/ultrasoon_v1_0_S00_AXI_inst/slv_reg1_reg[28]/C
  -------------------------------------------------------------------    -------------------
    SLICE_X37Y100        FDRE (Prop_fdre_C_Q)         0.128     1.103 r  design_1_i/ultrasoon_0/U0/ultrasoon_v1_0_S00_AXI_inst/slv_reg1_reg[28]/Q
                         net (fo=1, routed)           0.171     1.274    design_1_i/ultrasoon_0/U0/ultrasoon_v1_0_S00_AXI_inst/slv_reg1[28]
    SLICE_X34Y99         LUT5 (Prop_lut5_I1_O)        0.099     1.373 r  design_1_i/ultrasoon_0/U0/ultrasoon_v1_0_S00_AXI_inst/axi_rdata[28]_i_1/O
                         net (fo=1, routed)           0.000     1.373    design_1_i/ultrasoon_0/U0/ultrasoon_v1_0_S00_AXI_inst/reg_data_out[28]
    SLICE_X34Y99         FDRE                                         r  design_1_i/ultrasoon_0/U0/ultrasoon_v1_0_S00_AXI_inst/axi_rdata_reg[28]/D
  -------------------------------------------------------------------    -------------------

                         (clock clk_fpga_0 rise edge)
                                                      0.000     0.000 r  
    PS7_X0Y0             PS7                          0.000     0.000 r  design_1_i/processing_system7_0/inst/PS7_i/FCLKCLK[0]
                         net (fo=1, routed)           0.337     0.337    design_1_i/processing_system7_0/inst/FCLK_CLK_unbuffered[0]
    BUFGCTRL_X0Y16       BUFG (Prop_bufg_I_O)         0.029     0.366 r  design_1_i/processing_system7_0/inst/buffer_fclk_clk_0.FCLK_CLK_0_BUFG/O
                         net (fo=955, routed)         0.826     1.192    design_1_i/ultrasoon_0/U0/ultrasoon_v1_0_S00_AXI_inst/s00_axi_aclk
    SLICE_X34Y99         FDRE                                         r  design_1_i/ultrasoon_0/U0/ultrasoon_v1_0_S00_AXI_inst/axi_rdata_reg[28]/C
                         clock pessimism             -0.035     1.157    
    SLICE_X34Y99         FDRE (Hold_fdre_C_D)         0.121     1.278    design_1_i/ultrasoon_0/U0/ultrasoon_v1_0_S00_AXI_inst/axi_rdata_reg[28]
  -------------------------------------------------------------------
                         required time                         -1.278    
                         arrival time                           1.373    
  -------------------------------------------------------------------
                         slack                                  0.095    

Slack (MET) :             0.102ns  (arrival time - required time)
  Source:                 design_1_i/ultrasoon_0/U0/ultrasoon_v1_0_S00_AXI_inst/axi_rdata_reg[27]/C
                            (rising edge-triggered cell FDRE clocked by clk_fpga_0  {rise@0.000ns fall@5.000ns period=10.000ns})
  Destination:            design_1_i/ps7_0_axi_periph/xbar/inst/gen_sasd.crossbar_sasd_0/reg_slice_r/skid_buffer_reg[30]/D
                            (rising edge-triggered cell FDRE clocked by clk_fpga_0  {rise@0.000ns fall@5.000ns period=10.000ns})
  Path Group:             clk_fpga_0
  Path Type:              Hold (Min at Fast Process Corner)
  Requirement:            0.000ns  (clk_fpga_0 rise@0.000ns - clk_fpga_0 rise@0.000ns)
  Data Path Delay:        0.374ns  (logic 0.186ns (49.795%)  route 0.188ns (50.205%))
  Logic Levels:           1  (LUT6=1)
  Clock Path Skew:        0.181ns (DCD - SCD - CPR)
    Destination Clock Delay (DCD):    1.191ns
    Source Clock Delay      (SCD):    0.975ns
    Clock Pessimism Removal (CPR):    0.035ns

    Location             Delay type                Incr(ns)  Path(ns)    Netlist Resource(s)
  -------------------------------------------------------------------    -------------------
                         (clock clk_fpga_0 rise edge)
                                                      0.000     0.000 r  
    PS7_X0Y0             PS7                          0.000     0.000 r  design_1_i/processing_system7_0/inst/PS7_i/FCLKCLK[0]
                         net (fo=1, routed)           0.310     0.310    design_1_i/processing_system7_0/inst/FCLK_CLK_unbuffered[0]
    BUFGCTRL_X0Y16       BUFG (Prop_bufg_I_O)         0.026     0.336 r  design_1_i/processing_system7_0/inst/buffer_fclk_clk_0.FCLK_CLK_0_BUFG/O
                         net (fo=955, routed)         0.639     0.975    design_1_i/ultrasoon_0/U0/ultrasoon_v1_0_S00_AXI_inst/s00_axi_aclk
    SLICE_X39Y100        FDRE                                         r  design_1_i/ultrasoon_0/U0/ultrasoon_v1_0_S00_AXI_inst/axi_rdata_reg[27]/C
  -------------------------------------------------------------------    -------------------
    SLICE_X39Y100        FDRE (Prop_fdre_C_Q)         0.141     1.116 r  design_1_i/ultrasoon_0/U0/ultrasoon_v1_0_S00_AXI_inst/axi_rdata_reg[27]/Q
                         net (fo=1, routed)           0.188     1.304    design_1_i/ps7_0_axi_periph/xbar/inst/gen_sasd.crossbar_sasd_0/reg_slice_r/m_axi_rdata[27]
    SLICE_X37Y98         LUT6 (Prop_lut6_I5_O)        0.045     1.349 r  design_1_i/ps7_0_axi_periph/xbar/inst/gen_sasd.crossbar_sasd_0/reg_slice_r/m_payload_i[30]_i_1/O
                         net (fo=2, routed)           0.000     1.349    design_1_i/ps7_0_axi_periph/xbar/inst/gen_sasd.crossbar_sasd_0/reg_slice_r/skid_buffer[30]
    SLICE_X37Y98         FDRE                                         r  design_1_i/ps7_0_axi_periph/xbar/inst/gen_sasd.crossbar_sasd_0/reg_slice_r/skid_buffer_reg[30]/D
  -------------------------------------------------------------------    -------------------

                         (clock clk_fpga_0 rise edge)
                                                      0.000     0.000 r  
    PS7_X0Y0             PS7                          0.000     0.000 r  design_1_i/processing_system7_0/inst/PS7_i/FCLKCLK[0]
                         net (fo=1, routed)           0.337     0.337    design_1_i/processing_system7_0/inst/FCLK_CLK_unbuffered[0]
    BUFGCTRL_X0Y16       BUFG (Prop_bufg_I_O)         0.029     0.366 r  design_1_i/processing_system7_0/inst/buffer_fclk_clk_0.FCLK_CLK_0_BUFG/O
                         net (fo=955, routed)         0.825     1.191    design_1_i/ps7_0_axi_periph/xbar/inst/gen_sasd.crossbar_sasd_0/reg_slice_r/aclk
    SLICE_X37Y98         FDRE                                         r  design_1_i/ps7_0_axi_periph/xbar/inst/gen_sasd.crossbar_sasd_0/reg_slice_r/skid_buffer_reg[30]/C
                         clock pessimism             -0.035     1.156    
    SLICE_X37Y98         FDRE (Hold_fdre_C_D)         0.091     1.247    design_1_i/ps7_0_axi_periph/xbar/inst/gen_sasd.crossbar_sasd_0/reg_slice_r/skid_buffer_reg[30]
  -------------------------------------------------------------------
                         required time                         -1.247    
                         arrival time                           1.349    
  -------------------------------------------------------------------
                         slack                                  0.102    

Slack (MET) :             0.102ns  (arrival time - required time)
  Source:                 design_1_i/ps7_0_axi_periph/s00_couplers/auto_pc/inst/gen_axilite.gen_b2s_conv.axilite_b2s/WR.aw_channel_0/s_awid_r_reg[7]/C
                            (rising edge-triggered cell FDRE clocked by clk_fpga_0  {rise@0.000ns fall@5.000ns period=10.000ns})
  Destination:            design_1_i/ps7_0_axi_periph/s00_couplers/auto_pc/inst/gen_axilite.gen_b2s_conv.axilite_b2s/WR.b_channel_0/bid_fifo_0/memory_reg[3][15]_srl4/D
                            (rising edge-triggered cell SRL16E clocked by clk_fpga_0  {rise@0.000ns fall@5.000ns period=10.000ns})
  Path Group:             clk_fpga_0
  Path Type:              Hold (Min at Fast Process Corner)
  Requirement:            0.000ns  (clk_fpga_0 rise@0.000ns - clk_fpga_0 rise@0.000ns)
  Data Path Delay:        0.248ns  (logic 0.128ns (51.610%)  route 0.120ns (48.390%))
  Logic Levels:           0  
  Clock Path Skew:        0.016ns (DCD - SCD - CPR)
    Destination Clock Delay (DCD):    1.297ns
    Source Clock Delay      (SCD):    0.995ns
    Clock Pessimism Removal (CPR):    0.286ns

    Location             Delay type                Incr(ns)  Path(ns)    Netlist Resource(s)
  -------------------------------------------------------------------    -------------------
                         (clock clk_fpga_0 rise edge)
                                                      0.000     0.000 r  
    PS7_X0Y0             PS7                          0.000     0.000 r  design_1_i/processing_system7_0/inst/PS7_i/FCLKCLK[0]
                         net (fo=1, routed)           0.310     0.310    design_1_i/processing_system7_0/inst/FCLK_CLK_unbuffered[0]
    BUFGCTRL_X0Y16       BUFG (Prop_bufg_I_O)         0.026     0.336 r  design_1_i/processing_system7_0/inst/buffer_fclk_clk_0.FCLK_CLK_0_BUFG/O
                         net (fo=955, routed)         0.659     0.995    design_1_i/ps7_0_axi_periph/s00_couplers/auto_pc/inst/gen_axilite.gen_b2s_conv.axilite_b2s/WR.aw_channel_0/aclk
    SLICE_X31Y100        FDRE                                         r  design_1_i/ps7_0_axi_periph/s00_couplers/auto_pc/inst/gen_axilite.gen_b2s_conv.axilite_b2s/WR.aw_channel_0/s_awid_r_reg[7]/C
  -------------------------------------------------------------------    -------------------
    SLICE_X31Y100        FDRE (Prop_fdre_C_Q)         0.128     1.123 r  design_1_i/ps7_0_axi_periph/s00_couplers/auto_pc/inst/gen_axilite.gen_b2s_conv.axilite_b2s/WR.aw_channel_0/s_awid_r_reg[7]/Q
                         net (fo=1, routed)           0.120     1.243    design_1_i/ps7_0_axi_periph/s00_couplers/auto_pc/inst/gen_axilite.gen_b2s_conv.axilite_b2s/WR.b_channel_0/bid_fifo_0/in[11]
    SLICE_X30Y102        SRL16E                                       r  design_1_i/ps7_0_axi_periph/s00_couplers/auto_pc/inst/gen_axilite.gen_b2s_conv.axilite_b2s/WR.b_channel_0/bid_fifo_0/memory_reg[3][15]_srl4/D
  -------------------------------------------------------------------    -------------------

                         (clock clk_fpga_0 rise edge)
                                                      0.000     0.000 r  
    PS7_X0Y0             PS7                          0.000     0.000 r  design_1_i/processing_system7_0/inst/PS7_i/FCLKCLK[0]
                         net (fo=1, routed)           0.337     0.337    design_1_i/processing_system7_0/inst/FCLK_CLK_unbuffered[0]
    BUFGCTRL_X0Y16       BUFG (Prop_bufg_I_O)         0.029     0.366 r  design_1_i/processing_system7_0/inst/buffer_fclk_clk_0.FCLK_CLK_0_BUFG/O
                         net (fo=955, routed)         0.931     1.297    design_1_i/ps7_0_axi_periph/s00_couplers/auto_pc/inst/gen_axilite.gen_b2s_conv.axilite_b2s/WR.b_channel_0/bid_fifo_0/aclk
    SLICE_X30Y102        SRL16E                                       r  design_1_i/ps7_0_axi_periph/s00_couplers/auto_pc/inst/gen_axilite.gen_b2s_conv.axilite_b2s/WR.b_channel_0/bid_fifo_0/memory_reg[3][15]_srl4/CLK
                         clock pessimism             -0.286     1.011    
    SLICE_X30Y102        SRL16E (Hold_srl16e_CLK_D)
                                                      0.130     1.141    design_1_i/ps7_0_axi_periph/s00_couplers/auto_pc/inst/gen_axilite.gen_b2s_conv.axilite_b2s/WR.b_channel_0/bid_fifo_0/memory_reg[3][15]_srl4
  -------------------------------------------------------------------
                         required time                         -1.141    
                         arrival time                           1.243    
  -------------------------------------------------------------------
                         slack                                  0.102    

Slack (MET) :             0.105ns  (arrival time - required time)
  Source:                 design_1_i/ps7_0_axi_periph/xbar/inst/gen_sasd.crossbar_sasd_0/reg_slice_r/m_payload_i_reg[29]/C
                            (rising edge-triggered cell FDRE clocked by clk_fpga_0  {rise@0.000ns fall@5.000ns period=10.000ns})
  Destination:            design_1_i/ps7_0_axi_periph/s00_couplers/auto_pc/inst/gen_axilite.gen_b2s_conv.axilite_b2s/RD.r_channel_0/rd_data_fifo_0/memory_reg[31][26]_srl32/D
                            (rising edge-triggered cell SRLC32E clocked by clk_fpga_0  {rise@0.000ns fall@5.000ns period=10.000ns})
  Path Group:             clk_fpga_0
  Path Type:              Hold (Min at Fast Process Corner)
  Requirement:            0.000ns  (clk_fpga_0 rise@0.000ns - clk_fpga_0 rise@0.000ns)
  Data Path Delay:        0.247ns  (logic 0.128ns (51.736%)  route 0.119ns (48.264%))
  Logic Levels:           0  
  Clock Path Skew:        0.013ns (DCD - SCD - CPR)
    Destination Clock Delay (DCD):    1.210ns
    Source Clock Delay      (SCD):    0.912ns
    Clock Pessimism Removal (CPR):    0.285ns

    Location             Delay type                Incr(ns)  Path(ns)    Netlist Resource(s)
  -------------------------------------------------------------------    -------------------
                         (clock clk_fpga_0 rise edge)
                                                      0.000     0.000 r  
    PS7_X0Y0             PS7                          0.000     0.000 r  design_1_i/processing_system7_0/inst/PS7_i/FCLKCLK[0]
                         net (fo=1, routed)           0.310     0.310    design_1_i/processing_system7_0/inst/FCLK_CLK_unbuffered[0]
    BUFGCTRL_X0Y16       BUFG (Prop_bufg_I_O)         0.026     0.336 r  design_1_i/processing_system7_0/inst/buffer_fclk_clk_0.FCLK_CLK_0_BUFG/O
                         net (fo=955, routed)         0.576     0.912    design_1_i/ps7_0_axi_periph/xbar/inst/gen_sasd.crossbar_sasd_0/reg_slice_r/aclk
    SLICE_X31Y95         FDRE                                         r  design_1_i/ps7_0_axi_periph/xbar/inst/gen_sasd.crossbar_sasd_0/reg_slice_r/m_payload_i_reg[29]/C
  -------------------------------------------------------------------    -------------------
    SLICE_X31Y95         FDRE (Prop_fdre_C_Q)         0.128     1.040 r  design_1_i/ps7_0_axi_periph/xbar/inst/gen_sasd.crossbar_sasd_0/reg_slice_r/m_payload_i_reg[29]/Q
                         net (fo=1, routed)           0.119     1.159    design_1_i/ps7_0_axi_periph/s00_couplers/auto_pc/inst/gen_axilite.gen_b2s_conv.axilite_b2s/RD.r_channel_0/rd_data_fifo_0/in[26]
    SLICE_X30Y95         SRLC32E                                      r  design_1_i/ps7_0_axi_periph/s00_couplers/auto_pc/inst/gen_axilite.gen_b2s_conv.axilite_b2s/RD.r_channel_0/rd_data_fifo_0/memory_reg[31][26]_srl32/D
  -------------------------------------------------------------------    -------------------

                         (clock clk_fpga_0 rise edge)
                                                      0.000     0.000 r  
    PS7_X0Y0             PS7                          0.000     0.000 r  design_1_i/processing_system7_0/inst/PS7_i/FCLKCLK[0]
                         net (fo=1, routed)           0.337     0.337    design_1_i/processing_system7_0/inst/FCLK_CLK_unbuffered[0]
    BUFGCTRL_X0Y16       BUFG (Prop_bufg_I_O)         0.029     0.366 r  design_1_i/processing_system7_0/inst/buffer_fclk_clk_0.FCLK_CLK_0_BUFG/O
                         net (fo=955, routed)         0.844     1.210    design_1_i/ps7_0_axi_periph/s00_couplers/auto_pc/inst/gen_axilite.gen_b2s_conv.axilite_b2s/RD.r_channel_0/rd_data_fifo_0/aclk
    SLICE_X30Y95         SRLC32E                                      r  design_1_i/ps7_0_axi_periph/s00_couplers/auto_pc/inst/gen_axilite.gen_b2s_conv.axilite_b2s/RD.r_channel_0/rd_data_fifo_0/memory_reg[31][26]_srl32/CLK
                         clock pessimism             -0.285     0.925    
    SLICE_X30Y95         SRLC32E (Hold_srlc32e_CLK_D)
                                                      0.129     1.054    design_1_i/ps7_0_axi_periph/s00_couplers/auto_pc/inst/gen_axilite.gen_b2s_conv.axilite_b2s/RD.r_channel_0/rd_data_fifo_0/memory_reg[31][26]_srl32
  -------------------------------------------------------------------
                         required time                         -1.054    
                         arrival time                           1.159    
  -------------------------------------------------------------------
                         slack                                  0.105    

Slack (MET) :             0.106ns  (arrival time - required time)
  Source:                 design_1_i/ultrasoon_1/U0/ultrasoon_v1_0_S00_AXI_inst/slv_reg0_reg[21]/C
                            (rising edge-triggered cell FDRE clocked by clk_fpga_0  {rise@0.000ns fall@5.000ns period=10.000ns})
  Destination:            design_1_i/ultrasoon_1/U0/ultrasoon_v1_0_S00_AXI_inst/axi_rdata_reg[21]/D
                            (rising edge-triggered cell FDRE clocked by clk_fpga_0  {rise@0.000ns fall@5.000ns period=10.000ns})
  Path Group:             clk_fpga_0
  Path Type:              Hold (Min at Fast Process Corner)
  Requirement:            0.000ns  (clk_fpga_0 rise@0.000ns - clk_fpga_0 rise@0.000ns)
  Data Path Delay:        0.240ns  (logic 0.186ns (77.466%)  route 0.054ns (22.534%))
  Logic Levels:           1  (LUT5=1)
  Clock Path Skew:        0.013ns (DCD - SCD - CPR)
    Destination Clock Delay (DCD):    1.192ns
    Source Clock Delay      (SCD):    0.895ns
    Clock Pessimism Removal (CPR):    0.284ns

    Location             Delay type                Incr(ns)  Path(ns)    Netlist Resource(s)
  -------------------------------------------------------------------    -------------------
                         (clock clk_fpga_0 rise edge)
                                                      0.000     0.000 r  
    PS7_X0Y0             PS7                          0.000     0.000 r  design_1_i/processing_system7_0/inst/PS7_i/FCLKCLK[0]
                         net (fo=1, routed)           0.310     0.310    design_1_i/processing_system7_0/inst/FCLK_CLK_unbuffered[0]
    BUFGCTRL_X0Y16       BUFG (Prop_bufg_I_O)         0.026     0.336 r  design_1_i/processing_system7_0/inst/buffer_fclk_clk_0.FCLK_CLK_0_BUFG/O
                         net (fo=955, routed)         0.559     0.895    design_1_i/ultrasoon_1/U0/ultrasoon_v1_0_S00_AXI_inst/s00_axi_aclk
    SLICE_X33Y98         FDRE                                         r  design_1_i/ultrasoon_1/U0/ultrasoon_v1_0_S00_AXI_inst/slv_reg0_reg[21]/C
  -------------------------------------------------------------------    -------------------
    SLICE_X33Y98         FDRE (Prop_fdre_C_Q)         0.141     1.036 r  design_1_i/ultrasoon_1/U0/ultrasoon_v1_0_S00_AXI_inst/slv_reg0_reg[21]/Q
                         net (fo=1, routed)           0.054     1.090    design_1_i/ultrasoon_1/U0/ultrasoon_v1_0_S00_AXI_inst/slv_reg0[21]
    SLICE_X32Y98         LUT5 (Prop_lut5_I3_O)        0.045     1.135 r  design_1_i/ultrasoon_1/U0/ultrasoon_v1_0_S00_AXI_inst/axi_rdata[21]_i_1/O
                         net (fo=1, routed)           0.000     1.135    design_1_i/ultrasoon_1/U0/ultrasoon_v1_0_S00_AXI_inst/reg_data_out[21]
    SLICE_X32Y98         FDRE                                         r  design_1_i/ultrasoon_1/U0/ultrasoon_v1_0_S00_AXI_inst/axi_rdata_reg[21]/D
  -------------------------------------------------------------------    -------------------

                         (clock clk_fpga_0 rise edge)
                                                      0.000     0.000 r  
    PS7_X0Y0             PS7                          0.000     0.000 r  design_1_i/processing_system7_0/inst/PS7_i/FCLKCLK[0]
                         net (fo=1, routed)           0.337     0.337    design_1_i/processing_system7_0/inst/FCLK_CLK_unbuffered[0]
    BUFGCTRL_X0Y16       BUFG (Prop_bufg_I_O)         0.029     0.366 r  design_1_i/processing_system7_0/inst/buffer_fclk_clk_0.FCLK_CLK_0_BUFG/O
                         net (fo=955, routed)         0.826     1.192    design_1_i/ultrasoon_1/U0/ultrasoon_v1_0_S00_AXI_inst/s00_axi_aclk
    SLICE_X32Y98         FDRE                                         r  design_1_i/ultrasoon_1/U0/ultrasoon_v1_0_S00_AXI_inst/axi_rdata_reg[21]/C
                         clock pessimism             -0.284     0.908    
    SLICE_X32Y98         FDRE (Hold_fdre_C_D)         0.121     1.029    design_1_i/ultrasoon_1/U0/ultrasoon_v1_0_S00_AXI_inst/axi_rdata_reg[21]
  -------------------------------------------------------------------
                         required time                         -1.029    
                         arrival time                           1.135    
  -------------------------------------------------------------------
                         slack                                  0.106    

Slack (MET) :             0.106ns  (arrival time - required time)
  Source:                 design_1_i/ultrasoon_0/U0/ultrasoon_v1_0_S00_AXI_inst/slv_reg3_reg[18]/C
                            (rising edge-triggered cell FDRE clocked by clk_fpga_0  {rise@0.000ns fall@5.000ns period=10.000ns})
  Destination:            design_1_i/ultrasoon_0/U0/ultrasoon_v1_0_S00_AXI_inst/axi_rdata_reg[18]/D
                            (rising edge-triggered cell FDRE clocked by clk_fpga_0  {rise@0.000ns fall@5.000ns period=10.000ns})
  Path Group:             clk_fpga_0
  Path Type:              Hold (Min at Fast Process Corner)
  Requirement:            0.000ns  (clk_fpga_0 rise@0.000ns - clk_fpga_0 rise@0.000ns)
  Data Path Delay:        0.240ns  (logic 0.186ns (77.466%)  route 0.054ns (22.534%))
  Logic Levels:           1  (LUT5=1)
  Clock Path Skew:        0.013ns (DCD - SCD - CPR)
    Destination Clock Delay (DCD):    1.191ns
    Source Clock Delay      (SCD):    0.894ns
    Clock Pessimism Removal (CPR):    0.284ns

    Location             Delay type                Incr(ns)  Path(ns)    Netlist Resource(s)
  -------------------------------------------------------------------    -------------------
                         (clock clk_fpga_0 rise edge)
                                                      0.000     0.000 r  
    PS7_X0Y0             PS7                          0.000     0.000 r  design_1_i/processing_system7_0/inst/PS7_i/FCLKCLK[0]
                         net (fo=1, routed)           0.310     0.310    design_1_i/processing_system7_0/inst/FCLK_CLK_unbuffered[0]
    BUFGCTRL_X0Y16       BUFG (Prop_bufg_I_O)         0.026     0.336 r  design_1_i/processing_system7_0/inst/buffer_fclk_clk_0.FCLK_CLK_0_BUFG/O
                         net (fo=955, routed)         0.558     0.894    design_1_i/ultrasoon_0/U0/ultrasoon_v1_0_S00_AXI_inst/s00_axi_aclk
    SLICE_X35Y96         FDRE                                         r  design_1_i/ultrasoon_0/U0/ultrasoon_v1_0_S00_AXI_inst/slv_reg3_reg[18]/C
  -------------------------------------------------------------------    -------------------
    SLICE_X35Y96         FDRE (Prop_fdre_C_Q)         0.141     1.035 r  design_1_i/ultrasoon_0/U0/ultrasoon_v1_0_S00_AXI_inst/slv_reg3_reg[18]/Q
                         net (fo=1, routed)           0.054     1.089    design_1_i/ultrasoon_0/U0/ultrasoon_v1_0_S00_AXI_inst/slv_reg3[18]
    SLICE_X34Y96         LUT5 (Prop_lut5_I0_O)        0.045     1.134 r  design_1_i/ultrasoon_0/U0/ultrasoon_v1_0_S00_AXI_inst/axi_rdata[18]_i_1/O
                         net (fo=1, routed)           0.000     1.134    design_1_i/ultrasoon_0/U0/ultrasoon_v1_0_S00_AXI_inst/reg_data_out[18]
    SLICE_X34Y96         FDRE                                         r  design_1_i/ultrasoon_0/U0/ultrasoon_v1_0_S00_AXI_inst/axi_rdata_reg[18]/D
  -------------------------------------------------------------------    -------------------

                         (clock clk_fpga_0 rise edge)
                                                      0.000     0.000 r  
    PS7_X0Y0             PS7                          0.000     0.000 r  design_1_i/processing_system7_0/inst/PS7_i/FCLKCLK[0]
                         net (fo=1, routed)           0.337     0.337    design_1_i/processing_system7_0/inst/FCLK_CLK_unbuffered[0]
    BUFGCTRL_X0Y16       BUFG (Prop_bufg_I_O)         0.029     0.366 r  design_1_i/processing_system7_0/inst/buffer_fclk_clk_0.FCLK_CLK_0_BUFG/O
                         net (fo=955, routed)         0.825     1.191    design_1_i/ultrasoon_0/U0/ultrasoon_v1_0_S00_AXI_inst/s00_axi_aclk
    SLICE_X34Y96         FDRE                                         r  design_1_i/ultrasoon_0/U0/ultrasoon_v1_0_S00_AXI_inst/axi_rdata_reg[18]/C
                         clock pessimism             -0.284     0.907    
    SLICE_X34Y96         FDRE (Hold_fdre_C_D)         0.121     1.028    design_1_i/ultrasoon_0/U0/ultrasoon_v1_0_S00_AXI_inst/axi_rdata_reg[18]
  -------------------------------------------------------------------
                         required time                         -1.028    
                         arrival time                           1.134    
  -------------------------------------------------------------------
                         slack                                  0.106    

Slack (MET) :             0.109ns  (arrival time - required time)
  Source:                 design_1_i/ultrasoon_1/U0/ultrasoon_v1_0_S00_AXI_inst/axi_rdata_reg[29]/C
                            (rising edge-triggered cell FDRE clocked by clk_fpga_0  {rise@0.000ns fall@5.000ns period=10.000ns})
  Destination:            design_1_i/ps7_0_axi_periph/xbar/inst/gen_sasd.crossbar_sasd_0/reg_slice_r/skid_buffer_reg[32]/D
                            (rising edge-triggered cell FDRE clocked by clk_fpga_0  {rise@0.000ns fall@5.000ns period=10.000ns})
  Path Group:             clk_fpga_0
  Path Type:              Hold (Min at Fast Process Corner)
  Requirement:            0.000ns  (clk_fpga_0 rise@0.000ns - clk_fpga_0 rise@0.000ns)
  Data Path Delay:        0.242ns  (logic 0.186ns (76.827%)  route 0.056ns (23.174%))
  Logic Levels:           1  (LUT6=1)
  Clock Path Skew:        0.013ns (DCD - SCD - CPR)
    Destination Clock Delay (DCD):    1.277ns
    Source Clock Delay      (SCD):    0.975ns
    Clock Pessimism Removal (CPR):    0.289ns

    Location             Delay type                Incr(ns)  Path(ns)    Netlist Resource(s)
  -------------------------------------------------------------------    -------------------
                         (clock clk_fpga_0 rise edge)
                                                      0.000     0.000 r  
    PS7_X0Y0             PS7                          0.000     0.000 r  design_1_i/processing_system7_0/inst/PS7_i/FCLKCLK[0]
                         net (fo=1, routed)           0.310     0.310    design_1_i/processing_system7_0/inst/FCLK_CLK_unbuffered[0]
    BUFGCTRL_X0Y16       BUFG (Prop_bufg_I_O)         0.026     0.336 r  design_1_i/processing_system7_0/inst/buffer_fclk_clk_0.FCLK_CLK_0_BUFG/O
                         net (fo=955, routed)         0.639     0.975    design_1_i/ultrasoon_1/U0/ultrasoon_v1_0_S00_AXI_inst/s00_axi_aclk
    SLICE_X37Y101        FDRE                                         r  design_1_i/ultrasoon_1/U0/ultrasoon_v1_0_S00_AXI_inst/axi_rdata_reg[29]/C
  -------------------------------------------------------------------    -------------------
    SLICE_X37Y101        FDRE (Prop_fdre_C_Q)         0.141     1.116 r  design_1_i/ultrasoon_1/U0/ultrasoon_v1_0_S00_AXI_inst/axi_rdata_reg[29]/Q
                         net (fo=1, routed)           0.056     1.172    design_1_i/ps7_0_axi_periph/xbar/inst/gen_sasd.crossbar_sasd_0/reg_slice_r/m_axi_rdata[61]
    SLICE_X36Y101        LUT6 (Prop_lut6_I1_O)        0.045     1.217 r  design_1_i/ps7_0_axi_periph/xbar/inst/gen_sasd.crossbar_sasd_0/reg_slice_r/m_payload_i[32]_i_1/O
                         net (fo=2, routed)           0.000     1.217    design_1_i/ps7_0_axi_periph/xbar/inst/gen_sasd.crossbar_sasd_0/reg_slice_r/skid_buffer[32]
    SLICE_X36Y101        FDRE                                         r  design_1_i/ps7_0_axi_periph/xbar/inst/gen_sasd.crossbar_sasd_0/reg_slice_r/skid_buffer_reg[32]/D
  -------------------------------------------------------------------    -------------------

                         (clock clk_fpga_0 rise edge)
                                                      0.000     0.000 r  
    PS7_X0Y0             PS7                          0.000     0.000 r  design_1_i/processing_system7_0/inst/PS7_i/FCLKCLK[0]
                         net (fo=1, routed)           0.337     0.337    design_1_i/processing_system7_0/inst/FCLK_CLK_unbuffered[0]
    BUFGCTRL_X0Y16       BUFG (Prop_bufg_I_O)         0.029     0.366 r  design_1_i/processing_system7_0/inst/buffer_fclk_clk_0.FCLK_CLK_0_BUFG/O
                         net (fo=955, routed)         0.911     1.277    design_1_i/ps7_0_axi_periph/xbar/inst/gen_sasd.crossbar_sasd_0/reg_slice_r/aclk
    SLICE_X36Y101        FDRE                                         r  design_1_i/ps7_0_axi_periph/xbar/inst/gen_sasd.crossbar_sasd_0/reg_slice_r/skid_buffer_reg[32]/C
                         clock pessimism             -0.289     0.988    
    SLICE_X36Y101        FDRE (Hold_fdre_C_D)         0.120     1.108    design_1_i/ps7_0_axi_periph/xbar/inst/gen_sasd.crossbar_sasd_0/reg_slice_r/skid_buffer_reg[32]
  -------------------------------------------------------------------
                         required time                         -1.108    
                         arrival time                           1.217    
  -------------------------------------------------------------------
                         slack                                  0.109    

Slack (MET) :             0.109ns  (arrival time - required time)
  Source:                 design_1_i/ultrasoon_0/U0/ultrasoon_v1_0_S00_AXI_inst/slv_reg1_reg[26]/C
                            (rising edge-triggered cell FDRE clocked by clk_fpga_0  {rise@0.000ns fall@5.000ns period=10.000ns})
  Destination:            design_1_i/ultrasoon_0/U0/ultrasoon_v1_0_S00_AXI_inst/axi_rdata_reg[26]/D
                            (rising edge-triggered cell FDRE clocked by clk_fpga_0  {rise@0.000ns fall@5.000ns period=10.000ns})
  Path Group:             clk_fpga_0
  Path Type:              Hold (Min at Fast Process Corner)
  Requirement:            0.000ns  (clk_fpga_0 rise@0.000ns - clk_fpga_0 rise@0.000ns)
  Data Path Delay:        0.242ns  (logic 0.186ns (76.827%)  route 0.056ns (23.174%))
  Logic Levels:           1  (LUT5=1)
  Clock Path Skew:        0.013ns (DCD - SCD - CPR)
    Destination Clock Delay (DCD):    1.277ns
    Source Clock Delay      (SCD):    0.975ns
    Clock Pessimism Removal (CPR):    0.289ns

    Location             Delay type                Incr(ns)  Path(ns)    Netlist Resource(s)
  -------------------------------------------------------------------    -------------------
                         (clock clk_fpga_0 rise edge)
                                                      0.000     0.000 r  
    PS7_X0Y0             PS7                          0.000     0.000 r  design_1_i/processing_system7_0/inst/PS7_i/FCLKCLK[0]
                         net (fo=1, routed)           0.310     0.310    design_1_i/processing_system7_0/inst/FCLK_CLK_unbuffered[0]
    BUFGCTRL_X0Y16       BUFG (Prop_bufg_I_O)         0.026     0.336 r  design_1_i/processing_system7_0/inst/buffer_fclk_clk_0.FCLK_CLK_0_BUFG/O
                         net (fo=955, routed)         0.639     0.975    design_1_i/ultrasoon_0/U0/ultrasoon_v1_0_S00_AXI_inst/s00_axi_aclk
    SLICE_X37Y100        FDRE                                         r  design_1_i/ultrasoon_0/U0/ultrasoon_v1_0_S00_AXI_inst/slv_reg1_reg[26]/C
  -------------------------------------------------------------------    -------------------
    SLICE_X37Y100        FDRE (Prop_fdre_C_Q)         0.141     1.116 r  design_1_i/ultrasoon_0/U0/ultrasoon_v1_0_S00_AXI_inst/slv_reg1_reg[26]/Q
                         net (fo=1, routed)           0.056     1.172    design_1_i/ultrasoon_0/U0/ultrasoon_v1_0_S00_AXI_inst/slv_reg1[26]
    SLICE_X36Y100        LUT5 (Prop_lut5_I1_O)        0.045     1.217 r  design_1_i/ultrasoon_0/U0/ultrasoon_v1_0_S00_AXI_inst/axi_rdata[26]_i_1/O
                         net (fo=1, routed)           0.000     1.217    design_1_i/ultrasoon_0/U0/ultrasoon_v1_0_S00_AXI_inst/reg_data_out[26]
    SLICE_X36Y100        FDRE                                         r  design_1_i/ultrasoon_0/U0/ultrasoon_v1_0_S00_AXI_inst/axi_rdata_reg[26]/D
  -------------------------------------------------------------------    -------------------

                         (clock clk_fpga_0 rise edge)
                                                      0.000     0.000 r  
    PS7_X0Y0             PS7                          0.000     0.000 r  design_1_i/processing_system7_0/inst/PS7_i/FCLKCLK[0]
                         net (fo=1, routed)           0.337     0.337    design_1_i/processing_system7_0/inst/FCLK_CLK_unbuffered[0]
    BUFGCTRL_X0Y16       BUFG (Prop_bufg_I_O)         0.029     0.366 r  design_1_i/processing_system7_0/inst/buffer_fclk_clk_0.FCLK_CLK_0_BUFG/O
                         net (fo=955, routed)         0.911     1.277    design_1_i/ultrasoon_0/U0/ultrasoon_v1_0_S00_AXI_inst/s00_axi_aclk
    SLICE_X36Y100        FDRE                                         r  design_1_i/ultrasoon_0/U0/ultrasoon_v1_0_S00_AXI_inst/axi_rdata_reg[26]/C
                         clock pessimism             -0.289     0.988    
    SLICE_X36Y100        FDRE (Hold_fdre_C_D)         0.120     1.108    design_1_i/ultrasoon_0/U0/ultrasoon_v1_0_S00_AXI_inst/axi_rdata_reg[26]
  -------------------------------------------------------------------
                         required time                         -1.108    
                         arrival time                           1.217    
  -------------------------------------------------------------------
                         slack                                  0.109    

Slack (MET) :             0.113ns  (arrival time - required time)
  Source:                 design_1_i/ps7_0_axi_periph/s00_couplers/auto_pc/inst/gen_axilite.gen_b2s_conv.axilite_b2s/SI_REG/aw.aw_pipe/skid_buffer_reg[57]/C
                            (rising edge-triggered cell FDRE clocked by clk_fpga_0  {rise@0.000ns fall@5.000ns period=10.000ns})
  Destination:            design_1_i/ps7_0_axi_periph/s00_couplers/auto_pc/inst/gen_axilite.gen_b2s_conv.axilite_b2s/SI_REG/aw.aw_pipe/m_payload_i_reg[57]/D
                            (rising edge-triggered cell FDRE clocked by clk_fpga_0  {rise@0.000ns fall@5.000ns period=10.000ns})
  Path Group:             clk_fpga_0
  Path Type:              Hold (Min at Fast Process Corner)
  Requirement:            0.000ns  (clk_fpga_0 rise@0.000ns - clk_fpga_0 rise@0.000ns)
  Data Path Delay:        0.572ns  (logic 0.225ns (39.352%)  route 0.347ns (60.648%))
  Logic Levels:           1  (LUT3=1)
  Clock Path Skew:        0.351ns (DCD - SCD - CPR)
    Destination Clock Delay (DCD):    1.296ns
    Source Clock Delay      (SCD):    0.910ns
    Clock Pessimism Removal (CPR):    0.035ns

    Location             Delay type                Incr(ns)  Path(ns)    Netlist Resource(s)
  -------------------------------------------------------------------    -------------------
                         (clock clk_fpga_0 rise edge)
                                                      0.000     0.000 r  
    PS7_X0Y0             PS7                          0.000     0.000 r  design_1_i/processing_system7_0/inst/PS7_i/FCLKCLK[0]
                         net (fo=1, routed)           0.310     0.310    design_1_i/processing_system7_0/inst/FCLK_CLK_unbuffered[0]
    BUFGCTRL_X0Y16       BUFG (Prop_bufg_I_O)         0.026     0.336 r  design_1_i/processing_system7_0/inst/buffer_fclk_clk_0.FCLK_CLK_0_BUFG/O
                         net (fo=955, routed)         0.574     0.910    design_1_i/ps7_0_axi_periph/s00_couplers/auto_pc/inst/gen_axilite.gen_b2s_conv.axilite_b2s/SI_REG/aw.aw_pipe/aclk
    SLICE_X27Y99         FDRE                                         r  design_1_i/ps7_0_axi_periph/s00_couplers/auto_pc/inst/gen_axilite.gen_b2s_conv.axilite_b2s/SI_REG/aw.aw_pipe/skid_buffer_reg[57]/C
  -------------------------------------------------------------------    -------------------
    SLICE_X27Y99         FDRE (Prop_fdre_C_Q)         0.128     1.038 r  design_1_i/ps7_0_axi_periph/s00_couplers/auto_pc/inst/gen_axilite.gen_b2s_conv.axilite_b2s/SI_REG/aw.aw_pipe/skid_buffer_reg[57]/Q
                         net (fo=1, routed)           0.347     1.384    design_1_i/ps7_0_axi_periph/s00_couplers/auto_pc/inst/gen_axilite.gen_b2s_conv.axilite_b2s/SI_REG/aw.aw_pipe/skid_buffer_reg_n_0_[57]
    SLICE_X27Y100        LUT3 (Prop_lut3_I2_O)        0.097     1.481 r  design_1_i/ps7_0_axi_periph/s00_couplers/auto_pc/inst/gen_axilite.gen_b2s_conv.axilite_b2s/SI_REG/aw.aw_pipe/m_payload_i[57]_i_1/O
                         net (fo=1, routed)           0.000     1.481    design_1_i/ps7_0_axi_periph/s00_couplers/auto_pc/inst/gen_axilite.gen_b2s_conv.axilite_b2s/SI_REG/aw.aw_pipe/skid_buffer[57]
    SLICE_X27Y100        FDRE                                         r  design_1_i/ps7_0_axi_periph/s00_couplers/auto_pc/inst/gen_axilite.gen_b2s_conv.axilite_b2s/SI_REG/aw.aw_pipe/m_payload_i_reg[57]/D
  -------------------------------------------------------------------    -------------------

                         (clock clk_fpga_0 rise edge)
                                                      0.000     0.000 r  
    PS7_X0Y0             PS7                          0.000     0.000 r  design_1_i/processing_system7_0/inst/PS7_i/FCLKCLK[0]
                         net (fo=1, routed)           0.337     0.337    design_1_i/processing_system7_0/inst/FCLK_CLK_unbuffered[0]
    BUFGCTRL_X0Y16       BUFG (Prop_bufg_I_O)         0.029     0.366 r  design_1_i/processing_system7_0/inst/buffer_fclk_clk_0.FCLK_CLK_0_BUFG/O
                         net (fo=955, routed)         0.930     1.296    design_1_i/ps7_0_axi_periph/s00_couplers/auto_pc/inst/gen_axilite.gen_b2s_conv.axilite_b2s/SI_REG/aw.aw_pipe/aclk
    SLICE_X27Y100        FDRE                                         r  design_1_i/ps7_0_axi_periph/s00_couplers/auto_pc/inst/gen_axilite.gen_b2s_conv.axilite_b2s/SI_REG/aw.aw_pipe/m_payload_i_reg[57]/C
                         clock pessimism             -0.035     1.261    
    SLICE_X27Y100        FDRE (Hold_fdre_C_D)         0.107     1.368    design_1_i/ps7_0_axi_periph/s00_couplers/auto_pc/inst/gen_axilite.gen_b2s_conv.axilite_b2s/SI_REG/aw.aw_pipe/m_payload_i_reg[57]
  -------------------------------------------------------------------
                         required time                         -1.368    
                         arrival time                           1.481    
  -------------------------------------------------------------------
                         slack                                  0.113    





Pulse Width Checks
--------------------------------------------------------------------------------------
Clock Name:         clk_fpga_0
Waveform(ns):       { 0.000 5.000 }
Period(ns):         10.000
Sources:            { design_1_i/processing_system7_0/inst/PS7_i/FCLKCLK[0] }

Check Type        Corner  Lib Pin      Reference Pin  Required(ns)  Actual(ns)  Slack(ns)  Location        Pin
Min Period        n/a     BUFG/I       n/a            2.155         10.000      7.845      BUFGCTRL_X0Y16  design_1_i/processing_system7_0/inst/buffer_fclk_clk_0.FCLK_CLK_0_BUFG/I
Min Period        n/a     FDRE/C       n/a            1.000         10.000      9.000      SLICE_X31Y102   design_1_i/ps7_0_axi_periph/s00_couplers/auto_pc/inst/gen_axilite.gen_b2s_conv.axilite_b2s/areset_d1_reg/C
Min Period        n/a     FDRE/C       n/a            1.000         10.000      9.000      SLICE_X27Y84    design_1_i/ps7_0_axi_periph/s00_couplers/auto_pc/inst/gen_axilite.gen_b2s_conv.axilite_b2s/RD.ar_channel_0/s_arid_r_reg[0]/C
Min Period        n/a     FDRE/C       n/a            1.000         10.000      9.000      SLICE_X28Y90    design_1_i/ps7_0_axi_periph/s00_couplers/auto_pc/inst/gen_axilite.gen_b2s_conv.axilite_b2s/RD.ar_channel_0/s_arid_r_reg[10]/C
Min Period        n/a     FDRE/C       n/a            1.000         10.000      9.000      SLICE_X28Y90    design_1_i/ps7_0_axi_periph/s00_couplers/auto_pc/inst/gen_axilite.gen_b2s_conv.axilite_b2s/RD.ar_channel_0/s_arid_r_reg[11]/C
Min Period        n/a     FDRE/C       n/a            1.000         10.000      9.000      SLICE_X27Y84    design_1_i/ps7_0_axi_periph/s00_couplers/auto_pc/inst/gen_axilite.gen_b2s_conv.axilite_b2s/RD.ar_channel_0/s_arid_r_reg[1]/C
Min Period        n/a     FDRE/C       n/a            1.000         10.000      9.000      SLICE_X30Y86    design_1_i/ps7_0_axi_periph/s00_couplers/auto_pc/inst/gen_axilite.gen_b2s_conv.axilite_b2s/RD.ar_channel_0/s_arid_r_reg[2]/C
Min Period        n/a     FDRE/C       n/a            1.000         10.000      9.000      SLICE_X26Y84    design_1_i/ps7_0_axi_periph/s00_couplers/auto_pc/inst/gen_axilite.gen_b2s_conv.axilite_b2s/RD.ar_channel_0/s_arid_r_reg[3]/C
Min Period        n/a     FDRE/C       n/a            1.000         10.000      9.000      SLICE_X26Y88    design_1_i/ps7_0_axi_periph/s00_couplers/auto_pc/inst/gen_axilite.gen_b2s_conv.axilite_b2s/RD.ar_channel_0/s_arid_r_reg[4]/C
Min Period        n/a     FDRE/C       n/a            1.000         10.000      9.000      SLICE_X26Y88    design_1_i/ps7_0_axi_periph/s00_couplers/auto_pc/inst/gen_axilite.gen_b2s_conv.axilite_b2s/RD.ar_channel_0/s_arid_r_reg[5]/C
Low Pulse Width   Slow    SRLC32E/CLK  n/a            0.980         5.000       4.020      SLICE_X30Y91    design_1_i/ps7_0_axi_periph/s00_couplers/auto_pc/inst/gen_axilite.gen_b2s_conv.axilite_b2s/RD.r_channel_0/rd_data_fifo_0/memory_reg[31][0]_srl32/CLK
Low Pulse Width   Fast    SRLC32E/CLK  n/a            0.980         5.000       4.020      SLICE_X30Y91    design_1_i/ps7_0_axi_periph/s00_couplers/auto_pc/inst/gen_axilite.gen_b2s_conv.axilite_b2s/RD.r_channel_0/rd_data_fifo_0/memory_reg[31][0]_srl32/CLK
Low Pulse Width   Slow    SRLC32E/CLK  n/a            0.980         5.000       4.020      SLICE_X30Y94    design_1_i/ps7_0_axi_periph/s00_couplers/auto_pc/inst/gen_axilite.gen_b2s_conv.axilite_b2s/RD.r_channel_0/rd_data_fifo_0/memory_reg[31][10]_srl32/CLK
Low Pulse Width   Fast    SRLC32E/CLK  n/a            0.980         5.000       4.020      SLICE_X30Y94    design_1_i/ps7_0_axi_periph/s00_couplers/auto_pc/inst/gen_axilite.gen_b2s_conv.axilite_b2s/RD.r_channel_0/rd_data_fifo_0/memory_reg[31][10]_srl32/CLK
Low Pulse Width   Slow    SRLC32E/CLK  n/a            0.980         5.000       4.020      SLICE_X34Y91    design_1_i/ps7_0_axi_periph/s00_couplers/auto_pc/inst/gen_axilite.gen_b2s_conv.axilite_b2s/RD.r_channel_0/rd_data_fifo_0/memory_reg[31][11]_srl32/CLK
Low Pulse Width   Fast    SRLC32E/CLK  n/a            0.980         5.000       4.020      SLICE_X34Y91    design_1_i/ps7_0_axi_periph/s00_couplers/auto_pc/inst/gen_axilite.gen_b2s_conv.axilite_b2s/RD.r_channel_0/rd_data_fifo_0/memory_reg[31][11]_srl32/CLK
Low Pulse Width   Slow    SRLC32E/CLK  n/a            0.980         5.000       4.020      SLICE_X30Y92    design_1_i/ps7_0_axi_periph/s00_couplers/auto_pc/inst/gen_axilite.gen_b2s_conv.axilite_b2s/RD.r_channel_0/rd_data_fifo_0/memory_reg[31][12]_srl32/CLK
Low Pulse Width   Fast    SRLC32E/CLK  n/a            0.980         5.000       4.020      SLICE_X30Y92    design_1_i/ps7_0_axi_periph/s00_couplers/auto_pc/inst/gen_axilite.gen_b2s_conv.axilite_b2s/RD.r_channel_0/rd_data_fifo_0/memory_reg[31][12]_srl32/CLK
Low Pulse Width   Slow    SRLC32E/CLK  n/a            0.980         5.000       4.020      SLICE_X34Y93    design_1_i/ps7_0_axi_periph/s00_couplers/auto_pc/inst/gen_axilite.gen_b2s_conv.axilite_b2s/RD.r_channel_0/rd_data_fifo_0/memory_reg[31][13]_srl32/CLK
Low Pulse Width   Fast    SRLC32E/CLK  n/a            0.980         5.000       4.020      SLICE_X34Y93    design_1_i/ps7_0_axi_periph/s00_couplers/auto_pc/inst/gen_axilite.gen_b2s_conv.axilite_b2s/RD.r_channel_0/rd_data_fifo_0/memory_reg[31][13]_srl32/CLK
High Pulse Width  Slow    SRLC32E/CLK  n/a            0.980         5.000       4.020      SLICE_X30Y91    design_1_i/ps7_0_axi_periph/s00_couplers/auto_pc/inst/gen_axilite.gen_b2s_conv.axilite_b2s/RD.r_channel_0/rd_data_fifo_0/memory_reg[31][0]_srl32/CLK
High Pulse Width  Fast    SRLC32E/CLK  n/a            0.980         5.000       4.020      SLICE_X30Y91    design_1_i/ps7_0_axi_periph/s00_couplers/auto_pc/inst/gen_axilite.gen_b2s_conv.axilite_b2s/RD.r_channel_0/rd_data_fifo_0/memory_reg[31][0]_srl32/CLK
High Pulse Width  Slow    SRLC32E/CLK  n/a            0.980         5.000       4.020      SLICE_X30Y94    design_1_i/ps7_0_axi_periph/s00_couplers/auto_pc/inst/gen_axilite.gen_b2s_conv.axilite_b2s/RD.r_channel_0/rd_data_fifo_0/memory_reg[31][10]_srl32/CLK
High Pulse Width  Fast    SRLC32E/CLK  n/a            0.980         5.000       4.020      SLICE_X30Y94    design_1_i/ps7_0_axi_periph/s00_couplers/auto_pc/inst/gen_axilite.gen_b2s_conv.axilite_b2s/RD.r_channel_0/rd_data_fifo_0/memory_reg[31][10]_srl32/CLK
High Pulse Width  Slow    SRLC32E/CLK  n/a            0.980         5.000       4.020      SLICE_X34Y91    design_1_i/ps7_0_axi_periph/s00_couplers/auto_pc/inst/gen_axilite.gen_b2s_conv.axilite_b2s/RD.r_channel_0/rd_data_fifo_0/memory_reg[31][11]_srl32/CLK
High Pulse Width  Fast    SRLC32E/CLK  n/a            0.980         5.000       4.020      SLICE_X34Y91    design_1_i/ps7_0_axi_periph/s00_couplers/auto_pc/inst/gen_axilite.gen_b2s_conv.axilite_b2s/RD.r_channel_0/rd_data_fifo_0/memory_reg[31][11]_srl32/CLK
High Pulse Width  Slow    SRLC32E/CLK  n/a            0.980         5.000       4.020      SLICE_X30Y92    design_1_i/ps7_0_axi_periph/s00_couplers/auto_pc/inst/gen_axilite.gen_b2s_conv.axilite_b2s/RD.r_channel_0/rd_data_fifo_0/memory_reg[31][12]_srl32/CLK
High Pulse Width  Fast    SRLC32E/CLK  n/a            0.980         5.000       4.020      SLICE_X30Y92    design_1_i/ps7_0_axi_periph/s00_couplers/auto_pc/inst/gen_axilite.gen_b2s_conv.axilite_b2s/RD.r_channel_0/rd_data_fifo_0/memory_reg[31][12]_srl32/CLK
High Pulse Width  Slow    SRLC32E/CLK  n/a            0.980         5.000       4.020      SLICE_X34Y93    design_1_i/ps7_0_axi_periph/s00_couplers/auto_pc/inst/gen_axilite.gen_b2s_conv.axilite_b2s/RD.r_channel_0/rd_data_fifo_0/memory_reg[31][13]_srl32/CLK
High Pulse Width  Fast    SRLC32E/CLK  n/a            0.980         5.000       4.020      SLICE_X34Y93    design_1_i/ps7_0_axi_periph/s00_couplers/auto_pc/inst/gen_axilite.gen_b2s_conv.axilite_b2s/RD.r_channel_0/rd_data_fifo_0/memory_reg[31][13]_srl32/CLK



---------------------------------------------------------------------------------------------------
From Clock:  sys_clock
  To Clock:  sys_clock

Setup :           NA  Failing Endpoints,  Worst Slack           NA  ,  Total Violation           NA
Hold  :           NA  Failing Endpoints,  Worst Slack           NA  ,  Total Violation           NA
PW    :            0  Failing Endpoints,  Worst Slack        2.000ns,  Total Violation        0.000ns
---------------------------------------------------------------------------------------------------


Pulse Width Checks
--------------------------------------------------------------------------------------
Clock Name:         sys_clock
Waveform(ns):       { 0.000 4.000 }
Period(ns):         8.000
Sources:            { sys_clock }

Check Type        Corner  Lib Pin            Reference Pin  Required(ns)  Actual(ns)  Slack(ns)  Location         Pin
Min Period        n/a     MMCME2_ADV/CLKIN1  n/a            1.249         8.000       6.751      MMCME2_ADV_X1Y2  design_1_i/clk_wiz_0/inst/mmcm_adv_inst/CLKIN1
Max Period        n/a     MMCME2_ADV/CLKIN1  n/a            100.000       8.000       92.000     MMCME2_ADV_X1Y2  design_1_i/clk_wiz_0/inst/mmcm_adv_inst/CLKIN1
Low Pulse Width   Slow    MMCME2_ADV/CLKIN1  n/a            2.000         4.000       2.000      MMCME2_ADV_X1Y2  design_1_i/clk_wiz_0/inst/mmcm_adv_inst/CLKIN1
Low Pulse Width   Fast    MMCME2_ADV/CLKIN1  n/a            2.000         4.000       2.000      MMCME2_ADV_X1Y2  design_1_i/clk_wiz_0/inst/mmcm_adv_inst/CLKIN1
High Pulse Width  Slow    MMCME2_ADV/CLKIN1  n/a            2.000         4.000       2.000      MMCME2_ADV_X1Y2  design_1_i/clk_wiz_0/inst/mmcm_adv_inst/CLKIN1
High Pulse Width  Fast    MMCME2_ADV/CLKIN1  n/a            2.000         4.000       2.000      MMCME2_ADV_X1Y2  design_1_i/clk_wiz_0/inst/mmcm_adv_inst/CLKIN1



---------------------------------------------------------------------------------------------------
From Clock:  clk_out1_design_1_clk_wiz_0_1
  To Clock:  clk_out1_design_1_clk_wiz_0_1

Setup :            0  Failing Endpoints,  Worst Slack        1.821ns,  Total Violation        0.000ns
Hold  :            0  Failing Endpoints,  Worst Slack        0.182ns,  Total Violation        0.000ns
PW    :            0  Failing Endpoints,  Worst Slack        4.500ns,  Total Violation        0.000ns
---------------------------------------------------------------------------------------------------


Max Delay Paths
--------------------------------------------------------------------------------------
Slack (MET) :             1.821ns  (required time - arrival time)
  Source:                 design_1_i/ultrasoon_0/U0/ultrasoon_v1_0_S00_AXI_inst/Core1/PS_reg[1]/C
                            (rising edge-triggered cell FDRE clocked by clk_out1_design_1_clk_wiz_0_1  {rise@0.000ns fall@5.000ns period=10.000ns})
  Destination:            design_1_i/ultrasoon_0/U0/ultrasoon_v1_0_S00_AXI_inst/Core1/centimeters_reg[0]/R
                            (falling edge-triggered cell FDRE clocked by clk_out1_design_1_clk_wiz_0_1  {rise@0.000ns fall@5.000ns period=10.000ns})
  Path Group:             clk_out1_design_1_clk_wiz_0_1
  Path Type:              Setup (Max at Slow Process Corner)
  Requirement:            5.000ns  (clk_out1_design_1_clk_wiz_0_1 fall@5.000ns - clk_out1_design_1_clk_wiz_0_1 rise@0.000ns)
  Data Path Delay:        2.237ns  (logic 0.642ns (28.701%)  route 1.595ns (71.299%))
  Logic Levels:           1  (LUT2=1)
  Clock Path Skew:        -0.351ns (DCD - SCD + CPR)
    Destination Clock Delay (DCD):    -1.690ns = ( 3.310 - 5.000 ) 
    Source Clock Delay      (SCD):    -0.872ns
    Clock Pessimism Removal (CPR):    0.466ns
  Clock Uncertainty:      0.072ns  ((TSJ^2 + DJ^2)^1/2) / 2 + PE
    Total System Jitter     (TSJ):    0.071ns
    Discrete Jitter          (DJ):    0.125ns
    Phase Error              (PE):    0.000ns

    Location             Delay type                Incr(ns)  Path(ns)    Netlist Resource(s)
  -------------------------------------------------------------------    -------------------
                         (clock clk_out1_design_1_clk_wiz_0_1 rise edge)
                                                      0.000     0.000 r  
    H16                                               0.000     0.000 r  sys_clock (IN)
                         net (fo=0)                   0.000     0.000    design_1_i/clk_wiz_0/inst/clk_in1
    H16                  IBUF (Prop_ibuf_I_O)         1.451     1.451 r  design_1_i/clk_wiz_0/inst/clkin1_ibufg/O
                         net (fo=1, routed)           1.285     2.736    design_1_i/clk_wiz_0/inst/clk_in1_design_1_clk_wiz_0_1
    MMCME2_ADV_X1Y2      MMCME2_ADV (Prop_mmcme2_adv_CLKIN1_CLKOUT0)
                                                     -7.759    -5.023 r  design_1_i/clk_wiz_0/inst/mmcm_adv_inst/CLKOUT0
                         net (fo=1, routed)           2.206    -2.817    design_1_i/clk_wiz_0/inst/clk_out1_design_1_clk_wiz_0_1
    BUFGCTRL_X0Y17       BUFG (Prop_bufg_I_O)         0.101    -2.716 r  design_1_i/clk_wiz_0/inst/clkout1_buf/O
                         net (fo=114, routed)         1.844    -0.872    design_1_i/ultrasoon_0/U0/ultrasoon_v1_0_S00_AXI_inst/Core1/clk
    SLICE_X42Y102        FDRE                                         r  design_1_i/ultrasoon_0/U0/ultrasoon_v1_0_S00_AXI_inst/Core1/PS_reg[1]/C
  -------------------------------------------------------------------    -------------------
    SLICE_X42Y102        FDRE (Prop_fdre_C_Q)         0.518    -0.354 r  design_1_i/ultrasoon_0/U0/ultrasoon_v1_0_S00_AXI_inst/Core1/PS_reg[1]/Q
                         net (fo=8, routed)           0.659     0.305    design_1_i/ultrasoon_0/U0/ultrasoon_v1_0_S00_AXI_inst/Core1/PS[1]
    SLICE_X43Y102        LUT2 (Prop_lut2_I1_O)        0.124     0.429 r  design_1_i/ultrasoon_0/U0/ultrasoon_v1_0_S00_AXI_inst/Core1/count[16]_i_1/O
                         net (fo=33, routed)          0.935     1.365    design_1_i/ultrasoon_0/U0/ultrasoon_v1_0_S00_AXI_inst/Core1/centimeters
    SLICE_X38Y96         FDRE                                         r  design_1_i/ultrasoon_0/U0/ultrasoon_v1_0_S00_AXI_inst/Core1/centimeters_reg[0]/R
  -------------------------------------------------------------------    -------------------

                         (clock clk_out1_design_1_clk_wiz_0_1 fall edge)
                                                      5.000     5.000 f  
    H16                                               0.000     5.000 f  sys_clock (IN)
                         net (fo=0)                   0.000     5.000    design_1_i/clk_wiz_0/inst/clk_in1
    H16                  IBUF (Prop_ibuf_I_O)         1.380     6.380 f  design_1_i/clk_wiz_0/inst/clkin1_ibufg/O
                         net (fo=1, routed)           1.162     7.542    design_1_i/clk_wiz_0/inst/clk_in1_design_1_clk_wiz_0_1
    MMCME2_ADV_X1Y2      MMCME2_ADV (Prop_mmcme2_adv_CLKIN1_CLKOUT0)
                                                     -7.814    -0.272 f  design_1_i/clk_wiz_0/inst/mmcm_adv_inst/CLKOUT0
                         net (fo=1, routed)           2.012     1.740    design_1_i/clk_wiz_0/inst/clk_out1_design_1_clk_wiz_0_1
    BUFGCTRL_X0Y17       BUFG (Prop_bufg_I_O)         0.091     1.831 f  design_1_i/clk_wiz_0/inst/clkout1_buf/O
                         net (fo=114, routed)         1.479     3.310    design_1_i/ultrasoon_0/U0/ultrasoon_v1_0_S00_AXI_inst/Core1/clk
    SLICE_X38Y96         FDRE                                         r  design_1_i/ultrasoon_0/U0/ultrasoon_v1_0_S00_AXI_inst/Core1/centimeters_reg[0]/C  (IS_INVERTED)
                         clock pessimism              0.466     3.776    
                         clock uncertainty           -0.072     3.705    
    SLICE_X38Y96         FDRE (Setup_fdre_C_R)       -0.519     3.186    design_1_i/ultrasoon_0/U0/ultrasoon_v1_0_S00_AXI_inst/Core1/centimeters_reg[0]
  -------------------------------------------------------------------
                         required time                          3.186    
                         arrival time                          -1.365    
  -------------------------------------------------------------------
                         slack                                  1.821    

Slack (MET) :             1.821ns  (required time - arrival time)
  Source:                 design_1_i/ultrasoon_0/U0/ultrasoon_v1_0_S00_AXI_inst/Core1/PS_reg[1]/C
                            (rising edge-triggered cell FDRE clocked by clk_out1_design_1_clk_wiz_0_1  {rise@0.000ns fall@5.000ns period=10.000ns})
  Destination:            design_1_i/ultrasoon_0/U0/ultrasoon_v1_0_S00_AXI_inst/Core1/centimeters_reg[1]/R
                            (falling edge-triggered cell FDRE clocked by clk_out1_design_1_clk_wiz_0_1  {rise@0.000ns fall@5.000ns period=10.000ns})
  Path Group:             clk_out1_design_1_clk_wiz_0_1
  Path Type:              Setup (Max at Slow Process Corner)
  Requirement:            5.000ns  (clk_out1_design_1_clk_wiz_0_1 fall@5.000ns - clk_out1_design_1_clk_wiz_0_1 rise@0.000ns)
  Data Path Delay:        2.237ns  (logic 0.642ns (28.701%)  route 1.595ns (71.299%))
  Logic Levels:           1  (LUT2=1)
  Clock Path Skew:        -0.351ns (DCD - SCD + CPR)
    Destination Clock Delay (DCD):    -1.690ns = ( 3.310 - 5.000 ) 
    Source Clock Delay      (SCD):    -0.872ns
    Clock Pessimism Removal (CPR):    0.466ns
  Clock Uncertainty:      0.072ns  ((TSJ^2 + DJ^2)^1/2) / 2 + PE
    Total System Jitter     (TSJ):    0.071ns
    Discrete Jitter          (DJ):    0.125ns
    Phase Error              (PE):    0.000ns

    Location             Delay type                Incr(ns)  Path(ns)    Netlist Resource(s)
  -------------------------------------------------------------------    -------------------
                         (clock clk_out1_design_1_clk_wiz_0_1 rise edge)
                                                      0.000     0.000 r  
    H16                                               0.000     0.000 r  sys_clock (IN)
                         net (fo=0)                   0.000     0.000    design_1_i/clk_wiz_0/inst/clk_in1
    H16                  IBUF (Prop_ibuf_I_O)         1.451     1.451 r  design_1_i/clk_wiz_0/inst/clkin1_ibufg/O
                         net (fo=1, routed)           1.285     2.736    design_1_i/clk_wiz_0/inst/clk_in1_design_1_clk_wiz_0_1
    MMCME2_ADV_X1Y2      MMCME2_ADV (Prop_mmcme2_adv_CLKIN1_CLKOUT0)
                                                     -7.759    -5.023 r  design_1_i/clk_wiz_0/inst/mmcm_adv_inst/CLKOUT0
                         net (fo=1, routed)           2.206    -2.817    design_1_i/clk_wiz_0/inst/clk_out1_design_1_clk_wiz_0_1
    BUFGCTRL_X0Y17       BUFG (Prop_bufg_I_O)         0.101    -2.716 r  design_1_i/clk_wiz_0/inst/clkout1_buf/O
                         net (fo=114, routed)         1.844    -0.872    design_1_i/ultrasoon_0/U0/ultrasoon_v1_0_S00_AXI_inst/Core1/clk
    SLICE_X42Y102        FDRE                                         r  design_1_i/ultrasoon_0/U0/ultrasoon_v1_0_S00_AXI_inst/Core1/PS_reg[1]/C
  -------------------------------------------------------------------    -------------------
    SLICE_X42Y102        FDRE (Prop_fdre_C_Q)         0.518    -0.354 r  design_1_i/ultrasoon_0/U0/ultrasoon_v1_0_S00_AXI_inst/Core1/PS_reg[1]/Q
                         net (fo=8, routed)           0.659     0.305    design_1_i/ultrasoon_0/U0/ultrasoon_v1_0_S00_AXI_inst/Core1/PS[1]
    SLICE_X43Y102        LUT2 (Prop_lut2_I1_O)        0.124     0.429 r  design_1_i/ultrasoon_0/U0/ultrasoon_v1_0_S00_AXI_inst/Core1/count[16]_i_1/O
                         net (fo=33, routed)          0.935     1.365    design_1_i/ultrasoon_0/U0/ultrasoon_v1_0_S00_AXI_inst/Core1/centimeters
    SLICE_X38Y96         FDRE                                         r  design_1_i/ultrasoon_0/U0/ultrasoon_v1_0_S00_AXI_inst/Core1/centimeters_reg[1]/R
  -------------------------------------------------------------------    -------------------

                         (clock clk_out1_design_1_clk_wiz_0_1 fall edge)
                                                      5.000     5.000 f  
    H16                                               0.000     5.000 f  sys_clock (IN)
                         net (fo=0)                   0.000     5.000    design_1_i/clk_wiz_0/inst/clk_in1
    H16                  IBUF (Prop_ibuf_I_O)         1.380     6.380 f  design_1_i/clk_wiz_0/inst/clkin1_ibufg/O
                         net (fo=1, routed)           1.162     7.542    design_1_i/clk_wiz_0/inst/clk_in1_design_1_clk_wiz_0_1
    MMCME2_ADV_X1Y2      MMCME2_ADV (Prop_mmcme2_adv_CLKIN1_CLKOUT0)
                                                     -7.814    -0.272 f  design_1_i/clk_wiz_0/inst/mmcm_adv_inst/CLKOUT0
                         net (fo=1, routed)           2.012     1.740    design_1_i/clk_wiz_0/inst/clk_out1_design_1_clk_wiz_0_1
    BUFGCTRL_X0Y17       BUFG (Prop_bufg_I_O)         0.091     1.831 f  design_1_i/clk_wiz_0/inst/clkout1_buf/O
                         net (fo=114, routed)         1.479     3.310    design_1_i/ultrasoon_0/U0/ultrasoon_v1_0_S00_AXI_inst/Core1/clk
    SLICE_X38Y96         FDRE                                         r  design_1_i/ultrasoon_0/U0/ultrasoon_v1_0_S00_AXI_inst/Core1/centimeters_reg[1]/C  (IS_INVERTED)
                         clock pessimism              0.466     3.776    
                         clock uncertainty           -0.072     3.705    
    SLICE_X38Y96         FDRE (Setup_fdre_C_R)       -0.519     3.186    design_1_i/ultrasoon_0/U0/ultrasoon_v1_0_S00_AXI_inst/Core1/centimeters_reg[1]
  -------------------------------------------------------------------
                         required time                          3.186    
                         arrival time                          -1.365    
  -------------------------------------------------------------------
                         slack                                  1.821    

Slack (MET) :             1.821ns  (required time - arrival time)
  Source:                 design_1_i/ultrasoon_0/U0/ultrasoon_v1_0_S00_AXI_inst/Core1/PS_reg[1]/C
                            (rising edge-triggered cell FDRE clocked by clk_out1_design_1_clk_wiz_0_1  {rise@0.000ns fall@5.000ns period=10.000ns})
  Destination:            design_1_i/ultrasoon_0/U0/ultrasoon_v1_0_S00_AXI_inst/Core1/centimeters_reg[2]/R
                            (falling edge-triggered cell FDRE clocked by clk_out1_design_1_clk_wiz_0_1  {rise@0.000ns fall@5.000ns period=10.000ns})
  Path Group:             clk_out1_design_1_clk_wiz_0_1
  Path Type:              Setup (Max at Slow Process Corner)
  Requirement:            5.000ns  (clk_out1_design_1_clk_wiz_0_1 fall@5.000ns - clk_out1_design_1_clk_wiz_0_1 rise@0.000ns)
  Data Path Delay:        2.237ns  (logic 0.642ns (28.701%)  route 1.595ns (71.299%))
  Logic Levels:           1  (LUT2=1)
  Clock Path Skew:        -0.351ns (DCD - SCD + CPR)
    Destination Clock Delay (DCD):    -1.690ns = ( 3.310 - 5.000 ) 
    Source Clock Delay      (SCD):    -0.872ns
    Clock Pessimism Removal (CPR):    0.466ns
  Clock Uncertainty:      0.072ns  ((TSJ^2 + DJ^2)^1/2) / 2 + PE
    Total System Jitter     (TSJ):    0.071ns
    Discrete Jitter          (DJ):    0.125ns
    Phase Error              (PE):    0.000ns

    Location             Delay type                Incr(ns)  Path(ns)    Netlist Resource(s)
  -------------------------------------------------------------------    -------------------
                         (clock clk_out1_design_1_clk_wiz_0_1 rise edge)
                                                      0.000     0.000 r  
    H16                                               0.000     0.000 r  sys_clock (IN)
                         net (fo=0)                   0.000     0.000    design_1_i/clk_wiz_0/inst/clk_in1
    H16                  IBUF (Prop_ibuf_I_O)         1.451     1.451 r  design_1_i/clk_wiz_0/inst/clkin1_ibufg/O
                         net (fo=1, routed)           1.285     2.736    design_1_i/clk_wiz_0/inst/clk_in1_design_1_clk_wiz_0_1
    MMCME2_ADV_X1Y2      MMCME2_ADV (Prop_mmcme2_adv_CLKIN1_CLKOUT0)
                                                     -7.759    -5.023 r  design_1_i/clk_wiz_0/inst/mmcm_adv_inst/CLKOUT0
                         net (fo=1, routed)           2.206    -2.817    design_1_i/clk_wiz_0/inst/clk_out1_design_1_clk_wiz_0_1
    BUFGCTRL_X0Y17       BUFG (Prop_bufg_I_O)         0.101    -2.716 r  design_1_i/clk_wiz_0/inst/clkout1_buf/O
                         net (fo=114, routed)         1.844    -0.872    design_1_i/ultrasoon_0/U0/ultrasoon_v1_0_S00_AXI_inst/Core1/clk
    SLICE_X42Y102        FDRE                                         r  design_1_i/ultrasoon_0/U0/ultrasoon_v1_0_S00_AXI_inst/Core1/PS_reg[1]/C
  -------------------------------------------------------------------    -------------------
    SLICE_X42Y102        FDRE (Prop_fdre_C_Q)         0.518    -0.354 r  design_1_i/ultrasoon_0/U0/ultrasoon_v1_0_S00_AXI_inst/Core1/PS_reg[1]/Q
                         net (fo=8, routed)           0.659     0.305    design_1_i/ultrasoon_0/U0/ultrasoon_v1_0_S00_AXI_inst/Core1/PS[1]
    SLICE_X43Y102        LUT2 (Prop_lut2_I1_O)        0.124     0.429 r  design_1_i/ultrasoon_0/U0/ultrasoon_v1_0_S00_AXI_inst/Core1/count[16]_i_1/O
                         net (fo=33, routed)          0.935     1.365    design_1_i/ultrasoon_0/U0/ultrasoon_v1_0_S00_AXI_inst/Core1/centimeters
    SLICE_X38Y96         FDRE                                         r  design_1_i/ultrasoon_0/U0/ultrasoon_v1_0_S00_AXI_inst/Core1/centimeters_reg[2]/R
  -------------------------------------------------------------------    -------------------

                         (clock clk_out1_design_1_clk_wiz_0_1 fall edge)
                                                      5.000     5.000 f  
    H16                                               0.000     5.000 f  sys_clock (IN)
                         net (fo=0)                   0.000     5.000    design_1_i/clk_wiz_0/inst/clk_in1
    H16                  IBUF (Prop_ibuf_I_O)         1.380     6.380 f  design_1_i/clk_wiz_0/inst/clkin1_ibufg/O
                         net (fo=1, routed)           1.162     7.542    design_1_i/clk_wiz_0/inst/clk_in1_design_1_clk_wiz_0_1
    MMCME2_ADV_X1Y2      MMCME2_ADV (Prop_mmcme2_adv_CLKIN1_CLKOUT0)
                                                     -7.814    -0.272 f  design_1_i/clk_wiz_0/inst/mmcm_adv_inst/CLKOUT0
                         net (fo=1, routed)           2.012     1.740    design_1_i/clk_wiz_0/inst/clk_out1_design_1_clk_wiz_0_1
    BUFGCTRL_X0Y17       BUFG (Prop_bufg_I_O)         0.091     1.831 f  design_1_i/clk_wiz_0/inst/clkout1_buf/O
                         net (fo=114, routed)         1.479     3.310    design_1_i/ultrasoon_0/U0/ultrasoon_v1_0_S00_AXI_inst/Core1/clk
    SLICE_X38Y96         FDRE                                         r  design_1_i/ultrasoon_0/U0/ultrasoon_v1_0_S00_AXI_inst/Core1/centimeters_reg[2]/C  (IS_INVERTED)
                         clock pessimism              0.466     3.776    
                         clock uncertainty           -0.072     3.705    
    SLICE_X38Y96         FDRE (Setup_fdre_C_R)       -0.519     3.186    design_1_i/ultrasoon_0/U0/ultrasoon_v1_0_S00_AXI_inst/Core1/centimeters_reg[2]
  -------------------------------------------------------------------
                         required time                          3.186    
                         arrival time                          -1.365    
  -------------------------------------------------------------------
                         slack                                  1.821    

Slack (MET) :             1.821ns  (required time - arrival time)
  Source:                 design_1_i/ultrasoon_0/U0/ultrasoon_v1_0_S00_AXI_inst/Core1/PS_reg[1]/C
                            (rising edge-triggered cell FDRE clocked by clk_out1_design_1_clk_wiz_0_1  {rise@0.000ns fall@5.000ns period=10.000ns})
  Destination:            design_1_i/ultrasoon_0/U0/ultrasoon_v1_0_S00_AXI_inst/Core1/centimeters_reg[3]/R
                            (falling edge-triggered cell FDRE clocked by clk_out1_design_1_clk_wiz_0_1  {rise@0.000ns fall@5.000ns period=10.000ns})
  Path Group:             clk_out1_design_1_clk_wiz_0_1
  Path Type:              Setup (Max at Slow Process Corner)
  Requirement:            5.000ns  (clk_out1_design_1_clk_wiz_0_1 fall@5.000ns - clk_out1_design_1_clk_wiz_0_1 rise@0.000ns)
  Data Path Delay:        2.237ns  (logic 0.642ns (28.701%)  route 1.595ns (71.299%))
  Logic Levels:           1  (LUT2=1)
  Clock Path Skew:        -0.351ns (DCD - SCD + CPR)
    Destination Clock Delay (DCD):    -1.690ns = ( 3.310 - 5.000 ) 
    Source Clock Delay      (SCD):    -0.872ns
    Clock Pessimism Removal (CPR):    0.466ns
  Clock Uncertainty:      0.072ns  ((TSJ^2 + DJ^2)^1/2) / 2 + PE
    Total System Jitter     (TSJ):    0.071ns
    Discrete Jitter          (DJ):    0.125ns
    Phase Error              (PE):    0.000ns

    Location             Delay type                Incr(ns)  Path(ns)    Netlist Resource(s)
  -------------------------------------------------------------------    -------------------
                         (clock clk_out1_design_1_clk_wiz_0_1 rise edge)
                                                      0.000     0.000 r  
    H16                                               0.000     0.000 r  sys_clock (IN)
                         net (fo=0)                   0.000     0.000    design_1_i/clk_wiz_0/inst/clk_in1
    H16                  IBUF (Prop_ibuf_I_O)         1.451     1.451 r  design_1_i/clk_wiz_0/inst/clkin1_ibufg/O
                         net (fo=1, routed)           1.285     2.736    design_1_i/clk_wiz_0/inst/clk_in1_design_1_clk_wiz_0_1
    MMCME2_ADV_X1Y2      MMCME2_ADV (Prop_mmcme2_adv_CLKIN1_CLKOUT0)
                                                     -7.759    -5.023 r  design_1_i/clk_wiz_0/inst/mmcm_adv_inst/CLKOUT0
                         net (fo=1, routed)           2.206    -2.817    design_1_i/clk_wiz_0/inst/clk_out1_design_1_clk_wiz_0_1
    BUFGCTRL_X0Y17       BUFG (Prop_bufg_I_O)         0.101    -2.716 r  design_1_i/clk_wiz_0/inst/clkout1_buf/O
                         net (fo=114, routed)         1.844    -0.872    design_1_i/ultrasoon_0/U0/ultrasoon_v1_0_S00_AXI_inst/Core1/clk
    SLICE_X42Y102        FDRE                                         r  design_1_i/ultrasoon_0/U0/ultrasoon_v1_0_S00_AXI_inst/Core1/PS_reg[1]/C
  -------------------------------------------------------------------    -------------------
    SLICE_X42Y102        FDRE (Prop_fdre_C_Q)         0.518    -0.354 r  design_1_i/ultrasoon_0/U0/ultrasoon_v1_0_S00_AXI_inst/Core1/PS_reg[1]/Q
                         net (fo=8, routed)           0.659     0.305    design_1_i/ultrasoon_0/U0/ultrasoon_v1_0_S00_AXI_inst/Core1/PS[1]
    SLICE_X43Y102        LUT2 (Prop_lut2_I1_O)        0.124     0.429 r  design_1_i/ultrasoon_0/U0/ultrasoon_v1_0_S00_AXI_inst/Core1/count[16]_i_1/O
                         net (fo=33, routed)          0.935     1.365    design_1_i/ultrasoon_0/U0/ultrasoon_v1_0_S00_AXI_inst/Core1/centimeters
    SLICE_X38Y96         FDRE                                         r  design_1_i/ultrasoon_0/U0/ultrasoon_v1_0_S00_AXI_inst/Core1/centimeters_reg[3]/R
  -------------------------------------------------------------------    -------------------

                         (clock clk_out1_design_1_clk_wiz_0_1 fall edge)
                                                      5.000     5.000 f  
    H16                                               0.000     5.000 f  sys_clock (IN)
                         net (fo=0)                   0.000     5.000    design_1_i/clk_wiz_0/inst/clk_in1
    H16                  IBUF (Prop_ibuf_I_O)         1.380     6.380 f  design_1_i/clk_wiz_0/inst/clkin1_ibufg/O
                         net (fo=1, routed)           1.162     7.542    design_1_i/clk_wiz_0/inst/clk_in1_design_1_clk_wiz_0_1
    MMCME2_ADV_X1Y2      MMCME2_ADV (Prop_mmcme2_adv_CLKIN1_CLKOUT0)
                                                     -7.814    -0.272 f  design_1_i/clk_wiz_0/inst/mmcm_adv_inst/CLKOUT0
                         net (fo=1, routed)           2.012     1.740    design_1_i/clk_wiz_0/inst/clk_out1_design_1_clk_wiz_0_1
    BUFGCTRL_X0Y17       BUFG (Prop_bufg_I_O)         0.091     1.831 f  design_1_i/clk_wiz_0/inst/clkout1_buf/O
                         net (fo=114, routed)         1.479     3.310    design_1_i/ultrasoon_0/U0/ultrasoon_v1_0_S00_AXI_inst/Core1/clk
    SLICE_X38Y96         FDRE                                         r  design_1_i/ultrasoon_0/U0/ultrasoon_v1_0_S00_AXI_inst/Core1/centimeters_reg[3]/C  (IS_INVERTED)
                         clock pessimism              0.466     3.776    
                         clock uncertainty           -0.072     3.705    
    SLICE_X38Y96         FDRE (Setup_fdre_C_R)       -0.519     3.186    design_1_i/ultrasoon_0/U0/ultrasoon_v1_0_S00_AXI_inst/Core1/centimeters_reg[3]
  -------------------------------------------------------------------
                         required time                          3.186    
                         arrival time                          -1.365    
  -------------------------------------------------------------------
                         slack                                  1.821    

Slack (MET) :             1.845ns  (required time - arrival time)
  Source:                 design_1_i/ultrasoon_0/U0/ultrasoon_v1_0_S00_AXI_inst/Core1/PS_reg[1]/C
                            (rising edge-triggered cell FDRE clocked by clk_out1_design_1_clk_wiz_0_1  {rise@0.000ns fall@5.000ns period=10.000ns})
  Destination:            design_1_i/ultrasoon_0/U0/ultrasoon_v1_0_S00_AXI_inst/Core1/centimeters_reg[10]/R
                            (falling edge-triggered cell FDRE clocked by clk_out1_design_1_clk_wiz_0_1  {rise@0.000ns fall@5.000ns period=10.000ns})
  Path Group:             clk_out1_design_1_clk_wiz_0_1
  Path Type:              Setup (Max at Slow Process Corner)
  Requirement:            5.000ns  (clk_out1_design_1_clk_wiz_0_1 fall@5.000ns - clk_out1_design_1_clk_wiz_0_1 rise@0.000ns)
  Data Path Delay:        2.214ns  (logic 0.642ns (28.991%)  route 1.572ns (71.009%))
  Logic Levels:           1  (LUT2=1)
  Clock Path Skew:        -0.350ns (DCD - SCD + CPR)
    Destination Clock Delay (DCD):    -1.689ns = ( 3.311 - 5.000 ) 
    Source Clock Delay      (SCD):    -0.872ns
    Clock Pessimism Removal (CPR):    0.466ns
  Clock Uncertainty:      0.072ns  ((TSJ^2 + DJ^2)^1/2) / 2 + PE
    Total System Jitter     (TSJ):    0.071ns
    Discrete Jitter          (DJ):    0.125ns
    Phase Error              (PE):    0.000ns

    Location             Delay type                Incr(ns)  Path(ns)    Netlist Resource(s)
  -------------------------------------------------------------------    -------------------
                         (clock clk_out1_design_1_clk_wiz_0_1 rise edge)
                                                      0.000     0.000 r  
    H16                                               0.000     0.000 r  sys_clock (IN)
                         net (fo=0)                   0.000     0.000    design_1_i/clk_wiz_0/inst/clk_in1
    H16                  IBUF (Prop_ibuf_I_O)         1.451     1.451 r  design_1_i/clk_wiz_0/inst/clkin1_ibufg/O
                         net (fo=1, routed)           1.285     2.736    design_1_i/clk_wiz_0/inst/clk_in1_design_1_clk_wiz_0_1
    MMCME2_ADV_X1Y2      MMCME2_ADV (Prop_mmcme2_adv_CLKIN1_CLKOUT0)
                                                     -7.759    -5.023 r  design_1_i/clk_wiz_0/inst/mmcm_adv_inst/CLKOUT0
                         net (fo=1, routed)           2.206    -2.817    design_1_i/clk_wiz_0/inst/clk_out1_design_1_clk_wiz_0_1
    BUFGCTRL_X0Y17       BUFG (Prop_bufg_I_O)         0.101    -2.716 r  design_1_i/clk_wiz_0/inst/clkout1_buf/O
                         net (fo=114, routed)         1.844    -0.872    design_1_i/ultrasoon_0/U0/ultrasoon_v1_0_S00_AXI_inst/Core1/clk
    SLICE_X42Y102        FDRE                                         r  design_1_i/ultrasoon_0/U0/ultrasoon_v1_0_S00_AXI_inst/Core1/PS_reg[1]/C
  -------------------------------------------------------------------    -------------------
    SLICE_X42Y102        FDRE (Prop_fdre_C_Q)         0.518    -0.354 r  design_1_i/ultrasoon_0/U0/ultrasoon_v1_0_S00_AXI_inst/Core1/PS_reg[1]/Q
                         net (fo=8, routed)           0.659     0.305    design_1_i/ultrasoon_0/U0/ultrasoon_v1_0_S00_AXI_inst/Core1/PS[1]
    SLICE_X43Y102        LUT2 (Prop_lut2_I1_O)        0.124     0.429 r  design_1_i/ultrasoon_0/U0/ultrasoon_v1_0_S00_AXI_inst/Core1/count[16]_i_1/O
                         net (fo=33, routed)          0.913     1.342    design_1_i/ultrasoon_0/U0/ultrasoon_v1_0_S00_AXI_inst/Core1/centimeters
    SLICE_X38Y98         FDRE                                         r  design_1_i/ultrasoon_0/U0/ultrasoon_v1_0_S00_AXI_inst/Core1/centimeters_reg[10]/R
  -------------------------------------------------------------------    -------------------

                         (clock clk_out1_design_1_clk_wiz_0_1 fall edge)
                                                      5.000     5.000 f  
    H16                                               0.000     5.000 f  sys_clock (IN)
                         net (fo=0)                   0.000     5.000    design_1_i/clk_wiz_0/inst/clk_in1
    H16                  IBUF (Prop_ibuf_I_O)         1.380     6.380 f  design_1_i/clk_wiz_0/inst/clkin1_ibufg/O
                         net (fo=1, routed)           1.162     7.542    design_1_i/clk_wiz_0/inst/clk_in1_design_1_clk_wiz_0_1
    MMCME2_ADV_X1Y2      MMCME2_ADV (Prop_mmcme2_adv_CLKIN1_CLKOUT0)
                                                     -7.814    -0.272 f  design_1_i/clk_wiz_0/inst/mmcm_adv_inst/CLKOUT0
                         net (fo=1, routed)           2.012     1.740    design_1_i/clk_wiz_0/inst/clk_out1_design_1_clk_wiz_0_1
    BUFGCTRL_X0Y17       BUFG (Prop_bufg_I_O)         0.091     1.831 f  design_1_i/clk_wiz_0/inst/clkout1_buf/O
                         net (fo=114, routed)         1.480     3.311    design_1_i/ultrasoon_0/U0/ultrasoon_v1_0_S00_AXI_inst/Core1/clk
    SLICE_X38Y98         FDRE                                         r  design_1_i/ultrasoon_0/U0/ultrasoon_v1_0_S00_AXI_inst/Core1/centimeters_reg[10]/C  (IS_INVERTED)
                         clock pessimism              0.466     3.777    
                         clock uncertainty           -0.072     3.706    
    SLICE_X38Y98         FDRE (Setup_fdre_C_R)       -0.519     3.187    design_1_i/ultrasoon_0/U0/ultrasoon_v1_0_S00_AXI_inst/Core1/centimeters_reg[10]
  -------------------------------------------------------------------
                         required time                          3.187    
                         arrival time                          -1.342    
  -------------------------------------------------------------------
                         slack                                  1.845    

Slack (MET) :             1.845ns  (required time - arrival time)
  Source:                 design_1_i/ultrasoon_0/U0/ultrasoon_v1_0_S00_AXI_inst/Core1/PS_reg[1]/C
                            (rising edge-triggered cell FDRE clocked by clk_out1_design_1_clk_wiz_0_1  {rise@0.000ns fall@5.000ns period=10.000ns})
  Destination:            design_1_i/ultrasoon_0/U0/ultrasoon_v1_0_S00_AXI_inst/Core1/centimeters_reg[11]/R
                            (falling edge-triggered cell FDRE clocked by clk_out1_design_1_clk_wiz_0_1  {rise@0.000ns fall@5.000ns period=10.000ns})
  Path Group:             clk_out1_design_1_clk_wiz_0_1
  Path Type:              Setup (Max at Slow Process Corner)
  Requirement:            5.000ns  (clk_out1_design_1_clk_wiz_0_1 fall@5.000ns - clk_out1_design_1_clk_wiz_0_1 rise@0.000ns)
  Data Path Delay:        2.214ns  (logic 0.642ns (28.991%)  route 1.572ns (71.009%))
  Logic Levels:           1  (LUT2=1)
  Clock Path Skew:        -0.350ns (DCD - SCD + CPR)
    Destination Clock Delay (DCD):    -1.689ns = ( 3.311 - 5.000 ) 
    Source Clock Delay      (SCD):    -0.872ns
    Clock Pessimism Removal (CPR):    0.466ns
  Clock Uncertainty:      0.072ns  ((TSJ^2 + DJ^2)^1/2) / 2 + PE
    Total System Jitter     (TSJ):    0.071ns
    Discrete Jitter          (DJ):    0.125ns
    Phase Error              (PE):    0.000ns

    Location             Delay type                Incr(ns)  Path(ns)    Netlist Resource(s)
  -------------------------------------------------------------------    -------------------
                         (clock clk_out1_design_1_clk_wiz_0_1 rise edge)
                                                      0.000     0.000 r  
    H16                                               0.000     0.000 r  sys_clock (IN)
                         net (fo=0)                   0.000     0.000    design_1_i/clk_wiz_0/inst/clk_in1
    H16                  IBUF (Prop_ibuf_I_O)         1.451     1.451 r  design_1_i/clk_wiz_0/inst/clkin1_ibufg/O
                         net (fo=1, routed)           1.285     2.736    design_1_i/clk_wiz_0/inst/clk_in1_design_1_clk_wiz_0_1
    MMCME2_ADV_X1Y2      MMCME2_ADV (Prop_mmcme2_adv_CLKIN1_CLKOUT0)
                                                     -7.759    -5.023 r  design_1_i/clk_wiz_0/inst/mmcm_adv_inst/CLKOUT0
                         net (fo=1, routed)           2.206    -2.817    design_1_i/clk_wiz_0/inst/clk_out1_design_1_clk_wiz_0_1
    BUFGCTRL_X0Y17       BUFG (Prop_bufg_I_O)         0.101    -2.716 r  design_1_i/clk_wiz_0/inst/clkout1_buf/O
                         net (fo=114, routed)         1.844    -0.872    design_1_i/ultrasoon_0/U0/ultrasoon_v1_0_S00_AXI_inst/Core1/clk
    SLICE_X42Y102        FDRE                                         r  design_1_i/ultrasoon_0/U0/ultrasoon_v1_0_S00_AXI_inst/Core1/PS_reg[1]/C
  -------------------------------------------------------------------    -------------------
    SLICE_X42Y102        FDRE (Prop_fdre_C_Q)         0.518    -0.354 r  design_1_i/ultrasoon_0/U0/ultrasoon_v1_0_S00_AXI_inst/Core1/PS_reg[1]/Q
                         net (fo=8, routed)           0.659     0.305    design_1_i/ultrasoon_0/U0/ultrasoon_v1_0_S00_AXI_inst/Core1/PS[1]
    SLICE_X43Y102        LUT2 (Prop_lut2_I1_O)        0.124     0.429 r  design_1_i/ultrasoon_0/U0/ultrasoon_v1_0_S00_AXI_inst/Core1/count[16]_i_1/O
                         net (fo=33, routed)          0.913     1.342    design_1_i/ultrasoon_0/U0/ultrasoon_v1_0_S00_AXI_inst/Core1/centimeters
    SLICE_X38Y98         FDRE                                         r  design_1_i/ultrasoon_0/U0/ultrasoon_v1_0_S00_AXI_inst/Core1/centimeters_reg[11]/R
  -------------------------------------------------------------------    -------------------

                         (clock clk_out1_design_1_clk_wiz_0_1 fall edge)
                                                      5.000     5.000 f  
    H16                                               0.000     5.000 f  sys_clock (IN)
                         net (fo=0)                   0.000     5.000    design_1_i/clk_wiz_0/inst/clk_in1
    H16                  IBUF (Prop_ibuf_I_O)         1.380     6.380 f  design_1_i/clk_wiz_0/inst/clkin1_ibufg/O
                         net (fo=1, routed)           1.162     7.542    design_1_i/clk_wiz_0/inst/clk_in1_design_1_clk_wiz_0_1
    MMCME2_ADV_X1Y2      MMCME2_ADV (Prop_mmcme2_adv_CLKIN1_CLKOUT0)
                                                     -7.814    -0.272 f  design_1_i/clk_wiz_0/inst/mmcm_adv_inst/CLKOUT0
                         net (fo=1, routed)           2.012     1.740    design_1_i/clk_wiz_0/inst/clk_out1_design_1_clk_wiz_0_1
    BUFGCTRL_X0Y17       BUFG (Prop_bufg_I_O)         0.091     1.831 f  design_1_i/clk_wiz_0/inst/clkout1_buf/O
                         net (fo=114, routed)         1.480     3.311    design_1_i/ultrasoon_0/U0/ultrasoon_v1_0_S00_AXI_inst/Core1/clk
    SLICE_X38Y98         FDRE                                         r  design_1_i/ultrasoon_0/U0/ultrasoon_v1_0_S00_AXI_inst/Core1/centimeters_reg[11]/C  (IS_INVERTED)
                         clock pessimism              0.466     3.777    
                         clock uncertainty           -0.072     3.706    
    SLICE_X38Y98         FDRE (Setup_fdre_C_R)       -0.519     3.187    design_1_i/ultrasoon_0/U0/ultrasoon_v1_0_S00_AXI_inst/Core1/centimeters_reg[11]
  -------------------------------------------------------------------
                         required time                          3.187    
                         arrival time                          -1.342    
  -------------------------------------------------------------------
                         slack                                  1.845    

Slack (MET) :             1.845ns  (required time - arrival time)
  Source:                 design_1_i/ultrasoon_0/U0/ultrasoon_v1_0_S00_AXI_inst/Core1/PS_reg[1]/C
                            (rising edge-triggered cell FDRE clocked by clk_out1_design_1_clk_wiz_0_1  {rise@0.000ns fall@5.000ns period=10.000ns})
  Destination:            design_1_i/ultrasoon_0/U0/ultrasoon_v1_0_S00_AXI_inst/Core1/centimeters_reg[8]/R
                            (falling edge-triggered cell FDRE clocked by clk_out1_design_1_clk_wiz_0_1  {rise@0.000ns fall@5.000ns period=10.000ns})
  Path Group:             clk_out1_design_1_clk_wiz_0_1
  Path Type:              Setup (Max at Slow Process Corner)
  Requirement:            5.000ns  (clk_out1_design_1_clk_wiz_0_1 fall@5.000ns - clk_out1_design_1_clk_wiz_0_1 rise@0.000ns)
  Data Path Delay:        2.214ns  (logic 0.642ns (28.991%)  route 1.572ns (71.009%))
  Logic Levels:           1  (LUT2=1)
  Clock Path Skew:        -0.350ns (DCD - SCD + CPR)
    Destination Clock Delay (DCD):    -1.689ns = ( 3.311 - 5.000 ) 
    Source Clock Delay      (SCD):    -0.872ns
    Clock Pessimism Removal (CPR):    0.466ns
  Clock Uncertainty:      0.072ns  ((TSJ^2 + DJ^2)^1/2) / 2 + PE
    Total System Jitter     (TSJ):    0.071ns
    Discrete Jitter          (DJ):    0.125ns
    Phase Error              (PE):    0.000ns

    Location             Delay type                Incr(ns)  Path(ns)    Netlist Resource(s)
  -------------------------------------------------------------------    -------------------
                         (clock clk_out1_design_1_clk_wiz_0_1 rise edge)
                                                      0.000     0.000 r  
    H16                                               0.000     0.000 r  sys_clock (IN)
                         net (fo=0)                   0.000     0.000    design_1_i/clk_wiz_0/inst/clk_in1
    H16                  IBUF (Prop_ibuf_I_O)         1.451     1.451 r  design_1_i/clk_wiz_0/inst/clkin1_ibufg/O
                         net (fo=1, routed)           1.285     2.736    design_1_i/clk_wiz_0/inst/clk_in1_design_1_clk_wiz_0_1
    MMCME2_ADV_X1Y2      MMCME2_ADV (Prop_mmcme2_adv_CLKIN1_CLKOUT0)
                                                     -7.759    -5.023 r  design_1_i/clk_wiz_0/inst/mmcm_adv_inst/CLKOUT0
                         net (fo=1, routed)           2.206    -2.817    design_1_i/clk_wiz_0/inst/clk_out1_design_1_clk_wiz_0_1
    BUFGCTRL_X0Y17       BUFG (Prop_bufg_I_O)         0.101    -2.716 r  design_1_i/clk_wiz_0/inst/clkout1_buf/O
                         net (fo=114, routed)         1.844    -0.872    design_1_i/ultrasoon_0/U0/ultrasoon_v1_0_S00_AXI_inst/Core1/clk
    SLICE_X42Y102        FDRE                                         r  design_1_i/ultrasoon_0/U0/ultrasoon_v1_0_S00_AXI_inst/Core1/PS_reg[1]/C
  -------------------------------------------------------------------    -------------------
    SLICE_X42Y102        FDRE (Prop_fdre_C_Q)         0.518    -0.354 r  design_1_i/ultrasoon_0/U0/ultrasoon_v1_0_S00_AXI_inst/Core1/PS_reg[1]/Q
                         net (fo=8, routed)           0.659     0.305    design_1_i/ultrasoon_0/U0/ultrasoon_v1_0_S00_AXI_inst/Core1/PS[1]
    SLICE_X43Y102        LUT2 (Prop_lut2_I1_O)        0.124     0.429 r  design_1_i/ultrasoon_0/U0/ultrasoon_v1_0_S00_AXI_inst/Core1/count[16]_i_1/O
                         net (fo=33, routed)          0.913     1.342    design_1_i/ultrasoon_0/U0/ultrasoon_v1_0_S00_AXI_inst/Core1/centimeters
    SLICE_X38Y98         FDRE                                         r  design_1_i/ultrasoon_0/U0/ultrasoon_v1_0_S00_AXI_inst/Core1/centimeters_reg[8]/R
  -------------------------------------------------------------------    -------------------

                         (clock clk_out1_design_1_clk_wiz_0_1 fall edge)
                                                      5.000     5.000 f  
    H16                                               0.000     5.000 f  sys_clock (IN)
                         net (fo=0)                   0.000     5.000    design_1_i/clk_wiz_0/inst/clk_in1
    H16                  IBUF (Prop_ibuf_I_O)         1.380     6.380 f  design_1_i/clk_wiz_0/inst/clkin1_ibufg/O
                         net (fo=1, routed)           1.162     7.542    design_1_i/clk_wiz_0/inst/clk_in1_design_1_clk_wiz_0_1
    MMCME2_ADV_X1Y2      MMCME2_ADV (Prop_mmcme2_adv_CLKIN1_CLKOUT0)
                                                     -7.814    -0.272 f  design_1_i/clk_wiz_0/inst/mmcm_adv_inst/CLKOUT0
                         net (fo=1, routed)           2.012     1.740    design_1_i/clk_wiz_0/inst/clk_out1_design_1_clk_wiz_0_1
    BUFGCTRL_X0Y17       BUFG (Prop_bufg_I_O)         0.091     1.831 f  design_1_i/clk_wiz_0/inst/clkout1_buf/O
                         net (fo=114, routed)         1.480     3.311    design_1_i/ultrasoon_0/U0/ultrasoon_v1_0_S00_AXI_inst/Core1/clk
    SLICE_X38Y98         FDRE                                         r  design_1_i/ultrasoon_0/U0/ultrasoon_v1_0_S00_AXI_inst/Core1/centimeters_reg[8]/C  (IS_INVERTED)
                         clock pessimism              0.466     3.777    
                         clock uncertainty           -0.072     3.706    
    SLICE_X38Y98         FDRE (Setup_fdre_C_R)       -0.519     3.187    design_1_i/ultrasoon_0/U0/ultrasoon_v1_0_S00_AXI_inst/Core1/centimeters_reg[8]
  -------------------------------------------------------------------
                         required time                          3.187    
                         arrival time                          -1.342    
  -------------------------------------------------------------------
                         slack                                  1.845    

Slack (MET) :             1.845ns  (required time - arrival time)
  Source:                 design_1_i/ultrasoon_0/U0/ultrasoon_v1_0_S00_AXI_inst/Core1/PS_reg[1]/C
                            (rising edge-triggered cell FDRE clocked by clk_out1_design_1_clk_wiz_0_1  {rise@0.000ns fall@5.000ns period=10.000ns})
  Destination:            design_1_i/ultrasoon_0/U0/ultrasoon_v1_0_S00_AXI_inst/Core1/centimeters_reg[9]/R
                            (falling edge-triggered cell FDRE clocked by clk_out1_design_1_clk_wiz_0_1  {rise@0.000ns fall@5.000ns period=10.000ns})
  Path Group:             clk_out1_design_1_clk_wiz_0_1
  Path Type:              Setup (Max at Slow Process Corner)
  Requirement:            5.000ns  (clk_out1_design_1_clk_wiz_0_1 fall@5.000ns - clk_out1_design_1_clk_wiz_0_1 rise@0.000ns)
  Data Path Delay:        2.214ns  (logic 0.642ns (28.991%)  route 1.572ns (71.009%))
  Logic Levels:           1  (LUT2=1)
  Clock Path Skew:        -0.350ns (DCD - SCD + CPR)
    Destination Clock Delay (DCD):    -1.689ns = ( 3.311 - 5.000 ) 
    Source Clock Delay      (SCD):    -0.872ns
    Clock Pessimism Removal (CPR):    0.466ns
  Clock Uncertainty:      0.072ns  ((TSJ^2 + DJ^2)^1/2) / 2 + PE
    Total System Jitter     (TSJ):    0.071ns
    Discrete Jitter          (DJ):    0.125ns
    Phase Error              (PE):    0.000ns

    Location             Delay type                Incr(ns)  Path(ns)    Netlist Resource(s)
  -------------------------------------------------------------------    -------------------
                         (clock clk_out1_design_1_clk_wiz_0_1 rise edge)
                                                      0.000     0.000 r  
    H16                                               0.000     0.000 r  sys_clock (IN)
                         net (fo=0)                   0.000     0.000    design_1_i/clk_wiz_0/inst/clk_in1
    H16                  IBUF (Prop_ibuf_I_O)         1.451     1.451 r  design_1_i/clk_wiz_0/inst/clkin1_ibufg/O
                         net (fo=1, routed)           1.285     2.736    design_1_i/clk_wiz_0/inst/clk_in1_design_1_clk_wiz_0_1
    MMCME2_ADV_X1Y2      MMCME2_ADV (Prop_mmcme2_adv_CLKIN1_CLKOUT0)
                                                     -7.759    -5.023 r  design_1_i/clk_wiz_0/inst/mmcm_adv_inst/CLKOUT0
                         net (fo=1, routed)           2.206    -2.817    design_1_i/clk_wiz_0/inst/clk_out1_design_1_clk_wiz_0_1
    BUFGCTRL_X0Y17       BUFG (Prop_bufg_I_O)         0.101    -2.716 r  design_1_i/clk_wiz_0/inst/clkout1_buf/O
                         net (fo=114, routed)         1.844    -0.872    design_1_i/ultrasoon_0/U0/ultrasoon_v1_0_S00_AXI_inst/Core1/clk
    SLICE_X42Y102        FDRE                                         r  design_1_i/ultrasoon_0/U0/ultrasoon_v1_0_S00_AXI_inst/Core1/PS_reg[1]/C
  -------------------------------------------------------------------    -------------------
    SLICE_X42Y102        FDRE (Prop_fdre_C_Q)         0.518    -0.354 r  design_1_i/ultrasoon_0/U0/ultrasoon_v1_0_S00_AXI_inst/Core1/PS_reg[1]/Q
                         net (fo=8, routed)           0.659     0.305    design_1_i/ultrasoon_0/U0/ultrasoon_v1_0_S00_AXI_inst/Core1/PS[1]
    SLICE_X43Y102        LUT2 (Prop_lut2_I1_O)        0.124     0.429 r  design_1_i/ultrasoon_0/U0/ultrasoon_v1_0_S00_AXI_inst/Core1/count[16]_i_1/O
                         net (fo=33, routed)          0.913     1.342    design_1_i/ultrasoon_0/U0/ultrasoon_v1_0_S00_AXI_inst/Core1/centimeters
    SLICE_X38Y98         FDRE                                         r  design_1_i/ultrasoon_0/U0/ultrasoon_v1_0_S00_AXI_inst/Core1/centimeters_reg[9]/R
  -------------------------------------------------------------------    -------------------

                         (clock clk_out1_design_1_clk_wiz_0_1 fall edge)
                                                      5.000     5.000 f  
    H16                                               0.000     5.000 f  sys_clock (IN)
                         net (fo=0)                   0.000     5.000    design_1_i/clk_wiz_0/inst/clk_in1
    H16                  IBUF (Prop_ibuf_I_O)         1.380     6.380 f  design_1_i/clk_wiz_0/inst/clkin1_ibufg/O
                         net (fo=1, routed)           1.162     7.542    design_1_i/clk_wiz_0/inst/clk_in1_design_1_clk_wiz_0_1
    MMCME2_ADV_X1Y2      MMCME2_ADV (Prop_mmcme2_adv_CLKIN1_CLKOUT0)
                                                     -7.814    -0.272 f  design_1_i/clk_wiz_0/inst/mmcm_adv_inst/CLKOUT0
                         net (fo=1, routed)           2.012     1.740    design_1_i/clk_wiz_0/inst/clk_out1_design_1_clk_wiz_0_1
    BUFGCTRL_X0Y17       BUFG (Prop_bufg_I_O)         0.091     1.831 f  design_1_i/clk_wiz_0/inst/clkout1_buf/O
                         net (fo=114, routed)         1.480     3.311    design_1_i/ultrasoon_0/U0/ultrasoon_v1_0_S00_AXI_inst/Core1/clk
    SLICE_X38Y98         FDRE                                         r  design_1_i/ultrasoon_0/U0/ultrasoon_v1_0_S00_AXI_inst/Core1/centimeters_reg[9]/C  (IS_INVERTED)
                         clock pessimism              0.466     3.777    
                         clock uncertainty           -0.072     3.706    
    SLICE_X38Y98         FDRE (Setup_fdre_C_R)       -0.519     3.187    design_1_i/ultrasoon_0/U0/ultrasoon_v1_0_S00_AXI_inst/Core1/centimeters_reg[9]
  -------------------------------------------------------------------
                         required time                          3.187    
                         arrival time                          -1.342    
  -------------------------------------------------------------------
                         slack                                  1.845    

Slack (MET) :             1.962ns  (required time - arrival time)
  Source:                 design_1_i/ultrasoon_0/U0/ultrasoon_v1_0_S00_AXI_inst/Core1/PS_reg[1]/C
                            (rising edge-triggered cell FDRE clocked by clk_out1_design_1_clk_wiz_0_1  {rise@0.000ns fall@5.000ns period=10.000ns})
  Destination:            design_1_i/ultrasoon_0/U0/ultrasoon_v1_0_S00_AXI_inst/Core1/centimeters_reg[4]/R
                            (falling edge-triggered cell FDRE clocked by clk_out1_design_1_clk_wiz_0_1  {rise@0.000ns fall@5.000ns period=10.000ns})
  Path Group:             clk_out1_design_1_clk_wiz_0_1
  Path Type:              Setup (Max at Slow Process Corner)
  Requirement:            5.000ns  (clk_out1_design_1_clk_wiz_0_1 fall@5.000ns - clk_out1_design_1_clk_wiz_0_1 rise@0.000ns)
  Data Path Delay:        2.097ns  (logic 0.642ns (30.615%)  route 1.455ns (69.385%))
  Logic Levels:           1  (LUT2=1)
  Clock Path Skew:        -0.350ns (DCD - SCD + CPR)
    Destination Clock Delay (DCD):    -1.689ns = ( 3.311 - 5.000 ) 
    Source Clock Delay      (SCD):    -0.872ns
    Clock Pessimism Removal (CPR):    0.466ns
  Clock Uncertainty:      0.072ns  ((TSJ^2 + DJ^2)^1/2) / 2 + PE
    Total System Jitter     (TSJ):    0.071ns
    Discrete Jitter          (DJ):    0.125ns
    Phase Error              (PE):    0.000ns

    Location             Delay type                Incr(ns)  Path(ns)    Netlist Resource(s)
  -------------------------------------------------------------------    -------------------
                         (clock clk_out1_design_1_clk_wiz_0_1 rise edge)
                                                      0.000     0.000 r  
    H16                                               0.000     0.000 r  sys_clock (IN)
                         net (fo=0)                   0.000     0.000    design_1_i/clk_wiz_0/inst/clk_in1
    H16                  IBUF (Prop_ibuf_I_O)         1.451     1.451 r  design_1_i/clk_wiz_0/inst/clkin1_ibufg/O
                         net (fo=1, routed)           1.285     2.736    design_1_i/clk_wiz_0/inst/clk_in1_design_1_clk_wiz_0_1
    MMCME2_ADV_X1Y2      MMCME2_ADV (Prop_mmcme2_adv_CLKIN1_CLKOUT0)
                                                     -7.759    -5.023 r  design_1_i/clk_wiz_0/inst/mmcm_adv_inst/CLKOUT0
                         net (fo=1, routed)           2.206    -2.817    design_1_i/clk_wiz_0/inst/clk_out1_design_1_clk_wiz_0_1
    BUFGCTRL_X0Y17       BUFG (Prop_bufg_I_O)         0.101    -2.716 r  design_1_i/clk_wiz_0/inst/clkout1_buf/O
                         net (fo=114, routed)         1.844    -0.872    design_1_i/ultrasoon_0/U0/ultrasoon_v1_0_S00_AXI_inst/Core1/clk
    SLICE_X42Y102        FDRE                                         r  design_1_i/ultrasoon_0/U0/ultrasoon_v1_0_S00_AXI_inst/Core1/PS_reg[1]/C
  -------------------------------------------------------------------    -------------------
    SLICE_X42Y102        FDRE (Prop_fdre_C_Q)         0.518    -0.354 r  design_1_i/ultrasoon_0/U0/ultrasoon_v1_0_S00_AXI_inst/Core1/PS_reg[1]/Q
                         net (fo=8, routed)           0.659     0.305    design_1_i/ultrasoon_0/U0/ultrasoon_v1_0_S00_AXI_inst/Core1/PS[1]
    SLICE_X43Y102        LUT2 (Prop_lut2_I1_O)        0.124     0.429 r  design_1_i/ultrasoon_0/U0/ultrasoon_v1_0_S00_AXI_inst/Core1/count[16]_i_1/O
                         net (fo=33, routed)          0.796     1.225    design_1_i/ultrasoon_0/U0/ultrasoon_v1_0_S00_AXI_inst/Core1/centimeters
    SLICE_X38Y97         FDRE                                         r  design_1_i/ultrasoon_0/U0/ultrasoon_v1_0_S00_AXI_inst/Core1/centimeters_reg[4]/R
  -------------------------------------------------------------------    -------------------

                         (clock clk_out1_design_1_clk_wiz_0_1 fall edge)
                                                      5.000     5.000 f  
    H16                                               0.000     5.000 f  sys_clock (IN)
                         net (fo=0)                   0.000     5.000    design_1_i/clk_wiz_0/inst/clk_in1
    H16                  IBUF (Prop_ibuf_I_O)         1.380     6.380 f  design_1_i/clk_wiz_0/inst/clkin1_ibufg/O
                         net (fo=1, routed)           1.162     7.542    design_1_i/clk_wiz_0/inst/clk_in1_design_1_clk_wiz_0_1
    MMCME2_ADV_X1Y2      MMCME2_ADV (Prop_mmcme2_adv_CLKIN1_CLKOUT0)
                                                     -7.814    -0.272 f  design_1_i/clk_wiz_0/inst/mmcm_adv_inst/CLKOUT0
                         net (fo=1, routed)           2.012     1.740    design_1_i/clk_wiz_0/inst/clk_out1_design_1_clk_wiz_0_1
    BUFGCTRL_X0Y17       BUFG (Prop_bufg_I_O)         0.091     1.831 f  design_1_i/clk_wiz_0/inst/clkout1_buf/O
                         net (fo=114, routed)         1.480     3.311    design_1_i/ultrasoon_0/U0/ultrasoon_v1_0_S00_AXI_inst/Core1/clk
    SLICE_X38Y97         FDRE                                         r  design_1_i/ultrasoon_0/U0/ultrasoon_v1_0_S00_AXI_inst/Core1/centimeters_reg[4]/C  (IS_INVERTED)
                         clock pessimism              0.466     3.777    
                         clock uncertainty           -0.072     3.706    
    SLICE_X38Y97         FDRE (Setup_fdre_C_R)       -0.519     3.187    design_1_i/ultrasoon_0/U0/ultrasoon_v1_0_S00_AXI_inst/Core1/centimeters_reg[4]
  -------------------------------------------------------------------
                         required time                          3.187    
                         arrival time                          -1.225    
  -------------------------------------------------------------------
                         slack                                  1.962    

Slack (MET) :             1.962ns  (required time - arrival time)
  Source:                 design_1_i/ultrasoon_0/U0/ultrasoon_v1_0_S00_AXI_inst/Core1/PS_reg[1]/C
                            (rising edge-triggered cell FDRE clocked by clk_out1_design_1_clk_wiz_0_1  {rise@0.000ns fall@5.000ns period=10.000ns})
  Destination:            design_1_i/ultrasoon_0/U0/ultrasoon_v1_0_S00_AXI_inst/Core1/centimeters_reg[5]/R
                            (falling edge-triggered cell FDRE clocked by clk_out1_design_1_clk_wiz_0_1  {rise@0.000ns fall@5.000ns period=10.000ns})
  Path Group:             clk_out1_design_1_clk_wiz_0_1
  Path Type:              Setup (Max at Slow Process Corner)
  Requirement:            5.000ns  (clk_out1_design_1_clk_wiz_0_1 fall@5.000ns - clk_out1_design_1_clk_wiz_0_1 rise@0.000ns)
  Data Path Delay:        2.097ns  (logic 0.642ns (30.615%)  route 1.455ns (69.385%))
  Logic Levels:           1  (LUT2=1)
  Clock Path Skew:        -0.350ns (DCD - SCD + CPR)
    Destination Clock Delay (DCD):    -1.689ns = ( 3.311 - 5.000 ) 
    Source Clock Delay      (SCD):    -0.872ns
    Clock Pessimism Removal (CPR):    0.466ns
  Clock Uncertainty:      0.072ns  ((TSJ^2 + DJ^2)^1/2) / 2 + PE
    Total System Jitter     (TSJ):    0.071ns
    Discrete Jitter          (DJ):    0.125ns
    Phase Error              (PE):    0.000ns

    Location             Delay type                Incr(ns)  Path(ns)    Netlist Resource(s)
  -------------------------------------------------------------------    -------------------
                         (clock clk_out1_design_1_clk_wiz_0_1 rise edge)
                                                      0.000     0.000 r  
    H16                                               0.000     0.000 r  sys_clock (IN)
                         net (fo=0)                   0.000     0.000    design_1_i/clk_wiz_0/inst/clk_in1
    H16                  IBUF (Prop_ibuf_I_O)         1.451     1.451 r  design_1_i/clk_wiz_0/inst/clkin1_ibufg/O
                         net (fo=1, routed)           1.285     2.736    design_1_i/clk_wiz_0/inst/clk_in1_design_1_clk_wiz_0_1
    MMCME2_ADV_X1Y2      MMCME2_ADV (Prop_mmcme2_adv_CLKIN1_CLKOUT0)
                                                     -7.759    -5.023 r  design_1_i/clk_wiz_0/inst/mmcm_adv_inst/CLKOUT0
                         net (fo=1, routed)           2.206    -2.817    design_1_i/clk_wiz_0/inst/clk_out1_design_1_clk_wiz_0_1
    BUFGCTRL_X0Y17       BUFG (Prop_bufg_I_O)         0.101    -2.716 r  design_1_i/clk_wiz_0/inst/clkout1_buf/O
                         net (fo=114, routed)         1.844    -0.872    design_1_i/ultrasoon_0/U0/ultrasoon_v1_0_S00_AXI_inst/Core1/clk
    SLICE_X42Y102        FDRE                                         r  design_1_i/ultrasoon_0/U0/ultrasoon_v1_0_S00_AXI_inst/Core1/PS_reg[1]/C
  -------------------------------------------------------------------    -------------------
    SLICE_X42Y102        FDRE (Prop_fdre_C_Q)         0.518    -0.354 r  design_1_i/ultrasoon_0/U0/ultrasoon_v1_0_S00_AXI_inst/Core1/PS_reg[1]/Q
                         net (fo=8, routed)           0.659     0.305    design_1_i/ultrasoon_0/U0/ultrasoon_v1_0_S00_AXI_inst/Core1/PS[1]
    SLICE_X43Y102        LUT2 (Prop_lut2_I1_O)        0.124     0.429 r  design_1_i/ultrasoon_0/U0/ultrasoon_v1_0_S00_AXI_inst/Core1/count[16]_i_1/O
                         net (fo=33, routed)          0.796     1.225    design_1_i/ultrasoon_0/U0/ultrasoon_v1_0_S00_AXI_inst/Core1/centimeters
    SLICE_X38Y97         FDRE                                         r  design_1_i/ultrasoon_0/U0/ultrasoon_v1_0_S00_AXI_inst/Core1/centimeters_reg[5]/R
  -------------------------------------------------------------------    -------------------

                         (clock clk_out1_design_1_clk_wiz_0_1 fall edge)
                                                      5.000     5.000 f  
    H16                                               0.000     5.000 f  sys_clock (IN)
                         net (fo=0)                   0.000     5.000    design_1_i/clk_wiz_0/inst/clk_in1
    H16                  IBUF (Prop_ibuf_I_O)         1.380     6.380 f  design_1_i/clk_wiz_0/inst/clkin1_ibufg/O
                         net (fo=1, routed)           1.162     7.542    design_1_i/clk_wiz_0/inst/clk_in1_design_1_clk_wiz_0_1
    MMCME2_ADV_X1Y2      MMCME2_ADV (Prop_mmcme2_adv_CLKIN1_CLKOUT0)
                                                     -7.814    -0.272 f  design_1_i/clk_wiz_0/inst/mmcm_adv_inst/CLKOUT0
                         net (fo=1, routed)           2.012     1.740    design_1_i/clk_wiz_0/inst/clk_out1_design_1_clk_wiz_0_1
    BUFGCTRL_X0Y17       BUFG (Prop_bufg_I_O)         0.091     1.831 f  design_1_i/clk_wiz_0/inst/clkout1_buf/O
                         net (fo=114, routed)         1.480     3.311    design_1_i/ultrasoon_0/U0/ultrasoon_v1_0_S00_AXI_inst/Core1/clk
    SLICE_X38Y97         FDRE                                         r  design_1_i/ultrasoon_0/U0/ultrasoon_v1_0_S00_AXI_inst/Core1/centimeters_reg[5]/C  (IS_INVERTED)
                         clock pessimism              0.466     3.777    
                         clock uncertainty           -0.072     3.706    
    SLICE_X38Y97         FDRE (Setup_fdre_C_R)       -0.519     3.187    design_1_i/ultrasoon_0/U0/ultrasoon_v1_0_S00_AXI_inst/Core1/centimeters_reg[5]
  -------------------------------------------------------------------
                         required time                          3.187    
                         arrival time                          -1.225    
  -------------------------------------------------------------------
                         slack                                  1.962    





Min Delay Paths
--------------------------------------------------------------------------------------
Slack (MET) :             0.182ns  (arrival time - required time)
  Source:                 design_1_i/ultrasoon_1/U0/ultrasoon_v1_0_S00_AXI_inst/Core1/centimeters_reg[9]/C
                            (falling edge-triggered cell FDRE clocked by clk_out1_design_1_clk_wiz_0_1  {rise@0.000ns fall@5.000ns period=10.000ns})
  Destination:            design_1_i/ultrasoon_1/U0/ultrasoon_v1_0_S00_AXI_inst/Core1/centimeter_reg[9]/D
                            (falling edge-triggered cell FDRE clocked by clk_out1_design_1_clk_wiz_0_1  {rise@0.000ns fall@5.000ns period=10.000ns})
  Path Group:             clk_out1_design_1_clk_wiz_0_1
  Path Type:              Hold (Min at Fast Process Corner)
  Requirement:            0.000ns  (clk_out1_design_1_clk_wiz_0_1 fall@5.000ns - clk_out1_design_1_clk_wiz_0_1 fall@5.000ns)
  Data Path Delay:        0.280ns  (logic 0.146ns (52.136%)  route 0.134ns (47.864%))
  Logic Levels:           0  
  Clock Path Skew:        0.013ns (DCD - SCD - CPR)
    Destination Clock Delay (DCD):    -0.916ns = ( 4.084 - 5.000 ) 
    Source Clock Delay      (SCD):    -0.675ns = ( 4.325 - 5.000 ) 
    Clock Pessimism Removal (CPR):    -0.253ns

    Location             Delay type                Incr(ns)  Path(ns)    Netlist Resource(s)
  -------------------------------------------------------------------    -------------------
                         (clock clk_out1_design_1_clk_wiz_0_1 fall edge)
                                                      5.000     5.000 f  
    H16                                               0.000     5.000 f  sys_clock (IN)
                         net (fo=0)                   0.000     5.000    design_1_i/clk_wiz_0/inst/clk_in1
    H16                  IBUF (Prop_ibuf_I_O)         0.219     5.219 f  design_1_i/clk_wiz_0/inst/clkin1_ibufg/O
                         net (fo=1, routed)           0.440     5.659    design_1_i/clk_wiz_0/inst/clk_in1_design_1_clk_wiz_0_1
    MMCME2_ADV_X1Y2      MMCME2_ADV (Prop_mmcme2_adv_CLKIN1_CLKOUT0)
                                                     -2.613     3.046 f  design_1_i/clk_wiz_0/inst/mmcm_adv_inst/CLKOUT0
                         net (fo=1, routed)           0.696     3.743    design_1_i/clk_wiz_0/inst/clk_out1_design_1_clk_wiz_0_1
    BUFGCTRL_X0Y17       BUFG (Prop_bufg_I_O)         0.026     3.769 f  design_1_i/clk_wiz_0/inst/clkout1_buf/O
                         net (fo=114, routed)         0.556     4.325    design_1_i/ultrasoon_1/U0/ultrasoon_v1_0_S00_AXI_inst/Core1/clk
    SLICE_X40Y95         FDRE                                         r  design_1_i/ultrasoon_1/U0/ultrasoon_v1_0_S00_AXI_inst/Core1/centimeters_reg[9]/C  (IS_INVERTED)
  -------------------------------------------------------------------    -------------------
    SLICE_X40Y95         FDRE (Prop_fdre_C_Q)         0.146     4.471 r  design_1_i/ultrasoon_1/U0/ultrasoon_v1_0_S00_AXI_inst/Core1/centimeters_reg[9]/Q
                         net (fo=3, routed)           0.134     4.605    design_1_i/ultrasoon_1/U0/ultrasoon_v1_0_S00_AXI_inst/Core1/centimeters_reg[9]
    SLICE_X41Y95         FDRE                                         r  design_1_i/ultrasoon_1/U0/ultrasoon_v1_0_S00_AXI_inst/Core1/centimeter_reg[9]/D
  -------------------------------------------------------------------    -------------------

                         (clock clk_out1_design_1_clk_wiz_0_1 fall edge)
                                                      5.000     5.000 f  
    H16                                               0.000     5.000 f  sys_clock (IN)
                         net (fo=0)                   0.000     5.000    design_1_i/clk_wiz_0/inst/clk_in1
    H16                  IBUF (Prop_ibuf_I_O)         0.406     5.406 f  design_1_i/clk_wiz_0/inst/clkin1_ibufg/O
                         net (fo=1, routed)           0.480     5.886    design_1_i/clk_wiz_0/inst/clk_in1_design_1_clk_wiz_0_1
    MMCME2_ADV_X1Y2      MMCME2_ADV (Prop_mmcme2_adv_CLKIN1_CLKOUT0)
                                                     -3.407     2.479 f  design_1_i/clk_wiz_0/inst/mmcm_adv_inst/CLKOUT0
                         net (fo=1, routed)           0.752     3.231    design_1_i/clk_wiz_0/inst/clk_out1_design_1_clk_wiz_0_1
    BUFGCTRL_X0Y17       BUFG (Prop_bufg_I_O)         0.029     3.260 f  design_1_i/clk_wiz_0/inst/clkout1_buf/O
                         net (fo=114, routed)         0.824     4.084    design_1_i/ultrasoon_1/U0/ultrasoon_v1_0_S00_AXI_inst/Core1/clk
    SLICE_X41Y95         FDRE                                         r  design_1_i/ultrasoon_1/U0/ultrasoon_v1_0_S00_AXI_inst/Core1/centimeter_reg[9]/C  (IS_INVERTED)
                         clock pessimism              0.253     4.338    
    SLICE_X41Y95         FDRE (Hold_fdre_C_D)         0.085     4.423    design_1_i/ultrasoon_1/U0/ultrasoon_v1_0_S00_AXI_inst/Core1/centimeter_reg[9]
  -------------------------------------------------------------------
                         required time                         -4.423    
                         arrival time                           4.605    
  -------------------------------------------------------------------
                         slack                                  0.182    

Slack (MET) :             0.201ns  (arrival time - required time)
  Source:                 design_1_i/ultrasoon_0/U0/ultrasoon_v1_0_S00_AXI_inst/Core1/centimeters_reg[9]/C
                            (falling edge-triggered cell FDRE clocked by clk_out1_design_1_clk_wiz_0_1  {rise@0.000ns fall@5.000ns period=10.000ns})
  Destination:            design_1_i/ultrasoon_0/U0/ultrasoon_v1_0_S00_AXI_inst/Core1/centimeter_reg[9]/D
                            (falling edge-triggered cell FDRE clocked by clk_out1_design_1_clk_wiz_0_1  {rise@0.000ns fall@5.000ns period=10.000ns})
  Path Group:             clk_out1_design_1_clk_wiz_0_1
  Path Type:              Hold (Min at Fast Process Corner)
  Requirement:            0.000ns  (clk_out1_design_1_clk_wiz_0_1 fall@5.000ns - clk_out1_design_1_clk_wiz_0_1 fall@5.000ns)
  Data Path Delay:        0.299ns  (logic 0.167ns (55.813%)  route 0.132ns (44.187%))
  Logic Levels:           0  
  Clock Path Skew:        0.013ns (DCD - SCD - CPR)
    Destination Clock Delay (DCD):    -0.915ns = ( 4.085 - 5.000 ) 
    Source Clock Delay      (SCD):    -0.674ns = ( 4.326 - 5.000 ) 
    Clock Pessimism Removal (CPR):    -0.253ns

    Location             Delay type                Incr(ns)  Path(ns)    Netlist Resource(s)
  -------------------------------------------------------------------    -------------------
                         (clock clk_out1_design_1_clk_wiz_0_1 fall edge)
                                                      5.000     5.000 f  
    H16                                               0.000     5.000 f  sys_clock (IN)
                         net (fo=0)                   0.000     5.000    design_1_i/clk_wiz_0/inst/clk_in1
    H16                  IBUF (Prop_ibuf_I_O)         0.219     5.219 f  design_1_i/clk_wiz_0/inst/clkin1_ibufg/O
                         net (fo=1, routed)           0.440     5.659    design_1_i/clk_wiz_0/inst/clk_in1_design_1_clk_wiz_0_1
    MMCME2_ADV_X1Y2      MMCME2_ADV (Prop_mmcme2_adv_CLKIN1_CLKOUT0)
                                                     -2.613     3.046 f  design_1_i/clk_wiz_0/inst/mmcm_adv_inst/CLKOUT0
                         net (fo=1, routed)           0.696     3.743    design_1_i/clk_wiz_0/inst/clk_out1_design_1_clk_wiz_0_1
    BUFGCTRL_X0Y17       BUFG (Prop_bufg_I_O)         0.026     3.769 f  design_1_i/clk_wiz_0/inst/clkout1_buf/O
                         net (fo=114, routed)         0.557     4.326    design_1_i/ultrasoon_0/U0/ultrasoon_v1_0_S00_AXI_inst/Core1/clk
    SLICE_X38Y98         FDRE                                         r  design_1_i/ultrasoon_0/U0/ultrasoon_v1_0_S00_AXI_inst/Core1/centimeters_reg[9]/C  (IS_INVERTED)
  -------------------------------------------------------------------    -------------------
    SLICE_X38Y98         FDRE (Prop_fdre_C_Q)         0.167     4.493 r  design_1_i/ultrasoon_0/U0/ultrasoon_v1_0_S00_AXI_inst/Core1/centimeters_reg[9]/Q
                         net (fo=3, routed)           0.132     4.625    design_1_i/ultrasoon_0/U0/ultrasoon_v1_0_S00_AXI_inst/Core1/centimeters_reg[9]
    SLICE_X39Y98         FDRE                                         r  design_1_i/ultrasoon_0/U0/ultrasoon_v1_0_S00_AXI_inst/Core1/centimeter_reg[9]/D
  -------------------------------------------------------------------    -------------------

                         (clock clk_out1_design_1_clk_wiz_0_1 fall edge)
                                                      5.000     5.000 f  
    H16                                               0.000     5.000 f  sys_clock (IN)
                         net (fo=0)                   0.000     5.000    design_1_i/clk_wiz_0/inst/clk_in1
    H16                  IBUF (Prop_ibuf_I_O)         0.406     5.406 f  design_1_i/clk_wiz_0/inst/clkin1_ibufg/O
                         net (fo=1, routed)           0.480     5.886    design_1_i/clk_wiz_0/inst/clk_in1_design_1_clk_wiz_0_1
    MMCME2_ADV_X1Y2      MMCME2_ADV (Prop_mmcme2_adv_CLKIN1_CLKOUT0)
                                                     -3.407     2.479 f  design_1_i/clk_wiz_0/inst/mmcm_adv_inst/CLKOUT0
                         net (fo=1, routed)           0.752     3.231    design_1_i/clk_wiz_0/inst/clk_out1_design_1_clk_wiz_0_1
    BUFGCTRL_X0Y17       BUFG (Prop_bufg_I_O)         0.029     3.260 f  design_1_i/clk_wiz_0/inst/clkout1_buf/O
                         net (fo=114, routed)         0.825     4.085    design_1_i/ultrasoon_0/U0/ultrasoon_v1_0_S00_AXI_inst/Core1/clk
    SLICE_X39Y98         FDRE                                         r  design_1_i/ultrasoon_0/U0/ultrasoon_v1_0_S00_AXI_inst/Core1/centimeter_reg[9]/C  (IS_INVERTED)
                         clock pessimism              0.253     4.339    
    SLICE_X39Y98         FDRE (Hold_fdre_C_D)         0.085     4.424    design_1_i/ultrasoon_0/U0/ultrasoon_v1_0_S00_AXI_inst/Core1/centimeter_reg[9]
  -------------------------------------------------------------------
                         required time                         -4.424    
                         arrival time                           4.625    
  -------------------------------------------------------------------
                         slack                                  0.201    

Slack (MET) :             0.201ns  (arrival time - required time)
  Source:                 design_1_i/ultrasoon_0/U0/ultrasoon_v1_0_S00_AXI_inst/Core1/centimeters_reg[1]/C
                            (falling edge-triggered cell FDRE clocked by clk_out1_design_1_clk_wiz_0_1  {rise@0.000ns fall@5.000ns period=10.000ns})
  Destination:            design_1_i/ultrasoon_0/U0/ultrasoon_v1_0_S00_AXI_inst/Core1/centimeter_reg[1]/D
                            (falling edge-triggered cell FDRE clocked by clk_out1_design_1_clk_wiz_0_1  {rise@0.000ns fall@5.000ns period=10.000ns})
  Path Group:             clk_out1_design_1_clk_wiz_0_1
  Path Type:              Hold (Min at Fast Process Corner)
  Requirement:            0.000ns  (clk_out1_design_1_clk_wiz_0_1 fall@5.000ns - clk_out1_design_1_clk_wiz_0_1 fall@5.000ns)
  Data Path Delay:        0.297ns  (logic 0.167ns (56.157%)  route 0.130ns (43.843%))
  Logic Levels:           0  
  Clock Path Skew:        0.016ns (DCD - SCD - CPR)
    Destination Clock Delay (DCD):    -0.916ns = ( 4.084 - 5.000 ) 
    Source Clock Delay      (SCD):    -0.675ns = ( 4.325 - 5.000 ) 
    Clock Pessimism Removal (CPR):    -0.256ns

    Location             Delay type                Incr(ns)  Path(ns)    Netlist Resource(s)
  -------------------------------------------------------------------    -------------------
                         (clock clk_out1_design_1_clk_wiz_0_1 fall edge)
                                                      5.000     5.000 f  
    H16                                               0.000     5.000 f  sys_clock (IN)
                         net (fo=0)                   0.000     5.000    design_1_i/clk_wiz_0/inst/clk_in1
    H16                  IBUF (Prop_ibuf_I_O)         0.219     5.219 f  design_1_i/clk_wiz_0/inst/clkin1_ibufg/O
                         net (fo=1, routed)           0.440     5.659    design_1_i/clk_wiz_0/inst/clk_in1_design_1_clk_wiz_0_1
    MMCME2_ADV_X1Y2      MMCME2_ADV (Prop_mmcme2_adv_CLKIN1_CLKOUT0)
                                                     -2.613     3.046 f  design_1_i/clk_wiz_0/inst/mmcm_adv_inst/CLKOUT0
                         net (fo=1, routed)           0.696     3.743    design_1_i/clk_wiz_0/inst/clk_out1_design_1_clk_wiz_0_1
    BUFGCTRL_X0Y17       BUFG (Prop_bufg_I_O)         0.026     3.769 f  design_1_i/clk_wiz_0/inst/clkout1_buf/O
                         net (fo=114, routed)         0.556     4.325    design_1_i/ultrasoon_0/U0/ultrasoon_v1_0_S00_AXI_inst/Core1/clk
    SLICE_X38Y96         FDRE                                         r  design_1_i/ultrasoon_0/U0/ultrasoon_v1_0_S00_AXI_inst/Core1/centimeters_reg[1]/C  (IS_INVERTED)
  -------------------------------------------------------------------    -------------------
    SLICE_X38Y96         FDRE (Prop_fdre_C_Q)         0.167     4.492 r  design_1_i/ultrasoon_0/U0/ultrasoon_v1_0_S00_AXI_inst/Core1/centimeters_reg[1]/Q
                         net (fo=3, routed)           0.130     4.622    design_1_i/ultrasoon_0/U0/ultrasoon_v1_0_S00_AXI_inst/Core1/centimeters_reg[1]
    SLICE_X38Y95         FDRE                                         r  design_1_i/ultrasoon_0/U0/ultrasoon_v1_0_S00_AXI_inst/Core1/centimeter_reg[1]/D
  -------------------------------------------------------------------    -------------------

                         (clock clk_out1_design_1_clk_wiz_0_1 fall edge)
                                                      5.000     5.000 f  
    H16                                               0.000     5.000 f  sys_clock (IN)
                         net (fo=0)                   0.000     5.000    design_1_i/clk_wiz_0/inst/clk_in1
    H16                  IBUF (Prop_ibuf_I_O)         0.406     5.406 f  design_1_i/clk_wiz_0/inst/clkin1_ibufg/O
                         net (fo=1, routed)           0.480     5.886    design_1_i/clk_wiz_0/inst/clk_in1_design_1_clk_wiz_0_1
    MMCME2_ADV_X1Y2      MMCME2_ADV (Prop_mmcme2_adv_CLKIN1_CLKOUT0)
                                                     -3.407     2.479 f  design_1_i/clk_wiz_0/inst/mmcm_adv_inst/CLKOUT0
                         net (fo=1, routed)           0.752     3.231    design_1_i/clk_wiz_0/inst/clk_out1_design_1_clk_wiz_0_1
    BUFGCTRL_X0Y17       BUFG (Prop_bufg_I_O)         0.029     3.260 f  design_1_i/clk_wiz_0/inst/clkout1_buf/O
                         net (fo=114, routed)         0.824     4.084    design_1_i/ultrasoon_0/U0/ultrasoon_v1_0_S00_AXI_inst/Core1/clk
    SLICE_X38Y95         FDRE                                         r  design_1_i/ultrasoon_0/U0/ultrasoon_v1_0_S00_AXI_inst/Core1/centimeter_reg[1]/C  (IS_INVERTED)
                         clock pessimism              0.256     4.341    
    SLICE_X38Y95         FDRE (Hold_fdre_C_D)         0.080     4.421    design_1_i/ultrasoon_0/U0/ultrasoon_v1_0_S00_AXI_inst/Core1/centimeter_reg[1]
  -------------------------------------------------------------------
                         required time                         -4.421    
                         arrival time                           4.622    
  -------------------------------------------------------------------
                         slack                                  0.201    

Slack (MET) :             0.202ns  (arrival time - required time)
  Source:                 design_1_i/ultrasoon_1/U0/ultrasoon_v1_0_S00_AXI_inst/Core1/centimeters_reg[2]/C
                            (falling edge-triggered cell FDRE clocked by clk_out1_design_1_clk_wiz_0_1  {rise@0.000ns fall@5.000ns period=10.000ns})
  Destination:            design_1_i/ultrasoon_1/U0/ultrasoon_v1_0_S00_AXI_inst/Core1/centimeter_reg[2]/D
                            (falling edge-triggered cell FDRE clocked by clk_out1_design_1_clk_wiz_0_1  {rise@0.000ns fall@5.000ns period=10.000ns})
  Path Group:             clk_out1_design_1_clk_wiz_0_1
  Path Type:              Hold (Min at Fast Process Corner)
  Requirement:            0.000ns  (clk_out1_design_1_clk_wiz_0_1 fall@5.000ns - clk_out1_design_1_clk_wiz_0_1 fall@5.000ns)
  Data Path Delay:        0.272ns  (logic 0.146ns (53.644%)  route 0.126ns (46.356%))
  Logic Levels:           0  
  Clock Path Skew:        0.016ns (DCD - SCD - CPR)
    Destination Clock Delay (DCD):    -0.916ns = ( 4.084 - 5.000 ) 
    Source Clock Delay      (SCD):    -0.675ns = ( 4.325 - 5.000 ) 
    Clock Pessimism Removal (CPR):    -0.256ns

    Location             Delay type                Incr(ns)  Path(ns)    Netlist Resource(s)
  -------------------------------------------------------------------    -------------------
                         (clock clk_out1_design_1_clk_wiz_0_1 fall edge)
                                                      5.000     5.000 f  
    H16                                               0.000     5.000 f  sys_clock (IN)
                         net (fo=0)                   0.000     5.000    design_1_i/clk_wiz_0/inst/clk_in1
    H16                  IBUF (Prop_ibuf_I_O)         0.219     5.219 f  design_1_i/clk_wiz_0/inst/clkin1_ibufg/O
                         net (fo=1, routed)           0.440     5.659    design_1_i/clk_wiz_0/inst/clk_in1_design_1_clk_wiz_0_1
    MMCME2_ADV_X1Y2      MMCME2_ADV (Prop_mmcme2_adv_CLKIN1_CLKOUT0)
                                                     -2.613     3.046 f  design_1_i/clk_wiz_0/inst/mmcm_adv_inst/CLKOUT0
                         net (fo=1, routed)           0.696     3.743    design_1_i/clk_wiz_0/inst/clk_out1_design_1_clk_wiz_0_1
    BUFGCTRL_X0Y17       BUFG (Prop_bufg_I_O)         0.026     3.769 f  design_1_i/clk_wiz_0/inst/clkout1_buf/O
                         net (fo=114, routed)         0.556     4.325    design_1_i/ultrasoon_1/U0/ultrasoon_v1_0_S00_AXI_inst/Core1/clk
    SLICE_X40Y93         FDRE                                         r  design_1_i/ultrasoon_1/U0/ultrasoon_v1_0_S00_AXI_inst/Core1/centimeters_reg[2]/C  (IS_INVERTED)
  -------------------------------------------------------------------    -------------------
    SLICE_X40Y93         FDRE (Prop_fdre_C_Q)         0.146     4.471 r  design_1_i/ultrasoon_1/U0/ultrasoon_v1_0_S00_AXI_inst/Core1/centimeters_reg[2]/Q
                         net (fo=3, routed)           0.126     4.597    design_1_i/ultrasoon_1/U0/ultrasoon_v1_0_S00_AXI_inst/Core1/centimeters_reg[2]
    SLICE_X41Y94         FDRE                                         r  design_1_i/ultrasoon_1/U0/ultrasoon_v1_0_S00_AXI_inst/Core1/centimeter_reg[2]/D
  -------------------------------------------------------------------    -------------------

                         (clock clk_out1_design_1_clk_wiz_0_1 fall edge)
                                                      5.000     5.000 f  
    H16                                               0.000     5.000 f  sys_clock (IN)
                         net (fo=0)                   0.000     5.000    design_1_i/clk_wiz_0/inst/clk_in1
    H16                  IBUF (Prop_ibuf_I_O)         0.406     5.406 f  design_1_i/clk_wiz_0/inst/clkin1_ibufg/O
                         net (fo=1, routed)           0.480     5.886    design_1_i/clk_wiz_0/inst/clk_in1_design_1_clk_wiz_0_1
    MMCME2_ADV_X1Y2      MMCME2_ADV (Prop_mmcme2_adv_CLKIN1_CLKOUT0)
                                                     -3.407     2.479 f  design_1_i/clk_wiz_0/inst/mmcm_adv_inst/CLKOUT0
                         net (fo=1, routed)           0.752     3.231    design_1_i/clk_wiz_0/inst/clk_out1_design_1_clk_wiz_0_1
    BUFGCTRL_X0Y17       BUFG (Prop_bufg_I_O)         0.029     3.260 f  design_1_i/clk_wiz_0/inst/clkout1_buf/O
                         net (fo=114, routed)         0.824     4.084    design_1_i/ultrasoon_1/U0/ultrasoon_v1_0_S00_AXI_inst/Core1/clk
    SLICE_X41Y94         FDRE                                         r  design_1_i/ultrasoon_1/U0/ultrasoon_v1_0_S00_AXI_inst/Core1/centimeter_reg[2]/C  (IS_INVERTED)
                         clock pessimism              0.256     4.341    
    SLICE_X41Y94         FDRE (Hold_fdre_C_D)         0.054     4.395    design_1_i/ultrasoon_1/U0/ultrasoon_v1_0_S00_AXI_inst/Core1/centimeter_reg[2]
  -------------------------------------------------------------------
                         required time                         -4.395    
                         arrival time                           4.597    
  -------------------------------------------------------------------
                         slack                                  0.202    

Slack (MET) :             0.205ns  (arrival time - required time)
  Source:                 design_1_i/ultrasoon_0/U0/ultrasoon_v1_0_S00_AXI_inst/Core1/centimeters_reg[7]/C
                            (falling edge-triggered cell FDRE clocked by clk_out1_design_1_clk_wiz_0_1  {rise@0.000ns fall@5.000ns period=10.000ns})
  Destination:            design_1_i/ultrasoon_0/U0/ultrasoon_v1_0_S00_AXI_inst/Core1/centimeter_reg[7]/D
                            (falling edge-triggered cell FDRE clocked by clk_out1_design_1_clk_wiz_0_1  {rise@0.000ns fall@5.000ns period=10.000ns})
  Path Group:             clk_out1_design_1_clk_wiz_0_1
  Path Type:              Hold (Min at Fast Process Corner)
  Requirement:            0.000ns  (clk_out1_design_1_clk_wiz_0_1 fall@5.000ns - clk_out1_design_1_clk_wiz_0_1 fall@5.000ns)
  Data Path Delay:        0.299ns  (logic 0.167ns (55.813%)  route 0.132ns (44.187%))
  Logic Levels:           0  
  Clock Path Skew:        0.016ns (DCD - SCD - CPR)
    Destination Clock Delay (DCD):    -0.915ns = ( 4.085 - 5.000 ) 
    Source Clock Delay      (SCD):    -0.674ns = ( 4.326 - 5.000 ) 
    Clock Pessimism Removal (CPR):    -0.256ns

    Location             Delay type                Incr(ns)  Path(ns)    Netlist Resource(s)
  -------------------------------------------------------------------    -------------------
                         (clock clk_out1_design_1_clk_wiz_0_1 fall edge)
                                                      5.000     5.000 f  
    H16                                               0.000     5.000 f  sys_clock (IN)
                         net (fo=0)                   0.000     5.000    design_1_i/clk_wiz_0/inst/clk_in1
    H16                  IBUF (Prop_ibuf_I_O)         0.219     5.219 f  design_1_i/clk_wiz_0/inst/clkin1_ibufg/O
                         net (fo=1, routed)           0.440     5.659    design_1_i/clk_wiz_0/inst/clk_in1_design_1_clk_wiz_0_1
    MMCME2_ADV_X1Y2      MMCME2_ADV (Prop_mmcme2_adv_CLKIN1_CLKOUT0)
                                                     -2.613     3.046 f  design_1_i/clk_wiz_0/inst/mmcm_adv_inst/CLKOUT0
                         net (fo=1, routed)           0.696     3.743    design_1_i/clk_wiz_0/inst/clk_out1_design_1_clk_wiz_0_1
    BUFGCTRL_X0Y17       BUFG (Prop_bufg_I_O)         0.026     3.769 f  design_1_i/clk_wiz_0/inst/clkout1_buf/O
                         net (fo=114, routed)         0.557     4.326    design_1_i/ultrasoon_0/U0/ultrasoon_v1_0_S00_AXI_inst/Core1/clk
    SLICE_X38Y97         FDRE                                         r  design_1_i/ultrasoon_0/U0/ultrasoon_v1_0_S00_AXI_inst/Core1/centimeters_reg[7]/C  (IS_INVERTED)
  -------------------------------------------------------------------    -------------------
    SLICE_X38Y97         FDRE (Prop_fdre_C_Q)         0.167     4.493 r  design_1_i/ultrasoon_0/U0/ultrasoon_v1_0_S00_AXI_inst/Core1/centimeters_reg[7]/Q
                         net (fo=3, routed)           0.132     4.625    design_1_i/ultrasoon_0/U0/ultrasoon_v1_0_S00_AXI_inst/Core1/centimeters_reg[7]
    SLICE_X39Y98         FDRE                                         r  design_1_i/ultrasoon_0/U0/ultrasoon_v1_0_S00_AXI_inst/Core1/centimeter_reg[7]/D
  -------------------------------------------------------------------    -------------------

                         (clock clk_out1_design_1_clk_wiz_0_1 fall edge)
                                                      5.000     5.000 f  
    H16                                               0.000     5.000 f  sys_clock (IN)
                         net (fo=0)                   0.000     5.000    design_1_i/clk_wiz_0/inst/clk_in1
    H16                  IBUF (Prop_ibuf_I_O)         0.406     5.406 f  design_1_i/clk_wiz_0/inst/clkin1_ibufg/O
                         net (fo=1, routed)           0.480     5.886    design_1_i/clk_wiz_0/inst/clk_in1_design_1_clk_wiz_0_1
    MMCME2_ADV_X1Y2      MMCME2_ADV (Prop_mmcme2_adv_CLKIN1_CLKOUT0)
                                                     -3.407     2.479 f  design_1_i/clk_wiz_0/inst/mmcm_adv_inst/CLKOUT0
                         net (fo=1, routed)           0.752     3.231    design_1_i/clk_wiz_0/inst/clk_out1_design_1_clk_wiz_0_1
    BUFGCTRL_X0Y17       BUFG (Prop_bufg_I_O)         0.029     3.260 f  design_1_i/clk_wiz_0/inst/clkout1_buf/O
                         net (fo=114, routed)         0.825     4.085    design_1_i/ultrasoon_0/U0/ultrasoon_v1_0_S00_AXI_inst/Core1/clk
    SLICE_X39Y98         FDRE                                         r  design_1_i/ultrasoon_0/U0/ultrasoon_v1_0_S00_AXI_inst/Core1/centimeter_reg[7]/C  (IS_INVERTED)
                         clock pessimism              0.256     4.342    
    SLICE_X39Y98         FDRE (Hold_fdre_C_D)         0.078     4.420    design_1_i/ultrasoon_0/U0/ultrasoon_v1_0_S00_AXI_inst/Core1/centimeter_reg[7]
  -------------------------------------------------------------------
                         required time                         -4.420    
                         arrival time                           4.625    
  -------------------------------------------------------------------
                         slack                                  0.205    

Slack (MET) :             0.207ns  (arrival time - required time)
  Source:                 design_1_i/ultrasoon_1/U0/ultrasoon_v1_0_S00_AXI_inst/Core1/centimeters_reg[13]/C
                            (falling edge-triggered cell FDRE clocked by clk_out1_design_1_clk_wiz_0_1  {rise@0.000ns fall@5.000ns period=10.000ns})
  Destination:            design_1_i/ultrasoon_1/U0/ultrasoon_v1_0_S00_AXI_inst/Core1/centimeter_reg[13]/D
                            (falling edge-triggered cell FDRE clocked by clk_out1_design_1_clk_wiz_0_1  {rise@0.000ns fall@5.000ns period=10.000ns})
  Path Group:             clk_out1_design_1_clk_wiz_0_1
  Path Type:              Hold (Min at Fast Process Corner)
  Requirement:            0.000ns  (clk_out1_design_1_clk_wiz_0_1 fall@5.000ns - clk_out1_design_1_clk_wiz_0_1 fall@5.000ns)
  Data Path Delay:        0.277ns  (logic 0.146ns (52.663%)  route 0.131ns (47.337%))
  Logic Levels:           0  
  Clock Path Skew:        0.016ns (DCD - SCD - CPR)
    Destination Clock Delay (DCD):    -0.916ns = ( 4.084 - 5.000 ) 
    Source Clock Delay      (SCD):    -0.675ns = ( 4.325 - 5.000 ) 
    Clock Pessimism Removal (CPR):    -0.256ns

    Location             Delay type                Incr(ns)  Path(ns)    Netlist Resource(s)
  -------------------------------------------------------------------    -------------------
                         (clock clk_out1_design_1_clk_wiz_0_1 fall edge)
                                                      5.000     5.000 f  
    H16                                               0.000     5.000 f  sys_clock (IN)
                         net (fo=0)                   0.000     5.000    design_1_i/clk_wiz_0/inst/clk_in1
    H16                  IBUF (Prop_ibuf_I_O)         0.219     5.219 f  design_1_i/clk_wiz_0/inst/clkin1_ibufg/O
                         net (fo=1, routed)           0.440     5.659    design_1_i/clk_wiz_0/inst/clk_in1_design_1_clk_wiz_0_1
    MMCME2_ADV_X1Y2      MMCME2_ADV (Prop_mmcme2_adv_CLKIN1_CLKOUT0)
                                                     -2.613     3.046 f  design_1_i/clk_wiz_0/inst/mmcm_adv_inst/CLKOUT0
                         net (fo=1, routed)           0.696     3.743    design_1_i/clk_wiz_0/inst/clk_out1_design_1_clk_wiz_0_1
    BUFGCTRL_X0Y17       BUFG (Prop_bufg_I_O)         0.026     3.769 f  design_1_i/clk_wiz_0/inst/clkout1_buf/O
                         net (fo=114, routed)         0.556     4.325    design_1_i/ultrasoon_1/U0/ultrasoon_v1_0_S00_AXI_inst/Core1/clk
    SLICE_X40Y96         FDRE                                         r  design_1_i/ultrasoon_1/U0/ultrasoon_v1_0_S00_AXI_inst/Core1/centimeters_reg[13]/C  (IS_INVERTED)
  -------------------------------------------------------------------    -------------------
    SLICE_X40Y96         FDRE (Prop_fdre_C_Q)         0.146     4.471 r  design_1_i/ultrasoon_1/U0/ultrasoon_v1_0_S00_AXI_inst/Core1/centimeters_reg[13]/Q
                         net (fo=3, routed)           0.131     4.602    design_1_i/ultrasoon_1/U0/ultrasoon_v1_0_S00_AXI_inst/Core1/centimeters_reg[13]
    SLICE_X41Y95         FDRE                                         r  design_1_i/ultrasoon_1/U0/ultrasoon_v1_0_S00_AXI_inst/Core1/centimeter_reg[13]/D
  -------------------------------------------------------------------    -------------------

                         (clock clk_out1_design_1_clk_wiz_0_1 fall edge)
                                                      5.000     5.000 f  
    H16                                               0.000     5.000 f  sys_clock (IN)
                         net (fo=0)                   0.000     5.000    design_1_i/clk_wiz_0/inst/clk_in1
    H16                  IBUF (Prop_ibuf_I_O)         0.406     5.406 f  design_1_i/clk_wiz_0/inst/clkin1_ibufg/O
                         net (fo=1, routed)           0.480     5.886    design_1_i/clk_wiz_0/inst/clk_in1_design_1_clk_wiz_0_1
    MMCME2_ADV_X1Y2      MMCME2_ADV (Prop_mmcme2_adv_CLKIN1_CLKOUT0)
                                                     -3.407     2.479 f  design_1_i/clk_wiz_0/inst/mmcm_adv_inst/CLKOUT0
                         net (fo=1, routed)           0.752     3.231    design_1_i/clk_wiz_0/inst/clk_out1_design_1_clk_wiz_0_1
    BUFGCTRL_X0Y17       BUFG (Prop_bufg_I_O)         0.029     3.260 f  design_1_i/clk_wiz_0/inst/clkout1_buf/O
                         net (fo=114, routed)         0.824     4.084    design_1_i/ultrasoon_1/U0/ultrasoon_v1_0_S00_AXI_inst/Core1/clk
    SLICE_X41Y95         FDRE                                         r  design_1_i/ultrasoon_1/U0/ultrasoon_v1_0_S00_AXI_inst/Core1/centimeter_reg[13]/C  (IS_INVERTED)
                         clock pessimism              0.256     4.341    
    SLICE_X41Y95         FDRE (Hold_fdre_C_D)         0.054     4.395    design_1_i/ultrasoon_1/U0/ultrasoon_v1_0_S00_AXI_inst/Core1/centimeter_reg[13]
  -------------------------------------------------------------------
                         required time                         -4.395    
                         arrival time                           4.602    
  -------------------------------------------------------------------
                         slack                                  0.207    

Slack (MET) :             0.226ns  (arrival time - required time)
  Source:                 design_1_i/ultrasoon_0/U0/ultrasoon_v1_0_S00_AXI_inst/Core1/centimeters_reg[13]/C
                            (falling edge-triggered cell FDRE clocked by clk_out1_design_1_clk_wiz_0_1  {rise@0.000ns fall@5.000ns period=10.000ns})
  Destination:            design_1_i/ultrasoon_0/U0/ultrasoon_v1_0_S00_AXI_inst/Core1/centimeter_reg[13]/D
                            (falling edge-triggered cell FDRE clocked by clk_out1_design_1_clk_wiz_0_1  {rise@0.000ns fall@5.000ns period=10.000ns})
  Path Group:             clk_out1_design_1_clk_wiz_0_1
  Path Type:              Hold (Min at Fast Process Corner)
  Requirement:            0.000ns  (clk_out1_design_1_clk_wiz_0_1 fall@5.000ns - clk_out1_design_1_clk_wiz_0_1 fall@5.000ns)
  Data Path Delay:        0.296ns  (logic 0.167ns (56.341%)  route 0.129ns (43.659%))
  Logic Levels:           0  
  Clock Path Skew:        0.016ns (DCD - SCD - CPR)
    Destination Clock Delay (DCD):    -0.915ns = ( 4.085 - 5.000 ) 
    Source Clock Delay      (SCD):    -0.674ns = ( 4.326 - 5.000 ) 
    Clock Pessimism Removal (CPR):    -0.256ns

    Location             Delay type                Incr(ns)  Path(ns)    Netlist Resource(s)
  -------------------------------------------------------------------    -------------------
                         (clock clk_out1_design_1_clk_wiz_0_1 fall edge)
                                                      5.000     5.000 f  
    H16                                               0.000     5.000 f  sys_clock (IN)
                         net (fo=0)                   0.000     5.000    design_1_i/clk_wiz_0/inst/clk_in1
    H16                  IBUF (Prop_ibuf_I_O)         0.219     5.219 f  design_1_i/clk_wiz_0/inst/clkin1_ibufg/O
                         net (fo=1, routed)           0.440     5.659    design_1_i/clk_wiz_0/inst/clk_in1_design_1_clk_wiz_0_1
    MMCME2_ADV_X1Y2      MMCME2_ADV (Prop_mmcme2_adv_CLKIN1_CLKOUT0)
                                                     -2.613     3.046 f  design_1_i/clk_wiz_0/inst/mmcm_adv_inst/CLKOUT0
                         net (fo=1, routed)           0.696     3.743    design_1_i/clk_wiz_0/inst/clk_out1_design_1_clk_wiz_0_1
    BUFGCTRL_X0Y17       BUFG (Prop_bufg_I_O)         0.026     3.769 f  design_1_i/clk_wiz_0/inst/clkout1_buf/O
                         net (fo=114, routed)         0.557     4.326    design_1_i/ultrasoon_0/U0/ultrasoon_v1_0_S00_AXI_inst/Core1/clk
    SLICE_X38Y99         FDRE                                         r  design_1_i/ultrasoon_0/U0/ultrasoon_v1_0_S00_AXI_inst/Core1/centimeters_reg[13]/C  (IS_INVERTED)
  -------------------------------------------------------------------    -------------------
    SLICE_X38Y99         FDRE (Prop_fdre_C_Q)         0.167     4.493 r  design_1_i/ultrasoon_0/U0/ultrasoon_v1_0_S00_AXI_inst/Core1/centimeters_reg[13]/Q
                         net (fo=3, routed)           0.129     4.622    design_1_i/ultrasoon_0/U0/ultrasoon_v1_0_S00_AXI_inst/Core1/centimeters_reg[13]
    SLICE_X39Y98         FDRE                                         r  design_1_i/ultrasoon_0/U0/ultrasoon_v1_0_S00_AXI_inst/Core1/centimeter_reg[13]/D
  -------------------------------------------------------------------    -------------------

                         (clock clk_out1_design_1_clk_wiz_0_1 fall edge)
                                                      5.000     5.000 f  
    H16                                               0.000     5.000 f  sys_clock (IN)
                         net (fo=0)                   0.000     5.000    design_1_i/clk_wiz_0/inst/clk_in1
    H16                  IBUF (Prop_ibuf_I_O)         0.406     5.406 f  design_1_i/clk_wiz_0/inst/clkin1_ibufg/O
                         net (fo=1, routed)           0.480     5.886    design_1_i/clk_wiz_0/inst/clk_in1_design_1_clk_wiz_0_1
    MMCME2_ADV_X1Y2      MMCME2_ADV (Prop_mmcme2_adv_CLKIN1_CLKOUT0)
                                                     -3.407     2.479 f  design_1_i/clk_wiz_0/inst/mmcm_adv_inst/CLKOUT0
                         net (fo=1, routed)           0.752     3.231    design_1_i/clk_wiz_0/inst/clk_out1_design_1_clk_wiz_0_1
    BUFGCTRL_X0Y17       BUFG (Prop_bufg_I_O)         0.029     3.260 f  design_1_i/clk_wiz_0/inst/clkout1_buf/O
                         net (fo=114, routed)         0.825     4.085    design_1_i/ultrasoon_0/U0/ultrasoon_v1_0_S00_AXI_inst/Core1/clk
    SLICE_X39Y98         FDRE                                         r  design_1_i/ultrasoon_0/U0/ultrasoon_v1_0_S00_AXI_inst/Core1/centimeter_reg[13]/C  (IS_INVERTED)
                         clock pessimism              0.256     4.342    
    SLICE_X39Y98         FDRE (Hold_fdre_C_D)         0.054     4.396    design_1_i/ultrasoon_0/U0/ultrasoon_v1_0_S00_AXI_inst/Core1/centimeter_reg[13]
  -------------------------------------------------------------------
                         required time                         -4.396    
                         arrival time                           4.622    
  -------------------------------------------------------------------
                         slack                                  0.226    

Slack (MET) :             0.240ns  (arrival time - required time)
  Source:                 design_1_i/ultrasoon_0/U0/ultrasoon_v1_0_S00_AXI_inst/Core1/centimeters_reg[0]/C
                            (falling edge-triggered cell FDRE clocked by clk_out1_design_1_clk_wiz_0_1  {rise@0.000ns fall@5.000ns period=10.000ns})
  Destination:            design_1_i/ultrasoon_0/U0/ultrasoon_v1_0_S00_AXI_inst/Core1/centimeter_reg[0]/D
                            (falling edge-triggered cell FDRE clocked by clk_out1_design_1_clk_wiz_0_1  {rise@0.000ns fall@5.000ns period=10.000ns})
  Path Group:             clk_out1_design_1_clk_wiz_0_1
  Path Type:              Hold (Min at Fast Process Corner)
  Requirement:            0.000ns  (clk_out1_design_1_clk_wiz_0_1 fall@5.000ns - clk_out1_design_1_clk_wiz_0_1 fall@5.000ns)
  Data Path Delay:        0.335ns  (logic 0.167ns (49.923%)  route 0.168ns (50.077%))
  Logic Levels:           0  
  Clock Path Skew:        0.016ns (DCD - SCD - CPR)
    Destination Clock Delay (DCD):    -0.916ns = ( 4.084 - 5.000 ) 
    Source Clock Delay      (SCD):    -0.675ns = ( 4.325 - 5.000 ) 
    Clock Pessimism Removal (CPR):    -0.256ns

    Location             Delay type                Incr(ns)  Path(ns)    Netlist Resource(s)
  -------------------------------------------------------------------    -------------------
                         (clock clk_out1_design_1_clk_wiz_0_1 fall edge)
                                                      5.000     5.000 f  
    H16                                               0.000     5.000 f  sys_clock (IN)
                         net (fo=0)                   0.000     5.000    design_1_i/clk_wiz_0/inst/clk_in1
    H16                  IBUF (Prop_ibuf_I_O)         0.219     5.219 f  design_1_i/clk_wiz_0/inst/clkin1_ibufg/O
                         net (fo=1, routed)           0.440     5.659    design_1_i/clk_wiz_0/inst/clk_in1_design_1_clk_wiz_0_1
    MMCME2_ADV_X1Y2      MMCME2_ADV (Prop_mmcme2_adv_CLKIN1_CLKOUT0)
                                                     -2.613     3.046 f  design_1_i/clk_wiz_0/inst/mmcm_adv_inst/CLKOUT0
                         net (fo=1, routed)           0.696     3.743    design_1_i/clk_wiz_0/inst/clk_out1_design_1_clk_wiz_0_1
    BUFGCTRL_X0Y17       BUFG (Prop_bufg_I_O)         0.026     3.769 f  design_1_i/clk_wiz_0/inst/clkout1_buf/O
                         net (fo=114, routed)         0.556     4.325    design_1_i/ultrasoon_0/U0/ultrasoon_v1_0_S00_AXI_inst/Core1/clk
    SLICE_X38Y96         FDRE                                         r  design_1_i/ultrasoon_0/U0/ultrasoon_v1_0_S00_AXI_inst/Core1/centimeters_reg[0]/C  (IS_INVERTED)
  -------------------------------------------------------------------    -------------------
    SLICE_X38Y96         FDRE (Prop_fdre_C_Q)         0.167     4.492 r  design_1_i/ultrasoon_0/U0/ultrasoon_v1_0_S00_AXI_inst/Core1/centimeters_reg[0]/Q
                         net (fo=4, routed)           0.168     4.659    design_1_i/ultrasoon_0/U0/ultrasoon_v1_0_S00_AXI_inst/Core1/centimeters_reg[0]
    SLICE_X38Y95         FDRE                                         r  design_1_i/ultrasoon_0/U0/ultrasoon_v1_0_S00_AXI_inst/Core1/centimeter_reg[0]/D
  -------------------------------------------------------------------    -------------------

                         (clock clk_out1_design_1_clk_wiz_0_1 fall edge)
                                                      5.000     5.000 f  
    H16                                               0.000     5.000 f  sys_clock (IN)
                         net (fo=0)                   0.000     5.000    design_1_i/clk_wiz_0/inst/clk_in1
    H16                  IBUF (Prop_ibuf_I_O)         0.406     5.406 f  design_1_i/clk_wiz_0/inst/clkin1_ibufg/O
                         net (fo=1, routed)           0.480     5.886    design_1_i/clk_wiz_0/inst/clk_in1_design_1_clk_wiz_0_1
    MMCME2_ADV_X1Y2      MMCME2_ADV (Prop_mmcme2_adv_CLKIN1_CLKOUT0)
                                                     -3.407     2.479 f  design_1_i/clk_wiz_0/inst/mmcm_adv_inst/CLKOUT0
                         net (fo=1, routed)           0.752     3.231    design_1_i/clk_wiz_0/inst/clk_out1_design_1_clk_wiz_0_1
    BUFGCTRL_X0Y17       BUFG (Prop_bufg_I_O)         0.029     3.260 f  design_1_i/clk_wiz_0/inst/clkout1_buf/O
                         net (fo=114, routed)         0.824     4.084    design_1_i/ultrasoon_0/U0/ultrasoon_v1_0_S00_AXI_inst/Core1/clk
    SLICE_X38Y95         FDRE                                         r  design_1_i/ultrasoon_0/U0/ultrasoon_v1_0_S00_AXI_inst/Core1/centimeter_reg[0]/C  (IS_INVERTED)
                         clock pessimism              0.256     4.341    
    SLICE_X38Y95         FDRE (Hold_fdre_C_D)         0.079     4.420    design_1_i/ultrasoon_0/U0/ultrasoon_v1_0_S00_AXI_inst/Core1/centimeter_reg[0]
  -------------------------------------------------------------------
                         required time                         -4.420    
                         arrival time                           4.659    
  -------------------------------------------------------------------
                         slack                                  0.240    

Slack (MET) :             0.244ns  (arrival time - required time)
  Source:                 design_1_i/ultrasoon_0/U0/ultrasoon_v1_0_S00_AXI_inst/Core1/echo_last_reg/C
                            (falling edge-triggered cell FDRE clocked by clk_out1_design_1_clk_wiz_0_1  {rise@0.000ns fall@5.000ns period=10.000ns})
  Destination:            design_1_i/ultrasoon_0/U0/ultrasoon_v1_0_S00_AXI_inst/Core1/NS_reg[1]/D
                            (falling edge-triggered cell FDRE clocked by clk_out1_design_1_clk_wiz_0_1  {rise@0.000ns fall@5.000ns period=10.000ns})
  Path Group:             clk_out1_design_1_clk_wiz_0_1
  Path Type:              Hold (Min at Fast Process Corner)
  Requirement:            0.000ns  (clk_out1_design_1_clk_wiz_0_1 fall@5.000ns - clk_out1_design_1_clk_wiz_0_1 fall@5.000ns)
  Data Path Delay:        0.368ns  (logic 0.249ns (67.725%)  route 0.119ns (32.275%))
  Logic Levels:           1  (LUT6=1)
  Clock Path Skew:        0.000ns (DCD - SCD - CPR)
    Destination Clock Delay (DCD):    -0.829ns = ( 4.171 - 5.000 ) 
    Source Clock Delay      (SCD):    -0.592ns = ( 4.408 - 5.000 ) 
    Clock Pessimism Removal (CPR):    -0.237ns

    Location             Delay type                Incr(ns)  Path(ns)    Netlist Resource(s)
  -------------------------------------------------------------------    -------------------
                         (clock clk_out1_design_1_clk_wiz_0_1 fall edge)
                                                      5.000     5.000 f  
    H16                                               0.000     5.000 f  sys_clock (IN)
                         net (fo=0)                   0.000     5.000    design_1_i/clk_wiz_0/inst/clk_in1
    H16                  IBUF (Prop_ibuf_I_O)         0.219     5.219 f  design_1_i/clk_wiz_0/inst/clkin1_ibufg/O
                         net (fo=1, routed)           0.440     5.659    design_1_i/clk_wiz_0/inst/clk_in1_design_1_clk_wiz_0_1
    MMCME2_ADV_X1Y2      MMCME2_ADV (Prop_mmcme2_adv_CLKIN1_CLKOUT0)
                                                     -2.613     3.046 f  design_1_i/clk_wiz_0/inst/mmcm_adv_inst/CLKOUT0
                         net (fo=1, routed)           0.696     3.743    design_1_i/clk_wiz_0/inst/clk_out1_design_1_clk_wiz_0_1
    BUFGCTRL_X0Y17       BUFG (Prop_bufg_I_O)         0.026     3.769 f  design_1_i/clk_wiz_0/inst/clkout1_buf/O
                         net (fo=114, routed)         0.639     4.408    design_1_i/ultrasoon_0/U0/ultrasoon_v1_0_S00_AXI_inst/Core1/clk
    SLICE_X42Y101        FDRE                                         r  design_1_i/ultrasoon_0/U0/ultrasoon_v1_0_S00_AXI_inst/Core1/echo_last_reg/C  (IS_INVERTED)
  -------------------------------------------------------------------    -------------------
    SLICE_X42Y101        FDRE (Prop_fdre_C_Q)         0.151     4.559 r  design_1_i/ultrasoon_0/U0/ultrasoon_v1_0_S00_AXI_inst/Core1/echo_last_reg/Q
                         net (fo=38, routed)          0.119     4.678    design_1_i/ultrasoon_0/U0/ultrasoon_v1_0_S00_AXI_inst/Core1/echo_last
    SLICE_X42Y101        LUT6 (Prop_lut6_I1_O)        0.098     4.776 r  design_1_i/ultrasoon_0/U0/ultrasoon_v1_0_S00_AXI_inst/Core1/NS[1]_i_1/O
                         net (fo=1, routed)           0.000     4.776    design_1_i/ultrasoon_0/U0/ultrasoon_v1_0_S00_AXI_inst/Core1/NS[1]_i_1_n_0
    SLICE_X42Y101        FDRE                                         r  design_1_i/ultrasoon_0/U0/ultrasoon_v1_0_S00_AXI_inst/Core1/NS_reg[1]/D
  -------------------------------------------------------------------    -------------------

                         (clock clk_out1_design_1_clk_wiz_0_1 fall edge)
                                                      5.000     5.000 f  
    H16                                               0.000     5.000 f  sys_clock (IN)
                         net (fo=0)                   0.000     5.000    design_1_i/clk_wiz_0/inst/clk_in1
    H16                  IBUF (Prop_ibuf_I_O)         0.406     5.406 f  design_1_i/clk_wiz_0/inst/clkin1_ibufg/O
                         net (fo=1, routed)           0.480     5.886    design_1_i/clk_wiz_0/inst/clk_in1_design_1_clk_wiz_0_1
    MMCME2_ADV_X1Y2      MMCME2_ADV (Prop_mmcme2_adv_CLKIN1_CLKOUT0)
                                                     -3.407     2.479 f  design_1_i/clk_wiz_0/inst/mmcm_adv_inst/CLKOUT0
                         net (fo=1, routed)           0.752     3.231    design_1_i/clk_wiz_0/inst/clk_out1_design_1_clk_wiz_0_1
    BUFGCTRL_X0Y17       BUFG (Prop_bufg_I_O)         0.029     3.260 f  design_1_i/clk_wiz_0/inst/clkout1_buf/O
                         net (fo=114, routed)         0.911     4.171    design_1_i/ultrasoon_0/U0/ultrasoon_v1_0_S00_AXI_inst/Core1/clk
    SLICE_X42Y101        FDRE                                         r  design_1_i/ultrasoon_0/U0/ultrasoon_v1_0_S00_AXI_inst/Core1/NS_reg[1]/C  (IS_INVERTED)
                         clock pessimism              0.237     4.408    
    SLICE_X42Y101        FDRE (Hold_fdre_C_D)         0.124     4.532    design_1_i/ultrasoon_0/U0/ultrasoon_v1_0_S00_AXI_inst/Core1/NS_reg[1]
  -------------------------------------------------------------------
                         required time                         -4.532    
                         arrival time                           4.776    
  -------------------------------------------------------------------
                         slack                                  0.244    

Slack (MET) :             0.245ns  (arrival time - required time)
  Source:                 design_1_i/ultrasoon_1/U0/ultrasoon_v1_0_S00_AXI_inst/Core1/centimeters_reg[15]/C
                            (falling edge-triggered cell FDRE clocked by clk_out1_design_1_clk_wiz_0_1  {rise@0.000ns fall@5.000ns period=10.000ns})
  Destination:            design_1_i/ultrasoon_1/U0/ultrasoon_v1_0_S00_AXI_inst/Core1/centimeter_reg[15]/D
                            (falling edge-triggered cell FDRE clocked by clk_out1_design_1_clk_wiz_0_1  {rise@0.000ns fall@5.000ns period=10.000ns})
  Path Group:             clk_out1_design_1_clk_wiz_0_1
  Path Type:              Hold (Min at Fast Process Corner)
  Requirement:            0.000ns  (clk_out1_design_1_clk_wiz_0_1 fall@5.000ns - clk_out1_design_1_clk_wiz_0_1 fall@5.000ns)
  Data Path Delay:        0.339ns  (logic 0.146ns (43.037%)  route 0.193ns (56.963%))
  Logic Levels:           0  
  Clock Path Skew:        0.016ns (DCD - SCD - CPR)
    Destination Clock Delay (DCD):    -0.916ns = ( 4.084 - 5.000 ) 
    Source Clock Delay      (SCD):    -0.675ns = ( 4.325 - 5.000 ) 
    Clock Pessimism Removal (CPR):    -0.256ns

    Location             Delay type                Incr(ns)  Path(ns)    Netlist Resource(s)
  -------------------------------------------------------------------    -------------------
                         (clock clk_out1_design_1_clk_wiz_0_1 fall edge)
                                                      5.000     5.000 f  
    H16                                               0.000     5.000 f  sys_clock (IN)
                         net (fo=0)                   0.000     5.000    design_1_i/clk_wiz_0/inst/clk_in1
    H16                  IBUF (Prop_ibuf_I_O)         0.219     5.219 f  design_1_i/clk_wiz_0/inst/clkin1_ibufg/O
                         net (fo=1, routed)           0.440     5.659    design_1_i/clk_wiz_0/inst/clk_in1_design_1_clk_wiz_0_1
    MMCME2_ADV_X1Y2      MMCME2_ADV (Prop_mmcme2_adv_CLKIN1_CLKOUT0)
                                                     -2.613     3.046 f  design_1_i/clk_wiz_0/inst/mmcm_adv_inst/CLKOUT0
                         net (fo=1, routed)           0.696     3.743    design_1_i/clk_wiz_0/inst/clk_out1_design_1_clk_wiz_0_1
    BUFGCTRL_X0Y17       BUFG (Prop_bufg_I_O)         0.026     3.769 f  design_1_i/clk_wiz_0/inst/clkout1_buf/O
                         net (fo=114, routed)         0.556     4.325    design_1_i/ultrasoon_1/U0/ultrasoon_v1_0_S00_AXI_inst/Core1/clk
    SLICE_X40Y96         FDRE                                         r  design_1_i/ultrasoon_1/U0/ultrasoon_v1_0_S00_AXI_inst/Core1/centimeters_reg[15]/C  (IS_INVERTED)
  -------------------------------------------------------------------    -------------------
    SLICE_X40Y96         FDRE (Prop_fdre_C_Q)         0.146     4.471 r  design_1_i/ultrasoon_1/U0/ultrasoon_v1_0_S00_AXI_inst/Core1/centimeters_reg[15]/Q
                         net (fo=3, routed)           0.193     4.664    design_1_i/ultrasoon_1/U0/ultrasoon_v1_0_S00_AXI_inst/Core1/centimeters_reg[15]
    SLICE_X41Y95         FDRE                                         r  design_1_i/ultrasoon_1/U0/ultrasoon_v1_0_S00_AXI_inst/Core1/centimeter_reg[15]/D
  -------------------------------------------------------------------    -------------------

                         (clock clk_out1_design_1_clk_wiz_0_1 fall edge)
                                                      5.000     5.000 f  
    H16                                               0.000     5.000 f  sys_clock (IN)
                         net (fo=0)                   0.000     5.000    design_1_i/clk_wiz_0/inst/clk_in1
    H16                  IBUF (Prop_ibuf_I_O)         0.406     5.406 f  design_1_i/clk_wiz_0/inst/clkin1_ibufg/O
                         net (fo=1, routed)           0.480     5.886    design_1_i/clk_wiz_0/inst/clk_in1_design_1_clk_wiz_0_1
    MMCME2_ADV_X1Y2      MMCME2_ADV (Prop_mmcme2_adv_CLKIN1_CLKOUT0)
                                                     -3.407     2.479 f  design_1_i/clk_wiz_0/inst/mmcm_adv_inst/CLKOUT0
                         net (fo=1, routed)           0.752     3.231    design_1_i/clk_wiz_0/inst/clk_out1_design_1_clk_wiz_0_1
    BUFGCTRL_X0Y17       BUFG (Prop_bufg_I_O)         0.029     3.260 f  design_1_i/clk_wiz_0/inst/clkout1_buf/O
                         net (fo=114, routed)         0.824     4.084    design_1_i/ultrasoon_1/U0/ultrasoon_v1_0_S00_AXI_inst/Core1/clk
    SLICE_X41Y95         FDRE                                         r  design_1_i/ultrasoon_1/U0/ultrasoon_v1_0_S00_AXI_inst/Core1/centimeter_reg[15]/C  (IS_INVERTED)
                         clock pessimism              0.256     4.341    
    SLICE_X41Y95         FDRE (Hold_fdre_C_D)         0.078     4.419    design_1_i/ultrasoon_1/U0/ultrasoon_v1_0_S00_AXI_inst/Core1/centimeter_reg[15]
  -------------------------------------------------------------------
                         required time                         -4.419    
                         arrival time                           4.664    
  -------------------------------------------------------------------
                         slack                                  0.245    





Pulse Width Checks
--------------------------------------------------------------------------------------
Clock Name:         clk_out1_design_1_clk_wiz_0_1
Waveform(ns):       { 0.000 5.000 }
Period(ns):         10.000
Sources:            { design_1_i/clk_wiz_0/inst/mmcm_adv_inst/CLKOUT0 }

Check Type        Corner  Lib Pin             Reference Pin  Required(ns)  Actual(ns)  Slack(ns)  Location         Pin
Min Period        n/a     BUFG/I              n/a            2.155         10.000      7.845      BUFGCTRL_X0Y17   design_1_i/clk_wiz_0/inst/clkout1_buf/I
Min Period        n/a     MMCME2_ADV/CLKOUT0  n/a            1.249         10.000      8.751      MMCME2_ADV_X1Y2  design_1_i/clk_wiz_0/inst/mmcm_adv_inst/CLKOUT0
Min Period        n/a     FDRE/C              n/a            1.000         10.000      9.000      SLICE_X43Y101    design_1_i/ultrasoon_0/U0/ultrasoon_v1_0_S00_AXI_inst/Core1/NS_reg[0]/C
Min Period        n/a     FDRE/C              n/a            1.000         10.000      9.000      SLICE_X42Y101    design_1_i/ultrasoon_0/U0/ultrasoon_v1_0_S00_AXI_inst/Core1/NS_reg[1]/C
Min Period        n/a     FDRE/C              n/a            1.000         10.000      9.000      SLICE_X44Y101    design_1_i/ultrasoon_0/U0/ultrasoon_v1_0_S00_AXI_inst/Core1/PS_reg[0]/C
Min Period        n/a     FDRE/C              n/a            1.000         10.000      9.000      SLICE_X42Y102    design_1_i/ultrasoon_0/U0/ultrasoon_v1_0_S00_AXI_inst/Core1/PS_reg[1]/C
Min Period        n/a     FDRE/C              n/a            1.000         10.000      9.000      SLICE_X38Y95     design_1_i/ultrasoon_0/U0/ultrasoon_v1_0_S00_AXI_inst/Core1/centimeter_reg[0]/C
Min Period        n/a     FDRE/C              n/a            1.000         10.000      9.000      SLICE_X39Y98     design_1_i/ultrasoon_0/U0/ultrasoon_v1_0_S00_AXI_inst/Core1/centimeter_reg[10]/C
Min Period        n/a     FDRE/C              n/a            1.000         10.000      9.000      SLICE_X39Y98     design_1_i/ultrasoon_0/U0/ultrasoon_v1_0_S00_AXI_inst/Core1/centimeter_reg[11]/C
Min Period        n/a     FDRE/C              n/a            1.000         10.000      9.000      SLICE_X39Y98     design_1_i/ultrasoon_0/U0/ultrasoon_v1_0_S00_AXI_inst/Core1/centimeter_reg[12]/C
Max Period        n/a     MMCME2_ADV/CLKOUT0  n/a            213.360       10.000      203.360    MMCME2_ADV_X1Y2  design_1_i/clk_wiz_0/inst/mmcm_adv_inst/CLKOUT0
Low Pulse Width   Slow    FDRE/C              n/a            0.500         5.000       4.500      SLICE_X43Y101    design_1_i/ultrasoon_0/U0/ultrasoon_v1_0_S00_AXI_inst/Core1/NS_reg[0]/C
Low Pulse Width   Fast    FDRE/C              n/a            0.500         5.000       4.500      SLICE_X43Y101    design_1_i/ultrasoon_0/U0/ultrasoon_v1_0_S00_AXI_inst/Core1/NS_reg[0]/C
Low Pulse Width   Slow    FDRE/C              n/a            0.500         5.000       4.500      SLICE_X42Y101    design_1_i/ultrasoon_0/U0/ultrasoon_v1_0_S00_AXI_inst/Core1/NS_reg[1]/C
Low Pulse Width   Fast    FDRE/C              n/a            0.500         5.000       4.500      SLICE_X42Y101    design_1_i/ultrasoon_0/U0/ultrasoon_v1_0_S00_AXI_inst/Core1/NS_reg[1]/C
Low Pulse Width   Slow    FDRE/C              n/a            0.500         5.000       4.500      SLICE_X44Y101    design_1_i/ultrasoon_0/U0/ultrasoon_v1_0_S00_AXI_inst/Core1/PS_reg[0]/C
Low Pulse Width   Fast    FDRE/C              n/a            0.500         5.000       4.500      SLICE_X44Y101    design_1_i/ultrasoon_0/U0/ultrasoon_v1_0_S00_AXI_inst/Core1/PS_reg[0]/C
Low Pulse Width   Slow    FDRE/C              n/a            0.500         5.000       4.500      SLICE_X42Y102    design_1_i/ultrasoon_0/U0/ultrasoon_v1_0_S00_AXI_inst/Core1/PS_reg[1]/C
Low Pulse Width   Fast    FDRE/C              n/a            0.500         5.000       4.500      SLICE_X42Y102    design_1_i/ultrasoon_0/U0/ultrasoon_v1_0_S00_AXI_inst/Core1/PS_reg[1]/C
Low Pulse Width   Slow    FDRE/C              n/a            0.500         5.000       4.500      SLICE_X38Y95     design_1_i/ultrasoon_0/U0/ultrasoon_v1_0_S00_AXI_inst/Core1/centimeter_reg[0]/C
Low Pulse Width   Fast    FDRE/C              n/a            0.500         5.000       4.500      SLICE_X38Y95     design_1_i/ultrasoon_0/U0/ultrasoon_v1_0_S00_AXI_inst/Core1/centimeter_reg[0]/C
High Pulse Width  Slow    FDRE/C              n/a            0.500         5.000       4.500      SLICE_X43Y101    design_1_i/ultrasoon_0/U0/ultrasoon_v1_0_S00_AXI_inst/Core1/NS_reg[0]/C
High Pulse Width  Fast    FDRE/C              n/a            0.500         5.000       4.500      SLICE_X43Y101    design_1_i/ultrasoon_0/U0/ultrasoon_v1_0_S00_AXI_inst/Core1/NS_reg[0]/C
High Pulse Width  Slow    FDRE/C              n/a            0.500         5.000       4.500      SLICE_X42Y101    design_1_i/ultrasoon_0/U0/ultrasoon_v1_0_S00_AXI_inst/Core1/NS_reg[1]/C
High Pulse Width  Fast    FDRE/C              n/a            0.500         5.000       4.500      SLICE_X42Y101    design_1_i/ultrasoon_0/U0/ultrasoon_v1_0_S00_AXI_inst/Core1/NS_reg[1]/C
High Pulse Width  Slow    FDRE/C              n/a            0.500         5.000       4.500      SLICE_X44Y101    design_1_i/ultrasoon_0/U0/ultrasoon_v1_0_S00_AXI_inst/Core1/PS_reg[0]/C
High Pulse Width  Fast    FDRE/C              n/a            0.500         5.000       4.500      SLICE_X44Y101    design_1_i/ultrasoon_0/U0/ultrasoon_v1_0_S00_AXI_inst/Core1/PS_reg[0]/C
High Pulse Width  Slow    FDRE/C              n/a            0.500         5.000       4.500      SLICE_X42Y102    design_1_i/ultrasoon_0/U0/ultrasoon_v1_0_S00_AXI_inst/Core1/PS_reg[1]/C
High Pulse Width  Fast    FDRE/C              n/a            0.500         5.000       4.500      SLICE_X42Y102    design_1_i/ultrasoon_0/U0/ultrasoon_v1_0_S00_AXI_inst/Core1/PS_reg[1]/C
High Pulse Width  Slow    FDRE/C              n/a            0.500         5.000       4.500      SLICE_X38Y95     design_1_i/ultrasoon_0/U0/ultrasoon_v1_0_S00_AXI_inst/Core1/centimeter_reg[0]/C
High Pulse Width  Fast    FDRE/C              n/a            0.500         5.000       4.500      SLICE_X38Y95     design_1_i/ultrasoon_0/U0/ultrasoon_v1_0_S00_AXI_inst/Core1/centimeter_reg[0]/C



---------------------------------------------------------------------------------------------------
From Clock:  clkfbout_design_1_clk_wiz_0_1
  To Clock:  clkfbout_design_1_clk_wiz_0_1

Setup :           NA  Failing Endpoints,  Worst Slack           NA  ,  Total Violation           NA
Hold  :           NA  Failing Endpoints,  Worst Slack           NA  ,  Total Violation           NA
PW    :            0  Failing Endpoints,  Worst Slack        5.845ns,  Total Violation        0.000ns
---------------------------------------------------------------------------------------------------


Pulse Width Checks
--------------------------------------------------------------------------------------
Clock Name:         clkfbout_design_1_clk_wiz_0_1
Waveform(ns):       { 0.000 4.000 }
Period(ns):         8.000
Sources:            { design_1_i/clk_wiz_0/inst/mmcm_adv_inst/CLKFBOUT }

Check Type  Corner  Lib Pin              Reference Pin  Required(ns)  Actual(ns)  Slack(ns)  Location         Pin
Min Period  n/a     BUFG/I               n/a            2.155         8.000       5.845      BUFGCTRL_X0Y18   design_1_i/clk_wiz_0/inst/clkf_buf/I
Min Period  n/a     MMCME2_ADV/CLKFBOUT  n/a            1.249         8.000       6.751      MMCME2_ADV_X1Y2  design_1_i/clk_wiz_0/inst/mmcm_adv_inst/CLKFBOUT
Min Period  n/a     MMCME2_ADV/CLKFBIN   n/a            1.249         8.000       6.751      MMCME2_ADV_X1Y2  design_1_i/clk_wiz_0/inst/mmcm_adv_inst/CLKFBIN
Max Period  n/a     MMCME2_ADV/CLKFBIN   n/a            100.000       8.000       92.000     MMCME2_ADV_X1Y2  design_1_i/clk_wiz_0/inst/mmcm_adv_inst/CLKFBIN
Max Period  n/a     MMCME2_ADV/CLKFBOUT  n/a            213.360       8.000       205.360    MMCME2_ADV_X1Y2  design_1_i/clk_wiz_0/inst/mmcm_adv_inst/CLKFBOUT



---------------------------------------------------------------------------------------------------
From Clock:  clk_out1_design_1_clk_wiz_0_1
  To Clock:  clk_fpga_0

Setup :            0  Failing Endpoints,  Worst Slack        5.811ns,  Total Violation        0.000ns
Hold  :            0  Failing Endpoints,  Worst Slack        0.605ns,  Total Violation        0.000ns
---------------------------------------------------------------------------------------------------


Max Delay Paths
--------------------------------------------------------------------------------------
Slack (MET) :             5.811ns  (required time - arrival time)
  Source:                 design_1_i/ultrasoon_0/U0/ultrasoon_v1_0_S00_AXI_inst/Core1/centimeter_reg[3]/C
                            (falling edge-triggered cell FDRE clocked by clk_out1_design_1_clk_wiz_0_1  {rise@0.000ns fall@5.000ns period=10.000ns})
  Destination:            design_1_i/ultrasoon_0/U0/ultrasoon_v1_0_S00_AXI_inst/axi_rdata_reg[3]/D
                            (rising edge-triggered cell FDRE clocked by clk_fpga_0  {rise@0.000ns fall@5.000ns period=10.000ns})
  Path Group:             clk_fpga_0
  Path Type:              Setup (Max at Fast Process Corner)
  Requirement:            5.000ns  (clk_fpga_0 rise@10.000ns - clk_out1_design_1_clk_wiz_0_1 fall@5.000ns)
  Data Path Delay:        0.770ns  (logic 0.310ns (40.259%)  route 0.460ns (59.741%))
  Logic Levels:           1  (LUT6=1)
  Clock Path Skew:        1.809ns (DCD - SCD + CPR)
    Destination Clock Delay (DCD):    0.894ns = ( 10.894 - 10.000 ) 
    Source Clock Delay      (SCD):    -0.916ns = ( 4.084 - 5.000 ) 
    Clock Pessimism Removal (CPR):    0.000ns
  Clock Uncertainty:      0.263ns  ((TSJ^2 + TIJ^2 + DJ^2)^1/2) / 2 + PE
    Total System Jitter     (TSJ):    0.071ns
    Total Input Jitter      (TIJ):    0.300ns
    Discrete Jitter          (DJ):    0.125ns
    Phase Error              (PE):    0.097ns
  Clock Domain Crossing:  Inter clock paths are considered valid unless explicitly excluded by timing constraints such as set_clock_groups or set_false_path.

    Location             Delay type                Incr(ns)  Path(ns)    Netlist Resource(s)
  -------------------------------------------------------------------    -------------------
                         (clock clk_out1_design_1_clk_wiz_0_1 fall edge)
                                                      5.000     5.000 f  
    H16                                               0.000     5.000 f  sys_clock (IN)
                         net (fo=0)                   0.000     5.000    design_1_i/clk_wiz_0/inst/clk_in1
    H16                  IBUF (Prop_ibuf_I_O)         0.406     5.406 f  design_1_i/clk_wiz_0/inst/clkin1_ibufg/O
                         net (fo=1, routed)           0.480     5.886    design_1_i/clk_wiz_0/inst/clk_in1_design_1_clk_wiz_0_1
    MMCME2_ADV_X1Y2      MMCME2_ADV (Prop_mmcme2_adv_CLKIN1_CLKOUT0)
                                                     -3.407     2.479 f  design_1_i/clk_wiz_0/inst/mmcm_adv_inst/CLKOUT0
                         net (fo=1, routed)           0.752     3.231    design_1_i/clk_wiz_0/inst/clk_out1_design_1_clk_wiz_0_1
    BUFGCTRL_X0Y17       BUFG (Prop_bufg_I_O)         0.029     3.260 f  design_1_i/clk_wiz_0/inst/clkout1_buf/O
                         net (fo=114, routed)         0.824     4.084    design_1_i/ultrasoon_0/U0/ultrasoon_v1_0_S00_AXI_inst/Core1/clk
    SLICE_X38Y95         FDRE                                         r  design_1_i/ultrasoon_0/U0/ultrasoon_v1_0_S00_AXI_inst/Core1/centimeter_reg[3]/C  (IS_INVERTED)
  -------------------------------------------------------------------    -------------------
    SLICE_X38Y95         FDRE (Prop_fdre_C_Q)         0.188     4.272 r  design_1_i/ultrasoon_0/U0/ultrasoon_v1_0_S00_AXI_inst/Core1/centimeter_reg[3]/Q
                         net (fo=1, routed)           0.460     4.732    design_1_i/ultrasoon_0/U0/ultrasoon_v1_0_S00_AXI_inst/centimeter[3]
    SLICE_X34Y94         LUT6 (Prop_lut6_I3_O)        0.122     4.854 r  design_1_i/ultrasoon_0/U0/ultrasoon_v1_0_S00_AXI_inst/axi_rdata[3]_i_1/O
                         net (fo=1, routed)           0.000     4.854    design_1_i/ultrasoon_0/U0/ultrasoon_v1_0_S00_AXI_inst/reg_data_out[3]
    SLICE_X34Y94         FDRE                                         r  design_1_i/ultrasoon_0/U0/ultrasoon_v1_0_S00_AXI_inst/axi_rdata_reg[3]/D
  -------------------------------------------------------------------    -------------------

                         (clock clk_fpga_0 rise edge)
                                                     10.000    10.000 r  
    PS7_X0Y0             PS7                          0.000    10.000 r  design_1_i/processing_system7_0/inst/PS7_i/FCLKCLK[0]
                         net (fo=1, routed)           0.310    10.310    design_1_i/processing_system7_0/inst/FCLK_CLK_unbuffered[0]
    BUFGCTRL_X0Y16       BUFG (Prop_bufg_I_O)         0.026    10.336 r  design_1_i/processing_system7_0/inst/buffer_fclk_clk_0.FCLK_CLK_0_BUFG/O
                         net (fo=955, routed)         0.558    10.894    design_1_i/ultrasoon_0/U0/ultrasoon_v1_0_S00_AXI_inst/s00_axi_aclk
    SLICE_X34Y94         FDRE                                         r  design_1_i/ultrasoon_0/U0/ultrasoon_v1_0_S00_AXI_inst/axi_rdata_reg[3]/C
                         clock pessimism              0.000    10.894    
                         clock uncertainty           -0.263    10.630    
    SLICE_X34Y94         FDRE (Setup_fdre_C_D)        0.035    10.665    design_1_i/ultrasoon_0/U0/ultrasoon_v1_0_S00_AXI_inst/axi_rdata_reg[3]
  -------------------------------------------------------------------
                         required time                         10.665    
                         arrival time                          -4.854    
  -------------------------------------------------------------------
                         slack                                  5.811    

Slack (MET) :             5.822ns  (required time - arrival time)
  Source:                 design_1_i/ultrasoon_1/U0/ultrasoon_v1_0_S00_AXI_inst/Core1/centimeter_reg[15]/C
                            (falling edge-triggered cell FDRE clocked by clk_out1_design_1_clk_wiz_0_1  {rise@0.000ns fall@5.000ns period=10.000ns})
  Destination:            design_1_i/ultrasoon_1/U0/ultrasoon_v1_0_S00_AXI_inst/axi_rdata_reg[15]/D
                            (rising edge-triggered cell FDRE clocked by clk_fpga_0  {rise@0.000ns fall@5.000ns period=10.000ns})
  Path Group:             clk_fpga_0
  Path Type:              Setup (Max at Fast Process Corner)
  Requirement:            5.000ns  (clk_fpga_0 rise@10.000ns - clk_out1_design_1_clk_wiz_0_1 fall@5.000ns)
  Data Path Delay:        0.737ns  (logic 0.290ns (39.366%)  route 0.447ns (60.634%))
  Logic Levels:           1  (LUT6=1)
  Clock Path Skew:        1.808ns (DCD - SCD + CPR)
    Destination Clock Delay (DCD):    0.893ns = ( 10.893 - 10.000 ) 
    Source Clock Delay      (SCD):    -0.916ns = ( 4.084 - 5.000 ) 
    Clock Pessimism Removal (CPR):    0.000ns
  Clock Uncertainty:      0.263ns  ((TSJ^2 + TIJ^2 + DJ^2)^1/2) / 2 + PE
    Total System Jitter     (TSJ):    0.071ns
    Total Input Jitter      (TIJ):    0.300ns
    Discrete Jitter          (DJ):    0.125ns
    Phase Error              (PE):    0.097ns
  Clock Domain Crossing:  Inter clock paths are considered valid unless explicitly excluded by timing constraints such as set_clock_groups or set_false_path.

    Location             Delay type                Incr(ns)  Path(ns)    Netlist Resource(s)
  -------------------------------------------------------------------    -------------------
                         (clock clk_out1_design_1_clk_wiz_0_1 fall edge)
                                                      5.000     5.000 f  
    H16                                               0.000     5.000 f  sys_clock (IN)
                         net (fo=0)                   0.000     5.000    design_1_i/clk_wiz_0/inst/clk_in1
    H16                  IBUF (Prop_ibuf_I_O)         0.406     5.406 f  design_1_i/clk_wiz_0/inst/clkin1_ibufg/O
                         net (fo=1, routed)           0.480     5.886    design_1_i/clk_wiz_0/inst/clk_in1_design_1_clk_wiz_0_1
    MMCME2_ADV_X1Y2      MMCME2_ADV (Prop_mmcme2_adv_CLKIN1_CLKOUT0)
                                                     -3.407     2.479 f  design_1_i/clk_wiz_0/inst/mmcm_adv_inst/CLKOUT0
                         net (fo=1, routed)           0.752     3.231    design_1_i/clk_wiz_0/inst/clk_out1_design_1_clk_wiz_0_1
    BUFGCTRL_X0Y17       BUFG (Prop_bufg_I_O)         0.029     3.260 f  design_1_i/clk_wiz_0/inst/clkout1_buf/O
                         net (fo=114, routed)         0.824     4.084    design_1_i/ultrasoon_1/U0/ultrasoon_v1_0_S00_AXI_inst/Core1/clk
    SLICE_X41Y95         FDRE                                         r  design_1_i/ultrasoon_1/U0/ultrasoon_v1_0_S00_AXI_inst/Core1/centimeter_reg[15]/C  (IS_INVERTED)
  -------------------------------------------------------------------    -------------------
    SLICE_X41Y95         FDRE (Prop_fdre_C_Q)         0.167     4.251 r  design_1_i/ultrasoon_1/U0/ultrasoon_v1_0_S00_AXI_inst/Core1/centimeter_reg[15]/Q
                         net (fo=1, routed)           0.447     4.698    design_1_i/ultrasoon_1/U0/ultrasoon_v1_0_S00_AXI_inst/centimeter[15]
    SLICE_X41Y97         LUT6 (Prop_lut6_I3_O)        0.123     4.821 r  design_1_i/ultrasoon_1/U0/ultrasoon_v1_0_S00_AXI_inst/axi_rdata[15]_i_1/O
                         net (fo=1, routed)           0.000     4.821    design_1_i/ultrasoon_1/U0/ultrasoon_v1_0_S00_AXI_inst/reg_data_out[15]
    SLICE_X41Y97         FDRE                                         r  design_1_i/ultrasoon_1/U0/ultrasoon_v1_0_S00_AXI_inst/axi_rdata_reg[15]/D
  -------------------------------------------------------------------    -------------------

                         (clock clk_fpga_0 rise edge)
                                                     10.000    10.000 r  
    PS7_X0Y0             PS7                          0.000    10.000 r  design_1_i/processing_system7_0/inst/PS7_i/FCLKCLK[0]
                         net (fo=1, routed)           0.310    10.310    design_1_i/processing_system7_0/inst/FCLK_CLK_unbuffered[0]
    BUFGCTRL_X0Y16       BUFG (Prop_bufg_I_O)         0.026    10.336 r  design_1_i/processing_system7_0/inst/buffer_fclk_clk_0.FCLK_CLK_0_BUFG/O
                         net (fo=955, routed)         0.557    10.893    design_1_i/ultrasoon_1/U0/ultrasoon_v1_0_S00_AXI_inst/s00_axi_aclk
    SLICE_X41Y97         FDRE                                         r  design_1_i/ultrasoon_1/U0/ultrasoon_v1_0_S00_AXI_inst/axi_rdata_reg[15]/C
                         clock pessimism              0.000    10.893    
                         clock uncertainty           -0.263    10.629    
    SLICE_X41Y97         FDRE (Setup_fdre_C_D)        0.014    10.643    design_1_i/ultrasoon_1/U0/ultrasoon_v1_0_S00_AXI_inst/axi_rdata_reg[15]
  -------------------------------------------------------------------
                         required time                         10.643    
                         arrival time                          -4.821    
  -------------------------------------------------------------------
                         slack                                  5.822    

Slack (MET) :             5.889ns  (required time - arrival time)
  Source:                 design_1_i/ultrasoon_1/U0/ultrasoon_v1_0_S00_AXI_inst/Core1/centimeter_reg[9]/C
                            (falling edge-triggered cell FDRE clocked by clk_out1_design_1_clk_wiz_0_1  {rise@0.000ns fall@5.000ns period=10.000ns})
  Destination:            design_1_i/ultrasoon_1/U0/ultrasoon_v1_0_S00_AXI_inst/axi_rdata_reg[9]/D
                            (rising edge-triggered cell FDRE clocked by clk_fpga_0  {rise@0.000ns fall@5.000ns period=10.000ns})
  Path Group:             clk_fpga_0
  Path Type:              Setup (Max at Fast Process Corner)
  Requirement:            5.000ns  (clk_fpga_0 rise@10.000ns - clk_out1_design_1_clk_wiz_0_1 fall@5.000ns)
  Data Path Delay:        0.669ns  (logic 0.290ns (43.367%)  route 0.379ns (56.633%))
  Logic Levels:           1  (LUT6=1)
  Clock Path Skew:        1.807ns (DCD - SCD + CPR)
    Destination Clock Delay (DCD):    0.892ns = ( 10.892 - 10.000 ) 
    Source Clock Delay      (SCD):    -0.916ns = ( 4.084 - 5.000 ) 
    Clock Pessimism Removal (CPR):    0.000ns
  Clock Uncertainty:      0.263ns  ((TSJ^2 + TIJ^2 + DJ^2)^1/2) / 2 + PE
    Total System Jitter     (TSJ):    0.071ns
    Total Input Jitter      (TIJ):    0.300ns
    Discrete Jitter          (DJ):    0.125ns
    Phase Error              (PE):    0.097ns
  Clock Domain Crossing:  Inter clock paths are considered valid unless explicitly excluded by timing constraints such as set_clock_groups or set_false_path.

    Location             Delay type                Incr(ns)  Path(ns)    Netlist Resource(s)
  -------------------------------------------------------------------    -------------------
                         (clock clk_out1_design_1_clk_wiz_0_1 fall edge)
                                                      5.000     5.000 f  
    H16                                               0.000     5.000 f  sys_clock (IN)
                         net (fo=0)                   0.000     5.000    design_1_i/clk_wiz_0/inst/clk_in1
    H16                  IBUF (Prop_ibuf_I_O)         0.406     5.406 f  design_1_i/clk_wiz_0/inst/clkin1_ibufg/O
                         net (fo=1, routed)           0.480     5.886    design_1_i/clk_wiz_0/inst/clk_in1_design_1_clk_wiz_0_1
    MMCME2_ADV_X1Y2      MMCME2_ADV (Prop_mmcme2_adv_CLKIN1_CLKOUT0)
                                                     -3.407     2.479 f  design_1_i/clk_wiz_0/inst/mmcm_adv_inst/CLKOUT0
                         net (fo=1, routed)           0.752     3.231    design_1_i/clk_wiz_0/inst/clk_out1_design_1_clk_wiz_0_1
    BUFGCTRL_X0Y17       BUFG (Prop_bufg_I_O)         0.029     3.260 f  design_1_i/clk_wiz_0/inst/clkout1_buf/O
                         net (fo=114, routed)         0.824     4.084    design_1_i/ultrasoon_1/U0/ultrasoon_v1_0_S00_AXI_inst/Core1/clk
    SLICE_X41Y95         FDRE                                         r  design_1_i/ultrasoon_1/U0/ultrasoon_v1_0_S00_AXI_inst/Core1/centimeter_reg[9]/C  (IS_INVERTED)
  -------------------------------------------------------------------    -------------------
    SLICE_X41Y95         FDRE (Prop_fdre_C_Q)         0.167     4.251 r  design_1_i/ultrasoon_1/U0/ultrasoon_v1_0_S00_AXI_inst/Core1/centimeter_reg[9]/Q
                         net (fo=1, routed)           0.379     4.630    design_1_i/ultrasoon_1/U0/ultrasoon_v1_0_S00_AXI_inst/centimeter[9]
    SLICE_X41Y96         LUT6 (Prop_lut6_I3_O)        0.123     4.753 r  design_1_i/ultrasoon_1/U0/ultrasoon_v1_0_S00_AXI_inst/axi_rdata[9]_i_1/O
                         net (fo=1, routed)           0.000     4.753    design_1_i/ultrasoon_1/U0/ultrasoon_v1_0_S00_AXI_inst/reg_data_out[9]
    SLICE_X41Y96         FDRE                                         r  design_1_i/ultrasoon_1/U0/ultrasoon_v1_0_S00_AXI_inst/axi_rdata_reg[9]/D
  -------------------------------------------------------------------    -------------------

                         (clock clk_fpga_0 rise edge)
                                                     10.000    10.000 r  
    PS7_X0Y0             PS7                          0.000    10.000 r  design_1_i/processing_system7_0/inst/PS7_i/FCLKCLK[0]
                         net (fo=1, routed)           0.310    10.310    design_1_i/processing_system7_0/inst/FCLK_CLK_unbuffered[0]
    BUFGCTRL_X0Y16       BUFG (Prop_bufg_I_O)         0.026    10.336 r  design_1_i/processing_system7_0/inst/buffer_fclk_clk_0.FCLK_CLK_0_BUFG/O
                         net (fo=955, routed)         0.556    10.892    design_1_i/ultrasoon_1/U0/ultrasoon_v1_0_S00_AXI_inst/s00_axi_aclk
    SLICE_X41Y96         FDRE                                         r  design_1_i/ultrasoon_1/U0/ultrasoon_v1_0_S00_AXI_inst/axi_rdata_reg[9]/C
                         clock pessimism              0.000    10.892    
                         clock uncertainty           -0.263    10.628    
    SLICE_X41Y96         FDRE (Setup_fdre_C_D)        0.014    10.642    design_1_i/ultrasoon_1/U0/ultrasoon_v1_0_S00_AXI_inst/axi_rdata_reg[9]
  -------------------------------------------------------------------
                         required time                         10.642    
                         arrival time                          -4.753    
  -------------------------------------------------------------------
                         slack                                  5.889    

Slack (MET) :             5.891ns  (required time - arrival time)
  Source:                 design_1_i/ultrasoon_0/U0/ultrasoon_v1_0_S00_AXI_inst/Core1/centimeter_reg[7]/C
                            (falling edge-triggered cell FDRE clocked by clk_out1_design_1_clk_wiz_0_1  {rise@0.000ns fall@5.000ns period=10.000ns})
  Destination:            design_1_i/ultrasoon_0/U0/ultrasoon_v1_0_S00_AXI_inst/axi_rdata_reg[7]/D
                            (rising edge-triggered cell FDRE clocked by clk_fpga_0  {rise@0.000ns fall@5.000ns period=10.000ns})
  Path Group:             clk_fpga_0
  Path Type:              Setup (Max at Fast Process Corner)
  Requirement:            5.000ns  (clk_fpga_0 rise@10.000ns - clk_out1_design_1_clk_wiz_0_1 fall@5.000ns)
  Data Path Delay:        0.687ns  (logic 0.290ns (42.197%)  route 0.397ns (57.803%))
  Logic Levels:           1  (LUT6=1)
  Clock Path Skew:        1.806ns (DCD - SCD + CPR)
    Destination Clock Delay (DCD):    0.892ns = ( 10.892 - 10.000 ) 
    Source Clock Delay      (SCD):    -0.915ns = ( 4.085 - 5.000 ) 
    Clock Pessimism Removal (CPR):    0.000ns
  Clock Uncertainty:      0.263ns  ((TSJ^2 + TIJ^2 + DJ^2)^1/2) / 2 + PE
    Total System Jitter     (TSJ):    0.071ns
    Total Input Jitter      (TIJ):    0.300ns
    Discrete Jitter          (DJ):    0.125ns
    Phase Error              (PE):    0.097ns
  Clock Domain Crossing:  Inter clock paths are considered valid unless explicitly excluded by timing constraints such as set_clock_groups or set_false_path.

    Location             Delay type                Incr(ns)  Path(ns)    Netlist Resource(s)
  -------------------------------------------------------------------    -------------------
                         (clock clk_out1_design_1_clk_wiz_0_1 fall edge)
                                                      5.000     5.000 f  
    H16                                               0.000     5.000 f  sys_clock (IN)
                         net (fo=0)                   0.000     5.000    design_1_i/clk_wiz_0/inst/clk_in1
    H16                  IBUF (Prop_ibuf_I_O)         0.406     5.406 f  design_1_i/clk_wiz_0/inst/clkin1_ibufg/O
                         net (fo=1, routed)           0.480     5.886    design_1_i/clk_wiz_0/inst/clk_in1_design_1_clk_wiz_0_1
    MMCME2_ADV_X1Y2      MMCME2_ADV (Prop_mmcme2_adv_CLKIN1_CLKOUT0)
                                                     -3.407     2.479 f  design_1_i/clk_wiz_0/inst/mmcm_adv_inst/CLKOUT0
                         net (fo=1, routed)           0.752     3.231    design_1_i/clk_wiz_0/inst/clk_out1_design_1_clk_wiz_0_1
    BUFGCTRL_X0Y17       BUFG (Prop_bufg_I_O)         0.029     3.260 f  design_1_i/clk_wiz_0/inst/clkout1_buf/O
                         net (fo=114, routed)         0.825     4.085    design_1_i/ultrasoon_0/U0/ultrasoon_v1_0_S00_AXI_inst/Core1/clk
    SLICE_X39Y98         FDRE                                         r  design_1_i/ultrasoon_0/U0/ultrasoon_v1_0_S00_AXI_inst/Core1/centimeter_reg[7]/C  (IS_INVERTED)
  -------------------------------------------------------------------    -------------------
    SLICE_X39Y98         FDRE (Prop_fdre_C_Q)         0.167     4.252 r  design_1_i/ultrasoon_0/U0/ultrasoon_v1_0_S00_AXI_inst/Core1/centimeter_reg[7]/Q
                         net (fo=1, routed)           0.397     4.650    design_1_i/ultrasoon_0/U0/ultrasoon_v1_0_S00_AXI_inst/centimeter[7]
    SLICE_X36Y95         LUT6 (Prop_lut6_I3_O)        0.123     4.773 r  design_1_i/ultrasoon_0/U0/ultrasoon_v1_0_S00_AXI_inst/axi_rdata[7]_i_1/O
                         net (fo=1, routed)           0.000     4.773    design_1_i/ultrasoon_0/U0/ultrasoon_v1_0_S00_AXI_inst/reg_data_out[7]
    SLICE_X36Y95         FDRE                                         r  design_1_i/ultrasoon_0/U0/ultrasoon_v1_0_S00_AXI_inst/axi_rdata_reg[7]/D
  -------------------------------------------------------------------    -------------------

                         (clock clk_fpga_0 rise edge)
                                                     10.000    10.000 r  
    PS7_X0Y0             PS7                          0.000    10.000 r  design_1_i/processing_system7_0/inst/PS7_i/FCLKCLK[0]
                         net (fo=1, routed)           0.310    10.310    design_1_i/processing_system7_0/inst/FCLK_CLK_unbuffered[0]
    BUFGCTRL_X0Y16       BUFG (Prop_bufg_I_O)         0.026    10.336 r  design_1_i/processing_system7_0/inst/buffer_fclk_clk_0.FCLK_CLK_0_BUFG/O
                         net (fo=955, routed)         0.556    10.892    design_1_i/ultrasoon_0/U0/ultrasoon_v1_0_S00_AXI_inst/s00_axi_aclk
    SLICE_X36Y95         FDRE                                         r  design_1_i/ultrasoon_0/U0/ultrasoon_v1_0_S00_AXI_inst/axi_rdata_reg[7]/C
                         clock pessimism              0.000    10.892    
                         clock uncertainty           -0.263    10.628    
    SLICE_X36Y95         FDRE (Setup_fdre_C_D)        0.035    10.663    design_1_i/ultrasoon_0/U0/ultrasoon_v1_0_S00_AXI_inst/axi_rdata_reg[7]
  -------------------------------------------------------------------
                         required time                         10.663    
                         arrival time                          -4.773    
  -------------------------------------------------------------------
                         slack                                  5.891    

Slack (MET) :             5.908ns  (required time - arrival time)
  Source:                 design_1_i/ultrasoon_1/U0/ultrasoon_v1_0_S00_AXI_inst/Core1/centimeter_reg[3]/C
                            (falling edge-triggered cell FDRE clocked by clk_out1_design_1_clk_wiz_0_1  {rise@0.000ns fall@5.000ns period=10.000ns})
  Destination:            design_1_i/ultrasoon_1/U0/ultrasoon_v1_0_S00_AXI_inst/axi_rdata_reg[3]/D
                            (rising edge-triggered cell FDRE clocked by clk_fpga_0  {rise@0.000ns fall@5.000ns period=10.000ns})
  Path Group:             clk_fpga_0
  Path Type:              Setup (Max at Fast Process Corner)
  Requirement:            5.000ns  (clk_fpga_0 rise@10.000ns - clk_out1_design_1_clk_wiz_0_1 fall@5.000ns)
  Data Path Delay:        0.651ns  (logic 0.238ns (36.579%)  route 0.413ns (63.421%))
  Logic Levels:           1  (LUT6=1)
  Clock Path Skew:        1.809ns (DCD - SCD + CPR)
    Destination Clock Delay (DCD):    0.894ns = ( 10.894 - 10.000 ) 
    Source Clock Delay      (SCD):    -0.916ns = ( 4.084 - 5.000 ) 
    Clock Pessimism Removal (CPR):    0.000ns
  Clock Uncertainty:      0.263ns  ((TSJ^2 + TIJ^2 + DJ^2)^1/2) / 2 + PE
    Total System Jitter     (TSJ):    0.071ns
    Total Input Jitter      (TIJ):    0.300ns
    Discrete Jitter          (DJ):    0.125ns
    Phase Error              (PE):    0.097ns
  Clock Domain Crossing:  Inter clock paths are considered valid unless explicitly excluded by timing constraints such as set_clock_groups or set_false_path.

    Location             Delay type                Incr(ns)  Path(ns)    Netlist Resource(s)
  -------------------------------------------------------------------    -------------------
                         (clock clk_out1_design_1_clk_wiz_0_1 fall edge)
                                                      5.000     5.000 f  
    H16                                               0.000     5.000 f  sys_clock (IN)
                         net (fo=0)                   0.000     5.000    design_1_i/clk_wiz_0/inst/clk_in1
    H16                  IBUF (Prop_ibuf_I_O)         0.406     5.406 f  design_1_i/clk_wiz_0/inst/clkin1_ibufg/O
                         net (fo=1, routed)           0.480     5.886    design_1_i/clk_wiz_0/inst/clk_in1_design_1_clk_wiz_0_1
    MMCME2_ADV_X1Y2      MMCME2_ADV (Prop_mmcme2_adv_CLKIN1_CLKOUT0)
                                                     -3.407     2.479 f  design_1_i/clk_wiz_0/inst/mmcm_adv_inst/CLKOUT0
                         net (fo=1, routed)           0.752     3.231    design_1_i/clk_wiz_0/inst/clk_out1_design_1_clk_wiz_0_1
    BUFGCTRL_X0Y17       BUFG (Prop_bufg_I_O)         0.029     3.260 f  design_1_i/clk_wiz_0/inst/clkout1_buf/O
                         net (fo=114, routed)         0.824     4.084    design_1_i/ultrasoon_1/U0/ultrasoon_v1_0_S00_AXI_inst/Core1/clk
    SLICE_X41Y94         FDRE                                         r  design_1_i/ultrasoon_1/U0/ultrasoon_v1_0_S00_AXI_inst/Core1/centimeter_reg[3]/C  (IS_INVERTED)
  -------------------------------------------------------------------    -------------------
    SLICE_X41Y94         FDRE (Prop_fdre_C_Q)         0.182     4.266 r  design_1_i/ultrasoon_1/U0/ultrasoon_v1_0_S00_AXI_inst/Core1/centimeter_reg[3]/Q
                         net (fo=1, routed)           0.413     4.679    design_1_i/ultrasoon_1/U0/ultrasoon_v1_0_S00_AXI_inst/centimeter[3]
    SLICE_X35Y93         LUT6 (Prop_lut6_I3_O)        0.056     4.735 r  design_1_i/ultrasoon_1/U0/ultrasoon_v1_0_S00_AXI_inst/axi_rdata[3]_i_1/O
                         net (fo=1, routed)           0.000     4.735    design_1_i/ultrasoon_1/U0/ultrasoon_v1_0_S00_AXI_inst/reg_data_out[3]
    SLICE_X35Y93         FDRE                                         r  design_1_i/ultrasoon_1/U0/ultrasoon_v1_0_S00_AXI_inst/axi_rdata_reg[3]/D
  -------------------------------------------------------------------    -------------------

                         (clock clk_fpga_0 rise edge)
                                                     10.000    10.000 r  
    PS7_X0Y0             PS7                          0.000    10.000 r  design_1_i/processing_system7_0/inst/PS7_i/FCLKCLK[0]
                         net (fo=1, routed)           0.310    10.310    design_1_i/processing_system7_0/inst/FCLK_CLK_unbuffered[0]
    BUFGCTRL_X0Y16       BUFG (Prop_bufg_I_O)         0.026    10.336 r  design_1_i/processing_system7_0/inst/buffer_fclk_clk_0.FCLK_CLK_0_BUFG/O
                         net (fo=955, routed)         0.558    10.894    design_1_i/ultrasoon_1/U0/ultrasoon_v1_0_S00_AXI_inst/s00_axi_aclk
    SLICE_X35Y93         FDRE                                         r  design_1_i/ultrasoon_1/U0/ultrasoon_v1_0_S00_AXI_inst/axi_rdata_reg[3]/C
                         clock pessimism              0.000    10.894    
                         clock uncertainty           -0.263    10.630    
    SLICE_X35Y93         FDRE (Setup_fdre_C_D)        0.013    10.643    design_1_i/ultrasoon_1/U0/ultrasoon_v1_0_S00_AXI_inst/axi_rdata_reg[3]
  -------------------------------------------------------------------
                         required time                         10.643    
                         arrival time                          -4.735    
  -------------------------------------------------------------------
                         slack                                  5.908    

Slack (MET) :             5.920ns  (required time - arrival time)
  Source:                 design_1_i/ultrasoon_1/U0/ultrasoon_v1_0_S00_AXI_inst/Core1/centimeter_reg[0]/C
                            (falling edge-triggered cell FDRE clocked by clk_out1_design_1_clk_wiz_0_1  {rise@0.000ns fall@5.000ns period=10.000ns})
  Destination:            design_1_i/ultrasoon_1/U0/ultrasoon_v1_0_S00_AXI_inst/axi_rdata_reg[0]/D
                            (rising edge-triggered cell FDRE clocked by clk_fpga_0  {rise@0.000ns fall@5.000ns period=10.000ns})
  Path Group:             clk_fpga_0
  Path Type:              Setup (Max at Fast Process Corner)
  Requirement:            5.000ns  (clk_fpga_0 rise@10.000ns - clk_out1_design_1_clk_wiz_0_1 fall@5.000ns)
  Data Path Delay:        0.640ns  (logic 0.238ns (37.207%)  route 0.402ns (62.793%))
  Logic Levels:           1  (LUT6=1)
  Clock Path Skew:        1.809ns (DCD - SCD + CPR)
    Destination Clock Delay (DCD):    0.894ns = ( 10.894 - 10.000 ) 
    Source Clock Delay      (SCD):    -0.916ns = ( 4.084 - 5.000 ) 
    Clock Pessimism Removal (CPR):    0.000ns
  Clock Uncertainty:      0.263ns  ((TSJ^2 + TIJ^2 + DJ^2)^1/2) / 2 + PE
    Total System Jitter     (TSJ):    0.071ns
    Total Input Jitter      (TIJ):    0.300ns
    Discrete Jitter          (DJ):    0.125ns
    Phase Error              (PE):    0.097ns
  Clock Domain Crossing:  Inter clock paths are considered valid unless explicitly excluded by timing constraints such as set_clock_groups or set_false_path.

    Location             Delay type                Incr(ns)  Path(ns)    Netlist Resource(s)
  -------------------------------------------------------------------    -------------------
                         (clock clk_out1_design_1_clk_wiz_0_1 fall edge)
                                                      5.000     5.000 f  
    H16                                               0.000     5.000 f  sys_clock (IN)
                         net (fo=0)                   0.000     5.000    design_1_i/clk_wiz_0/inst/clk_in1
    H16                  IBUF (Prop_ibuf_I_O)         0.406     5.406 f  design_1_i/clk_wiz_0/inst/clkin1_ibufg/O
                         net (fo=1, routed)           0.480     5.886    design_1_i/clk_wiz_0/inst/clk_in1_design_1_clk_wiz_0_1
    MMCME2_ADV_X1Y2      MMCME2_ADV (Prop_mmcme2_adv_CLKIN1_CLKOUT0)
                                                     -3.407     2.479 f  design_1_i/clk_wiz_0/inst/mmcm_adv_inst/CLKOUT0
                         net (fo=1, routed)           0.752     3.231    design_1_i/clk_wiz_0/inst/clk_out1_design_1_clk_wiz_0_1
    BUFGCTRL_X0Y17       BUFG (Prop_bufg_I_O)         0.029     3.260 f  design_1_i/clk_wiz_0/inst/clkout1_buf/O
                         net (fo=114, routed)         0.824     4.084    design_1_i/ultrasoon_1/U0/ultrasoon_v1_0_S00_AXI_inst/Core1/clk
    SLICE_X41Y94         FDRE                                         r  design_1_i/ultrasoon_1/U0/ultrasoon_v1_0_S00_AXI_inst/Core1/centimeter_reg[0]/C  (IS_INVERTED)
  -------------------------------------------------------------------    -------------------
    SLICE_X41Y94         FDRE (Prop_fdre_C_Q)         0.182     4.266 r  design_1_i/ultrasoon_1/U0/ultrasoon_v1_0_S00_AXI_inst/Core1/centimeter_reg[0]/Q
                         net (fo=1, routed)           0.402     4.668    design_1_i/ultrasoon_1/U0/ultrasoon_v1_0_S00_AXI_inst/centimeter[0]
    SLICE_X35Y93         LUT6 (Prop_lut6_I3_O)        0.056     4.724 r  design_1_i/ultrasoon_1/U0/ultrasoon_v1_0_S00_AXI_inst/axi_rdata[0]_i_1/O
                         net (fo=1, routed)           0.000     4.724    design_1_i/ultrasoon_1/U0/ultrasoon_v1_0_S00_AXI_inst/reg_data_out[0]
    SLICE_X35Y93         FDRE                                         r  design_1_i/ultrasoon_1/U0/ultrasoon_v1_0_S00_AXI_inst/axi_rdata_reg[0]/D
  -------------------------------------------------------------------    -------------------

                         (clock clk_fpga_0 rise edge)
                                                     10.000    10.000 r  
    PS7_X0Y0             PS7                          0.000    10.000 r  design_1_i/processing_system7_0/inst/PS7_i/FCLKCLK[0]
                         net (fo=1, routed)           0.310    10.310    design_1_i/processing_system7_0/inst/FCLK_CLK_unbuffered[0]
    BUFGCTRL_X0Y16       BUFG (Prop_bufg_I_O)         0.026    10.336 r  design_1_i/processing_system7_0/inst/buffer_fclk_clk_0.FCLK_CLK_0_BUFG/O
                         net (fo=955, routed)         0.558    10.894    design_1_i/ultrasoon_1/U0/ultrasoon_v1_0_S00_AXI_inst/s00_axi_aclk
    SLICE_X35Y93         FDRE                                         r  design_1_i/ultrasoon_1/U0/ultrasoon_v1_0_S00_AXI_inst/axi_rdata_reg[0]/C
                         clock pessimism              0.000    10.894    
                         clock uncertainty           -0.263    10.630    
    SLICE_X35Y93         FDRE (Setup_fdre_C_D)        0.014    10.644    design_1_i/ultrasoon_1/U0/ultrasoon_v1_0_S00_AXI_inst/axi_rdata_reg[0]
  -------------------------------------------------------------------
                         required time                         10.644    
                         arrival time                          -4.724    
  -------------------------------------------------------------------
                         slack                                  5.920    

Slack (MET) :             5.924ns  (required time - arrival time)
  Source:                 design_1_i/ultrasoon_0/U0/ultrasoon_v1_0_S00_AXI_inst/Core1/centimeter_reg[10]/C
                            (falling edge-triggered cell FDRE clocked by clk_out1_design_1_clk_wiz_0_1  {rise@0.000ns fall@5.000ns period=10.000ns})
  Destination:            design_1_i/ultrasoon_0/U0/ultrasoon_v1_0_S00_AXI_inst/axi_rdata_reg[10]/D
                            (rising edge-triggered cell FDRE clocked by clk_fpga_0  {rise@0.000ns fall@5.000ns period=10.000ns})
  Path Group:             clk_fpga_0
  Path Type:              Setup (Max at Fast Process Corner)
  Requirement:            5.000ns  (clk_fpga_0 rise@10.000ns - clk_out1_design_1_clk_wiz_0_1 fall@5.000ns)
  Data Path Delay:        0.632ns  (logic 0.238ns (37.660%)  route 0.394ns (62.340%))
  Logic Levels:           1  (LUT6=1)
  Clock Path Skew:        1.806ns (DCD - SCD + CPR)
    Destination Clock Delay (DCD):    0.892ns = ( 10.892 - 10.000 ) 
    Source Clock Delay      (SCD):    -0.915ns = ( 4.085 - 5.000 ) 
    Clock Pessimism Removal (CPR):    0.000ns
  Clock Uncertainty:      0.263ns  ((TSJ^2 + TIJ^2 + DJ^2)^1/2) / 2 + PE
    Total System Jitter     (TSJ):    0.071ns
    Total Input Jitter      (TIJ):    0.300ns
    Discrete Jitter          (DJ):    0.125ns
    Phase Error              (PE):    0.097ns
  Clock Domain Crossing:  Inter clock paths are considered valid unless explicitly excluded by timing constraints such as set_clock_groups or set_false_path.

    Location             Delay type                Incr(ns)  Path(ns)    Netlist Resource(s)
  -------------------------------------------------------------------    -------------------
                         (clock clk_out1_design_1_clk_wiz_0_1 fall edge)
                                                      5.000     5.000 f  
    H16                                               0.000     5.000 f  sys_clock (IN)
                         net (fo=0)                   0.000     5.000    design_1_i/clk_wiz_0/inst/clk_in1
    H16                  IBUF (Prop_ibuf_I_O)         0.406     5.406 f  design_1_i/clk_wiz_0/inst/clkin1_ibufg/O
                         net (fo=1, routed)           0.480     5.886    design_1_i/clk_wiz_0/inst/clk_in1_design_1_clk_wiz_0_1
    MMCME2_ADV_X1Y2      MMCME2_ADV (Prop_mmcme2_adv_CLKIN1_CLKOUT0)
                                                     -3.407     2.479 f  design_1_i/clk_wiz_0/inst/mmcm_adv_inst/CLKOUT0
                         net (fo=1, routed)           0.752     3.231    design_1_i/clk_wiz_0/inst/clk_out1_design_1_clk_wiz_0_1
    BUFGCTRL_X0Y17       BUFG (Prop_bufg_I_O)         0.029     3.260 f  design_1_i/clk_wiz_0/inst/clkout1_buf/O
                         net (fo=114, routed)         0.825     4.085    design_1_i/ultrasoon_0/U0/ultrasoon_v1_0_S00_AXI_inst/Core1/clk
    SLICE_X39Y98         FDRE                                         r  design_1_i/ultrasoon_0/U0/ultrasoon_v1_0_S00_AXI_inst/Core1/centimeter_reg[10]/C  (IS_INVERTED)
  -------------------------------------------------------------------    -------------------
    SLICE_X39Y98         FDRE (Prop_fdre_C_Q)         0.182     4.267 r  design_1_i/ultrasoon_0/U0/ultrasoon_v1_0_S00_AXI_inst/Core1/centimeter_reg[10]/Q
                         net (fo=1, routed)           0.394     4.661    design_1_i/ultrasoon_0/U0/ultrasoon_v1_0_S00_AXI_inst/centimeter[10]
    SLICE_X37Y96         LUT6 (Prop_lut6_I3_O)        0.056     4.717 r  design_1_i/ultrasoon_0/U0/ultrasoon_v1_0_S00_AXI_inst/axi_rdata[10]_i_1/O
                         net (fo=1, routed)           0.000     4.717    design_1_i/ultrasoon_0/U0/ultrasoon_v1_0_S00_AXI_inst/reg_data_out[10]
    SLICE_X37Y96         FDRE                                         r  design_1_i/ultrasoon_0/U0/ultrasoon_v1_0_S00_AXI_inst/axi_rdata_reg[10]/D
  -------------------------------------------------------------------    -------------------

                         (clock clk_fpga_0 rise edge)
                                                     10.000    10.000 r  
    PS7_X0Y0             PS7                          0.000    10.000 r  design_1_i/processing_system7_0/inst/PS7_i/FCLKCLK[0]
                         net (fo=1, routed)           0.310    10.310    design_1_i/processing_system7_0/inst/FCLK_CLK_unbuffered[0]
    BUFGCTRL_X0Y16       BUFG (Prop_bufg_I_O)         0.026    10.336 r  design_1_i/processing_system7_0/inst/buffer_fclk_clk_0.FCLK_CLK_0_BUFG/O
                         net (fo=955, routed)         0.556    10.892    design_1_i/ultrasoon_0/U0/ultrasoon_v1_0_S00_AXI_inst/s00_axi_aclk
    SLICE_X37Y96         FDRE                                         r  design_1_i/ultrasoon_0/U0/ultrasoon_v1_0_S00_AXI_inst/axi_rdata_reg[10]/C
                         clock pessimism              0.000    10.892    
                         clock uncertainty           -0.263    10.628    
    SLICE_X37Y96         FDRE (Setup_fdre_C_D)        0.013    10.641    design_1_i/ultrasoon_0/U0/ultrasoon_v1_0_S00_AXI_inst/axi_rdata_reg[10]
  -------------------------------------------------------------------
                         required time                         10.641    
                         arrival time                          -4.717    
  -------------------------------------------------------------------
                         slack                                  5.924    

Slack (MET) :             5.926ns  (required time - arrival time)
  Source:                 design_1_i/ultrasoon_0/U0/ultrasoon_v1_0_S00_AXI_inst/Core1/centimeter_reg[6]/C
                            (falling edge-triggered cell FDRE clocked by clk_out1_design_1_clk_wiz_0_1  {rise@0.000ns fall@5.000ns period=10.000ns})
  Destination:            design_1_i/ultrasoon_0/U0/ultrasoon_v1_0_S00_AXI_inst/axi_rdata_reg[6]/D
                            (rising edge-triggered cell FDRE clocked by clk_fpga_0  {rise@0.000ns fall@5.000ns period=10.000ns})
  Path Group:             clk_fpga_0
  Path Type:              Setup (Max at Fast Process Corner)
  Requirement:            5.000ns  (clk_fpga_0 rise@10.000ns - clk_out1_design_1_clk_wiz_0_1 fall@5.000ns)
  Data Path Delay:        0.653ns  (logic 0.310ns (47.485%)  route 0.343ns (52.515%))
  Logic Levels:           1  (LUT6=1)
  Clock Path Skew:        1.807ns (DCD - SCD + CPR)
    Destination Clock Delay (DCD):    0.892ns = ( 10.892 - 10.000 ) 
    Source Clock Delay      (SCD):    -0.916ns = ( 4.084 - 5.000 ) 
    Clock Pessimism Removal (CPR):    0.000ns
  Clock Uncertainty:      0.263ns  ((TSJ^2 + TIJ^2 + DJ^2)^1/2) / 2 + PE
    Total System Jitter     (TSJ):    0.071ns
    Total Input Jitter      (TIJ):    0.300ns
    Discrete Jitter          (DJ):    0.125ns
    Phase Error              (PE):    0.097ns
  Clock Domain Crossing:  Inter clock paths are considered valid unless explicitly excluded by timing constraints such as set_clock_groups or set_false_path.

    Location             Delay type                Incr(ns)  Path(ns)    Netlist Resource(s)
  -------------------------------------------------------------------    -------------------
                         (clock clk_out1_design_1_clk_wiz_0_1 fall edge)
                                                      5.000     5.000 f  
    H16                                               0.000     5.000 f  sys_clock (IN)
                         net (fo=0)                   0.000     5.000    design_1_i/clk_wiz_0/inst/clk_in1
    H16                  IBUF (Prop_ibuf_I_O)         0.406     5.406 f  design_1_i/clk_wiz_0/inst/clkin1_ibufg/O
                         net (fo=1, routed)           0.480     5.886    design_1_i/clk_wiz_0/inst/clk_in1_design_1_clk_wiz_0_1
    MMCME2_ADV_X1Y2      MMCME2_ADV (Prop_mmcme2_adv_CLKIN1_CLKOUT0)
                                                     -3.407     2.479 f  design_1_i/clk_wiz_0/inst/mmcm_adv_inst/CLKOUT0
                         net (fo=1, routed)           0.752     3.231    design_1_i/clk_wiz_0/inst/clk_out1_design_1_clk_wiz_0_1
    BUFGCTRL_X0Y17       BUFG (Prop_bufg_I_O)         0.029     3.260 f  design_1_i/clk_wiz_0/inst/clkout1_buf/O
                         net (fo=114, routed)         0.824     4.084    design_1_i/ultrasoon_0/U0/ultrasoon_v1_0_S00_AXI_inst/Core1/clk
    SLICE_X38Y95         FDRE                                         r  design_1_i/ultrasoon_0/U0/ultrasoon_v1_0_S00_AXI_inst/Core1/centimeter_reg[6]/C  (IS_INVERTED)
  -------------------------------------------------------------------    -------------------
    SLICE_X38Y95         FDRE (Prop_fdre_C_Q)         0.188     4.272 r  design_1_i/ultrasoon_0/U0/ultrasoon_v1_0_S00_AXI_inst/Core1/centimeter_reg[6]/Q
                         net (fo=1, routed)           0.343     4.615    design_1_i/ultrasoon_0/U0/ultrasoon_v1_0_S00_AXI_inst/centimeter[6]
    SLICE_X38Y94         LUT6 (Prop_lut6_I3_O)        0.122     4.737 r  design_1_i/ultrasoon_0/U0/ultrasoon_v1_0_S00_AXI_inst/axi_rdata[6]_i_1/O
                         net (fo=1, routed)           0.000     4.737    design_1_i/ultrasoon_0/U0/ultrasoon_v1_0_S00_AXI_inst/reg_data_out[6]
    SLICE_X38Y94         FDRE                                         r  design_1_i/ultrasoon_0/U0/ultrasoon_v1_0_S00_AXI_inst/axi_rdata_reg[6]/D
  -------------------------------------------------------------------    -------------------

                         (clock clk_fpga_0 rise edge)
                                                     10.000    10.000 r  
    PS7_X0Y0             PS7                          0.000    10.000 r  design_1_i/processing_system7_0/inst/PS7_i/FCLKCLK[0]
                         net (fo=1, routed)           0.310    10.310    design_1_i/processing_system7_0/inst/FCLK_CLK_unbuffered[0]
    BUFGCTRL_X0Y16       BUFG (Prop_bufg_I_O)         0.026    10.336 r  design_1_i/processing_system7_0/inst/buffer_fclk_clk_0.FCLK_CLK_0_BUFG/O
                         net (fo=955, routed)         0.556    10.892    design_1_i/ultrasoon_0/U0/ultrasoon_v1_0_S00_AXI_inst/s00_axi_aclk
    SLICE_X38Y94         FDRE                                         r  design_1_i/ultrasoon_0/U0/ultrasoon_v1_0_S00_AXI_inst/axi_rdata_reg[6]/C
                         clock pessimism              0.000    10.892    
                         clock uncertainty           -0.263    10.628    
    SLICE_X38Y94         FDRE (Setup_fdre_C_D)        0.035    10.663    design_1_i/ultrasoon_0/U0/ultrasoon_v1_0_S00_AXI_inst/axi_rdata_reg[6]
  -------------------------------------------------------------------
                         required time                         10.663    
                         arrival time                          -4.737    
  -------------------------------------------------------------------
                         slack                                  5.926    

Slack (MET) :             5.946ns  (required time - arrival time)
  Source:                 design_1_i/ultrasoon_1/U0/ultrasoon_v1_0_S00_AXI_inst/Core1/centimeter_reg[6]/C
                            (falling edge-triggered cell FDRE clocked by clk_out1_design_1_clk_wiz_0_1  {rise@0.000ns fall@5.000ns period=10.000ns})
  Destination:            design_1_i/ultrasoon_1/U0/ultrasoon_v1_0_S00_AXI_inst/axi_rdata_reg[6]/D
                            (rising edge-triggered cell FDRE clocked by clk_fpga_0  {rise@0.000ns fall@5.000ns period=10.000ns})
  Path Group:             clk_fpga_0
  Path Type:              Setup (Max at Fast Process Corner)
  Requirement:            5.000ns  (clk_fpga_0 rise@10.000ns - clk_out1_design_1_clk_wiz_0_1 fall@5.000ns)
  Data Path Delay:        0.633ns  (logic 0.290ns (45.840%)  route 0.343ns (54.160%))
  Logic Levels:           1  (LUT6=1)
  Clock Path Skew:        1.807ns (DCD - SCD + CPR)
    Destination Clock Delay (DCD):    0.892ns = ( 10.892 - 10.000 ) 
    Source Clock Delay      (SCD):    -0.916ns = ( 4.084 - 5.000 ) 
    Clock Pessimism Removal (CPR):    0.000ns
  Clock Uncertainty:      0.263ns  ((TSJ^2 + TIJ^2 + DJ^2)^1/2) / 2 + PE
    Total System Jitter     (TSJ):    0.071ns
    Total Input Jitter      (TIJ):    0.300ns
    Discrete Jitter          (DJ):    0.125ns
    Phase Error              (PE):    0.097ns
  Clock Domain Crossing:  Inter clock paths are considered valid unless explicitly excluded by timing constraints such as set_clock_groups or set_false_path.

    Location             Delay type                Incr(ns)  Path(ns)    Netlist Resource(s)
  -------------------------------------------------------------------    -------------------
                         (clock clk_out1_design_1_clk_wiz_0_1 fall edge)
                                                      5.000     5.000 f  
    H16                                               0.000     5.000 f  sys_clock (IN)
                         net (fo=0)                   0.000     5.000    design_1_i/clk_wiz_0/inst/clk_in1
    H16                  IBUF (Prop_ibuf_I_O)         0.406     5.406 f  design_1_i/clk_wiz_0/inst/clkin1_ibufg/O
                         net (fo=1, routed)           0.480     5.886    design_1_i/clk_wiz_0/inst/clk_in1_design_1_clk_wiz_0_1
    MMCME2_ADV_X1Y2      MMCME2_ADV (Prop_mmcme2_adv_CLKIN1_CLKOUT0)
                                                     -3.407     2.479 f  design_1_i/clk_wiz_0/inst/mmcm_adv_inst/CLKOUT0
                         net (fo=1, routed)           0.752     3.231    design_1_i/clk_wiz_0/inst/clk_out1_design_1_clk_wiz_0_1
    BUFGCTRL_X0Y17       BUFG (Prop_bufg_I_O)         0.029     3.260 f  design_1_i/clk_wiz_0/inst/clkout1_buf/O
                         net (fo=114, routed)         0.824     4.084    design_1_i/ultrasoon_1/U0/ultrasoon_v1_0_S00_AXI_inst/Core1/clk
    SLICE_X41Y94         FDRE                                         r  design_1_i/ultrasoon_1/U0/ultrasoon_v1_0_S00_AXI_inst/Core1/centimeter_reg[6]/C  (IS_INVERTED)
  -------------------------------------------------------------------    -------------------
    SLICE_X41Y94         FDRE (Prop_fdre_C_Q)         0.167     4.251 r  design_1_i/ultrasoon_1/U0/ultrasoon_v1_0_S00_AXI_inst/Core1/centimeter_reg[6]/Q
                         net (fo=1, routed)           0.343     4.594    design_1_i/ultrasoon_1/U0/ultrasoon_v1_0_S00_AXI_inst/centimeter[6]
    SLICE_X38Y93         LUT6 (Prop_lut6_I3_O)        0.123     4.717 r  design_1_i/ultrasoon_1/U0/ultrasoon_v1_0_S00_AXI_inst/axi_rdata[6]_i_1/O
                         net (fo=1, routed)           0.000     4.717    design_1_i/ultrasoon_1/U0/ultrasoon_v1_0_S00_AXI_inst/reg_data_out[6]
    SLICE_X38Y93         FDRE                                         r  design_1_i/ultrasoon_1/U0/ultrasoon_v1_0_S00_AXI_inst/axi_rdata_reg[6]/D
  -------------------------------------------------------------------    -------------------

                         (clock clk_fpga_0 rise edge)
                                                     10.000    10.000 r  
    PS7_X0Y0             PS7                          0.000    10.000 r  design_1_i/processing_system7_0/inst/PS7_i/FCLKCLK[0]
                         net (fo=1, routed)           0.310    10.310    design_1_i/processing_system7_0/inst/FCLK_CLK_unbuffered[0]
    BUFGCTRL_X0Y16       BUFG (Prop_bufg_I_O)         0.026    10.336 r  design_1_i/processing_system7_0/inst/buffer_fclk_clk_0.FCLK_CLK_0_BUFG/O
                         net (fo=955, routed)         0.556    10.892    design_1_i/ultrasoon_1/U0/ultrasoon_v1_0_S00_AXI_inst/s00_axi_aclk
    SLICE_X38Y93         FDRE                                         r  design_1_i/ultrasoon_1/U0/ultrasoon_v1_0_S00_AXI_inst/axi_rdata_reg[6]/C
                         clock pessimism              0.000    10.892    
                         clock uncertainty           -0.263    10.628    
    SLICE_X38Y93         FDRE (Setup_fdre_C_D)        0.035    10.663    design_1_i/ultrasoon_1/U0/ultrasoon_v1_0_S00_AXI_inst/axi_rdata_reg[6]
  -------------------------------------------------------------------
                         required time                         10.663    
                         arrival time                          -4.717    
  -------------------------------------------------------------------
                         slack                                  5.946    

Slack (MET) :             5.947ns  (required time - arrival time)
  Source:                 design_1_i/ultrasoon_0/U0/ultrasoon_v1_0_S00_AXI_inst/Core1/centimeter_reg[13]/C
                            (falling edge-triggered cell FDRE clocked by clk_out1_design_1_clk_wiz_0_1  {rise@0.000ns fall@5.000ns period=10.000ns})
  Destination:            design_1_i/ultrasoon_0/U0/ultrasoon_v1_0_S00_AXI_inst/axi_rdata_reg[13]/D
                            (rising edge-triggered cell FDRE clocked by clk_fpga_0  {rise@0.000ns fall@5.000ns period=10.000ns})
  Path Group:             clk_fpga_0
  Path Type:              Setup (Max at Fast Process Corner)
  Requirement:            5.000ns  (clk_fpga_0 rise@10.000ns - clk_out1_design_1_clk_wiz_0_1 fall@5.000ns)
  Data Path Delay:        0.631ns  (logic 0.238ns (37.715%)  route 0.393ns (62.285%))
  Logic Levels:           1  (LUT6=1)
  Clock Path Skew:        1.807ns (DCD - SCD + CPR)
    Destination Clock Delay (DCD):    0.893ns = ( 10.893 - 10.000 ) 
    Source Clock Delay      (SCD):    -0.915ns = ( 4.085 - 5.000 ) 
    Clock Pessimism Removal (CPR):    0.000ns
  Clock Uncertainty:      0.263ns  ((TSJ^2 + TIJ^2 + DJ^2)^1/2) / 2 + PE
    Total System Jitter     (TSJ):    0.071ns
    Total Input Jitter      (TIJ):    0.300ns
    Discrete Jitter          (DJ):    0.125ns
    Phase Error              (PE):    0.097ns
  Clock Domain Crossing:  Inter clock paths are considered valid unless explicitly excluded by timing constraints such as set_clock_groups or set_false_path.

    Location             Delay type                Incr(ns)  Path(ns)    Netlist Resource(s)
  -------------------------------------------------------------------    -------------------
                         (clock clk_out1_design_1_clk_wiz_0_1 fall edge)
                                                      5.000     5.000 f  
    H16                                               0.000     5.000 f  sys_clock (IN)
                         net (fo=0)                   0.000     5.000    design_1_i/clk_wiz_0/inst/clk_in1
    H16                  IBUF (Prop_ibuf_I_O)         0.406     5.406 f  design_1_i/clk_wiz_0/inst/clkin1_ibufg/O
                         net (fo=1, routed)           0.480     5.886    design_1_i/clk_wiz_0/inst/clk_in1_design_1_clk_wiz_0_1
    MMCME2_ADV_X1Y2      MMCME2_ADV (Prop_mmcme2_adv_CLKIN1_CLKOUT0)
                                                     -3.407     2.479 f  design_1_i/clk_wiz_0/inst/mmcm_adv_inst/CLKOUT0
                         net (fo=1, routed)           0.752     3.231    design_1_i/clk_wiz_0/inst/clk_out1_design_1_clk_wiz_0_1
    BUFGCTRL_X0Y17       BUFG (Prop_bufg_I_O)         0.029     3.260 f  design_1_i/clk_wiz_0/inst/clkout1_buf/O
                         net (fo=114, routed)         0.825     4.085    design_1_i/ultrasoon_0/U0/ultrasoon_v1_0_S00_AXI_inst/Core1/clk
    SLICE_X39Y98         FDRE                                         r  design_1_i/ultrasoon_0/U0/ultrasoon_v1_0_S00_AXI_inst/Core1/centimeter_reg[13]/C  (IS_INVERTED)
  -------------------------------------------------------------------    -------------------
    SLICE_X39Y98         FDRE (Prop_fdre_C_Q)         0.182     4.267 r  design_1_i/ultrasoon_0/U0/ultrasoon_v1_0_S00_AXI_inst/Core1/centimeter_reg[13]/Q
                         net (fo=1, routed)           0.393     4.660    design_1_i/ultrasoon_0/U0/ultrasoon_v1_0_S00_AXI_inst/centimeter[13]
    SLICE_X36Y98         LUT6 (Prop_lut6_I3_O)        0.056     4.716 r  design_1_i/ultrasoon_0/U0/ultrasoon_v1_0_S00_AXI_inst/axi_rdata[13]_i_1/O
                         net (fo=1, routed)           0.000     4.716    design_1_i/ultrasoon_0/U0/ultrasoon_v1_0_S00_AXI_inst/reg_data_out[13]
    SLICE_X36Y98         FDRE                                         r  design_1_i/ultrasoon_0/U0/ultrasoon_v1_0_S00_AXI_inst/axi_rdata_reg[13]/D
  -------------------------------------------------------------------    -------------------

                         (clock clk_fpga_0 rise edge)
                                                     10.000    10.000 r  
    PS7_X0Y0             PS7                          0.000    10.000 r  design_1_i/processing_system7_0/inst/PS7_i/FCLKCLK[0]
                         net (fo=1, routed)           0.310    10.310    design_1_i/processing_system7_0/inst/FCLK_CLK_unbuffered[0]
    BUFGCTRL_X0Y16       BUFG (Prop_bufg_I_O)         0.026    10.336 r  design_1_i/processing_system7_0/inst/buffer_fclk_clk_0.FCLK_CLK_0_BUFG/O
                         net (fo=955, routed)         0.557    10.893    design_1_i/ultrasoon_0/U0/ultrasoon_v1_0_S00_AXI_inst/s00_axi_aclk
    SLICE_X36Y98         FDRE                                         r  design_1_i/ultrasoon_0/U0/ultrasoon_v1_0_S00_AXI_inst/axi_rdata_reg[13]/C
                         clock pessimism              0.000    10.893    
                         clock uncertainty           -0.263    10.629    
    SLICE_X36Y98         FDRE (Setup_fdre_C_D)        0.034    10.663    design_1_i/ultrasoon_0/U0/ultrasoon_v1_0_S00_AXI_inst/axi_rdata_reg[13]
  -------------------------------------------------------------------
                         required time                         10.663    
                         arrival time                          -4.716    
  -------------------------------------------------------------------
                         slack                                  5.947    





Min Delay Paths
--------------------------------------------------------------------------------------
Slack (MET) :             0.605ns  (arrival time - required time)
  Source:                 design_1_i/ultrasoon_0/U0/ultrasoon_v1_0_S00_AXI_inst/Core1/centimeter_reg[14]/C
                            (falling edge-triggered cell FDRE clocked by clk_out1_design_1_clk_wiz_0_1  {rise@0.000ns fall@5.000ns period=10.000ns})
  Destination:            design_1_i/ultrasoon_0/U0/ultrasoon_v1_0_S00_AXI_inst/axi_rdata_reg[14]/D
                            (rising edge-triggered cell FDRE clocked by clk_fpga_0  {rise@0.000ns fall@5.000ns period=10.000ns})
  Path Group:             clk_fpga_0
  Path Type:              Hold (Min at Slow Process Corner)
  Requirement:            -5.000ns  (clk_fpga_0 rise@0.000ns - clk_out1_design_1_clk_wiz_0_1 fall@5.000ns)
  Data Path Delay:        0.775ns  (logic 0.523ns (67.448%)  route 0.252ns (32.552%))
  Logic Levels:           1  (LUT6=1)
  Clock Path Skew:        4.636ns (DCD - SCD - CPR)
    Destination Clock Delay (DCD):    2.946ns
    Source Clock Delay      (SCD):    -1.690ns = ( 3.310 - 5.000 ) 
    Clock Pessimism Removal (CPR):    -0.000ns
  Clock Uncertainty:      0.263ns  ((TSJ^2 + TIJ^2 + DJ^2)^1/2) / 2 + PE
    Total System Jitter     (TSJ):    0.071ns
    Total Input Jitter      (TIJ):    0.300ns
    Discrete Jitter          (DJ):    0.125ns
    Phase Error              (PE):    0.097ns
  Clock Domain Crossing:  Inter clock paths are considered valid unless explicitly excluded by timing constraints such as set_clock_groups or set_false_path.

    Location             Delay type                Incr(ns)  Path(ns)    Netlist Resource(s)
  -------------------------------------------------------------------    -------------------
                         (clock clk_out1_design_1_clk_wiz_0_1 fall edge)
                                                      5.000     5.000 f  
    H16                                               0.000     5.000 f  sys_clock (IN)
                         net (fo=0)                   0.000     5.000    design_1_i/clk_wiz_0/inst/clk_in1
    H16                  IBUF (Prop_ibuf_I_O)         1.380     6.380 f  design_1_i/clk_wiz_0/inst/clkin1_ibufg/O
                         net (fo=1, routed)           1.162     7.542    design_1_i/clk_wiz_0/inst/clk_in1_design_1_clk_wiz_0_1
    MMCME2_ADV_X1Y2      MMCME2_ADV (Prop_mmcme2_adv_CLKIN1_CLKOUT0)
                                                     -7.814    -0.272 f  design_1_i/clk_wiz_0/inst/mmcm_adv_inst/CLKOUT0
                         net (fo=1, routed)           2.012     1.740    design_1_i/clk_wiz_0/inst/clk_out1_design_1_clk_wiz_0_1
    BUFGCTRL_X0Y17       BUFG (Prop_bufg_I_O)         0.091     1.831 f  design_1_i/clk_wiz_0/inst/clkout1_buf/O
                         net (fo=114, routed)         1.479     3.310    design_1_i/ultrasoon_0/U0/ultrasoon_v1_0_S00_AXI_inst/Core1/clk
    SLICE_X38Y95         FDRE                                         r  design_1_i/ultrasoon_0/U0/ultrasoon_v1_0_S00_AXI_inst/Core1/centimeter_reg[14]/C  (IS_INVERTED)
  -------------------------------------------------------------------    -------------------
    SLICE_X38Y95         FDRE (Prop_fdre_C_Q)         0.423     3.733 r  design_1_i/ultrasoon_0/U0/ultrasoon_v1_0_S00_AXI_inst/Core1/centimeter_reg[14]/Q
                         net (fo=1, routed)           0.252     3.985    design_1_i/ultrasoon_0/U0/ultrasoon_v1_0_S00_AXI_inst/centimeter[14]
    SLICE_X37Y96         LUT6 (Prop_lut6_I3_O)        0.100     4.085 r  design_1_i/ultrasoon_0/U0/ultrasoon_v1_0_S00_AXI_inst/axi_rdata[14]_i_1/O
                         net (fo=1, routed)           0.000     4.085    design_1_i/ultrasoon_0/U0/ultrasoon_v1_0_S00_AXI_inst/reg_data_out[14]
    SLICE_X37Y96         FDRE                                         r  design_1_i/ultrasoon_0/U0/ultrasoon_v1_0_S00_AXI_inst/axi_rdata_reg[14]/D
  -------------------------------------------------------------------    -------------------

                         (clock clk_fpga_0 rise edge)
                                                      0.000     0.000 r  
    PS7_X0Y0             PS7                          0.000     0.000 r  design_1_i/processing_system7_0/inst/PS7_i/FCLKCLK[0]
                         net (fo=1, routed)           1.193     1.193    design_1_i/processing_system7_0/inst/FCLK_CLK_unbuffered[0]
    BUFGCTRL_X0Y16       BUFG (Prop_bufg_I_O)         0.101     1.294 r  design_1_i/processing_system7_0/inst/buffer_fclk_clk_0.FCLK_CLK_0_BUFG/O
                         net (fo=955, routed)         1.652     2.946    design_1_i/ultrasoon_0/U0/ultrasoon_v1_0_S00_AXI_inst/s00_axi_aclk
    SLICE_X37Y96         FDRE                                         r  design_1_i/ultrasoon_0/U0/ultrasoon_v1_0_S00_AXI_inst/axi_rdata_reg[14]/C
                         clock pessimism              0.000     2.946    
                         clock uncertainty            0.263     3.209    
    SLICE_X37Y96         FDRE (Hold_fdre_C_D)         0.271     3.480    design_1_i/ultrasoon_0/U0/ultrasoon_v1_0_S00_AXI_inst/axi_rdata_reg[14]
  -------------------------------------------------------------------
                         required time                         -3.480    
                         arrival time                           4.085    
  -------------------------------------------------------------------
                         slack                                  0.605    

Slack (MET) :             0.624ns  (arrival time - required time)
  Source:                 design_1_i/ultrasoon_1/U0/ultrasoon_v1_0_S00_AXI_inst/Core1/centimeter_reg[2]/C
                            (falling edge-triggered cell FDRE clocked by clk_out1_design_1_clk_wiz_0_1  {rise@0.000ns fall@5.000ns period=10.000ns})
  Destination:            design_1_i/ultrasoon_1/U0/ultrasoon_v1_0_S00_AXI_inst/axi_rdata_reg[2]/D
                            (rising edge-triggered cell FDRE clocked by clk_fpga_0  {rise@0.000ns fall@5.000ns period=10.000ns})
  Path Group:             clk_fpga_0
  Path Type:              Hold (Min at Slow Process Corner)
  Requirement:            -5.000ns  (clk_fpga_0 rise@0.000ns - clk_out1_design_1_clk_wiz_0_1 fall@5.000ns)
  Data Path Delay:        0.853ns  (logic 0.470ns (55.068%)  route 0.383ns (44.932%))
  Logic Levels:           1  (LUT6=1)
  Clock Path Skew:        4.636ns (DCD - SCD - CPR)
    Destination Clock Delay (DCD):    2.946ns
    Source Clock Delay      (SCD):    -1.690ns = ( 3.310 - 5.000 ) 
    Clock Pessimism Removal (CPR):    -0.000ns
  Clock Uncertainty:      0.263ns  ((TSJ^2 + TIJ^2 + DJ^2)^1/2) / 2 + PE
    Total System Jitter     (TSJ):    0.071ns
    Total Input Jitter      (TIJ):    0.300ns
    Discrete Jitter          (DJ):    0.125ns
    Phase Error              (PE):    0.097ns
  Clock Domain Crossing:  Inter clock paths are considered valid unless explicitly excluded by timing constraints such as set_clock_groups or set_false_path.

    Location             Delay type                Incr(ns)  Path(ns)    Netlist Resource(s)
  -------------------------------------------------------------------    -------------------
                         (clock clk_out1_design_1_clk_wiz_0_1 fall edge)
                                                      5.000     5.000 f  
    H16                                               0.000     5.000 f  sys_clock (IN)
                         net (fo=0)                   0.000     5.000    design_1_i/clk_wiz_0/inst/clk_in1
    H16                  IBUF (Prop_ibuf_I_O)         1.380     6.380 f  design_1_i/clk_wiz_0/inst/clkin1_ibufg/O
                         net (fo=1, routed)           1.162     7.542    design_1_i/clk_wiz_0/inst/clk_in1_design_1_clk_wiz_0_1
    MMCME2_ADV_X1Y2      MMCME2_ADV (Prop_mmcme2_adv_CLKIN1_CLKOUT0)
                                                     -7.814    -0.272 f  design_1_i/clk_wiz_0/inst/mmcm_adv_inst/CLKOUT0
                         net (fo=1, routed)           2.012     1.740    design_1_i/clk_wiz_0/inst/clk_out1_design_1_clk_wiz_0_1
    BUFGCTRL_X0Y17       BUFG (Prop_bufg_I_O)         0.091     1.831 f  design_1_i/clk_wiz_0/inst/clkout1_buf/O
                         net (fo=114, routed)         1.479     3.310    design_1_i/ultrasoon_1/U0/ultrasoon_v1_0_S00_AXI_inst/Core1/clk
    SLICE_X41Y94         FDRE                                         r  design_1_i/ultrasoon_1/U0/ultrasoon_v1_0_S00_AXI_inst/Core1/centimeter_reg[2]/C  (IS_INVERTED)
  -------------------------------------------------------------------    -------------------
    SLICE_X41Y94         FDRE (Prop_fdre_C_Q)         0.370     3.680 r  design_1_i/ultrasoon_1/U0/ultrasoon_v1_0_S00_AXI_inst/Core1/centimeter_reg[2]/Q
                         net (fo=1, routed)           0.383     4.063    design_1_i/ultrasoon_1/U0/ultrasoon_v1_0_S00_AXI_inst/centimeter[2]
    SLICE_X38Y93         LUT6 (Prop_lut6_I3_O)        0.100     4.163 r  design_1_i/ultrasoon_1/U0/ultrasoon_v1_0_S00_AXI_inst/axi_rdata[2]_i_1/O
                         net (fo=1, routed)           0.000     4.163    design_1_i/ultrasoon_1/U0/ultrasoon_v1_0_S00_AXI_inst/reg_data_out[2]
    SLICE_X38Y93         FDRE                                         r  design_1_i/ultrasoon_1/U0/ultrasoon_v1_0_S00_AXI_inst/axi_rdata_reg[2]/D
  -------------------------------------------------------------------    -------------------

                         (clock clk_fpga_0 rise edge)
                                                      0.000     0.000 r  
    PS7_X0Y0             PS7                          0.000     0.000 r  design_1_i/processing_system7_0/inst/PS7_i/FCLKCLK[0]
                         net (fo=1, routed)           1.193     1.193    design_1_i/processing_system7_0/inst/FCLK_CLK_unbuffered[0]
    BUFGCTRL_X0Y16       BUFG (Prop_bufg_I_O)         0.101     1.294 r  design_1_i/processing_system7_0/inst/buffer_fclk_clk_0.FCLK_CLK_0_BUFG/O
                         net (fo=955, routed)         1.652     2.946    design_1_i/ultrasoon_1/U0/ultrasoon_v1_0_S00_AXI_inst/s00_axi_aclk
    SLICE_X38Y93         FDRE                                         r  design_1_i/ultrasoon_1/U0/ultrasoon_v1_0_S00_AXI_inst/axi_rdata_reg[2]/C
                         clock pessimism              0.000     2.946    
                         clock uncertainty            0.263     3.209    
    SLICE_X38Y93         FDRE (Hold_fdre_C_D)         0.330     3.539    design_1_i/ultrasoon_1/U0/ultrasoon_v1_0_S00_AXI_inst/axi_rdata_reg[2]
  -------------------------------------------------------------------
                         required time                         -3.539    
                         arrival time                           4.163    
  -------------------------------------------------------------------
                         slack                                  0.624    

Slack (MET) :             0.624ns  (arrival time - required time)
  Source:                 design_1_i/ultrasoon_1/U0/ultrasoon_v1_0_S00_AXI_inst/Core1/centimeter_reg[7]/C
                            (falling edge-triggered cell FDRE clocked by clk_out1_design_1_clk_wiz_0_1  {rise@0.000ns fall@5.000ns period=10.000ns})
  Destination:            design_1_i/ultrasoon_1/U0/ultrasoon_v1_0_S00_AXI_inst/axi_rdata_reg[7]/D
                            (rising edge-triggered cell FDRE clocked by clk_fpga_0  {rise@0.000ns fall@5.000ns period=10.000ns})
  Path Group:             clk_fpga_0
  Path Type:              Hold (Min at Slow Process Corner)
  Requirement:            -5.000ns  (clk_fpga_0 rise@0.000ns - clk_out1_design_1_clk_wiz_0_1 fall@5.000ns)
  Data Path Delay:        0.855ns  (logic 0.581ns (67.982%)  route 0.274ns (32.018%))
  Logic Levels:           1  (LUT6=1)
  Clock Path Skew:        4.636ns (DCD - SCD - CPR)
    Destination Clock Delay (DCD):    2.946ns
    Source Clock Delay      (SCD):    -1.690ns = ( 3.310 - 5.000 ) 
    Clock Pessimism Removal (CPR):    -0.000ns
  Clock Uncertainty:      0.263ns  ((TSJ^2 + TIJ^2 + DJ^2)^1/2) / 2 + PE
    Total System Jitter     (TSJ):    0.071ns
    Total Input Jitter      (TIJ):    0.300ns
    Discrete Jitter          (DJ):    0.125ns
    Phase Error              (PE):    0.097ns
  Clock Domain Crossing:  Inter clock paths are considered valid unless explicitly excluded by timing constraints such as set_clock_groups or set_false_path.

    Location             Delay type                Incr(ns)  Path(ns)    Netlist Resource(s)
  -------------------------------------------------------------------    -------------------
                         (clock clk_out1_design_1_clk_wiz_0_1 fall edge)
                                                      5.000     5.000 f  
    H16                                               0.000     5.000 f  sys_clock (IN)
                         net (fo=0)                   0.000     5.000    design_1_i/clk_wiz_0/inst/clk_in1
    H16                  IBUF (Prop_ibuf_I_O)         1.380     6.380 f  design_1_i/clk_wiz_0/inst/clkin1_ibufg/O
                         net (fo=1, routed)           1.162     7.542    design_1_i/clk_wiz_0/inst/clk_in1_design_1_clk_wiz_0_1
    MMCME2_ADV_X1Y2      MMCME2_ADV (Prop_mmcme2_adv_CLKIN1_CLKOUT0)
                                                     -7.814    -0.272 f  design_1_i/clk_wiz_0/inst/mmcm_adv_inst/CLKOUT0
                         net (fo=1, routed)           2.012     1.740    design_1_i/clk_wiz_0/inst/clk_out1_design_1_clk_wiz_0_1
    BUFGCTRL_X0Y17       BUFG (Prop_bufg_I_O)         0.091     1.831 f  design_1_i/clk_wiz_0/inst/clkout1_buf/O
                         net (fo=114, routed)         1.479     3.310    design_1_i/ultrasoon_1/U0/ultrasoon_v1_0_S00_AXI_inst/Core1/clk
    SLICE_X41Y94         FDRE                                         r  design_1_i/ultrasoon_1/U0/ultrasoon_v1_0_S00_AXI_inst/Core1/centimeter_reg[7]/C  (IS_INVERTED)
  -------------------------------------------------------------------    -------------------
    SLICE_X41Y94         FDRE (Prop_fdre_C_Q)         0.340     3.650 r  design_1_i/ultrasoon_1/U0/ultrasoon_v1_0_S00_AXI_inst/Core1/centimeter_reg[7]/Q
                         net (fo=1, routed)           0.274     3.924    design_1_i/ultrasoon_1/U0/ultrasoon_v1_0_S00_AXI_inst/centimeter[7]
    SLICE_X38Y93         LUT6 (Prop_lut6_I3_O)        0.241     4.165 r  design_1_i/ultrasoon_1/U0/ultrasoon_v1_0_S00_AXI_inst/axi_rdata[7]_i_1/O
                         net (fo=1, routed)           0.000     4.165    design_1_i/ultrasoon_1/U0/ultrasoon_v1_0_S00_AXI_inst/reg_data_out[7]
    SLICE_X38Y93         FDRE                                         r  design_1_i/ultrasoon_1/U0/ultrasoon_v1_0_S00_AXI_inst/axi_rdata_reg[7]/D
  -------------------------------------------------------------------    -------------------

                         (clock clk_fpga_0 rise edge)
                                                      0.000     0.000 r  
    PS7_X0Y0             PS7                          0.000     0.000 r  design_1_i/processing_system7_0/inst/PS7_i/FCLKCLK[0]
                         net (fo=1, routed)           1.193     1.193    design_1_i/processing_system7_0/inst/FCLK_CLK_unbuffered[0]
    BUFGCTRL_X0Y16       BUFG (Prop_bufg_I_O)         0.101     1.294 r  design_1_i/processing_system7_0/inst/buffer_fclk_clk_0.FCLK_CLK_0_BUFG/O
                         net (fo=955, routed)         1.652     2.946    design_1_i/ultrasoon_1/U0/ultrasoon_v1_0_S00_AXI_inst/s00_axi_aclk
    SLICE_X38Y93         FDRE                                         r  design_1_i/ultrasoon_1/U0/ultrasoon_v1_0_S00_AXI_inst/axi_rdata_reg[7]/C
                         clock pessimism              0.000     2.946    
                         clock uncertainty            0.263     3.209    
    SLICE_X38Y93         FDRE (Hold_fdre_C_D)         0.331     3.540    design_1_i/ultrasoon_1/U0/ultrasoon_v1_0_S00_AXI_inst/axi_rdata_reg[7]
  -------------------------------------------------------------------
                         required time                         -3.540    
                         arrival time                           4.165    
  -------------------------------------------------------------------
                         slack                                  0.624    

Slack (MET) :             0.637ns  (arrival time - required time)
  Source:                 design_1_i/ultrasoon_1/U0/ultrasoon_v1_0_S00_AXI_inst/Core1/centimeter_reg[12]/C
                            (falling edge-triggered cell FDRE clocked by clk_out1_design_1_clk_wiz_0_1  {rise@0.000ns fall@5.000ns period=10.000ns})
  Destination:            design_1_i/ultrasoon_1/U0/ultrasoon_v1_0_S00_AXI_inst/axi_rdata_reg[12]/D
                            (rising edge-triggered cell FDRE clocked by clk_fpga_0  {rise@0.000ns fall@5.000ns period=10.000ns})
  Path Group:             clk_fpga_0
  Path Type:              Hold (Min at Slow Process Corner)
  Requirement:            -5.000ns  (clk_fpga_0 rise@0.000ns - clk_out1_design_1_clk_wiz_0_1 fall@5.000ns)
  Data Path Delay:        0.805ns  (logic 0.470ns (58.373%)  route 0.335ns (41.627%))
  Logic Levels:           1  (LUT6=1)
  Clock Path Skew:        4.635ns (DCD - SCD - CPR)
    Destination Clock Delay (DCD):    2.945ns
    Source Clock Delay      (SCD):    -1.690ns = ( 3.310 - 5.000 ) 
    Clock Pessimism Removal (CPR):    -0.000ns
  Clock Uncertainty:      0.263ns  ((TSJ^2 + TIJ^2 + DJ^2)^1/2) / 2 + PE
    Total System Jitter     (TSJ):    0.071ns
    Total Input Jitter      (TIJ):    0.300ns
    Discrete Jitter          (DJ):    0.125ns
    Phase Error              (PE):    0.097ns
  Clock Domain Crossing:  Inter clock paths are considered valid unless explicitly excluded by timing constraints such as set_clock_groups or set_false_path.

    Location             Delay type                Incr(ns)  Path(ns)    Netlist Resource(s)
  -------------------------------------------------------------------    -------------------
                         (clock clk_out1_design_1_clk_wiz_0_1 fall edge)
                                                      5.000     5.000 f  
    H16                                               0.000     5.000 f  sys_clock (IN)
                         net (fo=0)                   0.000     5.000    design_1_i/clk_wiz_0/inst/clk_in1
    H16                  IBUF (Prop_ibuf_I_O)         1.380     6.380 f  design_1_i/clk_wiz_0/inst/clkin1_ibufg/O
                         net (fo=1, routed)           1.162     7.542    design_1_i/clk_wiz_0/inst/clk_in1_design_1_clk_wiz_0_1
    MMCME2_ADV_X1Y2      MMCME2_ADV (Prop_mmcme2_adv_CLKIN1_CLKOUT0)
                                                     -7.814    -0.272 f  design_1_i/clk_wiz_0/inst/mmcm_adv_inst/CLKOUT0
                         net (fo=1, routed)           2.012     1.740    design_1_i/clk_wiz_0/inst/clk_out1_design_1_clk_wiz_0_1
    BUFGCTRL_X0Y17       BUFG (Prop_bufg_I_O)         0.091     1.831 f  design_1_i/clk_wiz_0/inst/clkout1_buf/O
                         net (fo=114, routed)         1.479     3.310    design_1_i/ultrasoon_1/U0/ultrasoon_v1_0_S00_AXI_inst/Core1/clk
    SLICE_X41Y95         FDRE                                         r  design_1_i/ultrasoon_1/U0/ultrasoon_v1_0_S00_AXI_inst/Core1/centimeter_reg[12]/C  (IS_INVERTED)
  -------------------------------------------------------------------    -------------------
    SLICE_X41Y95         FDRE (Prop_fdre_C_Q)         0.370     3.680 r  design_1_i/ultrasoon_1/U0/ultrasoon_v1_0_S00_AXI_inst/Core1/centimeter_reg[12]/Q
                         net (fo=1, routed)           0.335     4.015    design_1_i/ultrasoon_1/U0/ultrasoon_v1_0_S00_AXI_inst/centimeter[12]
    SLICE_X41Y96         LUT6 (Prop_lut6_I3_O)        0.100     4.115 r  design_1_i/ultrasoon_1/U0/ultrasoon_v1_0_S00_AXI_inst/axi_rdata[12]_i_1/O
                         net (fo=1, routed)           0.000     4.115    design_1_i/ultrasoon_1/U0/ultrasoon_v1_0_S00_AXI_inst/reg_data_out[12]
    SLICE_X41Y96         FDRE                                         r  design_1_i/ultrasoon_1/U0/ultrasoon_v1_0_S00_AXI_inst/axi_rdata_reg[12]/D
  -------------------------------------------------------------------    -------------------

                         (clock clk_fpga_0 rise edge)
                                                      0.000     0.000 r  
    PS7_X0Y0             PS7                          0.000     0.000 r  design_1_i/processing_system7_0/inst/PS7_i/FCLKCLK[0]
                         net (fo=1, routed)           1.193     1.193    design_1_i/processing_system7_0/inst/FCLK_CLK_unbuffered[0]
    BUFGCTRL_X0Y16       BUFG (Prop_bufg_I_O)         0.101     1.294 r  design_1_i/processing_system7_0/inst/buffer_fclk_clk_0.FCLK_CLK_0_BUFG/O
                         net (fo=955, routed)         1.651     2.945    design_1_i/ultrasoon_1/U0/ultrasoon_v1_0_S00_AXI_inst/s00_axi_aclk
    SLICE_X41Y96         FDRE                                         r  design_1_i/ultrasoon_1/U0/ultrasoon_v1_0_S00_AXI_inst/axi_rdata_reg[12]/C
                         clock pessimism              0.000     2.945    
                         clock uncertainty            0.263     3.208    
    SLICE_X41Y96         FDRE (Hold_fdre_C_D)         0.270     3.478    design_1_i/ultrasoon_1/U0/ultrasoon_v1_0_S00_AXI_inst/axi_rdata_reg[12]
  -------------------------------------------------------------------
                         required time                         -3.478    
                         arrival time                           4.115    
  -------------------------------------------------------------------
                         slack                                  0.637    

Slack (MET) :             0.639ns  (arrival time - required time)
  Source:                 design_1_i/ultrasoon_0/U0/ultrasoon_v1_0_S00_AXI_inst/Core1/centimeter_reg[2]/C
                            (falling edge-triggered cell FDRE clocked by clk_out1_design_1_clk_wiz_0_1  {rise@0.000ns fall@5.000ns period=10.000ns})
  Destination:            design_1_i/ultrasoon_0/U0/ultrasoon_v1_0_S00_AXI_inst/axi_rdata_reg[2]/D
                            (rising edge-triggered cell FDRE clocked by clk_fpga_0  {rise@0.000ns fall@5.000ns period=10.000ns})
  Path Group:             clk_fpga_0
  Path Type:              Hold (Min at Slow Process Corner)
  Requirement:            -5.000ns  (clk_fpga_0 rise@0.000ns - clk_out1_design_1_clk_wiz_0_1 fall@5.000ns)
  Data Path Delay:        0.868ns  (logic 0.523ns (60.225%)  route 0.345ns (39.775%))
  Logic Levels:           1  (LUT6=1)
  Clock Path Skew:        4.636ns (DCD - SCD - CPR)
    Destination Clock Delay (DCD):    2.946ns
    Source Clock Delay      (SCD):    -1.690ns = ( 3.310 - 5.000 ) 
    Clock Pessimism Removal (CPR):    -0.000ns
  Clock Uncertainty:      0.263ns  ((TSJ^2 + TIJ^2 + DJ^2)^1/2) / 2 + PE
    Total System Jitter     (TSJ):    0.071ns
    Total Input Jitter      (TIJ):    0.300ns
    Discrete Jitter          (DJ):    0.125ns
    Phase Error              (PE):    0.097ns
  Clock Domain Crossing:  Inter clock paths are considered valid unless explicitly excluded by timing constraints such as set_clock_groups or set_false_path.

    Location             Delay type                Incr(ns)  Path(ns)    Netlist Resource(s)
  -------------------------------------------------------------------    -------------------
                         (clock clk_out1_design_1_clk_wiz_0_1 fall edge)
                                                      5.000     5.000 f  
    H16                                               0.000     5.000 f  sys_clock (IN)
                         net (fo=0)                   0.000     5.000    design_1_i/clk_wiz_0/inst/clk_in1
    H16                  IBUF (Prop_ibuf_I_O)         1.380     6.380 f  design_1_i/clk_wiz_0/inst/clkin1_ibufg/O
                         net (fo=1, routed)           1.162     7.542    design_1_i/clk_wiz_0/inst/clk_in1_design_1_clk_wiz_0_1
    MMCME2_ADV_X1Y2      MMCME2_ADV (Prop_mmcme2_adv_CLKIN1_CLKOUT0)
                                                     -7.814    -0.272 f  design_1_i/clk_wiz_0/inst/mmcm_adv_inst/CLKOUT0
                         net (fo=1, routed)           2.012     1.740    design_1_i/clk_wiz_0/inst/clk_out1_design_1_clk_wiz_0_1
    BUFGCTRL_X0Y17       BUFG (Prop_bufg_I_O)         0.091     1.831 f  design_1_i/clk_wiz_0/inst/clkout1_buf/O
                         net (fo=114, routed)         1.479     3.310    design_1_i/ultrasoon_0/U0/ultrasoon_v1_0_S00_AXI_inst/Core1/clk
    SLICE_X38Y95         FDRE                                         r  design_1_i/ultrasoon_0/U0/ultrasoon_v1_0_S00_AXI_inst/Core1/centimeter_reg[2]/C  (IS_INVERTED)
  -------------------------------------------------------------------    -------------------
    SLICE_X38Y95         FDRE (Prop_fdre_C_Q)         0.423     3.733 r  design_1_i/ultrasoon_0/U0/ultrasoon_v1_0_S00_AXI_inst/Core1/centimeter_reg[2]/Q
                         net (fo=1, routed)           0.345     4.078    design_1_i/ultrasoon_0/U0/ultrasoon_v1_0_S00_AXI_inst/centimeter[2]
    SLICE_X38Y94         LUT6 (Prop_lut6_I3_O)        0.100     4.178 r  design_1_i/ultrasoon_0/U0/ultrasoon_v1_0_S00_AXI_inst/axi_rdata[2]_i_1/O
                         net (fo=1, routed)           0.000     4.178    design_1_i/ultrasoon_0/U0/ultrasoon_v1_0_S00_AXI_inst/reg_data_out[2]
    SLICE_X38Y94         FDRE                                         r  design_1_i/ultrasoon_0/U0/ultrasoon_v1_0_S00_AXI_inst/axi_rdata_reg[2]/D
  -------------------------------------------------------------------    -------------------

                         (clock clk_fpga_0 rise edge)
                                                      0.000     0.000 r  
    PS7_X0Y0             PS7                          0.000     0.000 r  design_1_i/processing_system7_0/inst/PS7_i/FCLKCLK[0]
                         net (fo=1, routed)           1.193     1.193    design_1_i/processing_system7_0/inst/FCLK_CLK_unbuffered[0]
    BUFGCTRL_X0Y16       BUFG (Prop_bufg_I_O)         0.101     1.294 r  design_1_i/processing_system7_0/inst/buffer_fclk_clk_0.FCLK_CLK_0_BUFG/O
                         net (fo=955, routed)         1.652     2.946    design_1_i/ultrasoon_0/U0/ultrasoon_v1_0_S00_AXI_inst/s00_axi_aclk
    SLICE_X38Y94         FDRE                                         r  design_1_i/ultrasoon_0/U0/ultrasoon_v1_0_S00_AXI_inst/axi_rdata_reg[2]/C
                         clock pessimism              0.000     2.946    
                         clock uncertainty            0.263     3.209    
    SLICE_X38Y94         FDRE (Hold_fdre_C_D)         0.330     3.539    design_1_i/ultrasoon_0/U0/ultrasoon_v1_0_S00_AXI_inst/axi_rdata_reg[2]
  -------------------------------------------------------------------
                         required time                         -3.539    
                         arrival time                           4.178    
  -------------------------------------------------------------------
                         slack                                  0.639    

Slack (MET) :             0.657ns  (arrival time - required time)
  Source:                 design_1_i/ultrasoon_0/U0/ultrasoon_v1_0_S00_AXI_inst/Core1/centimeter_reg[12]/C
                            (falling edge-triggered cell FDRE clocked by clk_out1_design_1_clk_wiz_0_1  {rise@0.000ns fall@5.000ns period=10.000ns})
  Destination:            design_1_i/ultrasoon_0/U0/ultrasoon_v1_0_S00_AXI_inst/axi_rdata_reg[12]/D
                            (rising edge-triggered cell FDRE clocked by clk_fpga_0  {rise@0.000ns fall@5.000ns period=10.000ns})
  Path Group:             clk_fpga_0
  Path Type:              Hold (Min at Slow Process Corner)
  Requirement:            -5.000ns  (clk_fpga_0 rise@0.000ns - clk_out1_design_1_clk_wiz_0_1 fall@5.000ns)
  Data Path Delay:        0.825ns  (logic 0.470ns (56.949%)  route 0.355ns (43.051%))
  Logic Levels:           1  (LUT6=1)
  Clock Path Skew:        4.635ns (DCD - SCD - CPR)
    Destination Clock Delay (DCD):    2.946ns
    Source Clock Delay      (SCD):    -1.689ns = ( 3.311 - 5.000 ) 
    Clock Pessimism Removal (CPR):    -0.000ns
  Clock Uncertainty:      0.263ns  ((TSJ^2 + TIJ^2 + DJ^2)^1/2) / 2 + PE
    Total System Jitter     (TSJ):    0.071ns
    Total Input Jitter      (TIJ):    0.300ns
    Discrete Jitter          (DJ):    0.125ns
    Phase Error              (PE):    0.097ns
  Clock Domain Crossing:  Inter clock paths are considered valid unless explicitly excluded by timing constraints such as set_clock_groups or set_false_path.

    Location             Delay type                Incr(ns)  Path(ns)    Netlist Resource(s)
  -------------------------------------------------------------------    -------------------
                         (clock clk_out1_design_1_clk_wiz_0_1 fall edge)
                                                      5.000     5.000 f  
    H16                                               0.000     5.000 f  sys_clock (IN)
                         net (fo=0)                   0.000     5.000    design_1_i/clk_wiz_0/inst/clk_in1
    H16                  IBUF (Prop_ibuf_I_O)         1.380     6.380 f  design_1_i/clk_wiz_0/inst/clkin1_ibufg/O
                         net (fo=1, routed)           1.162     7.542    design_1_i/clk_wiz_0/inst/clk_in1_design_1_clk_wiz_0_1
    MMCME2_ADV_X1Y2      MMCME2_ADV (Prop_mmcme2_adv_CLKIN1_CLKOUT0)
                                                     -7.814    -0.272 f  design_1_i/clk_wiz_0/inst/mmcm_adv_inst/CLKOUT0
                         net (fo=1, routed)           2.012     1.740    design_1_i/clk_wiz_0/inst/clk_out1_design_1_clk_wiz_0_1
    BUFGCTRL_X0Y17       BUFG (Prop_bufg_I_O)         0.091     1.831 f  design_1_i/clk_wiz_0/inst/clkout1_buf/O
                         net (fo=114, routed)         1.480     3.311    design_1_i/ultrasoon_0/U0/ultrasoon_v1_0_S00_AXI_inst/Core1/clk
    SLICE_X39Y98         FDRE                                         r  design_1_i/ultrasoon_0/U0/ultrasoon_v1_0_S00_AXI_inst/Core1/centimeter_reg[12]/C  (IS_INVERTED)
  -------------------------------------------------------------------    -------------------
    SLICE_X39Y98         FDRE (Prop_fdre_C_Q)         0.370     3.681 r  design_1_i/ultrasoon_0/U0/ultrasoon_v1_0_S00_AXI_inst/Core1/centimeter_reg[12]/Q
                         net (fo=1, routed)           0.355     4.036    design_1_i/ultrasoon_0/U0/ultrasoon_v1_0_S00_AXI_inst/centimeter[12]
    SLICE_X37Y96         LUT6 (Prop_lut6_I3_O)        0.100     4.136 r  design_1_i/ultrasoon_0/U0/ultrasoon_v1_0_S00_AXI_inst/axi_rdata[12]_i_1/O
                         net (fo=1, routed)           0.000     4.136    design_1_i/ultrasoon_0/U0/ultrasoon_v1_0_S00_AXI_inst/reg_data_out[12]
    SLICE_X37Y96         FDRE                                         r  design_1_i/ultrasoon_0/U0/ultrasoon_v1_0_S00_AXI_inst/axi_rdata_reg[12]/D
  -------------------------------------------------------------------    -------------------

                         (clock clk_fpga_0 rise edge)
                                                      0.000     0.000 r  
    PS7_X0Y0             PS7                          0.000     0.000 r  design_1_i/processing_system7_0/inst/PS7_i/FCLKCLK[0]
                         net (fo=1, routed)           1.193     1.193    design_1_i/processing_system7_0/inst/FCLK_CLK_unbuffered[0]
    BUFGCTRL_X0Y16       BUFG (Prop_bufg_I_O)         0.101     1.294 r  design_1_i/processing_system7_0/inst/buffer_fclk_clk_0.FCLK_CLK_0_BUFG/O
                         net (fo=955, routed)         1.652     2.946    design_1_i/ultrasoon_0/U0/ultrasoon_v1_0_S00_AXI_inst/s00_axi_aclk
    SLICE_X37Y96         FDRE                                         r  design_1_i/ultrasoon_0/U0/ultrasoon_v1_0_S00_AXI_inst/axi_rdata_reg[12]/C
                         clock pessimism              0.000     2.946    
                         clock uncertainty            0.263     3.209    
    SLICE_X37Y96         FDRE (Hold_fdre_C_D)         0.270     3.479    design_1_i/ultrasoon_0/U0/ultrasoon_v1_0_S00_AXI_inst/axi_rdata_reg[12]
  -------------------------------------------------------------------
                         required time                         -3.479    
                         arrival time                           4.136    
  -------------------------------------------------------------------
                         slack                                  0.657    

Slack (MET) :             0.671ns  (arrival time - required time)
  Source:                 design_1_i/ultrasoon_1/U0/ultrasoon_v1_0_S00_AXI_inst/Core1/centimeter_reg[4]/C
                            (falling edge-triggered cell FDRE clocked by clk_out1_design_1_clk_wiz_0_1  {rise@0.000ns fall@5.000ns period=10.000ns})
  Destination:            design_1_i/ultrasoon_1/U0/ultrasoon_v1_0_S00_AXI_inst/axi_rdata_reg[4]/D
                            (rising edge-triggered cell FDRE clocked by clk_fpga_0  {rise@0.000ns fall@5.000ns period=10.000ns})
  Path Group:             clk_fpga_0
  Path Type:              Hold (Min at Slow Process Corner)
  Requirement:            -5.000ns  (clk_fpga_0 rise@0.000ns - clk_out1_design_1_clk_wiz_0_1 fall@5.000ns)
  Data Path Delay:        0.840ns  (logic 0.581ns (69.163%)  route 0.259ns (30.837%))
  Logic Levels:           1  (LUT6=1)
  Clock Path Skew:        4.636ns (DCD - SCD - CPR)
    Destination Clock Delay (DCD):    2.946ns
    Source Clock Delay      (SCD):    -1.690ns = ( 3.310 - 5.000 ) 
    Clock Pessimism Removal (CPR):    -0.000ns
  Clock Uncertainty:      0.263ns  ((TSJ^2 + TIJ^2 + DJ^2)^1/2) / 2 + PE
    Total System Jitter     (TSJ):    0.071ns
    Total Input Jitter      (TIJ):    0.300ns
    Discrete Jitter          (DJ):    0.125ns
    Phase Error              (PE):    0.097ns
  Clock Domain Crossing:  Inter clock paths are considered valid unless explicitly excluded by timing constraints such as set_clock_groups or set_false_path.

    Location             Delay type                Incr(ns)  Path(ns)    Netlist Resource(s)
  -------------------------------------------------------------------    -------------------
                         (clock clk_out1_design_1_clk_wiz_0_1 fall edge)
                                                      5.000     5.000 f  
    H16                                               0.000     5.000 f  sys_clock (IN)
                         net (fo=0)                   0.000     5.000    design_1_i/clk_wiz_0/inst/clk_in1
    H16                  IBUF (Prop_ibuf_I_O)         1.380     6.380 f  design_1_i/clk_wiz_0/inst/clkin1_ibufg/O
                         net (fo=1, routed)           1.162     7.542    design_1_i/clk_wiz_0/inst/clk_in1_design_1_clk_wiz_0_1
    MMCME2_ADV_X1Y2      MMCME2_ADV (Prop_mmcme2_adv_CLKIN1_CLKOUT0)
                                                     -7.814    -0.272 f  design_1_i/clk_wiz_0/inst/mmcm_adv_inst/CLKOUT0
                         net (fo=1, routed)           2.012     1.740    design_1_i/clk_wiz_0/inst/clk_out1_design_1_clk_wiz_0_1
    BUFGCTRL_X0Y17       BUFG (Prop_bufg_I_O)         0.091     1.831 f  design_1_i/clk_wiz_0/inst/clkout1_buf/O
                         net (fo=114, routed)         1.479     3.310    design_1_i/ultrasoon_1/U0/ultrasoon_v1_0_S00_AXI_inst/Core1/clk
    SLICE_X41Y94         FDRE                                         r  design_1_i/ultrasoon_1/U0/ultrasoon_v1_0_S00_AXI_inst/Core1/centimeter_reg[4]/C  (IS_INVERTED)
  -------------------------------------------------------------------    -------------------
    SLICE_X41Y94         FDRE (Prop_fdre_C_Q)         0.340     3.650 r  design_1_i/ultrasoon_1/U0/ultrasoon_v1_0_S00_AXI_inst/Core1/centimeter_reg[4]/Q
                         net (fo=1, routed)           0.259     3.909    design_1_i/ultrasoon_1/U0/ultrasoon_v1_0_S00_AXI_inst/centimeter[4]
    SLICE_X37Y94         LUT6 (Prop_lut6_I3_O)        0.241     4.150 r  design_1_i/ultrasoon_1/U0/ultrasoon_v1_0_S00_AXI_inst/axi_rdata[4]_i_1/O
                         net (fo=1, routed)           0.000     4.150    design_1_i/ultrasoon_1/U0/ultrasoon_v1_0_S00_AXI_inst/reg_data_out[4]
    SLICE_X37Y94         FDRE                                         r  design_1_i/ultrasoon_1/U0/ultrasoon_v1_0_S00_AXI_inst/axi_rdata_reg[4]/D
  -------------------------------------------------------------------    -------------------

                         (clock clk_fpga_0 rise edge)
                                                      0.000     0.000 r  
    PS7_X0Y0             PS7                          0.000     0.000 r  design_1_i/processing_system7_0/inst/PS7_i/FCLKCLK[0]
                         net (fo=1, routed)           1.193     1.193    design_1_i/processing_system7_0/inst/FCLK_CLK_unbuffered[0]
    BUFGCTRL_X0Y16       BUFG (Prop_bufg_I_O)         0.101     1.294 r  design_1_i/processing_system7_0/inst/buffer_fclk_clk_0.FCLK_CLK_0_BUFG/O
                         net (fo=955, routed)         1.652     2.946    design_1_i/ultrasoon_1/U0/ultrasoon_v1_0_S00_AXI_inst/s00_axi_aclk
    SLICE_X37Y94         FDRE                                         r  design_1_i/ultrasoon_1/U0/ultrasoon_v1_0_S00_AXI_inst/axi_rdata_reg[4]/C
                         clock pessimism              0.000     2.946    
                         clock uncertainty            0.263     3.209    
    SLICE_X37Y94         FDRE (Hold_fdre_C_D)         0.270     3.479    design_1_i/ultrasoon_1/U0/ultrasoon_v1_0_S00_AXI_inst/axi_rdata_reg[4]
  -------------------------------------------------------------------
                         required time                         -3.479    
                         arrival time                           4.150    
  -------------------------------------------------------------------
                         slack                                  0.671    

Slack (MET) :             0.672ns  (arrival time - required time)
  Source:                 design_1_i/ultrasoon_1/U0/ultrasoon_v1_0_S00_AXI_inst/Core1/centimeter_reg[5]/C
                            (falling edge-triggered cell FDRE clocked by clk_out1_design_1_clk_wiz_0_1  {rise@0.000ns fall@5.000ns period=10.000ns})
  Destination:            design_1_i/ultrasoon_1/U0/ultrasoon_v1_0_S00_AXI_inst/axi_rdata_reg[5]/D
                            (rising edge-triggered cell FDRE clocked by clk_fpga_0  {rise@0.000ns fall@5.000ns period=10.000ns})
  Path Group:             clk_fpga_0
  Path Type:              Hold (Min at Slow Process Corner)
  Requirement:            -5.000ns  (clk_fpga_0 rise@0.000ns - clk_out1_design_1_clk_wiz_0_1 fall@5.000ns)
  Data Path Delay:        0.840ns  (logic 0.579ns (68.898%)  route 0.261ns (31.102%))
  Logic Levels:           1  (LUT6=1)
  Clock Path Skew:        4.636ns (DCD - SCD - CPR)
    Destination Clock Delay (DCD):    2.946ns
    Source Clock Delay      (SCD):    -1.690ns = ( 3.310 - 5.000 ) 
    Clock Pessimism Removal (CPR):    -0.000ns
  Clock Uncertainty:      0.263ns  ((TSJ^2 + TIJ^2 + DJ^2)^1/2) / 2 + PE
    Total System Jitter     (TSJ):    0.071ns
    Total Input Jitter      (TIJ):    0.300ns
    Discrete Jitter          (DJ):    0.125ns
    Phase Error              (PE):    0.097ns
  Clock Domain Crossing:  Inter clock paths are considered valid unless explicitly excluded by timing constraints such as set_clock_groups or set_false_path.

    Location             Delay type                Incr(ns)  Path(ns)    Netlist Resource(s)
  -------------------------------------------------------------------    -------------------
                         (clock clk_out1_design_1_clk_wiz_0_1 fall edge)
                                                      5.000     5.000 f  
    H16                                               0.000     5.000 f  sys_clock (IN)
                         net (fo=0)                   0.000     5.000    design_1_i/clk_wiz_0/inst/clk_in1
    H16                  IBUF (Prop_ibuf_I_O)         1.380     6.380 f  design_1_i/clk_wiz_0/inst/clkin1_ibufg/O
                         net (fo=1, routed)           1.162     7.542    design_1_i/clk_wiz_0/inst/clk_in1_design_1_clk_wiz_0_1
    MMCME2_ADV_X1Y2      MMCME2_ADV (Prop_mmcme2_adv_CLKIN1_CLKOUT0)
                                                     -7.814    -0.272 f  design_1_i/clk_wiz_0/inst/mmcm_adv_inst/CLKOUT0
                         net (fo=1, routed)           2.012     1.740    design_1_i/clk_wiz_0/inst/clk_out1_design_1_clk_wiz_0_1
    BUFGCTRL_X0Y17       BUFG (Prop_bufg_I_O)         0.091     1.831 f  design_1_i/clk_wiz_0/inst/clkout1_buf/O
                         net (fo=114, routed)         1.479     3.310    design_1_i/ultrasoon_1/U0/ultrasoon_v1_0_S00_AXI_inst/Core1/clk
    SLICE_X41Y94         FDRE                                         r  design_1_i/ultrasoon_1/U0/ultrasoon_v1_0_S00_AXI_inst/Core1/centimeter_reg[5]/C  (IS_INVERTED)
  -------------------------------------------------------------------    -------------------
    SLICE_X41Y94         FDRE (Prop_fdre_C_Q)         0.340     3.650 r  design_1_i/ultrasoon_1/U0/ultrasoon_v1_0_S00_AXI_inst/Core1/centimeter_reg[5]/Q
                         net (fo=1, routed)           0.261     3.911    design_1_i/ultrasoon_1/U0/ultrasoon_v1_0_S00_AXI_inst/centimeter[5]
    SLICE_X39Y94         LUT6 (Prop_lut6_I3_O)        0.239     4.150 r  design_1_i/ultrasoon_1/U0/ultrasoon_v1_0_S00_AXI_inst/axi_rdata[5]_i_1/O
                         net (fo=1, routed)           0.000     4.150    design_1_i/ultrasoon_1/U0/ultrasoon_v1_0_S00_AXI_inst/reg_data_out[5]
    SLICE_X39Y94         FDRE                                         r  design_1_i/ultrasoon_1/U0/ultrasoon_v1_0_S00_AXI_inst/axi_rdata_reg[5]/D
  -------------------------------------------------------------------    -------------------

                         (clock clk_fpga_0 rise edge)
                                                      0.000     0.000 r  
    PS7_X0Y0             PS7                          0.000     0.000 r  design_1_i/processing_system7_0/inst/PS7_i/FCLKCLK[0]
                         net (fo=1, routed)           1.193     1.193    design_1_i/processing_system7_0/inst/FCLK_CLK_unbuffered[0]
    BUFGCTRL_X0Y16       BUFG (Prop_bufg_I_O)         0.101     1.294 r  design_1_i/processing_system7_0/inst/buffer_fclk_clk_0.FCLK_CLK_0_BUFG/O
                         net (fo=955, routed)         1.652     2.946    design_1_i/ultrasoon_1/U0/ultrasoon_v1_0_S00_AXI_inst/s00_axi_aclk
    SLICE_X39Y94         FDRE                                         r  design_1_i/ultrasoon_1/U0/ultrasoon_v1_0_S00_AXI_inst/axi_rdata_reg[5]/C
                         clock pessimism              0.000     2.946    
                         clock uncertainty            0.263     3.209    
    SLICE_X39Y94         FDRE (Hold_fdre_C_D)         0.269     3.478    design_1_i/ultrasoon_1/U0/ultrasoon_v1_0_S00_AXI_inst/axi_rdata_reg[5]
  -------------------------------------------------------------------
                         required time                         -3.478    
                         arrival time                           4.150    
  -------------------------------------------------------------------
                         slack                                  0.672    

Slack (MET) :             0.753ns  (arrival time - required time)
  Source:                 design_1_i/ultrasoon_0/U0/ultrasoon_v1_0_S00_AXI_inst/Core1/centimeter_reg[11]/C
                            (falling edge-triggered cell FDRE clocked by clk_out1_design_1_clk_wiz_0_1  {rise@0.000ns fall@5.000ns period=10.000ns})
  Destination:            design_1_i/ultrasoon_0/U0/ultrasoon_v1_0_S00_AXI_inst/axi_rdata_reg[11]/D
                            (rising edge-triggered cell FDRE clocked by clk_fpga_0  {rise@0.000ns fall@5.000ns period=10.000ns})
  Path Group:             clk_fpga_0
  Path Type:              Hold (Min at Slow Process Corner)
  Requirement:            -5.000ns  (clk_fpga_0 rise@0.000ns - clk_out1_design_1_clk_wiz_0_1 fall@5.000ns)
  Data Path Delay:        0.921ns  (logic 0.470ns (51.014%)  route 0.451ns (48.986%))
  Logic Levels:           1  (LUT6=1)
  Clock Path Skew:        4.635ns (DCD - SCD - CPR)
    Destination Clock Delay (DCD):    2.946ns
    Source Clock Delay      (SCD):    -1.689ns = ( 3.311 - 5.000 ) 
    Clock Pessimism Removal (CPR):    -0.000ns
  Clock Uncertainty:      0.263ns  ((TSJ^2 + TIJ^2 + DJ^2)^1/2) / 2 + PE
    Total System Jitter     (TSJ):    0.071ns
    Total Input Jitter      (TIJ):    0.300ns
    Discrete Jitter          (DJ):    0.125ns
    Phase Error              (PE):    0.097ns
  Clock Domain Crossing:  Inter clock paths are considered valid unless explicitly excluded by timing constraints such as set_clock_groups or set_false_path.

    Location             Delay type                Incr(ns)  Path(ns)    Netlist Resource(s)
  -------------------------------------------------------------------    -------------------
                         (clock clk_out1_design_1_clk_wiz_0_1 fall edge)
                                                      5.000     5.000 f  
    H16                                               0.000     5.000 f  sys_clock (IN)
                         net (fo=0)                   0.000     5.000    design_1_i/clk_wiz_0/inst/clk_in1
    H16                  IBUF (Prop_ibuf_I_O)         1.380     6.380 f  design_1_i/clk_wiz_0/inst/clkin1_ibufg/O
                         net (fo=1, routed)           1.162     7.542    design_1_i/clk_wiz_0/inst/clk_in1_design_1_clk_wiz_0_1
    MMCME2_ADV_X1Y2      MMCME2_ADV (Prop_mmcme2_adv_CLKIN1_CLKOUT0)
                                                     -7.814    -0.272 f  design_1_i/clk_wiz_0/inst/mmcm_adv_inst/CLKOUT0
                         net (fo=1, routed)           2.012     1.740    design_1_i/clk_wiz_0/inst/clk_out1_design_1_clk_wiz_0_1
    BUFGCTRL_X0Y17       BUFG (Prop_bufg_I_O)         0.091     1.831 f  design_1_i/clk_wiz_0/inst/clkout1_buf/O
                         net (fo=114, routed)         1.480     3.311    design_1_i/ultrasoon_0/U0/ultrasoon_v1_0_S00_AXI_inst/Core1/clk
    SLICE_X39Y98         FDRE                                         r  design_1_i/ultrasoon_0/U0/ultrasoon_v1_0_S00_AXI_inst/Core1/centimeter_reg[11]/C  (IS_INVERTED)
  -------------------------------------------------------------------    -------------------
    SLICE_X39Y98         FDRE (Prop_fdre_C_Q)         0.370     3.681 r  design_1_i/ultrasoon_0/U0/ultrasoon_v1_0_S00_AXI_inst/Core1/centimeter_reg[11]/Q
                         net (fo=1, routed)           0.451     4.132    design_1_i/ultrasoon_0/U0/ultrasoon_v1_0_S00_AXI_inst/centimeter[11]
    SLICE_X37Y96         LUT6 (Prop_lut6_I3_O)        0.100     4.232 r  design_1_i/ultrasoon_0/U0/ultrasoon_v1_0_S00_AXI_inst/axi_rdata[11]_i_1/O
                         net (fo=1, routed)           0.000     4.232    design_1_i/ultrasoon_0/U0/ultrasoon_v1_0_S00_AXI_inst/reg_data_out[11]
    SLICE_X37Y96         FDRE                                         r  design_1_i/ultrasoon_0/U0/ultrasoon_v1_0_S00_AXI_inst/axi_rdata_reg[11]/D
  -------------------------------------------------------------------    -------------------

                         (clock clk_fpga_0 rise edge)
                                                      0.000     0.000 r  
    PS7_X0Y0             PS7                          0.000     0.000 r  design_1_i/processing_system7_0/inst/PS7_i/FCLKCLK[0]
                         net (fo=1, routed)           1.193     1.193    design_1_i/processing_system7_0/inst/FCLK_CLK_unbuffered[0]
    BUFGCTRL_X0Y16       BUFG (Prop_bufg_I_O)         0.101     1.294 r  design_1_i/processing_system7_0/inst/buffer_fclk_clk_0.FCLK_CLK_0_BUFG/O
                         net (fo=955, routed)         1.652     2.946    design_1_i/ultrasoon_0/U0/ultrasoon_v1_0_S00_AXI_inst/s00_axi_aclk
    SLICE_X37Y96         FDRE                                         r  design_1_i/ultrasoon_0/U0/ultrasoon_v1_0_S00_AXI_inst/axi_rdata_reg[11]/C
                         clock pessimism              0.000     2.946    
                         clock uncertainty            0.263     3.209    
    SLICE_X37Y96         FDRE (Hold_fdre_C_D)         0.270     3.479    design_1_i/ultrasoon_0/U0/ultrasoon_v1_0_S00_AXI_inst/axi_rdata_reg[11]
  -------------------------------------------------------------------
                         required time                         -3.479    
                         arrival time                           4.232    
  -------------------------------------------------------------------
                         slack                                  0.753    

Slack (MET) :             0.754ns  (arrival time - required time)
  Source:                 design_1_i/ultrasoon_0/U0/ultrasoon_v1_0_S00_AXI_inst/Core1/centimeter_reg[5]/C
                            (falling edge-triggered cell FDRE clocked by clk_out1_design_1_clk_wiz_0_1  {rise@0.000ns fall@5.000ns period=10.000ns})
  Destination:            design_1_i/ultrasoon_0/U0/ultrasoon_v1_0_S00_AXI_inst/axi_rdata_reg[5]/D
                            (rising edge-triggered cell FDRE clocked by clk_fpga_0  {rise@0.000ns fall@5.000ns period=10.000ns})
  Path Group:             clk_fpga_0
  Path Type:              Hold (Min at Slow Process Corner)
  Requirement:            -5.000ns  (clk_fpga_0 rise@0.000ns - clk_out1_design_1_clk_wiz_0_1 fall@5.000ns)
  Data Path Delay:        0.987ns  (logic 0.629ns (63.753%)  route 0.358ns (36.247%))
  Logic Levels:           1  (LUT6=1)
  Clock Path Skew:        4.636ns (DCD - SCD - CPR)
    Destination Clock Delay (DCD):    2.946ns
    Source Clock Delay      (SCD):    -1.690ns = ( 3.310 - 5.000 ) 
    Clock Pessimism Removal (CPR):    -0.000ns
  Clock Uncertainty:      0.263ns  ((TSJ^2 + TIJ^2 + DJ^2)^1/2) / 2 + PE
    Total System Jitter     (TSJ):    0.071ns
    Total Input Jitter      (TIJ):    0.300ns
    Discrete Jitter          (DJ):    0.125ns
    Phase Error              (PE):    0.097ns
  Clock Domain Crossing:  Inter clock paths are considered valid unless explicitly excluded by timing constraints such as set_clock_groups or set_false_path.

    Location             Delay type                Incr(ns)  Path(ns)    Netlist Resource(s)
  -------------------------------------------------------------------    -------------------
                         (clock clk_out1_design_1_clk_wiz_0_1 fall edge)
                                                      5.000     5.000 f  
    H16                                               0.000     5.000 f  sys_clock (IN)
                         net (fo=0)                   0.000     5.000    design_1_i/clk_wiz_0/inst/clk_in1
    H16                  IBUF (Prop_ibuf_I_O)         1.380     6.380 f  design_1_i/clk_wiz_0/inst/clkin1_ibufg/O
                         net (fo=1, routed)           1.162     7.542    design_1_i/clk_wiz_0/inst/clk_in1_design_1_clk_wiz_0_1
    MMCME2_ADV_X1Y2      MMCME2_ADV (Prop_mmcme2_adv_CLKIN1_CLKOUT0)
                                                     -7.814    -0.272 f  design_1_i/clk_wiz_0/inst/mmcm_adv_inst/CLKOUT0
                         net (fo=1, routed)           2.012     1.740    design_1_i/clk_wiz_0/inst/clk_out1_design_1_clk_wiz_0_1
    BUFGCTRL_X0Y17       BUFG (Prop_bufg_I_O)         0.091     1.831 f  design_1_i/clk_wiz_0/inst/clkout1_buf/O
                         net (fo=114, routed)         1.479     3.310    design_1_i/ultrasoon_0/U0/ultrasoon_v1_0_S00_AXI_inst/Core1/clk
    SLICE_X38Y95         FDRE                                         r  design_1_i/ultrasoon_0/U0/ultrasoon_v1_0_S00_AXI_inst/Core1/centimeter_reg[5]/C  (IS_INVERTED)
  -------------------------------------------------------------------    -------------------
    SLICE_X38Y95         FDRE (Prop_fdre_C_Q)         0.390     3.700 r  design_1_i/ultrasoon_0/U0/ultrasoon_v1_0_S00_AXI_inst/Core1/centimeter_reg[5]/Q
                         net (fo=1, routed)           0.358     4.058    design_1_i/ultrasoon_0/U0/ultrasoon_v1_0_S00_AXI_inst/centimeter[5]
    SLICE_X38Y94         LUT6 (Prop_lut6_I3_O)        0.239     4.297 r  design_1_i/ultrasoon_0/U0/ultrasoon_v1_0_S00_AXI_inst/axi_rdata[5]_i_1/O
                         net (fo=1, routed)           0.000     4.297    design_1_i/ultrasoon_0/U0/ultrasoon_v1_0_S00_AXI_inst/reg_data_out[5]
    SLICE_X38Y94         FDRE                                         r  design_1_i/ultrasoon_0/U0/ultrasoon_v1_0_S00_AXI_inst/axi_rdata_reg[5]/D
  -------------------------------------------------------------------    -------------------

                         (clock clk_fpga_0 rise edge)
                                                      0.000     0.000 r  
    PS7_X0Y0             PS7                          0.000     0.000 r  design_1_i/processing_system7_0/inst/PS7_i/FCLKCLK[0]
                         net (fo=1, routed)           1.193     1.193    design_1_i/processing_system7_0/inst/FCLK_CLK_unbuffered[0]
    BUFGCTRL_X0Y16       BUFG (Prop_bufg_I_O)         0.101     1.294 r  design_1_i/processing_system7_0/inst/buffer_fclk_clk_0.FCLK_CLK_0_BUFG/O
                         net (fo=955, routed)         1.652     2.946    design_1_i/ultrasoon_0/U0/ultrasoon_v1_0_S00_AXI_inst/s00_axi_aclk
    SLICE_X38Y94         FDRE                                         r  design_1_i/ultrasoon_0/U0/ultrasoon_v1_0_S00_AXI_inst/axi_rdata_reg[5]/C
                         clock pessimism              0.000     2.946    
                         clock uncertainty            0.263     3.209    
    SLICE_X38Y94         FDRE (Hold_fdre_C_D)         0.333     3.542    design_1_i/ultrasoon_0/U0/ultrasoon_v1_0_S00_AXI_inst/axi_rdata_reg[5]
  -------------------------------------------------------------------
                         required time                         -3.542    
                         arrival time                           4.297    
  -------------------------------------------------------------------
                         slack                                  0.754    





--------------------------------------------------------------------------------------
Path Group:  (none)
From Clock:  
  To Clock:  clk_fpga_0

Max Delay             1 Endpoint
Min Delay             1 Endpoint
--------------------------------------------------------------------------------------


Max Delay Paths
--------------------------------------------------------------------------------------
Slack:                    inf
  Source:                 design_1_i/processing_system7_0/inst/PS7_i/FCLKRESETN[0]
                            (internal pin)
  Destination:            design_1_i/rst_ps7_0_100M/U0/EXT_LPF/ACTIVE_LOW_EXT.ACT_LO_EXT/GENERATE_LEVEL_P_S_CDC.SINGLE_BIT.CROSS_PLEVEL_IN2SCNDRY_IN_cdc_to/D
                            (rising edge-triggered cell FDRE clocked by clk_fpga_0  {rise@0.000ns fall@5.000ns period=10.000ns})
  Path Group:             (none)
  Path Type:              Setup (Max at Slow Process Corner)
  Data Path Delay:        2.323ns  (logic 0.124ns (5.337%)  route 2.199ns (94.663%))
  Logic Levels:           1  (LUT1=1)
  Clock Uncertainty:      0.152ns  ((TSJ^2 + TIJ^2)^1/2 + DJ) / 2 + PE
    Total System Jitter     (TSJ):    0.050ns
    Total Input Jitter      (TIJ):    0.300ns
    Discrete Jitter          (DJ):    0.000ns
    Phase Error              (PE):    0.000ns
  Timing Exception:       False Path

    Location             Delay type                Incr(ns)  Path(ns)    Netlist Resource(s)
  -------------------------------------------------------------------    -------------------
    PS7_X0Y0             PS7                          0.000     0.000 f  design_1_i/processing_system7_0/inst/PS7_i/FCLKRESETN[0]
                         net (fo=1, routed)           1.904     1.904    design_1_i/rst_ps7_0_100M/U0/EXT_LPF/ACTIVE_LOW_EXT.ACT_LO_EXT/ext_reset_in
    SLICE_X32Y110        LUT1 (Prop_lut1_I0_O)        0.124     2.028 r  design_1_i/rst_ps7_0_100M/U0/EXT_LPF/ACTIVE_LOW_EXT.ACT_LO_EXT/GENERATE_LEVEL_P_S_CDC.SINGLE_BIT.CROSS_PLEVEL_IN2SCNDRY_IN_cdc_to_i_1/O
                         net (fo=1, routed)           0.295     2.323    design_1_i/rst_ps7_0_100M/U0/EXT_LPF/ACTIVE_LOW_EXT.ACT_LO_EXT/exr_d1
    SLICE_X33Y110        FDRE                                         r  design_1_i/rst_ps7_0_100M/U0/EXT_LPF/ACTIVE_LOW_EXT.ACT_LO_EXT/GENERATE_LEVEL_P_S_CDC.SINGLE_BIT.CROSS_PLEVEL_IN2SCNDRY_IN_cdc_to/D
  -------------------------------------------------------------------    -------------------

                         (clock clk_fpga_0 rise edge)
                                                      0.000     0.000 r  
    PS7_X0Y0             PS7                          0.000     0.000 r  design_1_i/processing_system7_0/inst/PS7_i/FCLKCLK[0]
                         net (fo=1, routed)           1.088     1.088    design_1_i/processing_system7_0/inst/FCLK_CLK_unbuffered[0]
    BUFGCTRL_X0Y16       BUFG (Prop_bufg_I_O)         0.091     1.179 r  design_1_i/processing_system7_0/inst/buffer_fclk_clk_0.FCLK_CLK_0_BUFG/O
                         net (fo=955, routed)         1.651     2.830    design_1_i/rst_ps7_0_100M/U0/EXT_LPF/ACTIVE_LOW_EXT.ACT_LO_EXT/slowest_sync_clk
    SLICE_X33Y110        FDRE                                         r  design_1_i/rst_ps7_0_100M/U0/EXT_LPF/ACTIVE_LOW_EXT.ACT_LO_EXT/GENERATE_LEVEL_P_S_CDC.SINGLE_BIT.CROSS_PLEVEL_IN2SCNDRY_IN_cdc_to/C





Min Delay Paths
--------------------------------------------------------------------------------------
Slack:                    inf
  Source:                 design_1_i/processing_system7_0/inst/PS7_i/FCLKRESETN[0]
                            (internal pin)
  Destination:            design_1_i/rst_ps7_0_100M/U0/EXT_LPF/ACTIVE_LOW_EXT.ACT_LO_EXT/GENERATE_LEVEL_P_S_CDC.SINGLE_BIT.CROSS_PLEVEL_IN2SCNDRY_IN_cdc_to/D
                            (rising edge-triggered cell FDRE clocked by clk_fpga_0  {rise@0.000ns fall@5.000ns period=10.000ns})
  Path Group:             (none)
  Path Type:              Hold (Min at Fast Process Corner)
  Data Path Delay:        0.911ns  (logic 0.045ns (4.938%)  route 0.866ns (95.062%))
  Logic Levels:           1  (LUT1=1)
  Clock Uncertainty:      0.152ns  ((TSJ^2 + TIJ^2)^1/2 + DJ) / 2 + PE
    Total System Jitter     (TSJ):    0.050ns
    Total Input Jitter      (TIJ):    0.300ns
    Discrete Jitter          (DJ):    0.000ns
    Phase Error              (PE):    0.000ns
  Timing Exception:       False Path

    Location             Delay type                Incr(ns)  Path(ns)    Netlist Resource(s)
  -------------------------------------------------------------------    -------------------
    PS7_X0Y0             PS7                          0.000     0.000 f  design_1_i/processing_system7_0/inst/PS7_i/FCLKRESETN[0]
                         net (fo=1, routed)           0.761     0.761    design_1_i/rst_ps7_0_100M/U0/EXT_LPF/ACTIVE_LOW_EXT.ACT_LO_EXT/ext_reset_in
    SLICE_X32Y110        LUT1 (Prop_lut1_I0_O)        0.045     0.806 r  design_1_i/rst_ps7_0_100M/U0/EXT_LPF/ACTIVE_LOW_EXT.ACT_LO_EXT/GENERATE_LEVEL_P_S_CDC.SINGLE_BIT.CROSS_PLEVEL_IN2SCNDRY_IN_cdc_to_i_1/O
                         net (fo=1, routed)           0.105     0.911    design_1_i/rst_ps7_0_100M/U0/EXT_LPF/ACTIVE_LOW_EXT.ACT_LO_EXT/exr_d1
    SLICE_X33Y110        FDRE                                         r  design_1_i/rst_ps7_0_100M/U0/EXT_LPF/ACTIVE_LOW_EXT.ACT_LO_EXT/GENERATE_LEVEL_P_S_CDC.SINGLE_BIT.CROSS_PLEVEL_IN2SCNDRY_IN_cdc_to/D
  -------------------------------------------------------------------    -------------------

                         (clock clk_fpga_0 rise edge)
                                                      0.000     0.000 r  
    PS7_X0Y0             PS7                          0.000     0.000 r  design_1_i/processing_system7_0/inst/PS7_i/FCLKCLK[0]
                         net (fo=1, routed)           0.337     0.337    design_1_i/processing_system7_0/inst/FCLK_CLK_unbuffered[0]
    BUFGCTRL_X0Y16       BUFG (Prop_bufg_I_O)         0.029     0.366 r  design_1_i/processing_system7_0/inst/buffer_fclk_clk_0.FCLK_CLK_0_BUFG/O
                         net (fo=955, routed)         0.909     1.275    design_1_i/rst_ps7_0_100M/U0/EXT_LPF/ACTIVE_LOW_EXT.ACT_LO_EXT/slowest_sync_clk
    SLICE_X33Y110        FDRE                                         r  design_1_i/rst_ps7_0_100M/U0/EXT_LPF/ACTIVE_LOW_EXT.ACT_LO_EXT/GENERATE_LEVEL_P_S_CDC.SINGLE_BIT.CROSS_PLEVEL_IN2SCNDRY_IN_cdc_to/C





--------------------------------------------------------------------------------------
Path Group:  (none)
From Clock:  clk_out1_design_1_clk_wiz_0_1
  To Clock:  

Max Delay             2 Endpoints
Min Delay             2 Endpoints
--------------------------------------------------------------------------------------


Max Delay Paths
--------------------------------------------------------------------------------------
Slack:                    inf
  Source:                 design_1_i/ultrasoon_0/U0/ultrasoon_v1_0_S00_AXI_inst/Core1/sonar_trig_reg/C
                            (falling edge-triggered cell FDRE clocked by clk_out1_design_1_clk_wiz_0_1  {rise@0.000ns fall@5.000ns period=10.000ns})
  Destination:            sonar_trig_0
                            (output port)
  Path Group:             (none)
  Path Type:              Max at Slow Process Corner
  Data Path Delay:        8.542ns  (logic 4.038ns (47.280%)  route 4.503ns (52.720%))
  Logic Levels:           1  (OBUF=1)
  Clock Uncertainty:      0.164ns  ((TSJ^2 + DJ^2)^1/2) / 2 + PE
    Total System Jitter     (TSJ):    0.050ns
    Discrete Jitter          (DJ):    0.125ns
    Phase Error              (PE):    0.097ns

    Location             Delay type                Incr(ns)  Path(ns)    Netlist Resource(s)
  -------------------------------------------------------------------    -------------------
                         (clock clk_out1_design_1_clk_wiz_0_1 fall edge)
                                                      5.000     5.000 f  
    H16                                               0.000     5.000 f  sys_clock (IN)
                         net (fo=0)                   0.000     5.000    design_1_i/clk_wiz_0/inst/clk_in1
    H16                  IBUF (Prop_ibuf_I_O)         1.451     6.451 f  design_1_i/clk_wiz_0/inst/clkin1_ibufg/O
                         net (fo=1, routed)           1.285     7.736    design_1_i/clk_wiz_0/inst/clk_in1_design_1_clk_wiz_0_1
    MMCME2_ADV_X1Y2      MMCME2_ADV (Prop_mmcme2_adv_CLKIN1_CLKOUT0)
                                                     -7.759    -0.023 f  design_1_i/clk_wiz_0/inst/mmcm_adv_inst/CLKOUT0
                         net (fo=1, routed)           2.206     2.183    design_1_i/clk_wiz_0/inst/clk_out1_design_1_clk_wiz_0_1
    BUFGCTRL_X0Y17       BUFG (Prop_bufg_I_O)         0.101     2.284 f  design_1_i/clk_wiz_0/inst/clkout1_buf/O
                         net (fo=114, routed)         1.844     4.128    design_1_i/ultrasoon_0/U0/ultrasoon_v1_0_S00_AXI_inst/Core1/clk
    SLICE_X43Y101        FDRE                                         r  design_1_i/ultrasoon_0/U0/ultrasoon_v1_0_S00_AXI_inst/Core1/sonar_trig_reg/C  (IS_INVERTED)
  -------------------------------------------------------------------    -------------------
    SLICE_X43Y101        FDRE (Prop_fdre_C_Q)         0.459     4.587 r  design_1_i/ultrasoon_0/U0/ultrasoon_v1_0_S00_AXI_inst/Core1/sonar_trig_reg/Q
                         net (fo=2, routed)           4.503     9.090    sonar_trig_0_OBUF
    Y18                  OBUF (Prop_obuf_I_O)         3.579    12.669 r  sonar_trig_0_OBUF_inst/O
                         net (fo=0)                   0.000    12.669    sonar_trig_0
    Y18                                                               r  sonar_trig_0 (OUT)
  -------------------------------------------------------------------    -------------------

Slack:                    inf
  Source:                 design_1_i/ultrasoon_1/U0/ultrasoon_v1_0_S00_AXI_inst/Core1/sonar_trig_reg/C
                            (falling edge-triggered cell FDRE clocked by clk_out1_design_1_clk_wiz_0_1  {rise@0.000ns fall@5.000ns period=10.000ns})
  Destination:            sonar_trig_1
                            (output port)
  Path Group:             (none)
  Path Type:              Max at Slow Process Corner
  Data Path Delay:        7.946ns  (logic 4.083ns (51.382%)  route 3.863ns (48.618%))
  Logic Levels:           1  (OBUF=1)
  Clock Uncertainty:      0.164ns  ((TSJ^2 + DJ^2)^1/2) / 2 + PE
    Total System Jitter     (TSJ):    0.050ns
    Discrete Jitter          (DJ):    0.125ns
    Phase Error              (PE):    0.097ns

    Location             Delay type                Incr(ns)  Path(ns)    Netlist Resource(s)
  -------------------------------------------------------------------    -------------------
                         (clock clk_out1_design_1_clk_wiz_0_1 fall edge)
                                                      5.000     5.000 f  
    H16                                               0.000     5.000 f  sys_clock (IN)
                         net (fo=0)                   0.000     5.000    design_1_i/clk_wiz_0/inst/clk_in1
    H16                  IBUF (Prop_ibuf_I_O)         1.451     6.451 f  design_1_i/clk_wiz_0/inst/clkin1_ibufg/O
                         net (fo=1, routed)           1.285     7.736    design_1_i/clk_wiz_0/inst/clk_in1_design_1_clk_wiz_0_1
    MMCME2_ADV_X1Y2      MMCME2_ADV (Prop_mmcme2_adv_CLKIN1_CLKOUT0)
                                                     -7.759    -0.023 f  design_1_i/clk_wiz_0/inst/mmcm_adv_inst/CLKOUT0
                         net (fo=1, routed)           2.206     2.183    design_1_i/clk_wiz_0/inst/clk_out1_design_1_clk_wiz_0_1
    BUFGCTRL_X0Y17       BUFG (Prop_bufg_I_O)         0.101     2.284 f  design_1_i/clk_wiz_0/inst/clkout1_buf/O
                         net (fo=114, routed)         1.651     3.935    design_1_i/ultrasoon_1/U0/ultrasoon_v1_0_S00_AXI_inst/Core1/clk
    SLICE_X45Y96         FDRE                                         r  design_1_i/ultrasoon_1/U0/ultrasoon_v1_0_S00_AXI_inst/Core1/sonar_trig_reg/C  (IS_INVERTED)
  -------------------------------------------------------------------    -------------------
    SLICE_X45Y96         FDRE (Prop_fdre_C_Q)         0.459     4.394 r  design_1_i/ultrasoon_1/U0/ultrasoon_v1_0_S00_AXI_inst/Core1/sonar_trig_reg/Q
                         net (fo=2, routed)           3.863     8.257    sonar_trig_1_OBUF
    Y16                  OBUF (Prop_obuf_I_O)         3.624    11.881 r  sonar_trig_1_OBUF_inst/O
                         net (fo=0)                   0.000    11.881    sonar_trig_1
    Y16                                                               r  sonar_trig_1 (OUT)
  -------------------------------------------------------------------    -------------------





Min Delay Paths
--------------------------------------------------------------------------------------
Slack:                    inf
  Source:                 design_1_i/ultrasoon_1/U0/ultrasoon_v1_0_S00_AXI_inst/Core1/sonar_trig_reg/C
                            (falling edge-triggered cell FDRE clocked by clk_out1_design_1_clk_wiz_0_1  {rise@0.000ns fall@5.000ns period=10.000ns})
  Destination:            sonar_trig_1
                            (output port)
  Path Group:             (none)
  Path Type:              Min at Fast Process Corner
  Data Path Delay:        2.912ns  (logic 1.470ns (50.473%)  route 1.442ns (49.527%))
  Logic Levels:           1  (OBUF=1)
  Clock Uncertainty:      0.164ns  ((TSJ^2 + DJ^2)^1/2) / 2 + PE
    Total System Jitter     (TSJ):    0.050ns
    Discrete Jitter          (DJ):    0.125ns
    Phase Error              (PE):    0.097ns

    Location             Delay type                Incr(ns)  Path(ns)    Netlist Resource(s)
  -------------------------------------------------------------------    -------------------
                         (clock clk_out1_design_1_clk_wiz_0_1 fall edge)
                                                      5.000     5.000 f  
    H16                                               0.000     5.000 f  sys_clock (IN)
                         net (fo=0)                   0.000     5.000    design_1_i/clk_wiz_0/inst/clk_in1
    H16                  IBUF (Prop_ibuf_I_O)         0.219     5.219 f  design_1_i/clk_wiz_0/inst/clkin1_ibufg/O
                         net (fo=1, routed)           0.440     5.659    design_1_i/clk_wiz_0/inst/clk_in1_design_1_clk_wiz_0_1
    MMCME2_ADV_X1Y2      MMCME2_ADV (Prop_mmcme2_adv_CLKIN1_CLKOUT0)
                                                     -2.613     3.046 f  design_1_i/clk_wiz_0/inst/mmcm_adv_inst/CLKOUT0
                         net (fo=1, routed)           0.696     3.743    design_1_i/clk_wiz_0/inst/clk_out1_design_1_clk_wiz_0_1
    BUFGCTRL_X0Y17       BUFG (Prop_bufg_I_O)         0.026     3.769 f  design_1_i/clk_wiz_0/inst/clkout1_buf/O
                         net (fo=114, routed)         0.556     4.325    design_1_i/ultrasoon_1/U0/ultrasoon_v1_0_S00_AXI_inst/Core1/clk
    SLICE_X45Y96         FDRE                                         r  design_1_i/ultrasoon_1/U0/ultrasoon_v1_0_S00_AXI_inst/Core1/sonar_trig_reg/C  (IS_INVERTED)
  -------------------------------------------------------------------    -------------------
    SLICE_X45Y96         FDRE (Prop_fdre_C_Q)         0.146     4.471 r  design_1_i/ultrasoon_1/U0/ultrasoon_v1_0_S00_AXI_inst/Core1/sonar_trig_reg/Q
                         net (fo=2, routed)           1.442     5.913    sonar_trig_1_OBUF
    Y16                  OBUF (Prop_obuf_I_O)         1.324     7.237 r  sonar_trig_1_OBUF_inst/O
                         net (fo=0)                   0.000     7.237    sonar_trig_1
    Y16                                                               r  sonar_trig_1 (OUT)
  -------------------------------------------------------------------    -------------------

Slack:                    inf
  Source:                 design_1_i/ultrasoon_0/U0/ultrasoon_v1_0_S00_AXI_inst/Core1/sonar_trig_reg/C
                            (falling edge-triggered cell FDRE clocked by clk_out1_design_1_clk_wiz_0_1  {rise@0.000ns fall@5.000ns period=10.000ns})
  Destination:            sonar_trig_0
                            (output port)
  Path Group:             (none)
  Path Type:              Min at Fast Process Corner
  Data Path Delay:        3.121ns  (logic 1.426ns (45.686%)  route 1.695ns (54.314%))
  Logic Levels:           1  (OBUF=1)
  Clock Uncertainty:      0.164ns  ((TSJ^2 + DJ^2)^1/2) / 2 + PE
    Total System Jitter     (TSJ):    0.050ns
    Discrete Jitter          (DJ):    0.125ns
    Phase Error              (PE):    0.097ns

    Location             Delay type                Incr(ns)  Path(ns)    Netlist Resource(s)
  -------------------------------------------------------------------    -------------------
                         (clock clk_out1_design_1_clk_wiz_0_1 fall edge)
                                                      5.000     5.000 f  
    H16                                               0.000     5.000 f  sys_clock (IN)
                         net (fo=0)                   0.000     5.000    design_1_i/clk_wiz_0/inst/clk_in1
    H16                  IBUF (Prop_ibuf_I_O)         0.219     5.219 f  design_1_i/clk_wiz_0/inst/clkin1_ibufg/O
                         net (fo=1, routed)           0.440     5.659    design_1_i/clk_wiz_0/inst/clk_in1_design_1_clk_wiz_0_1
    MMCME2_ADV_X1Y2      MMCME2_ADV (Prop_mmcme2_adv_CLKIN1_CLKOUT0)
                                                     -2.613     3.046 f  design_1_i/clk_wiz_0/inst/mmcm_adv_inst/CLKOUT0
                         net (fo=1, routed)           0.696     3.743    design_1_i/clk_wiz_0/inst/clk_out1_design_1_clk_wiz_0_1
    BUFGCTRL_X0Y17       BUFG (Prop_bufg_I_O)         0.026     3.769 f  design_1_i/clk_wiz_0/inst/clkout1_buf/O
                         net (fo=114, routed)         0.639     4.408    design_1_i/ultrasoon_0/U0/ultrasoon_v1_0_S00_AXI_inst/Core1/clk
    SLICE_X43Y101        FDRE                                         r  design_1_i/ultrasoon_0/U0/ultrasoon_v1_0_S00_AXI_inst/Core1/sonar_trig_reg/C  (IS_INVERTED)
  -------------------------------------------------------------------    -------------------
    SLICE_X43Y101        FDRE (Prop_fdre_C_Q)         0.146     4.554 r  design_1_i/ultrasoon_0/U0/ultrasoon_v1_0_S00_AXI_inst/Core1/sonar_trig_reg/Q
                         net (fo=2, routed)           1.695     6.249    sonar_trig_0_OBUF
    Y18                  OBUF (Prop_obuf_I_O)         1.280     7.529 r  sonar_trig_0_OBUF_inst/O
                         net (fo=0)                   0.000     7.529    sonar_trig_0
    Y18                                                               r  sonar_trig_0 (OUT)
  -------------------------------------------------------------------    -------------------





--------------------------------------------------------------------------------------
Path Group:  (none)
From Clock:  clkfbout_design_1_clk_wiz_0_1
  To Clock:  

Max Delay             1 Endpoint
Min Delay             1 Endpoint
--------------------------------------------------------------------------------------


Max Delay Paths
--------------------------------------------------------------------------------------
Slack:                    inf
  Source:                 design_1_i/clk_wiz_0/inst/mmcm_adv_inst/CLKFBOUT
                            (clock source 'clkfbout_design_1_clk_wiz_0_1'  {rise@0.000ns fall@4.000ns period=8.000ns})
  Destination:            design_1_i/clk_wiz_0/inst/mmcm_adv_inst/CLKFBIN
  Path Group:             (none)
  Path Type:              Max at Slow Process Corner
  Data Path Delay:        4.287ns  (logic 0.101ns (2.356%)  route 4.186ns (97.644%))
  Logic Levels:           1  (BUFG=1)
  Clock Uncertainty:      0.145ns  ((TSJ^2 + DJ^2)^1/2) / 2 + PE
    Total System Jitter     (TSJ):    0.050ns
    Discrete Jitter          (DJ):    0.081ns
    Phase Error              (PE):    0.097ns

    Location             Delay type                Incr(ns)  Path(ns)    Netlist Resource(s)
  -------------------------------------------------------------------    -------------------
                         (clock clkfbout_design_1_clk_wiz_0_1 fall edge)
                                                      4.000     4.000 f  
    H16                                               0.000     4.000 f  sys_clock (IN)
                         net (fo=0)                   0.000     4.000    design_1_i/clk_wiz_0/inst/clk_in1
    H16                  IBUF (Prop_ibuf_I_O)         1.451     5.451 f  design_1_i/clk_wiz_0/inst/clkin1_ibufg/O
                         net (fo=1, routed)           1.285     6.736    design_1_i/clk_wiz_0/inst/clk_in1_design_1_clk_wiz_0_1
  -------------------------------------------------------------------    -------------------
    MMCME2_ADV_X1Y2      MMCME2_ADV (Prop_mmcme2_adv_CLKIN1_CLKFBOUT)
                                                     -7.759    -1.023 f  design_1_i/clk_wiz_0/inst/mmcm_adv_inst/CLKFBOUT
                         net (fo=1, routed)           2.206     1.183    design_1_i/clk_wiz_0/inst/clkfbout_design_1_clk_wiz_0_1
    BUFGCTRL_X0Y18       BUFG (Prop_bufg_I_O)         0.101     1.284 f  design_1_i/clk_wiz_0/inst/clkf_buf/O
                         net (fo=1, routed)           1.980     3.264    design_1_i/clk_wiz_0/inst/clkfbout_buf_design_1_clk_wiz_0_1
    MMCME2_ADV_X1Y2      MMCME2_ADV                                   f  design_1_i/clk_wiz_0/inst/mmcm_adv_inst/CLKFBIN
  -------------------------------------------------------------------    -------------------





Min Delay Paths
--------------------------------------------------------------------------------------
Slack:                    inf
  Source:                 design_1_i/clk_wiz_0/inst/mmcm_adv_inst/CLKFBOUT
                            (clock source 'clkfbout_design_1_clk_wiz_0_1'  {rise@0.000ns fall@4.000ns period=8.000ns})
  Destination:            design_1_i/clk_wiz_0/inst/mmcm_adv_inst/CLKFBIN
  Path Group:             (none)
  Path Type:              Min at Slow Process Corner
  Data Path Delay:        3.873ns  (logic 0.091ns (2.349%)  route 3.782ns (97.651%))
  Logic Levels:           1  (BUFG=1)
  Clock Uncertainty:      0.145ns  ((TSJ^2 + DJ^2)^1/2) / 2 + PE
    Total System Jitter     (TSJ):    0.050ns
    Discrete Jitter          (DJ):    0.081ns
    Phase Error              (PE):    0.097ns

    Location             Delay type                Incr(ns)  Path(ns)    Netlist Resource(s)
  -------------------------------------------------------------------    -------------------
                         (clock clkfbout_design_1_clk_wiz_0_1 rise edge)
                                                      0.000     0.000 r  
    H16                                               0.000     0.000 r  sys_clock (IN)
                         net (fo=0)                   0.000     0.000    design_1_i/clk_wiz_0/inst/clk_in1
    H16                  IBUF (Prop_ibuf_I_O)         1.380     1.380 r  design_1_i/clk_wiz_0/inst/clkin1_ibufg/O
                         net (fo=1, routed)           1.162     2.542    design_1_i/clk_wiz_0/inst/clk_in1_design_1_clk_wiz_0_1
  -------------------------------------------------------------------    -------------------
    MMCME2_ADV_X1Y2      MMCME2_ADV (Prop_mmcme2_adv_CLKIN1_CLKFBOUT)
                                                     -7.814    -5.272 r  design_1_i/clk_wiz_0/inst/mmcm_adv_inst/CLKFBOUT
                         net (fo=1, routed)           2.012    -3.260    design_1_i/clk_wiz_0/inst/clkfbout_design_1_clk_wiz_0_1
    BUFGCTRL_X0Y18       BUFG (Prop_bufg_I_O)         0.091    -3.169 r  design_1_i/clk_wiz_0/inst/clkf_buf/O
                         net (fo=1, routed)           1.770    -1.399    design_1_i/clk_wiz_0/inst/clkfbout_buf_design_1_clk_wiz_0_1
    MMCME2_ADV_X1Y2      MMCME2_ADV                                   r  design_1_i/clk_wiz_0/inst/mmcm_adv_inst/CLKFBIN
  -------------------------------------------------------------------    -------------------





--------------------------------------------------------------------------------------
Path Group:  (none)
From Clock:  
  To Clock:  clk_out1_design_1_clk_wiz_0_1

Max Delay             2 Endpoints
Min Delay             2 Endpoints
--------------------------------------------------------------------------------------


Max Delay Paths
--------------------------------------------------------------------------------------
Slack:                    inf
  Source:                 sonar_echo_0
                            (input port)
  Destination:            design_1_i/ultrasoon_0/U0/ultrasoon_v1_0_S00_AXI_inst/Core1/echo_unsynced_reg/D
                            (falling edge-triggered cell FDRE clocked by clk_out1_design_1_clk_wiz_0_1  {rise@0.000ns fall@5.000ns period=10.000ns})
  Path Group:             (none)
  Path Type:              Setup (Max at Slow Process Corner)
  Data Path Delay:        5.390ns  (logic 1.519ns (28.173%)  route 3.872ns (71.827%))
  Logic Levels:           1  (IBUF=1)
  Clock Path Skew:        -1.515ns (DCD - SCD + CPR)
    Destination Clock Delay (DCD):    -1.515ns = ( 3.485 - 5.000 ) 
    Source Clock Delay      (SCD):    0.000ns
    Clock Pessimism Removal (CPR):    0.000ns
  Clock Uncertainty:      0.164ns  ((TSJ^2 + DJ^2)^1/2) / 2 + PE
    Total System Jitter     (TSJ):    0.050ns
    Discrete Jitter          (DJ):    0.125ns
    Phase Error              (PE):    0.097ns

    Location             Delay type                Incr(ns)  Path(ns)    Netlist Resource(s)
  -------------------------------------------------------------------    -------------------
    Y19                                               0.000     0.000 r  sonar_echo_0 (IN)
                         net (fo=0)                   0.000     0.000    sonar_echo_0
    Y19                  IBUF (Prop_ibuf_I_O)         1.519     1.519 r  sonar_echo_0_IBUF_inst/O
                         net (fo=1, routed)           3.872     5.390    design_1_i/ultrasoon_0/U0/ultrasoon_v1_0_S00_AXI_inst/Core1/sonar_echo
    SLICE_X42Y101        FDRE                                         r  design_1_i/ultrasoon_0/U0/ultrasoon_v1_0_S00_AXI_inst/Core1/echo_unsynced_reg/D
  -------------------------------------------------------------------    -------------------

                         (clock clk_out1_design_1_clk_wiz_0_1 fall edge)
                                                      5.000     5.000 f  
    H16                                               0.000     5.000 f  sys_clock (IN)
                         net (fo=0)                   0.000     5.000    design_1_i/clk_wiz_0/inst/clk_in1
    H16                  IBUF (Prop_ibuf_I_O)         1.380     6.380 f  design_1_i/clk_wiz_0/inst/clkin1_ibufg/O
                         net (fo=1, routed)           1.162     7.542    design_1_i/clk_wiz_0/inst/clk_in1_design_1_clk_wiz_0_1
    MMCME2_ADV_X1Y2      MMCME2_ADV (Prop_mmcme2_adv_CLKIN1_CLKOUT0)
                                                     -7.814    -0.272 f  design_1_i/clk_wiz_0/inst/mmcm_adv_inst/CLKOUT0
                         net (fo=1, routed)           2.012     1.740    design_1_i/clk_wiz_0/inst/clk_out1_design_1_clk_wiz_0_1
    BUFGCTRL_X0Y17       BUFG (Prop_bufg_I_O)         0.091     1.831 f  design_1_i/clk_wiz_0/inst/clkout1_buf/O
                         net (fo=114, routed)         1.654     3.485    design_1_i/ultrasoon_0/U0/ultrasoon_v1_0_S00_AXI_inst/Core1/clk
    SLICE_X42Y101        FDRE                                         r  design_1_i/ultrasoon_0/U0/ultrasoon_v1_0_S00_AXI_inst/Core1/echo_unsynced_reg/C  (IS_INVERTED)

Slack:                    inf
  Source:                 sonar_echo_1
                            (input port)
  Destination:            design_1_i/ultrasoon_1/U0/ultrasoon_v1_0_S00_AXI_inst/Core1/echo_unsynced_reg/D
                            (falling edge-triggered cell FDRE clocked by clk_out1_design_1_clk_wiz_0_1  {rise@0.000ns fall@5.000ns period=10.000ns})
  Path Group:             (none)
  Path Type:              Setup (Max at Slow Process Corner)
  Data Path Delay:        4.831ns  (logic 1.567ns (32.433%)  route 3.264ns (67.567%))
  Logic Levels:           1  (IBUF=1)
  Clock Path Skew:        -1.690ns (DCD - SCD + CPR)
    Destination Clock Delay (DCD):    -1.690ns = ( 3.310 - 5.000 ) 
    Source Clock Delay      (SCD):    0.000ns
    Clock Pessimism Removal (CPR):    0.000ns
  Clock Uncertainty:      0.164ns  ((TSJ^2 + DJ^2)^1/2) / 2 + PE
    Total System Jitter     (TSJ):    0.050ns
    Discrete Jitter          (DJ):    0.125ns
    Phase Error              (PE):    0.097ns

    Location             Delay type                Incr(ns)  Path(ns)    Netlist Resource(s)
  -------------------------------------------------------------------    -------------------
    Y17                                               0.000     0.000 r  sonar_echo_1 (IN)
                         net (fo=0)                   0.000     0.000    sonar_echo_1
    Y17                  IBUF (Prop_ibuf_I_O)         1.567     1.567 r  sonar_echo_1_IBUF_inst/O
                         net (fo=1, routed)           3.264     4.831    design_1_i/ultrasoon_1/U0/ultrasoon_v1_0_S00_AXI_inst/Core1/sonar_echo
    SLICE_X44Y99         FDRE                                         r  design_1_i/ultrasoon_1/U0/ultrasoon_v1_0_S00_AXI_inst/Core1/echo_unsynced_reg/D
  -------------------------------------------------------------------    -------------------

                         (clock clk_out1_design_1_clk_wiz_0_1 fall edge)
                                                      5.000     5.000 f  
    H16                                               0.000     5.000 f  sys_clock (IN)
                         net (fo=0)                   0.000     5.000    design_1_i/clk_wiz_0/inst/clk_in1
    H16                  IBUF (Prop_ibuf_I_O)         1.380     6.380 f  design_1_i/clk_wiz_0/inst/clkin1_ibufg/O
                         net (fo=1, routed)           1.162     7.542    design_1_i/clk_wiz_0/inst/clk_in1_design_1_clk_wiz_0_1
    MMCME2_ADV_X1Y2      MMCME2_ADV (Prop_mmcme2_adv_CLKIN1_CLKOUT0)
                                                     -7.814    -0.272 f  design_1_i/clk_wiz_0/inst/mmcm_adv_inst/CLKOUT0
                         net (fo=1, routed)           2.012     1.740    design_1_i/clk_wiz_0/inst/clk_out1_design_1_clk_wiz_0_1
    BUFGCTRL_X0Y17       BUFG (Prop_bufg_I_O)         0.091     1.831 f  design_1_i/clk_wiz_0/inst/clkout1_buf/O
                         net (fo=114, routed)         1.479     3.310    design_1_i/ultrasoon_1/U0/ultrasoon_v1_0_S00_AXI_inst/Core1/clk
    SLICE_X44Y99         FDRE                                         r  design_1_i/ultrasoon_1/U0/ultrasoon_v1_0_S00_AXI_inst/Core1/echo_unsynced_reg/C  (IS_INVERTED)





Min Delay Paths
--------------------------------------------------------------------------------------
Slack:                    inf
  Source:                 sonar_echo_1
                            (input port)
  Destination:            design_1_i/ultrasoon_1/U0/ultrasoon_v1_0_S00_AXI_inst/Core1/echo_unsynced_reg/D
                            (falling edge-triggered cell FDRE clocked by clk_out1_design_1_clk_wiz_0_1  {rise@0.000ns fall@5.000ns period=10.000ns})
  Path Group:             (none)
  Path Type:              Hold (Min at Fast Process Corner)
  Data Path Delay:        1.855ns  (logic 0.334ns (17.995%)  route 1.521ns (82.005%))
  Logic Levels:           1  (IBUF=1)
  Clock Path Skew:        -0.915ns (DCD - SCD - CPR)
    Destination Clock Delay (DCD):    -0.915ns = ( 4.085 - 5.000 ) 
    Source Clock Delay      (SCD):    0.000ns
    Clock Pessimism Removal (CPR):    -0.000ns

    Location             Delay type                Incr(ns)  Path(ns)    Netlist Resource(s)
  -------------------------------------------------------------------    -------------------
    Y17                                               0.000     0.000 r  sonar_echo_1 (IN)
                         net (fo=0)                   0.000     0.000    sonar_echo_1
    Y17                  IBUF (Prop_ibuf_I_O)         0.334     0.334 r  sonar_echo_1_IBUF_inst/O
                         net (fo=1, routed)           1.521     1.855    design_1_i/ultrasoon_1/U0/ultrasoon_v1_0_S00_AXI_inst/Core1/sonar_echo
    SLICE_X44Y99         FDRE                                         r  design_1_i/ultrasoon_1/U0/ultrasoon_v1_0_S00_AXI_inst/Core1/echo_unsynced_reg/D
  -------------------------------------------------------------------    -------------------

                         (clock clk_out1_design_1_clk_wiz_0_1 fall edge)
                                                      5.000     5.000 f  
    H16                                               0.000     5.000 f  sys_clock (IN)
                         net (fo=0)                   0.000     5.000    design_1_i/clk_wiz_0/inst/clk_in1
    H16                  IBUF (Prop_ibuf_I_O)         0.406     5.406 f  design_1_i/clk_wiz_0/inst/clkin1_ibufg/O
                         net (fo=1, routed)           0.480     5.886    design_1_i/clk_wiz_0/inst/clk_in1_design_1_clk_wiz_0_1
    MMCME2_ADV_X1Y2      MMCME2_ADV (Prop_mmcme2_adv_CLKIN1_CLKOUT0)
                                                     -3.407     2.479 f  design_1_i/clk_wiz_0/inst/mmcm_adv_inst/CLKOUT0
                         net (fo=1, routed)           0.752     3.231    design_1_i/clk_wiz_0/inst/clk_out1_design_1_clk_wiz_0_1
    BUFGCTRL_X0Y17       BUFG (Prop_bufg_I_O)         0.029     3.260 f  design_1_i/clk_wiz_0/inst/clkout1_buf/O
                         net (fo=114, routed)         0.825     4.085    design_1_i/ultrasoon_1/U0/ultrasoon_v1_0_S00_AXI_inst/Core1/clk
    SLICE_X44Y99         FDRE                                         r  design_1_i/ultrasoon_1/U0/ultrasoon_v1_0_S00_AXI_inst/Core1/echo_unsynced_reg/C  (IS_INVERTED)

Slack:                    inf
  Source:                 sonar_echo_0
                            (input port)
  Destination:            design_1_i/ultrasoon_0/U0/ultrasoon_v1_0_S00_AXI_inst/Core1/echo_unsynced_reg/D
                            (falling edge-triggered cell FDRE clocked by clk_out1_design_1_clk_wiz_0_1  {rise@0.000ns fall@5.000ns period=10.000ns})
  Path Group:             (none)
  Path Type:              Hold (Min at Fast Process Corner)
  Data Path Delay:        2.048ns  (logic 0.286ns (13.961%)  route 1.763ns (86.039%))
  Logic Levels:           1  (IBUF=1)
  Clock Path Skew:        -0.829ns (DCD - SCD - CPR)
    Destination Clock Delay (DCD):    -0.829ns = ( 4.171 - 5.000 ) 
    Source Clock Delay      (SCD):    0.000ns
    Clock Pessimism Removal (CPR):    -0.000ns

    Location             Delay type                Incr(ns)  Path(ns)    Netlist Resource(s)
  -------------------------------------------------------------------    -------------------
    Y19                                               0.000     0.000 r  sonar_echo_0 (IN)
                         net (fo=0)                   0.000     0.000    sonar_echo_0
    Y19                  IBUF (Prop_ibuf_I_O)         0.286     0.286 r  sonar_echo_0_IBUF_inst/O
                         net (fo=1, routed)           1.763     2.048    design_1_i/ultrasoon_0/U0/ultrasoon_v1_0_S00_AXI_inst/Core1/sonar_echo
    SLICE_X42Y101        FDRE                                         r  design_1_i/ultrasoon_0/U0/ultrasoon_v1_0_S00_AXI_inst/Core1/echo_unsynced_reg/D
  -------------------------------------------------------------------    -------------------

                         (clock clk_out1_design_1_clk_wiz_0_1 fall edge)
                                                      5.000     5.000 f  
    H16                                               0.000     5.000 f  sys_clock (IN)
                         net (fo=0)                   0.000     5.000    design_1_i/clk_wiz_0/inst/clk_in1
    H16                  IBUF (Prop_ibuf_I_O)         0.406     5.406 f  design_1_i/clk_wiz_0/inst/clkin1_ibufg/O
                         net (fo=1, routed)           0.480     5.886    design_1_i/clk_wiz_0/inst/clk_in1_design_1_clk_wiz_0_1
    MMCME2_ADV_X1Y2      MMCME2_ADV (Prop_mmcme2_adv_CLKIN1_CLKOUT0)
                                                     -3.407     2.479 f  design_1_i/clk_wiz_0/inst/mmcm_adv_inst/CLKOUT0
                         net (fo=1, routed)           0.752     3.231    design_1_i/clk_wiz_0/inst/clk_out1_design_1_clk_wiz_0_1
    BUFGCTRL_X0Y17       BUFG (Prop_bufg_I_O)         0.029     3.260 f  design_1_i/clk_wiz_0/inst/clkout1_buf/O
                         net (fo=114, routed)         0.911     4.171    design_1_i/ultrasoon_0/U0/ultrasoon_v1_0_S00_AXI_inst/Core1/clk
    SLICE_X42Y101        FDRE                                         r  design_1_i/ultrasoon_0/U0/ultrasoon_v1_0_S00_AXI_inst/Core1/echo_unsynced_reg/C  (IS_INVERTED)





